Haul.no,Haul,Moc,Net.no,Season,Location,Station,Transect,no.individuals.raw,family,species,split.mult,no.individuals,vial label,volume.filtered.m3,concentration.1000m3,notes
301-1-0,301,1,0,winter,NH,1,MaN,1,Ammodytidae,Ammodytes spp.,NA,1,f,,,
,301,1,0,winter,NH,1,MaN,3,Scorpenidae,Sebastes spp.,NA,3,a,,,
,301,1,0,winter,NH,1,MaN,1,Cyclopteridae,Liparis spp.,NA,1,b,,,
,301,1,0,winter,NH,1,MaN,1,Pleuronectidae,Glyptocephalus zachirus,NA,1,c,,,
,301,1,0,winter,NH,1,MaN,26,Pleuronectidae,Parophrys vetulus,NA,26,e,,,
,301,1,0,winter,NH,1,MaN,3,unknown,Damaged,NA,3,d,,,
301-1-3,301,1,3,winter,NH,1,MaN,46,Pleuronectidae,Parophrys vetulus,NA,46,a+l,,,
,301,1,3,winter,NH,1,MaN,2,Cyclopteridae,Liparis fucensis,NA,2,b,,,
,301,1,3,winter,NH,1,MaN,2,Ammodytidae,Ammodytes spp.,NA,2,c,,,
,301,1,3,winter,NH,1,MaN,1,Scorpenidae,Sebastes spp.,NA,1,d,,,
,301,1,3,winter,NH,1,MaN,2,Cottidae,Cottidae spp.,NA,2,e,,,
,301,1,3,winter,NH,1,MaN,1,unknown,Fish eggs,NA,1,f,,,
,301,1,3,winter,NH,1,MaN,3,unknown,Damaged,NA,3,g,,,
,301,1,3,winter,NH,1,MaN,3,Pleuronectidae,Psettichthys melanostictus,NA,3,h,,,
,301,1,3,winter,NH,1,MaN,1,Hexagrammidae,Ophiodon elongatus,NA,1,i,,,
,301,1,3,winter,NH,1,MaN,1,Myctophidae,Tarletonbeania crenularis,NA,1,j,,,
,301,1,3,winter,NH,1,MaN,1,unknown,Unknown,NA,1,k,,,
301-1-4,301,1,4,winter,NH,1,MaN,14,Pleuronectidae,Parophrys vetulus,NA,14,a,,,
,301,1,4,winter,NH,1,MaN,1,Cyclopteridae,Liparis fucensis,NA,1,b,,,
,301,1,4,winter,NH,1,MaN,4,unknown,Damaged,NA,4,c,,,
,301,1,4,winter,NH,1,MaN,4,Paralichthyidae,Citharichthys sordidus,NA,4,d,,,
,301,1,4,winter,NH,1,MaN,1,Gadidae,Microgadus proximus,NA,1,e,,,
,301,1,4,winter,NH,1,MaN,1,Pleuronectidae,Psettichthys melanostictus,NA,1,f,,,
,301,1,4,winter,NH,1,MaN,1,Myctophidae,Stenobrachius leucopsarus,NA,1,g,,,
,301,1,4,winter,NH,1,MaN,1,Bathymasteridae,Ronquilus jordani,NA,1,h,,,
301-4-0,301,4,0,winter,NH,1,MaN,5,Ammodytidae,Ammodytes spp.,NA,5,c,,,
,301,4,0,winter,NH,1,MaN,4,Scorpenidae,Sebastes spp.,NA,4,a,,,
,301,4,0,winter,NH,1,MaN,1,Hexagrammidae,Ophiodon elongatus,NA,1,g,,,
,301,4,0,winter,NH,1,MaN,3,Pleuronectidae,Glyptocephalus zachirus,NA,3,b,,,
,301,4,0,winter,NH,1,MaN,1,Pleuronectidae,Isopsetta isolepis,NA,1,i,,,
,301,4,0,winter,NH,1,MaN,3,Pleuronectidae,Psettichthys melanostictus,NA,3,f,,,
,301,4,0,winter,NH,1,MaN,1,Pleuronectidae,Unknown,NA,1,d,,,post-transformation
,301,4,0,winter,NH,1,MaN,58,Pleuronectidae,Parophrys vetulus,NA,58,h,,,
,301,4,0,winter,NH,1,MaN,1,unknown,Damaged,NA,1,j,,,
,301,4,0,winter,NH,1,MaN,13,unknown,Fish eggs,NA,13,k,,,
301-4-3,301,4,3,winter,NH,1,MaN,73,Pleuronectidae,Parophrys vetulus,NA,73,a,,,
,301,4,3,winter,NH,1,MaN,14,Scorpenidae,Sebastes spp.,NA,14,b,,,
,301,4,3,winter,NH,1,MaN,4,Pleuronectidae,Glyptocephalus zachirus,NA,4,c,,,
,301,4,3,winter,NH,1,MaN,13,unknown,Damaged,NA,13,d,,,
,301,4,3,winter,NH,1,MaN,6,Ammodytidae,Ammodytes spp.,NA,6,e,,,
,301,4,3,winter,NH,1,MaN,6,Hexagrammidae,Ophiodon elongatus,NA,6,f,,,
,301,4,3,winter,NH,1,MaN,6,Pleuronectidae,Psettichthys melanostictus,NA,6,g,,,
,301,4,3,winter,NH,1,MaN,1,Cottidae,Cottidae spp.,NA,1,h,,,
,301,4,3,winter,NH,1,MaN,2,Cyclopteridae,Liparis fucensis,NA,2,i,,,
,301,4,3,winter,NH,1,MaN,2,Paralichthyidae,Citharichthys sordidus,NA,2,j,,,
,301,4,3,winter,NH,1,MaN,1,Pleuronectidae,Pleuronichthys decurrens,NA,1,k,,,
,301,4,3,winter,NH,1,MaN,1,Paralichthyidae,Citharichthys stigmaeus,NA,1,l,,,
,301,4,3,winter,NH,1,MaN,1,Pleuronectidae,Isopsetta isolepis,NA,1,m,,,
,301,4,3,winter,NH,1,MaN,1,Pleuronectidae,Lepidopsetta bilineata,NA,1,n,,,
,301,4,3,winter,NH,1,MaN,2,Pleuronectidae,Parophrys vetulus,NA,2,o,,,changed from unknown-NH
302-1-0,302,1,0,winter,NH,2,MaN,3,Pleuronectidae,Parophrys vetulus,NA,3,a,,,
,302,1,0,winter,NH,2,MaN,1,Ammodytidae,Ammodytes spp.,NA,1,b,,,
,302,1,0,winter,NH,2,MaN,1,Scorpenidae,Sebastes spp.,NA,1,c,,,
,302,1,0,winter,NH,2,MaN,2,Myctophidae,Stenobrachius leucopsarus,NA,2,d,,,
,302,1,0,winter,NH,2,MaN,1,Myctophidae,Protomyctophum crockeri,NA,1,e,,,
,302,1,0,winter,NH,2,MaN,8,Paralichthyidae,Citharichthys sordidus,NA,8,f,,,
,302,1,0,winter,NH,2,MaN,1,unknown,Damaged,NA,1,g,,,
,302,1,0,winter,NH,2,MaN,5,unknown,Fish eggs,NA,5,h,,,
302-1-2,302,1,2,winter,NH,2,MaN,4,Pleuronectidae,Parophrys vetulus,NA,4,a,,,
,302,1,2,winter,NH,2,MaN,1,Scorpenidae,Sebastes spp.,NA,1,b,,,
,302,1,2,winter,NH,2,MaN,1,Hexagrammidae,Ophiodon elongatus,NA,1,c,,,
302-1-3,302,1,3,winter,NH,2,MaN,4,Pleuronectidae,Parophrys vetulus,NA,4,a,,,
,302,1,3,winter,NH,2,MaN,4,Myctophidae,Stenobrachius leucopsarus,NA,4,b,,,
,302,1,3,winter,NH,2,MaN,4,Paralichthyidae,Citharichthys sordidus,NA,4,c,,,
,302,1,3,winter,NH,2,MaN,1,Ammodytidae,Ammodytes spp.,NA,1,d,,,
,302,1,3,winter,NH,2,MaN,1,Pleuronectidae,Pleuronichthys decurrens,NA,1,e,,,
302-1-4,302,1,4,winter,NH,2,MaN,4,Scorpenidae,Sebastes spp.,NA,4,a,,,
,302,1,4,winter,NH,2,MaN,1,Myctophidae,Stenobrachius leucopsarus,NA,1,b,,,
,302,1,4,winter,NH,2,MaN,1,Pleuronectidae,Parophrys vetulus,NA,1,c,,,
,302,1,4,winter,NH,2,MaN,1,unknown,Fish eggs,NA,1,d,,,
,302,1,4,winter,NH,2,MaN,1,unknown,Damaged,NA,1,e,,,
,302,1,4,winter,NH,2,MaN,5,Paralichthyidae,Citharichthys sordidus,NA,5,f,,,
,302,1,4,winter,NH,2,MaN,1,unknown,Unknown,NA,1,g,,,very small
302-4-0,302,4,0,winter,NH,2,MaN,3,Pleuronectidae,Parophrys vetulus,NA,3,a,,,
,302,4,0,winter,NH,2,MaN,3,Scorpenidae,Sebastes spp.,NA,3,b,,,
,302,4,0,winter,NH,2,MaN,1,unknown,Damaged,NA,1,c,,,
,302,4,0,winter,NH,2,MaN,7,unknown,Fish eggs,NA,7,d,,,
,302,4,0,winter,NH,2,MaN,2,Ammodytidae,Ammodytes spp.,NA,2,e,,,
302-4-2,302,4,2,winter,NH,2,MaN,6,Pleuronectidae,Parophrys vetulus,NA,6,a,,,
,302,4,2,winter,NH,2,MaN,1,Scorpenidae,Sebastes spp.,NA,1,b,,,
,302,4,2,winter,NH,2,MaN,3,Ammodytidae,Ammodytes spp.,NA,3,c,,,
,302,4,2,winter,NH,2,MaN,1,Paralichthyidae,Citharichthys sordidus,NA,1,d,,,
,302,4,2,winter,NH,2,MaN,4,unknown,Damaged,NA,4,e,,,
302-4-3,302,4,3,winter,NH,2,MaN,5,Pleuronectidae,Parophrys vetulus,NA,5,a,,,
,302,4,3,winter,NH,2,MaN,1,Paralichthyidae,Citharichthys stigmaeus,NA,1,b,,,
,302,4,3,winter,NH,2,MaN,2,Scorpenidae,Sebastes spp.,NA,2,c,,,
,302,4,3,winter,NH,2,MaN,1,Stichaeidae,Chirolophis spp.,NA,1,d,,,
,302,4,3,winter,NH,2,MaN,5,Ammodytidae,Ammodytes spp.,NA,5,e,,,
,302,4,3,winter,NH,2,MaN,1,Hexagrammidae,Ophiodon elongatus,NA,1,f,,,
,302,4,3,winter,NH,2,MaN,1,Paralichthyidae,Citharichthys sordidus,NA,1,g,,,
,302,4,3,winter,NH,2,MaN,1,Pleuronectidae,Psettichthys melanostictus,NA,1,h,,,
,302,4,3,winter,NH,2,MaN,1,Pleuronectidae,Lepidopsetta bilineata,NA,1,i,,,
302-4-4,302,4,4,winter,NH,2,MaN,7,Pleuronectidae,Parophrys vetulus,NA,7,a,,,
,302,4,4,winter,NH,2,MaN,6,Scorpenidae,Sebastes spp.,NA,6,b,,,
,302,4,4,winter,NH,2,MaN,12,unknown,Fish eggs,NA,12,c,,,
,302,4,4,winter,NH,2,MaN,1,Pleuronectidae,Glyptocephalus zachirus,NA,1,d,,,
,302,4,4,winter,NH,2,MaN,1,Paralichthyidae,Citharichthys stigmaeus,NA,1,e,,,
,302,4,4,winter,NH,2,MaN,2,Bathymasteridae,Ronquilus jordani,NA,2,f,,,
,302,4,4,winter,NH,2,MaN,1,Hexagrammidae,Ophiodon elongatus,NA,1,g,,,
,302,4,4,winter,NH,2,MaN,2,unknown,Damaged,NA,2,h,,,
,302,4,4,winter,NH,2,MaN,1,Pleuronectidae,Isopsetta isolepis,NA,1,i,,,
303-1-0,303,1,0,winter,NH,3,MaN,10,Scorpenidae,Sebastes spp.,NA,10,a,,,
,303,1,0,winter,NH,3,MaN,5,Pleuronectidae,Glyptocephalus zachirus,NA,5,b,,,
,303,1,0,winter,NH,3,MaN,9,unknown,Fish eggs,NA,9,c,,,
,303,1,0,winter,NH,3,MaN,10,Pleuronectidae,Parophrys vetulus,NA,10,d,,,
,303,1,0,winter,NH,3,MaN,4,Myctophidae,Stenobrachius leucopsarus,NA,4,e,,,
,303,1,0,winter,NH,3,MaN,5,Paralichthyidae,Citharichthys sordidus,NA,5,f,,,
,303,1,0,winter,NH,3,MaN,1,Pleuronectidae,Lyopsetta exilis,NA,1,g,,,
,303,1,0,winter,NH,3,MaN,1,Bathymasteridae,Ronquilus jordani,NA,1,h,,,
,303,1,0,winter,NH,3,MaN,2,unknown,Damaged,NA,2,i,,,
,303,1,0,winter,NH,3,MaN,1,Pleuronectidae,Pleuronichthys decurrens,NA,1,j,,,
303-1-1,303,1,1,winter,NH,3,MaN,28,Pleuronectidae,Parophrys vetulus,NA,28,a,,,
,303,1,1,winter,NH,3,MaN,13,Scorpenidae,Sebastes spp.,NA,13,b,,,
,303,1,1,winter,NH,3,MaN,7,Cyclopteridae,Liparis fucensis,NA,7,c,,,
,303,1,1,winter,NH,3,MaN,2,Pleuronectidae,Lyopsetta exilis,NA,2,d,,,
,303,1,1,winter,NH,3,MaN,1,Myctophidae,Tarletonbeania crenularis,NA,1,e,,,
,303,1,1,winter,NH,3,MaN,1,unknown,Fish eggs,NA,1,f,,,
,303,1,1,winter,NH,3,MaN,1,Cottidae,Radulinus asprellus,NA,1,g,,,
,303,1,1,winter,NH,3,MaN,1,unknown,Damaged,NA,1,h,,,
303-1-2,303,1,2,winter,NH,3,MaN,74,Pleuronectidae,Parophrys vetulus,NA,74,a,,,
,303,1,2,winter,NH,3,MaN,4,Scorpenidae,Sebastes spp.,NA,4,b,,,
,303,1,2,winter,NH,3,MaN,5,Cyclopteridae,Liparis fucensis,NA,5,c,,,dessicated and refilled 2025/09/29
,303,1,2,winter,NH,3,MaN,3,Myctophidae,Stenobrachius leucopsarus,NA,3,d,,,
,303,1,2,winter,NH,3,MaN,3,unknown,Damaged,NA,3,e,,,
,303,1,2,winter,NH,3,MaN,1,unknown,Fish eggs,NA,1,f,,,
,303,1,2,winter,NH,3,MaN,3,Pleuronectidae,Isopsetta isolepis,NA,3,g,,,
,303,1,2,winter,NH,3,MaN,1,Pleuronectidae,Psettichthys melanostictus,NA,1,h,,,
,303,1,2,winter,NH,3,MaN,1,Paralichthyidae,Citharichthys sordidus,NA,1,i,,,
303-1-3,303,1,3,winter,NH,3,MaN,124,Pleuronectidae,Parophrys vetulus,NA,124,a,,,
,303,1,3,winter,NH,3,MaN,1,Cyclopteridae,Liparis fucensis,NA,1,b,,,
,303,1,3,winter,NH,3,MaN,2,Bathylagidae,Lipolagus ochotensis,NA,2,c,,,
,303,1,3,winter,NH,3,MaN,6,Myctophidae,Stenobrachius leucopsarus,NA,6,d,,,
,303,1,3,winter,NH,3,MaN,8,unknown,Damaged,NA,8,e,,,
,303,1,3,winter,NH,3,MaN,3,Scorpenidae,Sebastes spp.,NA,3,f,,,
,303,1,3,winter,NH,3,MaN,2,Ammodytidae,Ammodytes spp.,NA,2,g,,,
,303,1,3,winter,NH,3,MaN,1,Myctophidae,Nannobrachium spp.,NA,1,h,,,
,303,1,3,winter,NH,3,MaN,1,Cottidae,Cottidae spp.,NA,1,i,,,
,303,1,3,winter,NH,3,MaN,3,Paralichthyidae,Citharichthys sordidus,NA,3,j,,,
,303,1,3,winter,NH,3,MaN,4,Pleuronectidae,Isopsetta isolepis,NA,4,k,,,
,303,1,3,winter,NH,3,MaN,3,Pleuronectidae,Psettichthys melanostictus,NA,3,l,,,
303-1-4,303,1,4,winter,NH,3,MaN,5,Scorpenidae,Sebastes spp.,NA,5,a,,,
,303,1,4,winter,NH,3,MaN,10,Pleuronectidae,Parophrys vetulus,NA,10,b,,,
,303,1,4,winter,NH,3,MaN,6,unknown,Damaged,NA,6,c,,,
,303,1,4,winter,NH,3,MaN,3,unknown,Fish eggs,NA,3,d,,,
,303,1,4,winter,NH,3,MaN,1,Ammodytidae,Ammodytes spp.,NA,1,e,,,
,303,1,4,winter,NH,3,MaN,1,Hexagrammidae,Ophiodon elongatus,NA,1,f,,,
,303,1,4,winter,NH,3,MaN,1,Pleuronectidae,Glyptocephalus zachirus,NA,1,g,,,
,303,1,4,winter,NH,3,MaN,3,Paralichthyidae,Citharichthys spp.,NA,3,h,,,
,303,1,4,winter,NH,3,MaN,1,Pleuronectidae,Psettichthys melanostictus,NA,1,i,,,
303-4-0,303,4,0,winter,NH,3,MaN,69,Pleuronectidae,Parophrys vetulus,NA,69,a,,,
,303,4,0,winter,NH,3,MaN,17,unknown,Fish eggs,NA,17,b,,,
,303,4,0,winter,NH,3,MaN,4,Cyclopteridae,Liparis fucensis,NA,4,c,,,
,303,4,0,winter,NH,3,MaN,2,Pleuronectidae,Glyptocephalus zachirus,NA,2,d,,,
,303,4,0,winter,NH,3,MaN,5,Scorpenidae,Sebastes spp.,NA,5,e,,,
,303,4,0,winter,NH,3,MaN,6,Hexagrammidae,Ophiodon elongatus,NA,6,f,,,
,303,4,0,winter,NH,3,MaN,1,Bathylagidae,Lipolagus ochotensis,NA,1,g,,,
,303,4,0,winter,NH,3,MaN,1,Myctophidae,Nannobrachium regalis,NA,1,h,,,
,303,4,0,winter,NH,3,MaN,1,Myctophidae,Tarletonbeania crenularis,NA,1,i,,,
,303,4,0,winter,NH,3,MaN,1,Pleuronectidae,Psettichthys melanostictus,NA,1,j,,,
,303,4,0,winter,NH,3,MaN,6,Pleuronectidae,Isopsetta isolepis,NA,6,k,,,
,303,4,0,winter,NH,3,MaN,1,Pleuronectidae,Lepidopsetta bilineata,NA,1,l,,,
,303,4,0,winter,NH,3,MaN,3,unknown,Damaged,NA,3,m,,,
303-4-1,303,4,1,winter,NH,3,MaN,46,Pleuronectidae,Parophrys vetulus,NA,46,a,,,
,303,4,1,winter,NH,3,MaN,7,Cyclopteridae,Liparis fucensis,NA,7,b,,,
,303,4,1,winter,NH,3,MaN,5,unknown,Damaged,NA,5,c,,,
303-4-2,303,4,2,winter,NH,3,MaN,88,Pleuronectidae,Parophrys vetulus,NA,88,a,,,
,303,4,2,winter,NH,3,MaN,14,Cyclopteridae,Liparis fucensis,NA,14,b,,,
,303,4,2,winter,NH,3,MaN,1,Bathylagidae,Lipolagus ochotensis,NA,1,c,,,
,303,4,2,winter,NH,3,MaN,1,Ammodytidae,Ammodytes spp.,NA,1,d,,,
,303,4,2,winter,NH,3,MaN,1,Scorpenidae,Sebastes spp.,NA,1,e,,,
,303,4,2,winter,NH,3,MaN,16,unknown,Damaged,NA,16,f,,,
303-4-3,303,4,3,winter,NH,3,MaN,178,Pleuronectidae,Parophrys vetulus,NA,178,a,,,
,303,4,3,winter,NH,3,MaN,23,unknown,Damaged,NA,23,b,,,
,303,4,3,winter,NH,3,MaN,7,Bathylagidae,Lipolagus ochotensis,NA,7,c,,,
,303,4,3,winter,NH,3,MaN,2,Cyclopteridae,Liparis fucensis,NA,2,d,,,
,303,4,3,winter,NH,3,MaN,5,Hexagrammidae,Ophiodon elongatus,NA,5,e,,,
,303,4,3,winter,NH,3,MaN,3,Pleuronectidae,Glyptocephalus zachirus,NA,3,f,,,
,303,4,3,winter,NH,3,MaN,1,Scorpenidae,Sebastes spp.,NA,1,g,,,
,303,4,3,winter,NH,3,MaN,1,Myctophidae,Stenobrachius leucopsarus,NA,1,h,,,
,303,4,3,winter,NH,3,MaN,1,Pleuronectidae,Lyopsetta exilis,NA,1,i,,,
,303,4,3,winter,NH,3,MaN,1,Paralichthyidae,Citharichthys sordidus,NA,1,j,,,
,303,4,3,winter,NH,3,MaN,3,Pleuronectidae,Psettichthys melanostictus,NA,3,k,,,
,303,4,3,winter,NH,3,MaN,2,Pleuronectidae,Isopsetta isolepis,NA,2,l,,,
,303,4,3,winter,NH,3,MaN,1,Ammodytidae,Ammodytes spp.,NA,1,m,,,
,303,4,3,winter,NH,3,MaN,1,Stichaeidae,Stichaeidae spp.,NA,1,n,,,
,303,4,3,winter,NH,3,MaN,1,unknown,Unknown,NA,1,o,,,
303-4-4,303,4,4,winter,NH,3,MaN,205,Pleuronectidae,Parophrys vetulus,NA,205,a,,,
,303,4,4,winter,NH,3,MaN,22,Scorpenidae,Sebastes spp.,NA,22,b,,,
,303,4,4,winter,NH,3,MaN,18,Pleuronectidae,Glyptocephalus zachirus,NA,18,c,,,
,303,4,4,winter,NH,3,MaN,28,unknown,Fish eggs,NA,28,d,,,
,303,4,4,winter,NH,3,MaN,8,Cottidae,Cottidae spp.,NA,8,e,,,
,303,4,4,winter,NH,3,MaN,15,Hexagrammidae,Ophiodon elongatus,NA,15,f,,,
,303,4,4,winter,NH,3,MaN,2,Bathylagidae,Lipolagus ochotensis,NA,2,g,,,
,303,4,4,winter,NH,3,MaN,5,Ammodytidae,Ammodytes spp.,NA,5,h,,,
,303,4,4,winter,NH,3,MaN,6,Paralichthyidae,Citharichthys sordidus,NA,6,i,,,
,303,4,4,winter,NH,3,MaN,10,Pleuronectidae,Isopsetta isolepis,NA,10,j,,,
,303,4,4,winter,NH,3,MaN,23,Pleuronectidae,Psettichthys melanostictus,NA,23,k,,,
,303,4,4,winter,NH,3,MaN,9,unknown,Damaged,NA,9,l,,,
304-1-0,304,1,0,winter,NH,4,MaN,130,Scorpenidae,Sebastes spp.,NA,130,a,,,
,304,1,0,winter,NH,4,MaN,1,Bathylagidae,Lipolagus ochotensis,NA,1,b,,,
,304,1,0,winter,NH,4,MaN,6,Myctophidae,Stenobrachius leucopsarus,NA,6,c,,,
,304,1,0,winter,NH,4,MaN,8,unknown,Damaged,NA,8,d,,,
,304,1,0,winter,NH,4,MaN,2,unknown,Fish eggs,NA,2,e,,,
,304,1,0,winter,NH,4,MaN,1,Cyclopteridae,Liparis fucensis,NA,1,f,,,
,304,1,0,winter,NH,4,MaN,1,Pleuronectidae,Glyptocephalus zachirus,NA,1,g,,,
,304,1,0,winter,NH,4,MaN,1,unknown,Unknown,NA,1,h,,,
,304,1,0,winter,NH,4,MaN,1,unknown,Damaged,NA,1,i,,,
,304,1,0,winter,NH,4,MaN,1,Myctophidae,Nannobrachium regalis,NA,1,j,,,
304-1-1,304,1,1,winter,NH,4,MaN,1,Myctophidae,Diaphus theta,NA,1,a,,,juvenile
,304,1,1,winter,NH,4,MaN,50,Scorpenidae,Sebastes spp.,NA,50,b,,,
,304,1,1,winter,NH,4,MaN,3,Myctophidae,Protomyctophum crockeri,NA,3,c,,,
,304,1,1,winter,NH,4,MaN,1,Paralepididae,Lestidiops ringens,NA,1,d,,,
,304,1,1,winter,NH,4,MaN,2,Myctophidae,Stenobrachius leucopsarus,NA,2,e,,,
,304,1,1,winter,NH,4,MaN,2,unknown,Damaged,NA,2,f,,,
,304,1,1,winter,NH,4,MaN,1,Pleuronectidae,Psettichthys melanostictus,NA,1,g,,,
,304,1,1,winter,NH,4,MaN,1,unknown,Unknown,NA,1,h,,,
304-1-2,304,1,2,winter,NH,4,MaN,1,Myctophidae,Diaphus theta,NA,1,a,,,juvenile
,304,1,2,winter,NH,4,MaN,115,Scorpenidae,Sebastes spp.,NA,115,b,,,
,304,1,2,winter,NH,4,MaN,18,Myctophidae,Stenobrachius leucopsarus,NA,18,c,,,
,304,1,2,winter,NH,4,MaN,1,Bathylagidae,Lipolagus ochotensis,NA,1,d,,,
,304,1,2,winter,NH,4,MaN,8,unknown,Damaged,NA,8,e,,,
,304,1,2,winter,NH,4,MaN,1,unknown,Unknown,NA,1,f,,,
,304,1,2,winter,NH,4,MaN,1,Chauliodontidae,Chauliodus macouni,NA,1,g,,,
304-1-3,304,1,3,winter,NH,4,MaN,206,Scorpenidae,Sebastes spp.,NA,206,a,,,
,304,1,3,winter,NH,4,MaN,58,Myctophidae,Stenobrachius leucopsarus,NA,58,b,,,
,304,1,3,winter,NH,4,MaN,2,Bathylagidae,Lipolagus ochotensis,NA,2,c,,,
,304,1,3,winter,NH,4,MaN,2,Pleuronectidae,Parophrys vetulus,NA,2,d,,,
,304,1,3,winter,NH,4,MaN,2,Paralichthyidae,Citharichthys stigmaeus,NA,2,e,,,
,304,1,3,winter,NH,4,MaN,31,unknown,Damaged,NA,31,f,,,
304-1-4,304,1,4,winter,NH,4,MaN,105,Scorpenidae,Sebastes spp.,NA,105,a,,,
,304,1,4,winter,NH,4,MaN,1,Pleuronectidae,Glyptocephalus zachirus,NA,1,b,,,
,304,1,4,winter,NH,4,MaN,8,unknown,Damaged,NA,8,c,,,
,304,1,4,winter,NH,4,MaN,76,unknown,Damaged,NA,76,d,,,dessicated(likely sebastes)
304-4-0,304,4,0,winter,NH,4,MaN,3,Myctophidae,Stenobrachius leucopsarus,NA,3,a,,,juveniles in jar
,304,4,0,winter,NH,4,MaN,3,Cyclopteridae,Liparis fucensis,NA,3,b,,,
,304,4,0,winter,NH,4,MaN,2,Scorpenidae,Sebastes spp.,NA,2,c,,,
,304,4,0,winter,NH,4,MaN,1,Bathylagidae,Lipolagus ochotensis,NA,1,d,,,
,304,4,0,winter,NH,4,MaN,4,Myctophidae,Protomyctophum crockeri,NA,4,e,,,
,304,4,0,winter,NH,4,MaN,6,Pleuronectidae,Parophrys vetulus,NA,6,f,,,
,304,4,0,winter,NH,4,MaN,1,Paralichthyidae,Citharichthys stigmaeus,NA,1,g,,,
,304,4,0,winter,NH,4,MaN,1,unknown,Fish eggs,NA,1,h,,,
304-4-1,304,4,1,winter,NH,4,MaN,7,Scorpenidae,Sebastes spp.,NA,7,a,,,
,304,4,1,winter,NH,4,MaN,3,Myctophidae,Stenobrachius leucopsarus,NA,3,b,,,juveniles in jar
,304,4,1,winter,NH,4,MaN,2,Bathylagidae,Lipolagus ochotensis,NA,2,c,,,
,304,4,1,winter,NH,4,MaN,1,Cyclopteridae,Liparis fucensis,NA,1,d,,,
,304,4,1,winter,NH,4,MaN,8,Myctophidae,Protomyctophum crockeri,NA,8,e,,,
,304,4,1,winter,NH,4,MaN,1,Myctophidae,Tarletonbeania crenularis,NA,1,f,,,
,304,4,1,winter,NH,4,MaN,3,unknown,Damaged,NA,3,g,,,
,304,4,1,winter,NH,4,MaN,2,Myctophidae,Protomyctophum thompsoni,NA,2,h,,,
304-4-2,304,4,2,winter,NH,4,MaN,1,Myctophidae,Stenobrachius leucopsarus,NA,1,a,,,juveniles
,304,4,2,winter,NH,4,MaN,3,Bathylagidae,Lipolagus ochotensis,NA,3,b,,,
,304,4,2,winter,NH,4,MaN,5,Myctophidae,Stenobrachius leucopsarus,NA,5,c,,,
,304,4,2,winter,NH,4,MaN,1,Myctophidae,Protomyctophum crockeri,NA,1,d,,,
,304,4,2,winter,NH,4,MaN,6,Scorpenidae,Sebastes spp.,NA,6,e,,,
,304,4,2,winter,NH,4,MaN,3,Myctophidae,Tarletonbeania crenularis,NA,3,f,,,
,304,4,2,winter,NH,4,MaN,3,unknown,Damaged,NA,3,g,,,
304-4-3,304,4,3,winter,NH,4,MaN,5,Myctophidae,Stenobrachius leucopsarus,NA,5,a,,,juveniles in jar
,304,4,3,winter,NH,4,MaN,30,Scorpenidae,Sebastes spp.,NA,30,b,,,
,304,4,3,winter,NH,4,MaN,8,Bathylagidae,Lipolagus ochotensis,NA,8,c,,,
,304,4,3,winter,NH,4,MaN,13,Myctophidae,Stenobrachius leucopsarus,NA,13,d,,,
,304,4,3,winter,NH,4,MaN,2,Pleuronectidae,Parophrys vetulus,NA,2,e,,,
,304,4,3,winter,NH,4,MaN,3,Paralepididae,Lestidiops ringens,NA,3,f,,,
,304,4,3,winter,NH,4,MaN,3,unknown,Damaged,NA,3,g,,,
,304,4,3,winter,NH,4,MaN,1,Myctophidae,Nannobrachium spp.,NA,1,h,,,
304-4-4,304,4,4,winter,NH,4,MaN,1,Myctophidae,Stenobrachius leucopsarus,NA,1,a,,,juvenile
,304,4,4,winter,NH,4,MaN,177,Scorpenidae,Sebastes spp.,NA,177,b,,,
,304,4,4,winter,NH,4,MaN,6,Paralichthyidae,Citharichthys stigmaeus,NA,6,c,,,found dessicated 09/29/25
,304,4,4,winter,NH,4,MaN,1,Pleuronectidae,Parophrys vetulus,NA,1,d,,,
,304,4,4,winter,NH,4,MaN,2,Paralichthyidae,Citharichthys sordidus,NA,2,e,,,
,304,4,4,winter,NH,4,MaN,3,Paralepididae,Lestidiops ringens,NA,3,f,,,
,304,4,4,winter,NH,4,MaN,3,Bathylagidae,Lipolagus ochotensis,NA,3,g,,,
,304,4,4,winter,NH,4,MaN,2,unknown,Fish eggs,NA,2,h,,,
,304,4,4,winter,NH,4,MaN,2,unknown,Damaged,NA,2,i,,,
,304,4,4,winter,NH,4,MaN,1,Anoplopomatidae,Anoplopoma fimbria,NA,1,j,,,
305-1-0,305,1,0,winter,NH,5,MaN,1,Bathylagidae,Lipolagus ochotensis,NA,1,d,,,
,305,1,0,winter,NH,5,MaN,1,Myctophidae,Stenobrachius leucopsarus,NA,1,a,,,juvenile
,305,1,0,winter,NH,5,MaN,19,Myctophidae,Stenobrachius leucopsarus,NA,19,f,,,
,305,1,0,winter,NH,5,MaN,1,Myctophidae,Protomyctophum crockeri,NA,1,c,,,
,305,1,0,winter,NH,5,MaN,18,Scorpenidae,Sebastes spp.,NA,18,g,,,
,305,1,0,winter,NH,5,MaN,3,Myctophidae,Tarletonbeania crenularis,NA,3,b,,,
,305,1,0,winter,NH,5,MaN,6,unknown,Damaged,NA,6,e,,,
305-1-1,305,1,1,winter,NH,5,MaN,2,Myctophidae,Unknown,NA,2,a,,,juveniles
,305,1,1,winter,NH,5,MaN,3,Myctophidae,Tarletonbeania crenularis,NA,3,b,,,
,305,1,1,winter,NH,5,MaN,4,Myctophidae,Protomyctophum crockeri,NA,4,c,,,
,305,1,1,winter,NH,5,MaN,8,Myctophidae,Stenobrachius leucopsarus,NA,8,d,,,
,305,1,1,winter,NH,5,MaN,2,unknown,Damaged,NA,2,e,,,
,305,1,1,winter,NH,5,MaN,3,Scorpenidae,Sebastes spp.,NA,3,f,,,
,305,1,1,winter,NH,5,MaN,3,Bathylagidae,Lipolagus ochotensis,NA,3,g,,,
305-1-2,305,1,2,winter,NH,5,MaN,29,Myctophidae,Stenobrachius leucopsarus,NA,29,a,,,
,305,1,2,winter,NH,5,MaN,20,Scorpenidae,Sebastes spp.,NA,20,b,,,
,305,1,2,winter,NH,5,MaN,16,Bathylagidae,Lipolagus ochotensis,NA,16,c,,,
,305,1,2,winter,NH,5,MaN,7,Myctophidae,Protomyctophum crockeri,NA,7,d,,,
,305,1,2,winter,NH,5,MaN,4+8,Myctophidae,Tarletonbeania crenularis,NA,12,"e,i",,,i = younger stage
,305,1,2,winter,NH,5,MaN,1,unknown,Damaged,NA,1,f,,,
,305,1,2,winter,NH,5,MaN,1,Paralepididae,Lestidiops ringens,NA,1,g,,,
,305,1,2,winter,NH,5,MaN,1,Myctophidae,Unknown,NA,1,h,,,juvenile
305-1-3,305,1,3,winter,NH,5,MaN,24,Scorpenidae,Sebastes spp.,NA,24,a,,,
,305,1,3,winter,NH,5,MaN,30,Myctophidae,Stenobrachius leucopsarus,NA,30,b,,,
,305,1,3,winter,NH,5,MaN,4,Myctophidae,Tarletonbeania crenularis,NA,4,c,,,
,305,1,3,winter,NH,5,MaN,2,Bathylagidae,Lipolagus ochotensis,NA,2,d,,,
,305,1,3,winter,NH,5,MaN,1,Cottidae,Hemilepodotus spp.,NA,1,e,,,
305-1-4,305,1,4,winter,NH,5,MaN,98,Scorpenidae,Sebastes spp.,NA,98,a,,,
,305,1,4,winter,NH,5,MaN,66,Myctophidae,Stenobrachius leucopsarus,NA,66,b,,,
,305,1,4,winter,NH,5,MaN,6,Bathylagidae,Lipolagus ochotensis,NA,6,c,,,
,305,1,4,winter,NH,5,MaN,6,Myctophidae,Tarletonbeania crenularis,NA,6,d,,,
,305,1,4,winter,NH,5,MaN,2,Paralepididae,Lestidiops ringens,NA,2,e,,,
,305,1,4,winter,NH,5,MaN,2,unknown,Damaged,NA,2,f,,,
,305,1,4,winter,NH,5,MaN,5,Pleuronectidae,Lyopsetta exilis,NA,5,g,,,
,305,1,4,winter,NH,5,MaN,1,Anoplopomatidae,Anoplopoma fimbria,NA,1,h,,,
,305,1,4,winter,NH,5,MaN,1,Pleuronectidae,Microstomus pacificus,NA,1,i,,,"larva in jar, found dessicated 02/2026"
,305,1,4,winter,NH,5,MaN,1,Paralichthyidae,Citharichthys sordidus,NA,1,j,,,
,305,1,4,winter,NH,5,MaN,1,Myctophidae,Nannobrachium spp.,NA,1,k,,,
305-4-0,305,4,0,winter,NH,5,MaN,5,Myctophidae,Unknown,NA,5,a,,,juveniles
,305,4,0,winter,NH,5,MaN,18,Scorpenidae,Sebastes spp.,NA,18,b,,,
,305,4,0,winter,NH,5,MaN,4,Myctophidae,Stenobrachius leucopsarus,NA,4,c,,,
,305,4,0,winter,NH,5,MaN,3,Bathylagidae,Lipolagus ochotensis,NA,3,d,,,
,305,4,0,winter,NH,5,MaN,3,Myctophidae,Protomyctophum crockeri,NA,3,e,,,
,305,4,0,winter,NH,5,MaN,5,Myctophidae,Tarletonbeania crenularis,NA,5,f,,,
,305,4,0,winter,NH,5,MaN,1,Chauliodontidae,Chauliodus macouni,NA,1,g,,,
,305,4,0,winter,NH,5,MaN,1,Paralepididae,Lestidiops ringens,NA,1,h,,,
,305,4,0,winter,NH,5,MaN,1,Myctophidae,Nannobrachium spp.,NA,1,i,,,
,305,4,0,winter,NH,5,MaN,1,unknown,Damaged,NA,1,j,,,
305-4-1,305,4,1,winter,NH,5,MaN,5,Myctophidae,Unknown,NA,5,a,,,juveniles
,305,4,1,winter,NH,5,MaN,2,stomiidae,Unknown,NA,2,b,,," in jar, juveniles"
,305,4,1,winter,NH,5,MaN,2,Bathylagidae,Lipolagus ochotensis,NA,2,c,,,
,305,4,1,winter,NH,5,MaN,6,Myctophidae,Tarletonbeania crenularis,NA,6,d,,,
,305,4,1,winter,NH,5,MaN,2,Myctophidae,Protomyctophum crockeri,NA,2,e,,,
,305,4,1,winter,NH,5,MaN,2,unknown,Damaged,NA,2,f,,,
305-4-2,305,4,2,winter,NH,5,MaN,12,Scorpenidae,Sebastes spp.,NA,12,a,,,
,305,4,2,winter,NH,5,MaN,9,Bathylagidae,Lipolagus ochotensis,NA,9,b,,,
,305,4,2,winter,NH,5,MaN,5,Myctophidae,Stenobrachius leucopsarus,NA,5,c,,,
,305,4,2,winter,NH,5,MaN,4,Myctophidae,Unknown,NA,4,d,,,juveniles
,305,4,2,winter,NH,5,MaN,18,Myctophidae,Tarletonbeania crenularis,NA,18,e,,,
,305,4,2,winter,NH,5,MaN,6,Myctophidae,Protomyctophum crockeri,NA,6,f,,,
,305,4,2,winter,NH,5,MaN,1,Cyclopteridae,Liparis fucensis,NA,1,g,,,
,305,4,2,winter,NH,5,MaN,1,Pleuronectidae,Parophrys vetulus,NA,1,h,,,
,305,4,2,winter,NH,5,MaN,1,Myctophidae,Nannobrachium regalis,NA,1,i,,,
,305,4,2,winter,NH,5,MaN,1,Paralepididae,Lestidiops ringens,NA,1,j,,,
305-4-3,305,4,3,winter,NH,5,MaN,12,Scorpenidae,Sebastes spp.,NA,12,a,,,
,305,4,3,winter,NH,5,MaN,4,Myctophidae,Stenobrachius leucopsarus,NA,4,b,,,
,305,4,3,winter,NH,5,MaN,1,Pleuronectidae,Parophrys vetulus,NA,1,c,,,
,305,4,3,winter,NH,5,MaN,2,Bathylagidae,Lipolagus ochotensis,NA,2,d,,,
,305,4,3,winter,NH,5,MaN,4,Myctophidae,Tarletonbeania crenularis,NA,4,e,,,
305-4-4,305,4,4,winter,NH,5,MaN,112,Scorpenidae,Sebastes spp.,NA,112,a,,,
,305,4,4,winter,NH,5,MaN,18+1,Myctophidae,Stenobrachius leucopsarus,NA,19,"b,g",,,
,305,4,4,winter,NH,5,MaN,5,Bathylagidae,Lipolagus ochotensis,NA,5,c,,,
,305,4,4,winter,NH,5,MaN,7,Myctophidae,Tarletonbeania crenularis,NA,7,d,,,
,305,4,4,winter,NH,5,MaN,5,unknown,Damaged,NA,5,e,,,
,305,4,4,winter,NH,5,MaN,1,Paralichthyidae,Citharichthys sordidus,NA,1,h,,,
306-1-0,306,1,0,winter,NH,5,MaD,3,Myctophidae,Stenobrachius leucopsarus,2,6,,318.19,18.85665797,
,306,1,0,winter,NH,5,MaD,4,Scorpenidae,Sebastes spp.,2,8,,318.19,25.14221063,
306-1-1,306,1,1,winter,NH,5,MaD,1,Myctophidae,Stenobrachius leucopsarus,1,1,,303.76,3.292072689,
,306,1,1,winter,NH,5,MaD,5,Myctophidae,Protomyctophum crockeri,1,5,,303.76,16.46036344,
306-1-2,306,1,2,winter,NH,5,MaD,2,Bathylagidae,Lipolagus ochotensis,1,2,,263.55,7.588692848,
,306,1,2,winter,NH,5,MaD,11,Myctophidae,Stenobrachius leucopsarus,1,11,,263.55,41.73781066,
,306,1,2,winter,NH,5,MaD,3,Myctophidae,Protomyctophum crockeri,1,3,,263.55,11.38303927,
,306,1,2,winter,NH,5,MaD,10,Myctophidae,Tarletonbeania crenularis,1,10,,263.55,37.94346424,
,306,1,2,winter,NH,5,MaD,4,Scorpenidae,Sebastes spp.,1,4,,263.55,15.1773857,
,306,1,2,winter,NH,5,MaD,1,Unknown,Damaged,1,1,,263.55,3.794346424,
306-1-3,306,1,3,winter,NH,5,MaD,1,Bathylagidae,Lipolagus ochotensis,1,1,,282.01,3.545973547,
,306,1,3,winter,NH,5,MaD,28,Myctophidae,Stenobrachius leucopsarus,1,28,,282.01,99.28725932,
,306,1,3,winter,NH,5,MaD,3,Myctophidae,Tarletonbeania crenularis,1,3,,282.01,10.63792064,
,306,1,3,winter,NH,5,MaD,8,Scorpenidae,Sebastes spp.,1,8,,282.01,28.36778838,
306-1-4,306,1,4,winter,NH,5,MaD,27,Myctophidae,Stenobrachius leucopsarus,2,54,,254.93,211.8228533,
,306,1,4,winter,NH,5,MaD,1,Myctophidae,Tarletonbeania crenularis,2,2,,254.93,7.845290864,
,306,1,4,winter,NH,5,MaD,8,Scorpenidae,Sebastes spp.,2,16,,254.93,62.76232691,
,306,1,4,winter,NH,5,MaD,1,Pleuronectidae,Lyopsetta exilis,2,2,,254.93,7.845290864,
,306,1,4,winter,NH,5,MaD,1,Cottidae,Scorpaenichthys marmoratus,2,2,,254.93,7.845290864,
,306,1,4,winter,NH,5,MaD,1,Pleuronectidae,Atheresthes stomias,2,2,,254.93,7.845290864,
306-4-0,306,4,0,winter,NH,5,MaD,1,Bathylagidae,Lipolagus ochotensis,1,1,,1272.75,0.785700255,
,306,4,0,winter,NH,5,MaD,1,Myctophidae,Stenobrachius leucopsarus,1,1,,1272.75,0.785700255,
,306,4,0,winter,NH,5,MaD,3,Myctophidae,Protomyctophum crockeri,1,3,,1272.75,2.357100766,
,306,4,0,winter,NH,5,MaD,1,Myctophidae,Tarletonbeania crenularis,1,1,,1272.75,0.785700255,
,306,4,0,winter,NH,5,MaD,9,Scorpenidae,Sebastes spp.,1,9,,1272.75,7.071302298,
,306,4,0,winter,NH,5,MaD,1,Cottidae,Unknown,1,1,,1272.75,0.785700255,
306-4-1,306,4,1,winter,NH,5,MaD,5,Myctophidae,Protomyctophum crockeri,1,5,,1215.04,4.115090861,
,306,4,1,winter,NH,5,MaD,1,Unknown,Unknown,1,1,,1215.04,0.823018172,
306-4-2,306,4,2,winter,NH,5,MaD,3,Bathylagidae,Lipolagus ochotensis,1,3,,1054.19,2.845786813,
,306,4,2,winter,NH,5,MaD,3,Myctophidae,Protomyctophum crockeri,1,3,,1054.19,2.845786813,
,306,4,2,winter,NH,5,MaD,7,Myctophidae,Tarletonbeania crenularis,1,7,,1054.19,6.640169229,
,306,4,2,winter,NH,5,MaD,1,Myctophidae,Nannobrachium regalis,1,1,,1054.19,0.948595604,
306-4-3,306,4,3,winter,NH,5,MaD,4,Myctophidae,Stenobrachius leucopsarus,1,4,a,1128.03,3.546004982,
,306,4,3,winter,NH,5,MaD,5,Myctophidae,Tarletonbeania crenularis,1,5,b,1128.03,4.432506228,
,306,4,3,winter,NH,5,MaD,3,Scorpenidae,Sebastes spp.,1,3,c,1128.03,2.659503737,
,306,4,3,winter,NH,5,MaD,1,Pleuronectidae,Lyopsetta exilis,1,1,d,1128.03,0.886501246,
306-4-4,306,4,4,winter,NH,5,MaD,1,Bathylagidae,Lipolagus ochotensis,1,1,e,1019.7,0.980680592,
,306,4,4,winter,NH,5,MaD,5,Myctophidae,Stenobrachius leucopsarus,1,5,a,1019.7,4.903402962,
,306,4,4,winter,NH,5,MaD,1,Myctophidae,Protomyctophum crockeri,1,1,d,1019.7,0.980680592,
,306,4,4,winter,NH,5,MaD,24,Scorpenidae,Sebastes spp.,1,24,b,1019.7,23.53633422,
,306,4,4,winter,NH,5,MaD,1,Cottidae,Hemilepidotus spinosus,1,1,f,1019.7,0.980680592,
,306,4,4,winter,NH,5,MaD,4,Unknown,Damaged,1,4,g,1019.7,3.922722369,
,306,4,4,winter,NH,5,MaD,2,Myctophidae,Nannobrachium regalis,1,2,c,1019.7,1.961361185,
307-1-0,307,1,0,winter,NH,4,MaD,1,Bathylagidae,Lipolagus ochotensis,1,1,e,273.01,3.662869492,
,307,1,0,winter,NH,4,MaD,23,Myctophidae,Stenobrachius leucopsarus,1,23,b,273.01,84.24599832,
,307,1,0,winter,NH,4,MaD,1,Myctophidae,Protomyctophum thompsoni,1,1,f,273.01,3.662869492,
,307,1,0,winter,NH,4,MaD,2,Myctophidae,Tarletonbeania crenularis,1,2,c,273.01,7.325738984,
,307,1,0,winter,NH,4,MaD,87,Scorpenidae,Sebastes spp.,1,87,a,273.01,318.6696458,
,307,1,0,winter,NH,4,MaD,1,Paralichthyidae,Citharichthys sordidus,1,1,g,273.01,3.662869492,
,307,1,0,winter,NH,4,MaD,4,Unknown,Damaged,1,4,d,273.01,14.65147797,
,307,1,0,winter,NH,4,MaD,1,Agonidae,Unknown,1,1,h,273.01,3.662869492,
,307,1,0,winter,NH,4,MaD,1,Hexagrammidae,Ophiodon elongatus,1,1,i,273.01,3.662869492,
307-1-1,307,1,1,winter,NH,4,MaD,2,Myctophidae,Stenobrachius leucopsarus,1,2,"b,c",246.03,8.129089948,
,307,1,1,winter,NH,4,MaD,1,Myctophidae,Tarletonbeania crenularis,1,1,d,246.03,4.064544974,
,307,1,1,winter,NH,4,MaD,76,Scorpenidae,Sebastes spp.,1,76,a,246.03,308.905418,"69 dessicated, other 7 given to CR"
,307,1,1,winter,NH,4,MaD,2,unknown,Damaged,1,2,e,,,
307-1-2,307,1,2,winter,NH,4,MaD,3,Bathylagidae,Lipolagus ochotensis,1,3,c,229.08,13.09586171,
,307,1,2,winter,NH,4,MaD,1,Myctophidae,Protomyctophum crockeri,1,1,b,229.08,4.365287236,
,307,1,2,winter,NH,4,MaD,44,Scorpenidae,Sebastes spp.,1,44,a,229.08,192.0726384,
,307,1,2,winter,NH,4,MaD,1,unknown,Unknown,1,1,d,229.08,4.365287236,so tiny
,307,1,2,winter,NH,4,MaD,3,Unknown,Damaged,1,3,e,229.08,13.09586171,
307-1-3,307,1,3,winter,NH,4,MaD,32,Myctophidae,Stenobrachius leucopsarus,1,32,"c,i (27+5)",235.1,136.1122926,
,307,1,3,winter,NH,4,MaD,2,Myctophidae,Tarletonbeania crenularis,1,2,e,235.1,8.50701829,
,307,1,3,winter,NH,4,MaD,398,Scorpenidae,Sebastes spp.,1,398,a,235.1,1692.89664,
,307,1,3,winter,NH,4,MaD,1,Paralepididae,Lestidiops ringens,1,1,f,235.1,4.253509145,
,307,1,3,winter,NH,4,MaD,1,Cyclopteridae,Liparis fucensis,1,1,d,235.1,4.253509145,
,307,1,3,winter,NH,4,MaD,2,Unknown,Unknown,1,2,g,235.1,8.50701829,"very small, short guts, lacking pigment"
,307,1,3,winter,NH,4,MaD,4,Unknown,Damaged,1,4,b,235.1,17.01403658,
,307,1,3,winter,NH,4,MaD,1,Macrouridae,Unknown,1,1,h,235.1,4.253509145,
307-1-4,307,1,4,winter,NH,4,MaD,37,Myctophidae,Stenobrachius leucopsarus,1,37,"b,i (31,6)",271.59,136.2347656,
,307,1,4,winter,NH,4,MaD,320,Scorpenidae,Sebastes spp.,1,320,a,271.59,1178.246622,
,307,1,4,winter,NH,4,MaD,4,Paralichthyidae,Citharichthys sordidus,1,4,d,271.59,14.72808277,
,307,1,4,winter,NH,4,MaD,3,Pleuronectidae,Glyptocephalus zachirus,1,3,c,271.59,11.04606208,
,307,1,4,winter,NH,4,MaD,5,Pleuronectidae,Parophrys vetulus,1,5,h,271.59,18.41010346,
,307,1,4,winter,NH,4,MaD,10,Unknown,Damaged,1,10,g,271.59,36.82020693,
,307,1,4,winter,NH,4,MaD,1,Pleuronectidae,Eopsetta jordani,1,1,e,271.59,3.682020693,
,307,1,4,winter,NH,4,MaD,1,unknown,Unknown,1,1,h,271.59,,tiny
307-4-0,307,4,0,winter,NH,4,MaD,1,Bathylagidae,Lipolagus ochotensis,1,1,d,1092.03,0.915725758,
,307,4,0,winter,NH,4,MaD,9,Myctophidae,Stenobrachius leucopsarus,1,9,b,1092.03,8.241531826,
,307,4,0,winter,NH,4,MaD,3,Myctophidae,Tarletonbeania crenularis,1,3,g,1092.03,2.747177275,
,307,4,0,winter,NH,4,MaD,13,Scorpenidae,Sebastes spp.,1,13,a,1092.03,11.90443486,
,307,4,0,winter,NH,4,MaD,2,Hexagrammidae,Ophiodon elongatus,1,2,f,1092.03,1.831451517,
,307,4,0,winter,NH,4,MaD,2,Cyclopteridae,Liparis fucensis,1,2,c,1092.03,1.831451517,
,307,4,0,winter,NH,4,MaD,1,Paralichthyidae,Citharichthys stigmaeus,1,1,e,1092.03,0.915725758,
,307,4,0,winter,NH,4,MaD,2,Pleuronectidae,Parophrys vetulus,1,2,i,1092.03,1.831451517,
,307,4,0,winter,NH,4,MaD,1,Paralepididae,Lestidiops ringens,1,1,h,1092.03,0.915725758,
,307,4,0,winter,NH,4,MaD,1,Unknown,Damaged,1,1,j,1092.03,0.915725758,
307-4-1,307,4,1,winter,NH,4,MaD,2,Bathylagidae,Lipolagus ochotensis,1,2,d,984.11,2.032293138,
,307,4,1,winter,NH,4,MaD,1,Myctophidae,Protomyctophum crockeri,1,1,e,984.11,1.016146569,
,307,4,1,winter,NH,4,MaD,5,Scorpenidae,Sebastes spp.,1,5,b,984.11,5.080732845,
,307,4,1,winter,NH,4,MaD,3,Cyclopteridae,Liparis fucensis,1,3,c,984.11,3.048439707,
,307,4,1,winter,NH,4,MaD,1,Unknown,Damaged,1,1,a,984.11,1.016146569,
307-4-2,307,4,2,winter,NH,4,MaD,1,Bathylagidae,Lipolagus ochotensis,1,1,c,916.31,1.091333719,
,307,4,2,winter,NH,4,MaD,5,Myctophidae,Protomyctophum crockeri,1,5,a,916.31,5.456668595,
,307,4,2,winter,NH,4,MaD,4,Scorpenidae,Sebastes spp.,1,4,d,916.31,4.365334876,
,307,4,2,winter,NH,4,MaD,1,Cyclopteridae,Liparis fucensis,1,1,b,916.31,1.091333719,
307-4-3,307,4,3,winter,NH,4,MaD,1,Bathylagidae,Lipolagus ochotensis,1,1,e,940.4,1.063377286,
,307,4,3,winter,NH,4,MaD,11,Myctophidae,Stenobrachius leucopsarus,1,11,c,940.4,11.69715015,
,307,4,3,winter,NH,4,MaD,3,Myctophidae,Tarletonbeania crenularis,1,3,h,940.4,3.190131859,
,307,4,3,winter,NH,4,MaD,11,Scorpenidae,Sebastes spp.,1,11,b,940.4,11.69715015,
,307,4,3,winter,NH,4,MaD,1,Agonidae,Unknown,1,1,f,940.4,1.063377286,
,307,4,3,winter,NH,4,MaD,2,Cyclopteridae,Liparis fucensis,1,2,a,940.4,2.126754573,
,307,4,3,winter,NH,4,MaD,1,Pleuronectidae,Lyopsetta exilis,1,1,g,940.4,1.063377286,
,307,4,3,winter,NH,4,MaD,2,Unknown,Damaged,1,2,d,940.4,2.126754573,
,307,4,3,winter,NH,4,MaD,2,Paralichthyidae,Citharichthys stigmaeus,1,2,i,940.4,2.126754573,"only 2 fish in vial, physical and digital sheet say 4"
307-4-4,307,4,4,winter,NH,4,MaD,1,Bathylagidae,Lipolagus ochotensis,1,1,e,1086.34,0.92052212,
,307,4,4,winter,NH,4,MaD,19,Myctophidae,Stenobrachius leucopsarus,1,19,b,1086.34,17.48992028,
,307,4,4,winter,NH,4,MaD,62,Scorpenidae,Sebastes spp.,1,62,a,1086.34,57.07237145,
,307,4,4,winter,NH,4,MaD,1,Paralichthyidae,Citharichthys stigmaeus,1,1,i,1086.34,0.92052212,
,307,4,4,winter,NH,4,MaD,2,Pleuronectidae,Glyptocephalus zachirus,1,2,g,1086.34,1.84104424,
,307,4,4,winter,NH,4,MaD,6,Pleuronectidae,Parophrys vetulus,1,6,h,1086.34,5.523132721,
,307,4,4,winter,NH,4,MaD,1,Ammodytidae,Ammodytes spp.,1,1,g,1086.34,0.92052212,
,307,4,4,winter,NH,4,MaD,2,Unknown,Damaged,1,2,f,1086.34,1.84104424,
308-1-0,308,1,0,winter,NH,3,MaD,1,Scorpenidae,Sebastes spp.,2,2,b,275.74,7.253209545,
,308,1,0,winter,NH,3,MaD,2,Unknown,Damaged,2,4,a,275.74,14.50641909,
308-1-1,308,1,1,winter,NH,3,MaD,19,Scorpenidae,Sebastes spp.,1,19,a,316.06,60.11516801,
,308,1,1,winter,NH,3,MaD,1,Cyclopteridae,Liparis fucensis,1,1,b,316.06,3.163956211,
308-1-2,308,1,2,winter,NH,3,MaD,1,Bathylagidae,Lipolagus ochotensis,1,1,b,225.16,4.441286196,
,308,1,2,winter,NH,3,MaD,1,Myctophidae,Stenobrachius leucopsarus,1,1,c,225.16,4.441286196,
,308,1,2,winter,NH,3,MaD,26,Scorpenidae,Sebastes spp.,1,26,a,225.16,115.4734411,
308-1-3,308,1,3,winter,NH,3,MaD,11,Myctophidae,Stenobrachius leucopsarus,1,11,b,289.55,37.98998446,
,308,1,3,winter,NH,3,MaD,17,Scorpenidae,Sebastes spp.,1,17,a,289.55,58.71179416,
,308,1,3,winter,NH,3,MaD,1,Pleuronectidae,Parophrys vetulus,1,1,c,289.55,3.453634951,
308-1-4,308,1,4,winter,NH,3,MaD,2,Myctophidae,Stenobrachius leucopsarus,2,4,b,256.11,15.61828902,
,308,1,4,winter,NH,3,MaD,7,Scorpenidae,Sebastes spp.,2,14,a,256.11,54.66401156,
,308,1,4,winter,NH,3,MaD,7,Pleuronectidae,Parophrys vetulus,2,14,c,256.11,54.66401156,
,308,1,4,winter,NH,3,MaD,1,Cryptaconthodidae ,Lyconectes aleutensis,2,2,f,256.11,7.809144508,
308-1-4*,308,1,4*,winter,NH,3,MaD,3,Scorpenidae,Sebastes spp.,NA,NA,,NA,NA,
,308,1,4*,winter,NH,3,MaD,1,Pleuronectidae,Parophrys vetulus,NA,NA,,NA,NA,
308-4-0,308,4,0,winter,NH,3,MaD,2,Myctophidae,Stenobrachius leucopsarus,1,2,d,1102.98,1.813269506,
,308,4,0,winter,NH,3,MaD,1,Myctophidae,Tarletonbeania crenularis,1,1,h,1102.98,0.906634753,
,308,4,0,winter,NH,3,MaD,9,Scorpenidae,Sebastes spp.,1,9,b,1102.98,8.159712778,
,308,4,0,winter,NH,3,MaD,2,Cyclopteridae,Liparis fucensis,1,2,c,1102.98,1.813269506,
,308,4,0,winter,NH,3,MaD,3,Pleuronectidae,Glyptocephalus zachirus,1,3,e,1102.98,2.719904259,
,308,4,0,winter,NH,3,MaD,2,Pleuronectidae,Parophrys vetulus,1,2,a,1102.98,1.813269506,
,308,4,0,winter,NH,3,MaD,3,Unknown,Damaged,1,3,g,1102.98,2.719904259,
,308,4,0,winter,NH,3,MaD,4,Hexagrammidae,Ophiodon elongatus,1,4,f,1102.98,3.626539012,
308-4-1,308,4,1,winter,NH,3,MaD,1,Bathylagidae,Lipolagus ochotensis,1,1,a,1264.24,0.790989053,
,308,4,1,winter,NH,3,MaD,1,Unknown,Damaged,1,1,b,1264.24,0.790989053,
308-4-2,308,4,2,winter,NH,3,MaD,1,Myctophidae,Stenobrachius leucopsarus,1,1,a,900.65,1.110309221,
,308,4,2,winter,NH,3,MaD,1,Pleuronectidae,Parophrys vetulus,1,1,c,900.65,1.110309221,
,308,4,2,winter,NH,3,MaD,1,Pleuronectidae,Psettichthys melanostictus,1,1,b,900.65,1.110309221,
308-4-3,308,4,3,winter,NH,3,MaD,4,Myctophidae,Stenobrachius leucopsarus,1,4,a,1158.2,3.453634951,
,308,4,3,winter,NH,3,MaD,1,Scorpenidae,Sebastes spp.,1,1,g,1158.2,0.863408738,
,308,4,3,winter,NH,3,MaD,1,Paralichthyidae,Citharichthys stigmaeus,1,1,c,1158.2,0.863408738,
,308,4,3,winter,NH,3,MaD,2,Pleuronectidae,Glyptocephalus zachirus,1,2,b,1158.2,1.726817475,
,308,4,3,winter,NH,3,MaD,3,Pleuronectidae,Parophrys vetulus,1,3,d,1158.2,2.590226213,
,308,4,3,winter,NH,3,MaD,2,Unknown,Unknown,1,2,e,1158.2,1.726817475,Looks like Lyconectes aleutiensis but also Ophiodon
,308,4,3,winter,NH,3,MaD,1,Unknown,Damaged,1,1,f,1158.2,0.863408738,
308-4-4,308,4,4,winter,NH,3,MaD,1,Myctophidae,Stenobrachius leucopsarus,1,1,c,1024.42,0.976162121,
,308,4,4,winter,NH,3,MaD,5,Scorpenidae,Sebastes spp.,1,5,a,1024.42,4.880810605,
,308,4,4,winter,NH,3,MaD,2,Hexagrammidae,Ophiodon elongatus,1,2,d,1024.42,1.952324242,
,308,4,4,winter,NH,3,MaD,3,Pleuronectidae,Glyptocephalus zachirus,1,3,b,1024.42,2.928486363,
,308,4,4,winter,NH,3,MaD,9,Pleuronectidae,Parophrys vetulus,1,9,e,1024.42,8.785459089,
,308,4,4,winter,NH,3,MaD,9,Unknown,Damaged,1,9,f,1024.42,8.785459089,
309-1-0,309,1,0,winter,NH,2,MaD,4,Myctophidae,Stenobrachius leucopsarus,1,4,a,278.57,14.359048,
,309,1,0,winter,NH,2,MaD,1,Myctophidae,Protomyctophum crockeri,1,1,e,278.57,3.589761999,
,309,1,0,winter,NH,2,MaD,7,Scorpenidae,Sebastes spp.,1,7,d,278.57,25.12833399,
,309,1,0,winter,NH,2,MaD,1,Cottidae,Radulinus asprellus,1,1,h,278.57,3.589761999,
,309,1,0,winter,NH,2,MaD,3,Paralichthyidae,Citharichthys sordidus,1,3,f,278.57,10.769286,
,309,1,0,winter,NH,2,MaD,4,Pleuronectidae,Parophrys vetulus,1,4,b,278.57,14.359048,
,309,1,0,winter,NH,2,MaD,1,Pleuronectidae,Isopsetta isolepis,1,1,g,278.57,3.589761999,
,309,1,0,winter,NH,2,MaD,1,Ammodytidae,Ammodytes spp.,1,1,c,278.57,3.589761999,
309-1-2,309,1,2,winter,NH,2,MaD,2,Scorpenidae,Sebastes spp.,1,2,a,234.04,8.54554777,
,309,1,2,winter,NH,2,MaD,3,Paralichthyidae,Citharichthys sordidus,1,3,b,234.04,12.81832165,
,309,1,2,winter,NH,2,MaD,1,Pleuronectidae,Glyptocephalus zachirus,1,1,c,234.04,4.272773885,
,309,1,2,winter,NH,2,MaD,2,Pleuronectidae,Lyopsetta exilis,1,2,d,234.04,8.54554777,
,309,1,2,winter,NH,2,MaD,1,Pleuronectidae,Parophrys vetulus,1,1,d,234.04,4.272773885,
,309,1,2,winter,NH,2,MaD,4,Unknown,Damaged,1,4,f,234.04,17.09109554,
309-1-3,309,1,3,winter,NH,2,MaD,1,Myctophidae,Stenobrachius leucopsarus,1,1,a,277.86,3.598934715,
,309,1,3,winter,NH,2,MaD,2,Scorpenidae,Sebastes spp.,1,2,d,277.86,7.197869431,
,309,1,3,winter,NH,2,MaD,3,Cottidae,Unknown,1,3,h,277.86,10.79680415,
,309,1,3,winter,NH,2,MaD,2,Cyclopteridae,Liparis fucensis,1,2,c,277.86,7.197869431,
,309,1,3,winter,NH,2,MaD,3,Paralichthyidae,Citharichthys sordidus,1,3,e,277.86,10.79680415,
,309,1,3,winter,NH,2,MaD,1,Pleuronectidae,Lyopsetta exilis,1,1,f,277.86,3.598934715,
,309,1,3,winter,NH,2,MaD,3,Pleuronectidae,Parophrys vetulus,1,3,b,277.86,10.79680415,
,309,1,3,winter,NH,2,MaD,1,Unknown,Damaged,1,1,g,277.86,3.598934715,
309-1-4,309,1,4,winter,NH,2,MaD,2,Myctophidae,Stenobrachius leucopsarus,1,2,d,258.25,7.744433688,
,309,1,4,winter,NH,2,MaD,5,Scorpenidae,Sebastes spp.,1,5,a,258.25,19.36108422,
,309,1,4,winter,NH,2,MaD,1,Cyclopteridae,Liparis fucensis,1,1,b,258.25,3.872216844,
,309,1,4,winter,NH,2,MaD,8,Paralichthyidae,Citharichthys spp.,1,8,c,258.25,30.97773475,
,309,1,4,winter,NH,2,MaD,1,Pleuronectidae,Glyptocephalus zachirus,1,1,f,258.25,3.872216844,
,309,1,4,winter,NH,2,MaD,9,Pleuronectidae,Parophrys vetulus,1,9,c,258.25,34.8499516,
,309,1,4,winter,NH,2,MaD,2,Unknown,Damaged,1,2,g,258.25,7.744433688,
309-4-0,309,4,0,winter,NH,2,MaD,3,Scorpenidae,Sebastes spp.,1,3,a,1114.29,2.692297337,
,309,4,0,winter,NH,2,MaD,2,Hexagrammidae,Ophiodon elongatus,1,2,c,1114.29,1.794864892,
,309,4,0,winter,NH,2,MaD,9,Pleuronectidae,Parophrys vetulus,1,9,e,1114.29,8.076892012,
,309,4,0,winter,NH,2,MaD,1,Ammodytidae,Ammodytes spp.,1,1,b,1114.29,0.897432446,
,309,4,0,winter,NH,2,MaD,6,Unknown,Damaged,1,6,d,1114.29,5.384594675,
,309,4,0,winter,NH,2,MaD,1,Cottidae,Radulinus asprellus,1,1,f,1114.29,0.897432446,
309-4-2,309,4,2,winter,NH,2,MaD,1,Scorpenidae,Sebastes spp.,1,1,c,936.17,1.068182061,
,309,4,2,winter,NH,2,MaD,2,Agonidae,Unknown,1,2,b,936.17,2.136364122,
,309,4,2,winter,NH,2,MaD,1,Paralichthyidae,Citharichthys sordidus,1,1,d,936.17,1.068182061,
,309,4,2,winter,NH,2,MaD,1,Stichaeidae,Plectobranchus evides,1,1,a,936.17,1.068182061,
,309,4,2,winter,NH,2,MaD,4,Cottidae,Unknown,1,4,e,936.17,4.272728244,
309-4-3,309,4,3,winter,NH,2,MaD,2,Cottidae,Radulinus asprellus,1,2,a,1111.46,1.799434977,
,309,4,3,winter,NH,2,MaD,7,Cyclopteridae,Liparis fucensis,1,7,b,1111.46,6.298022421,
,309,4,3,winter,NH,2,MaD,14,Pleuronectidae,Parophrys vetulus,1,14,e,1111.46,12.59604484,
,309,4,3,winter,NH,2,MaD,1,Agonidae,Unknown,1,1,c,1111.46,0.899717489,
,309,4,3,winter,NH,2,MaD,3,Unknown,Damaged,1,3,d,1111.46,2.699152466,
309-4-4,309,4,4,winter,NH,2,MaD,3,Myctophidae,Stenobrachius leucopsarus,1,3,d,1033.01,2.90413452,
,309,4,4,winter,NH,2,MaD,6,Scorpenidae,Sebastes spp.,1,6,a,1033.01,5.808269039,
,309,4,4,winter,NH,2,MaD,1,Bathymasteridae,Bathymasterid spp.,1,1,b,1033.01,0.96804484,"looks like Rathbunella sp., but that shouldn't be here"
,309,4,4,winter,NH,2,MaD,20,Pleuronectidae,Parophrys vetulus,1,20,g,1033.01,19.3608968,
,309,4,4,winter,NH,2,MaD,1,Pleuronectidae,Psettichthys melanostictus,1,1,f,1033.01,0.96804484,
,309,4,4,winter,NH,2,MaD,2,Ammodytidae,Ammodytes spp.,1,2,e,1033.01,1.93608968,
,309,4,4,winter,NH,2,MaD,4,Unknown,Damaged,1,4,c,1033.01,3.872179359,
310-1-0,310,1,0,winter,NH,1,MaD,1,Cottidae,Scorpaenichthys marmoratus,2,2,d,214.12,9.340556697,
,310,1,0,winter,NH,1,MaD,5,Paralichthyidae,Citharichthys sordidus,2,10,b,214.12,46.70278349,
,310,1,0,winter,NH,1,MaD,2,Pleuronectidae,Glyptocephalus zachirus,2,4,c,214.12,18.68111339,"two larvae in vial, and one egg"
,310,1,0,winter,NH,1,MaD,3,Pleuronectidae,Parophrys vetulus,2,6,e,214.12,28.02167009,
,310,1,0,winter,NH,1,MaD,1,Ammodytidae,Ammodytes spp.,2,2,a,214.12,9.340556697,
,310,1,0,winter,NH,1,MaD,1,unknown,Unknown,2,2,g,214.12,9.340556697,very small
310-1-3,310,1,3,winter,NH,1,MaD,2,Scorpenidae,Sebastes spp.,1,2,c,237.25,8.429926238,
,310,1,3,winter,NH,1,MaD,3,Cottidae,Radulinus asprellus,1,3,b,237.25,12.64488936,
,310,1,3,winter,NH,1,MaD,3,Pleuronectidae,Parophrys vetulus,1,3,a,237.25,12.64488936,
310-1-4,310,1,4,winter,NH,1,MaD,4,Cottidae,Unknown,2,8,d,284.25,28.14423923,
,310,1,4,winter,NH,1,MaD,1,Cyclopteridae,Liparis fucensis,2,2,c,284.25,7.036059807,
,310,1,4,winter,NH,1,MaD,2,Paralichthyidae,Citharichthys sordidus,2,4,e,284.25,14.07211961,
,310,1,4,winter,NH,1,MaD,2,Pleuronectidae,Glyptocephalus zachirus,2,4,f,284.25,14.07211961,
,310,1,4,winter,NH,1,MaD,1,Pleuronectidae,Isopsetta isolepis,2,2,g,284.25,7.036059807,
,310,1,4,winter,NH,1,MaD,14,Pleuronectidae,Parophrys vetulus,2,28,b,284.25,98.50483729,
,310,1,4,winter,NH,1,MaD,2,Unknown,Damaged,2,4,a,284.25,14.07211961,
310-4-0,310,4,0,winter,NH,1,MaD,3,Scorpenidae,Sebastes spp.,1,3,b,856.48,3.502708761,
,310,4,0,winter,NH,1,MaD,1,Cottidae,Radulinus asprellus,1,1,k,856.48,1.167569587,
,310,4,0,winter,NH,1,MaD,1,Paralichthyidae,Citharichthys sordidus,1,1,e,856.48,1.167569587,
,310,4,0,winter,NH,1,MaD,10,Pleuronectidae,Glyptocephalus zachirus,1,10,g,856.48,11.67569587,looks like 9 of these are in eggs
,310,4,0,winter,NH,1,MaD,15,Pleuronectidae,Parophrys vetulus,1,15,h,856.48,17.51354381,
,310,4,0,winter,NH,1,MaD,1,Pleuronectidae,Psettichthys melanostictus,1,1,f,856.48,1.167569587,
,310,4,0,winter,NH,1,MaD,1,Cottidae,Artedius spp.,1,1,c,856.48,1.167569587,
,310,4,0,winter,NH,1,MaD,4,Unknown,Damaged,1,4,a,856.48,4.670278349,
,310,4,0,winter,NH,1,MaD,1,Cryptaconthodidae ,Lyconectes aleutensis,1,1,L,856.48,1.167569587,
,310,4,0,winter,NH,1,MaD,2,Ammodytidae,Ammodytes spp.,1,2,i,856.48,2.33513917,
,310,4,0,winter,NH,1,MaD,1,Stichaeidae,Chirolophis spp.,1,1,j,856.48,1.167569587,
310-4-3,310,4,3,winter,NH,1,MaD,1,Myctophidae,Protomyctophum crockeri,1,1,a,949.02,1.053718573,
,310,4,3,winter,NH,1,MaD,1,Scorpenidae,Sebastes spp.,1,1,d,949.02,1.053718573,
,310,4,3,winter,NH,1,MaD,1,Cottidae,Radulinus asprellus,1,1,c,949.02,1.053718573,
,310,4,3,winter,NH,1,MaD,2,Cyclopteridae,Liparis fucensis,1,2,b,949.02,2.107437146,
,310,4,3,winter,NH,1,MaD,11,Pleuronectidae,Parophrys vetulus,1,11,f,949.02,11.5909043,
,310,4,3,winter,NH,1,MaD,1,Unknown,Damaged,1,1,e,949.02,1.053718573,
310-4-4,310,4,4,winter,NH,1,MaD,4,Myctophidae,Stenobrachius leucopsarus,1,4,b,1137,3.518029903,
,310,4,4,winter,NH,1,MaD,4,Scorpenidae,Sebastes spp.,1,4,c,1137,3.518029903,
,310,4,4,winter,NH,1,MaD,1,Cottidae,Unknown,1,1,i,1137,0.879507476,
,310,4,4,winter,NH,1,MaD,2,Cyclopteridae,Liparis fucensis,1,2,g,1137,1.759014952,
,310,4,4,winter,NH,1,MaD,6,Paralichthyidae,Citharichthys sordidus,1,6,e,1137,5.277044855,
,310,4,4,winter,NH,1,MaD,7,Pleuronectidae,Glyptocephalus zachirus,1,7,d,1137,6.156552331,
,310,4,4,winter,NH,1,MaD,117,Pleuronectidae,Parophrys vetulus,1,117,a,1137,102.9023747,
,310,4,4,winter,NH,1,MaD,6,Pleuronectidae,Psettichthys melanostictus,1,6,j,1137,5.277044855,
,310,4,4,winter,NH,1,MaD,9,Unknown,Damaged,1,9,h,1137,7.915567282,
,310,4,4,winter,NH,1,MaD,3,Ammodytidae,Ammodytes spp.,1,3,f,1137,2.638522427,
,310,4,4,winter,NH,1,MaD,3,Pleuronectidae,Isopsetta isolepis,1,3,k,,,
311-1-0,311,1,0,winter,NH,1,MbN,1,Scorpenidae,Sebastes spp.,,1,a,,,
,311,1,0,winter,NH,1,MbN,5,Pleuronectidae,Parophrys vetulus,,5,b,,,
,311,1,0,winter,NH,1,MbN,1,Myctophidae,Stenobrachius leucopsarus,,1,c,,,
,311,1,0,winter,NH,1,MbN,3,Paralichthyidae,Citharichthys sordidus,,3,d,,,
,311,1,0,winter,NH,1,MbN,1,Pleuronectidae,Glyptocephalus zachirus,,1,e,,,
311-1-3,311,1,3,winter,NH,1,MbN,1,Scorpenidae,Sebastes spp.,,1,a,,,
,311,1,3,winter,NH,1,MbN,2,Myctophidae,Stenobrachius leucopsarus,,2,b,,,
,311,1,3,winter,NH,1,MbN,2,Pleuronectidae,Parophrys vetulus,,2,c,,,
,311,1,3,winter,NH,1,MbN,5,Ammodytidae,Ammodytes spp.,,5,d,,,
,311,1,3,winter,NH,1,MbN,2,unknown,Damaged,,2,e,,,
,311,1,3,winter,NH,1,MbN,2,unknown,Fish eggs,,2,f,,,
,311,1,3,winter,NH,1,MbN,1,Cottidae,Cottidae spp.,,1,g,,,
,311,1,3,winter,NH,1,MbN,1,Hexagrammidae,Ophiodon elongatus,,1,h,,,"1 O.elongatus and 1 destroyed fish in vial, need to find rest of haul"
311-1-4,311,1,4,winter,NH,1,MbN,3,Scorpenidae,Sebastes spp.,,3,a,,,
,311,1,4,winter,NH,1,MbN,10,unknown,Fish eggs,,10,b,,,
,311,1,4,winter,NH,1,MbN,3,Paralichthyidae,Citharichthys sordidus,,3,c,,,
,311,1,4,winter,NH,1,MbN,2,Pleuronectidae,Glyptocephalus zachirus,,2,d,,,
,311,1,4,winter,NH,1,MbN,1,Pleuronectidae,Parophrys vetulus,,1,e,,,
,311,1,4,winter,NH,1,MbN,2,Pleuronectidae,Psettichthys melanostictus,,2,f,,,
,311,1,4,winter,NH,1,MbN,1,Myctophidae,Stenobrachius leucopsarus,,1,g,,,
311-1-4p,311,1,4*,winter,NH,1,MbN,3,Paralichthyidae,Citharichthys spp.,NA,3,a,,,
,311,1,4*,winter,NH,1,MbN,1,unknown,Damaged,NA,1,b,,,
,311,1,4*,winter,NH,1,MbN,8,unknown,Fish eggs,NA,8,c,,,
311-4-0,311,4,0,winter,NH,1,MbN,9,Scorpenidae,Sebastes spp.,,9,a,,,
,311,4,0,winter,NH,1,MbN,36,Pleuronectidae,Parophrys vetulus,,36,b,,,
,311,4,0,winter,NH,1,MbN,33,unknown,Fish eggs,,33,c,,,
,311,4,0,winter,NH,1,MbN,3,Cottidae,Cottidae spp.,,3,d,,,
,311,4,0,winter,NH,1,MbN,1,Cyclopteridae,Liparis fucensis,,1,e,,,
,311,4,0,winter,NH,1,MbN,2,Pleuronectidae,Glyptocephalus zachirus,,2,f,,,
,311,4,0,winter,NH,1,MbN,2,Paralichthyidae,Citharichthys sordidus,,2,g,,,
,311,4,0,winter,NH,1,MbN,1,Myctophidae,Stenobrachius leucopsarus,,1,h,,,
,311,4,0,winter,NH,1,MbN,1,unknown,Damaged,,1,i,,,
,311,4,0,winter,NH,1,MbN,5,Hexagrammidae,Ophiodon elongatus,,5,j,,,
,311,4,0,winter,NH,1,MbN,1,Cottidae,Radulinus asprellus,,1,k,,,
,311,4,0,winter,NH,1,MbN,1,Pleuronectidae,Isopsetta isolepis,,1,l,,,
,311,4,0,winter,NH,1,MbN,7,Ammodytidae,Ammodytes spp.,,7,m,,,
311-4-3,311,4,3,winter,NH,1,MbN,47,Pleuronectidae,Parophrys vetulus,,47,a,,,
,311,4,3,winter,NH,1,MbN,1,Cyclopteridae,Liparis fucensis,,1,b,,,
,311,4,3,winter,NH,1,MbN,1,Pleuronectidae,Glyptocephalus zachirus,,1,c,,,
,311,4,3,winter,NH,1,MbN,2,Scorpenidae,Sebastes spp.,,2,d,,,
,311,4,3,winter,NH,1,MbN,1,Paralichthyidae,Citharichthys sordidus,,1,e,,,
,311,4,3,winter,NH,1,MbN,1,Myctophidae,Stenobrachius leucopsarus,,1,f,,,
,311,4,3,winter,NH,1,MbN,4,unknown,Fish eggs,,4,g,,,
,311,4,3,winter,NH,1,MbN,1,unknown,Damaged,,1,h,,,
,311,4,3,winter,NH,1,MbN,1,Cottidae,Cottidae spp.,,1,i,,,
,311,4,3,winter,NH,1,MbN,17,Ammodytidae,Ammodytes spp.,,17,j,,,
,311,4,3,winter,NH,1,MbN,10,Hexagrammidae,Ophiodon elongatus,,10,k,,,
311-4-4,311,4,4,winter,NH,1,MbN,13,Scorpenidae,Sebastes spp.,,13,a,,,
,311,4,4,winter,NH,1,MbN,2,Scorpenidae,Sebastes spp.,,2,b,,,"someone at sea labeled these ""shortbelly"".Cameron has a & b vials"
,311,4,4,winter,NH,1,MbN,41,unknown,Fish eggs,,41,c,,,
,311,4,4,winter,NH,1,MbN,3,unknown,Damaged,,3,d,,,
,311,4,4,winter,NH,1,MbN,19,Pleuronectidae,Parophrys vetulus,,19,e,,,
,311,4,4,winter,NH,1,MbN,3,Cottidae,Cottidae spp.,,3,f,,,
,311,4,4,winter,NH,1,MbN,5,Pleuronectidae,Glyptocephalus zachirus,,5,g,,,
,311,4,4,winter,NH,1,MbN,6,Paralichthyidae,Citharichthys sordidus,,6,h,,,
,311,4,4,winter,NH,1,MbN,1,Pleuronectidae,Lepidopsetta bilineata,,1,i,,,
,311,4,4,winter,NH,1,MbN,1,Pleuronectidae,Psettichthys melanostictus,,1,j,,,
,311,4,4,winter,NH,1,MbN,3,Ammodytidae,Ammodytes spp.,,3,k,,,
,311,4,4,winter,NH,1,MbN,1,Clupeidae,Engraulis mordax,,1,l,,,check if luke has this vial
312-1-0,312,1,0,winter,NH,2,MbN,46,Pleuronectidae,Parophrys vetulus,,46,a,,,
,312,1,0,winter,NH,2,MbN,8,unknown,Damaged,,8,b,,,
,312,1,0,winter,NH,2,MbN,1,Scorpenidae,Sebastes spp.,,1,c,,,
,312,1,0,winter,NH,2,MbN,2,Ammodytidae,Ammodytes spp.,,2,d,,,
,312,1,0,winter,NH,2,MbN,2,Pleuronectidae,Psettichthys melanostictus,,2,e,,,
312-1-2,312,1,2,winter,NH,2,MbN,202,Pleuronectidae,Parophrys vetulus,,202,"a,k",,,
,312,1,2,winter,NH,2,MbN,8,Ammodytidae,Ammodytes spp.,,8,b,,,
,312,1,2,winter,NH,2,MbN,9,unknown,Damaged,,9,c,,,
,312,1,2,winter,NH,2,MbN,2,Scorpenidae,Sebastes spp.,,2,e,,,
,312,1,2,winter,NH,2,MbN,6,Cottidae,Cottidae spp.,,6,f,,,
,312,1,2,winter,NH,2,MbN,1,Hexagrammidae,Ophiodon elongatus,,1,g,,,
,312,1,2,winter,NH,2,MbN,1,Agonidae,Unknown,,1,h,,,
,312,1,2,winter,NH,2,MbN,3,Pleuronectidae,Isopsetta isolepis,,3,i,,,
,312,1,2,winter,NH,2,MbN,2,Pleuronectidae,Psettichthys melanostictus,,2,j,,,
,312,1,2,winter,NH,2,MbN,1,Osmeridae,Unknown,,1,k,,,
312-1-3,312,1,3,winter,NH,2,MbN,38,Pleuronectidae,Parophrys vetulus,,41,a,,,
,312,1,3,winter,NH,2,MbN,3,Ammodytidae,Ammodytes spp.,,3,b,,,
,312,1,3,winter,NH,2,MbN,2,Myctophidae,Stenobrachius leucopsarus,,2,c,,,
,312,1,3,winter,NH,2,MbN,2,Paralichthyidae,Citharichthys sordidus,,2,d,,,
,312,1,3,winter,NH,2,MbN,1,Pleuronectidae,Isopsetta isolepis,,1,e,,,
,312,1,3,winter,NH,2,MbN,3,Cottidae,Cottidae spp.,,3,f,,,
,312,1,3,winter,NH,2,MbN,1,Bathymasteridae,Bathymasterid spp.,,1,g,,,
,312,1,3,winter,NH,2,MbN,1,Pleuronectidae,Unknown,,1,h,,,
,312,1,3,winter,NH,2,MbN,18,unknown,Damaged,,18,i,,,
,312,1,3,winter,NH,2,MbN,1,Pleuronectidae,Psettichthys melanostictus,,1,j,,,
312-1-4,312,1,4,winter,NH,2,MbN,31,Pleuronectidae,Parophrys vetulus,,31,a,,,
,312,1,4,winter,NH,2,MbN,5,unknown,Damaged,,5,b,,,
,312,1,4,winter,NH,2,MbN,2,Ammodytidae,Ammodytes spp.,,2,c,,,
,312,1,4,winter,NH,2,MbN,2,Scorpenidae,Sebastes spp.,,2,d,,,
,312,1,4,winter,NH,2,MbN,1,Pleuronectidae,Psettichthys melanostictus,,1,e,,,
,312,1,4,winter,NH,2,MbN,1,Paralichthyidae,Citharichthys stigmaeus,,1,f,,,
,312,1,4,winter,NH,2,MbN,1,Paralichthyidae,Citharichthys sordidus,,1,g,,,
,312,1,4,winter,NH,2,MbN,3,unknown,Unknown,,3,h,,,
,312,1,4,winter,NH,2,MbN,2,Pleuronectidae,Isopsetta isolepis,,2,i,,,
,312,1,4,winter,NH,2,MbN,1,Bathymasteridae,Ronquilus jordani,,1,j,,,
312-4-0,312,4,0,winter,NH,2,MbN,236,Pleuronectidae,Parophrys vetulus,,236,a,,,
,312,4,0,winter,NH,2,MbN,53,unknown,Damaged,,53,b,,,
,312,4,0,winter,NH,2,MbN,1,Scorpenidae,Sebastes spp.,,1,c,,,
,312,4,0,winter,NH,2,MbN,17,Cottidae,Cottidae spp.,,17,d,,,
,312,4,0,winter,NH,2,MbN,7,Ammodytidae,Ammodytes spp.,,7,e,,,
,312,4,0,winter,NH,2,MbN,4,Stichaeidae,Stichaeidae spp.,,4,f,,,
,312,4,0,winter,NH,2,MbN,1,Hexagrammidae,Ophiodon elongatus,,1,g,,,
,312,4,0,winter,NH,2,MbN,1,Cottidae,Scorpaenichthys marmoratus,,1,h,,,
,312,4,0,winter,NH,2,MbN,7,Pleuronectidae,Psettichthys melanostictus,,7,i,,,
,312,4,0,winter,NH,2,MbN,1,Pleuronectidae,Unknown,,1,k,,,
312-4-2,312,4,2,winter,NH,2,MbN,622,Pleuronectidae,Parophrys vetulus,,622,"a,m",,,
,312,4,2,winter,NH,2,MbN,55,unknown,Damaged,,55,b,,,NH placed an egg in here from vial i
,312,4,2,winter,NH,2,MbN,1,Scorpenidae,Sebastes spp.,,1,c,,,
,312,4,2,winter,NH,2,MbN,14,Cottidae,Cottidae spp.,,14,d,,,
,312,4,2,winter,NH,2,MbN,1,unknown,Unknown,,1,e,,,
,312,4,2,winter,NH,2,MbN,7,Stichaeidae,Stichaeidae spp.,,7,f,,,
,312,4,2,winter,NH,2,MbN,29,Ammodytidae,Ammodytes spp.,,29,g,,,
,312,4,2,winter,NH,2,MbN,8,Hexagrammidae,Ophiodon elongatus,,8,h,,,
,312,4,2,winter,NH,2,MbN,2,Stichaeidae,Plectobranchus evides,,2,i,,,
,312,4,2,winter,NH,2,MbN,18,Pleuronectidae,Isopsetta isolepis,,18,j,,,
,312,4,2,winter,NH,2,MbN,1,Pleuronectidae,Psettichthys melanostictus,,1,k,,,
,312,4,2,winter,NH,2,MbN,1,Pholidae,Pholidae spp.,,1,L,,,
312-4-3,312,4,3,winter,NH,2,MbN,55,unknown,Damaged,,55,a,,,
,312,4,3,winter,NH,2,MbN,60,Pleuronectidae,Parophrys vetulus,,60,b,,,
,312,4,3,winter,NH,2,MbN,4,Scorpenidae,Sebastes spp.,,4,c,,,
,312,4,3,winter,NH,2,MbN,3,Cottidae,Cottidae spp.,,3,d,,,
,312,4,3,winter,NH,2,MbN,3,Hexagrammidae,Ophiodon elongatus,,3,e,,,
,312,4,3,winter,NH,2,MbN,1,Pleuronectidae,Isopsetta isolepis,,1,f,,,
,312,4,3,winter,NH,2,MbN,2,Stichaeidae,Stichaeidae spp.,,2,h,,,
,312,4,3,winter,NH,2,MbN,7,Ammodytidae,Ammodytes spp.,,7,i,,,
,312,4,3,winter,NH,2,MbN,7,Pleuronectidae,Psettichthys melanostictus,,7,j,,,
312-4-4,312,4,4,winter,NH,2,MbN,1,Pleuronectidae,Isopsetta isolepis,,1,a,,,juvenile in jar
,312,4,4,winter,NH,2,MbN,296,Pleuronectidae,Parophrys vetulus,,296,"b,l",,,
,312,4,4,winter,NH,2,MbN,6,Scorpenidae,Sebastes spp.,,6,c,,,
,312,4,4,winter,NH,2,MbN,13,unknown,Damaged,,13,d,,,
,312,4,4,winter,NH,2,MbN,1,Hexagrammidae,Ophiodon elongatus,,1,e,,,
,312,4,4,winter,NH,2,MbN,7,Cottidae,Scorpaenichthys marmoratus,,7,f,,,
,312,4,4,winter,NH,2,MbN,6,Cottidae,Cottidae spp.,,6,g,,,
,312,4,4,winter,NH,2,MbN,8,unknown,Fish eggs,,8,h,,,
,312,4,4,winter,NH,2,MbN,12,Pleuronectidae,Psettichthys melanostictus,,12,i,,,
,312,4,4,winter,NH,2,MbN,7,Paralichthyidae,Citharichthys sordidus,,7,j,,,
,312,4,4,winter,NH,2,MbN,1,unknown,Unknown,,1,k,,,"7mm, complexly coiled gut, postanal series of 3 melanophores on dorsal and ventral midline, paired, ventral series has small melanophores between the larger ones"
,312,4,4,winter,NH,2,MbN,3,Stichaeidae,Stichaeidae spp.,,3,m,,,
,312,4,4,winter,NH,2,MbN,14,Ammodytidae,Ammodytes spp.,,14,n,,,
313-1-0,313,1,0,winter,NH,3,MbN,5,Scorpenidae,Sebastes spp.,,5,a,,,
,313,1,0,winter,NH,3,MbN,1,Bathylagidae,Lipolagus ochotensis,,1,b,,,
,313,1,0,winter,NH,3,MbN,7,Ammodytidae,Ammodytes spp.,,7,c,,,
,313,1,0,winter,NH,3,MbN,1,Myctophidae,Stenobrachius leucopsarus,,1,d,,,
,313,1,0,winter,NH,3,MbN,4,Pleuronectidae,Isopsetta isolepis,,4,e,,,
,313,1,0,winter,NH,3,MbN,2,unknown,Damaged,,2,g,,,
,313,1,0,winter,NH,3,MbN,1,Cottidae,Radulinus asprellus,,1,h,,,
,313,1,0,winter,NH,3,MbN,24,Pleuronectidae,Parophrys vetulus,,24,"i,f",,,
313-1-1,313,1,1,winter,NH,3,MbN,3,Cyclopteridae,Liparis fucensis,,3,a,,,
,313,1,1,winter,NH,3,MbN,6,Scorpenidae,Sebastes spp.,,6,b,,,
,313,1,1,winter,NH,3,MbN,9,unknown,Damaged,,9,c,,,
,313,1,1,winter,NH,3,MbN,23,Pleuronectidae,Parophrys vetulus,,23,e,,,
,313,1,1,winter,NH,3,MbN,1,unknown,Unknown,,1,f,,,"tiny, maybe Lyopsetta exilis, but missing gut"
313-1-2,313,1,2,winter,NH,3,MbN,23,Pleuronectidae,Parophrys vetulus,,25,a,,,
,313,1,2,winter,NH,3,MbN,6,Scorpenidae,Sebastes spp.,,6,b,,,
,313,1,2,winter,NH,3,MbN,1,Cyclopteridae,Liparis fucensis,,1,c,,,
,313,1,2,winter,NH,3,MbN,2,Ammodytidae,Ammodytes spp.,,2,d,,,
,313,1,2,winter,NH,3,MbN,4,unknown,Damaged,,4,e,,,
,313,1,2,winter,NH,3,MbN,1,Pleuronectidae,Isopsetta isolepis,,1,f,,,
,313,1,2,winter,NH,3,MbN,2,Pleuronectidae,Lyopsetta exilis,,2,g,,,
313-1-3,313,1,3,winter,NH,3,MbN,2,Pleuronectidae,Parophrys vetulus,,2,a,,,
,313,1,3,winter,NH,3,MbN,1,Scorpenidae,Sebastes spp.,,1,b,,,
,313,1,3,winter,NH,3,MbN,3,unknown,Damaged,,3,c,,,
313-1-4,313,1,4,winter,NH,3,MbN,6,Pleuronectidae,Parophrys vetulus,,6,a,,,
,313,1,4,winter,NH,3,MbN,1,Ammodytidae,Ammodytes spp.,,1,b,,,
,313,1,4,winter,NH,3,MbN,2,unknown,Fish eggs,,2,c,,,
,313,1,4,winter,NH,3,MbN,4,Scorpenidae,Sebastes spp.,,4,d,,,
,313,1,4,winter,NH,3,MbN,4,unknown,Damaged,,4,e,,,
,313,1,4,winter,NH,3,MbN,1,Paralichthyidae,Citharichthys sordidus,,1,f,,,
,313,1,4,winter,NH,3,MbN,1,Cottidae,Scorpaenichthys marmoratus,,1,g,,,
313-4-0,313,4,0,winter,NH,3,MbN,1,Myctophidae,Stenobrachius leucopsarus,,1,a,,,juvenile
,313,4,0,winter,NH,3,MbN,67,Pleuronectidae,Parophrys vetulus,,67,b,,,
,313,4,0,winter,NH,3,MbN,10,unknown,Damaged,,10,c,,,
,313,4,0,winter,NH,3,MbN,17,unknown,Fish eggs,,17,d,,,
,313,4,0,winter,NH,3,MbN,1,Cyclopteridae,Liparis fucensis,,1,e,,,
,313,4,0,winter,NH,3,MbN,1,Myctophidae,Diaphus theta,,1,f,,,
,313,4,0,winter,NH,3,MbN,1,Bathylagidae,Lipolagus ochotensis,,1,g,,,just a head with some body
,313,4,0,winter,NH,3,MbN,1,Scorpenidae,Sebastes spp.,,1,h,,,
,313,4,0,winter,NH,3,MbN,5,Ammodytidae,Ammodytes spp.,,5,i,,,
,313,4,0,winter,NH,3,MbN,1,Cottidae,Scorpaenichthys marmoratus,,1,j,,,
,313,4,0,winter,NH,3,MbN,6,Paralichthyidae,Citharichthys sordidus,,6,k,,,
,313,4,0,winter,NH,3,MbN,1,Pleuronectidae,Lyopsetta exilis,,1,l,,,
,313,4,0,winter,NH,3,MbN,5,Pleuronectidae,Isopsetta isolepis,,5,m,,,
,313,4,0,winter,NH,3,MbN,2,Pleuronectidae,Psettichthys melanostictus,,2,n,,,
313-4-1,313,4,1,winter,NH,3,MbN,1,Myctophidae,Diaphus theta,,1,a,,,juvenile
,313,4,1,winter,NH,3,MbN,4,Cyclopteridae,Liparis fucensis,,4,b,,,
,313,4,1,winter,NH,3,MbN,25,Pleuronectidae,Parophrys vetulus,,25,c,,,
,313,4,1,winter,NH,3,MbN,18,unknown,Damaged,,18,d,,,
,313,4,1,winter,NH,3,MbN,1,Hexagrammidae,Ophiodon elongatus,,1,e,,,
,313,4,1,winter,NH,3,MbN,1,Myctophidae,Stenobrachius leucopsarus,,1,f,,,juvenile
313-4-2,313,4,2,winter,NH,3,MbN,1,Paralepididae,Lestidiops ringens,,1,a,,,"juvenile, in jar"
,313,4,2,winter,NH,3,MbN,1,Pleuronectidae,Parophrys vetulus,,1,b,,,
,313,4,2,winter,NH,3,MbN,3,unknown,Damaged,,3,c,,,
313-4-3,313,4,3,winter,NH,3,MbN,2,Pleuronectidae,Parophrys vetulus,,2,a,,,
,313,4,3,winter,NH,3,MbN,3,unknown,Fish eggs,,3,b,,,Glypotocephalus zachirus
,313,4,3,winter,NH,3,MbN,13,unknown,Damaged,,13,c,,,
313-4-4,313,4,4,winter,NH,3,MbN,1,Scorpenidae,Sebastes spp.,,1,a,,,
,313,4,4,winter,NH,3,MbN,3,Ammodytidae,Ammodytes spp.,,3,b,,,
,313,4,4,winter,NH,3,MbN,9,unknown,Fish eggs,,9,c,,,
,313,4,4,winter,NH,3,MbN,1,Pleuronectidae,Glyptocephalus zachirus,,1,d,,,
,313,4,4,winter,NH,3,MbN,1,Paralichthyidae,Citharichthys sordidus,,1,e,,,
,313,4,4,winter,NH,3,MbN,10,unknown,Damaged,,10,f,,,
,313,4,4,winter,NH,3,MbN,2,Anarhichadidae,Anarrhichthys ocellatus,,2,g,,,
,313,4,4,winter,NH,3,MbN,18,Pleuronectidae,Parophrys vetulus,,18,h,,,
314-1-0,314,1,0,winter,NH,4,MbN,171,Scorpenidae,Sebastes spp.,,171,a,,,
,314,1,0,winter,NH,4,MbN,7,unknown,Fish eggs,,7,b,,,
,314,1,0,winter,NH,4,MbN,16,unknown,Damaged,,16,c,,,
,314,1,0,winter,NH,4,MbN,11,Myctophidae,Stenobrachius leucopsarus,,11,d,,,
,314,1,0,winter,NH,4,MbN,1,Myctophidae,Tarletonbeania crenularis,,1,f,,,
,314,1,0,winter,NH,4,MbN,2,Paralichthyidae,Citharichthys sordidus,,2,g,,,
,314,1,0,winter,NH,4,MbN,1,Pleuronectidae,Glyptocephalus zachirus,,1,h,,,
,314,1,0,winter,NH,4,MbN,2,unknown,Unknown,,2,i,,,tiny
,314,1,0,winter,NH,4,MbN,1,unknown,Unknown,,1,j,,,fish in chaetognath
314-1-1,314,1,1,winter,NH,4,MbN,49,Scorpenidae,Sebastes spp.,,49,a,,,
,314,1,1,winter,NH,4,MbN,2,Cyclopteridae,Liparis fucensis,,2,b,,,
,314,1,1,winter,NH,4,MbN,1,Bathylagidae,Lipolagus ochotensis,,1,c,,,
,314,1,1,winter,NH,4,MbN,1,Myctophidae,Protomyctophum crockeri,,1,d,,,
,314,1,1,winter,NH,4,MbN,6,unknown,Damaged,,6,e,,,
,314,1,1,winter,NH,4,MbN,1,unknown,Fish eggs,,1,g,,,
,314,1,1,winter,NH,4,MbN,3,Pleuronectidae,Parophrys vetulus,,3,h,,,
,314,1,1,winter,NH,4,MbN,1,Myctophidae,Stenobrachius leucopsarus,,1,i,,,
314-1-2,314,1,2,winter,NH,4,MbN,107,Scorpenidae,Sebastes spp.,,107,a,,,
,314,1,2,winter,NH,4,MbN,10,Myctophidae,Stenobrachius leucopsarus,,10,b,,,
,314,1,2,winter,NH,4,MbN,5,unknown,Damaged,,5,c,,,
,314,1,2,winter,NH,4,MbN,3,Pleuronectidae,Parophrys vetulus,,3,"d,e",,,
314-1-3,314,1,3,winter,NH,4,MbN,1,Myctophidae,Stenobrachius leucopsarus,,1,a,,,juvenile
,314,1,3,winter,NH,4,MbN,351,Scorpenidae,Sebastes spp.,,351,b,,,
,314,1,3,winter,NH,4,MbN,13,Myctophidae,Stenobrachius leucopsarus,,13,c,,,
,314,1,3,winter,NH,4,MbN,1,Myctophidae,Tarletonbeania crenularis,,1,d,,,
,314,1,3,winter,NH,4,MbN,1,Bathylagidae,Lipolagus ochotensis,,1,e,,,
,314,1,3,winter,NH,4,MbN,12,unknown,Damaged,,12,f,,,
,314,1,3,winter,NH,4,MbN,3,Paralichthyidae,Citharichthys sordidus,,3,g,,,
,314,1,3,winter,NH,4,MbN,3,Pleuronectidae,Parophrys vetulus,,3,h,,,
,314,1,3,winter,NH,4,MbN,1,unknown,Unknown,,1,i,,,"could be P. vetulus but pigment is a little different, some damage"
,314,1,3,winter,NH,4,MbN,1,Paralepididae,Lestidiops ringens,,1,k,,,
,314,1,3,winter,NH,4,MbN,2,Myctophidae,Diaphus theta,,2,L,,,
314-1-4,314,1,4,winter,NH,4,MbN,287,Scorpenidae,Sebastes spp.,,287,a,,,
,314,1,4,winter,NH,4,MbN,4,unknown,Fish eggs,,4,b,,,
,314,1,4,winter,NH,4,MbN,14,unknown,Damaged,,14,c,,,
,314,1,4,winter,NH,4,MbN,4,Myctophidae,Stenobrachius leucopsarus,,4,d,,,
,314,1,4,winter,NH,4,MbN,7,Paralichthyidae,Citharichthys sordidus,,7,e,,,
314-4-0,314,4,0,winter,NH,4,MbN,1,Myctophidae,Stenobrachius leucopsarus,,1,a,,,juvenile
,314,4,0,winter,NH,4,MbN,27,unknown,Fish eggs,,27,b,,,
,314,4,0,winter,NH,4,MbN,7,Scorpenidae,Sebastes spp.,,7,c,,,
,314,4,0,winter,NH,4,MbN,5,Pleuronectidae,Parophrys vetulus,,5,d,,,
,314,4,0,winter,NH,4,MbN,1,Bathylagidae,Lipolagus ochotensis,,1,e,,,
,314,4,0,winter,NH,4,MbN,1,Myctophidae,Stenobrachius leucopsarus,,1,f,,,
,314,4,0,winter,NH,4,MbN,2,Pleuronectidae,Glyptocephalus zachirus,,2,g,,,
,314,4,0,winter,NH,4,MbN,1,Paralichthyidae,Citharichthys sordidus,,1,h,,,
,314,4,0,winter,NH,4,MbN,1,Myctophidae,Tarletonbeania crenularis,,1,i,,,
,314,4,0,winter,NH,4,MbN,1,Cyclopteridae,Liparis fucensis,,1,j,,,
,314,4,0,winter,NH,4,MbN,3,unknown,Unknown,,3,k,,,very small and not in great shape
,314,4,0,winter,NH,4,MbN,2,unknown,Damaged,,2,l,,,
314-4-1,314,4,1,winter,NH,4,MbN,5,Myctophidae,Stenobrachius leucopsarus,,5,a,,,juveniles
,314,4,1,winter,NH,4,MbN,7,Scorpenidae,Sebastes spp.,,7,b,,,
,314,4,1,winter,NH,4,MbN,4,Cyclopteridae,Liparis fucensis,,4,c,,,
,314,4,1,winter,NH,4,MbN,1,Pleuronectidae,Parophrys vetulus,,1,d,,,
,314,4,1,winter,NH,4,MbN,5,unknown,Damaged,,5,e,,,
,314,4,1,winter,NH,4,MbN,2,Chauliodontidae,Chauliodus macouni,,2,f,,,
314-4-2,314,4,2,winter,NH,4,MbN,24,Scorpenidae,Sebastes spp.,,24,a,,,
,314,4,2,winter,NH,4,MbN,1,Bathylagidae,Lipolagus ochotensis,,1,b,,,
,314,4,2,winter,NH,4,MbN,2,Myctophidae,Stenobrachius leucopsarus,,2,c,,,
,314,4,2,winter,NH,4,MbN,1,Pleuronectidae,Parophrys vetulus,,1,d,,,
,314,4,2,winter,NH,4,MbN,1,Myctophidae,Protomyctophum crockeri,,1,e,,,
,314,4,2,winter,NH,4,MbN,1,Cyclopteridae,Liparis fucensis,,1,f,,,
,314,4,2,winter,NH,4,MbN,2,Scorpenidae,Sebastes spp.,,2,g,,,in chaetognaths
,314,4,2,winter,NH,4,MbN,2,Myctophidae,Tarletonbeania crenularis,,2,h,,,
,314,4,2,winter,NH,4,MbN,2,unknown,Damaged,,2,j,,,
314-4-3,314,4,3,winter,NH,4,MbN,15,Scorpenidae,Sebastes spp.,,15,a,,,
,314,4,3,winter,NH,4,MbN,4,Myctophidae,Stenobrachius leucopsarus,,4,b,,,
,314,4,3,winter,NH,4,MbN,3,unknown,Fish eggs,,3,c,,,
,314,4,3,winter,NH,4,MbN,3,unknown,Damaged,,3,d,,,
,314,4,3,winter,NH,4,MbN,1,Pleuronectidae,Glyptocephalus zachirus,,1,e,,,
314-4-4,314,4,4,winter,NH,4,MbN,27,unknown,Fish eggs,,27,a,,,
,314,4,4,winter,NH,4,MbN,96,Scorpenidae,Sebastes spp.,,96,b,,,
,314,4,4,winter,NH,4,MbN,3,Bathylagidae,Lipolagus ochotensis,,3,c,,,
,314,4,4,winter,NH,4,MbN,6,unknown,Damaged,,6,d,,,
,314,4,4,winter,NH,4,MbN,2,Myctophidae,Stenobrachius leucopsarus,,2,e,,,
,314,4,4,winter,NH,4,MbN,2,Pleuronectidae,Parophrys vetulus,,2,f,,,
,314,4,4,winter,NH,4,MbN,3,Ammodytidae,Ammodytes spp.,,3,g,,,
,314,4,4,winter,NH,4,MbN,1,Pleuronectidae,Glyptocephalus zachirus,,1,h,,,
,314,4,4,winter,NH,4,MbN,2,Paralichthyidae,Citharichthys sordidus,,2,i,,,
,314,4,4,winter,NH,4,MbN,1,Paralepididae,Lestidiops ringens,,1,j,,,
,314,4,4,winter,NH,4,MbN,1,Cottidae,Scorpaenichthys marmoratus,,1,k,,,
,314,4,4,winter,NH,4,MbN,1,Paralichthyidae,Citharichthys stigmaeus,,1,l,,,
315-1-0,315,1,0,winter,NH,5,MbN,1,Myctophidae,Tarletonbeania crenularis,,1,a,,,juvenile
,315,1,0,winter,NH,5,MbN,23,Scorpenidae,Sebastes spp.,,23,b,,,
,315,1,0,winter,NH,5,MbN,5,unknown,Fish eggs,,5,c,,,
,315,1,0,winter,NH,5,MbN,1,Paralepididae,Lestidiops ringens,,1,d,,,
,315,1,0,winter,NH,5,MbN,7,Myctophidae,Stenobrachius leucopsarus,,7,e,,,
,315,1,0,winter,NH,5,MbN,2,unknown,Damaged,,2,f,,,
,315,1,0,winter,NH,5,MbN,1,Pleuronectidae,Glyptocephalus zachirus,,1,g,,,
,315,1,0,winter,NH,5,MbN,1,Cottidae,Hemilepidotus spinosus,,1,h,,,
315-1-1,315,1,1,winter,NH,5,MbN,9,Myctophidae,Protomyctophum crockeri,,9,a,,,
,315,1,1,winter,NH,5,MbN,8,Myctophidae,Stenobrachius leucopsarus,,8,b,,,
,315,1,1,winter,NH,5,MbN,2,Scorpenidae,Sebastes spp.,,2,c,,,
,315,1,1,winter,NH,5,MbN,1,Chauliodontidae,Chauliodus macouni,,1,d,,,
,315,1,1,winter,NH,5,MbN,1,Bathylagidae,Bathylagus pacificus,,1,e,,,
,315,1,1,winter,NH,5,MbN,1,Myctophidae,Tarletonbeania crenularis,,1,f,,,
,315,1,1,winter,NH,5,MbN,1,Myctophidae,Stenobrachius leucopsarus,,1,g,,,juvenile
,315,1,1,winter,NH,5,MbN,1,stomiidae,Unknown,,1,h,,,juvenile dragonfish in jar
,315,1,1,winter,NH,5,MbN,1,Myctophidae,Tarletonbeania crenularis,,1,i,,,juvenile
315-1-2,315,1,2,winter,NH,5,MbN,17,Myctophidae,Stenobrachius leucopsarus,,17,a,,,
,315,1,2,winter,NH,5,MbN,13,Scorpenidae,Sebastes spp.,,13,b,,,
,315,1,2,winter,NH,5,MbN,2,unknown,Damaged,,2,c,,,
,315,1,2,winter,NH,5,MbN,1,Bathylagidae,Lipolagus ochotensis,,1,d,,,
,315,1,2,winter,NH,5,MbN,1,Myctophidae,Tarletonbeania crenularis,,1,e,,,"Juvenile. vial and datasheets say 2 fish, only 1 in vial-NH"
,315,1,2,winter,NH,5,MbN,1,Pleuronectidae,Parophrys vetulus,,1,f,,,
,315,1,2,winter,NH,5,MbN,1,Myctophidae,Tarletonbeania crenularis,,1,g,,,
,315,1,2,winter,NH,5,MbN,1,Pleuronectidae,Lyopsetta exilis,,1,h,,,
315-1-3,315,1,3,winter,NH,5,MbN,46,Scorpenidae,Sebastes spp.,,46,a,,,
,315,1,3,winter,NH,5,MbN,8,Myctophidae,Stenobrachius leucopsarus,,8,b,,,
,315,1,3,winter,NH,5,MbN,2,unknown,Fish eggs,,2,c,,,
,315,1,3,winter,NH,5,MbN,2,unknown,Damaged,,2,d,,,
,315,1,3,winter,NH,5,MbN,3,Pleuronectidae,Parophrys vetulus,,3,e,,,
,315,1,3,winter,NH,5,MbN,1,Bathylagidae,Lipolagus ochotensis,,1,f,,,
,315,1,3,winter,NH,5,MbN,1,Pleuronectidae,Lyopsetta exilis,,1,g,,,
,315,1,3,winter,NH,5,MbN,1,Paralichthyidae,Citharichthys sordidus,,1,h,,,
,315,1,3,winter,NH,5,MbN,1,Cottidae,Scorpaenichthys marmoratus,,1,i,,,
315-1-4,315,1,4,winter,NH,5,MbN,24,Scorpenidae,Sebastes spp.,,24,a,,,
,315,1,4,winter,NH,5,MbN,5,Myctophidae,Stenobrachius leucopsarus,,5,b,,,
,315,1,4,winter,NH,5,MbN,4,unknown,Damaged,,4,c,,,
,315,1,4,winter,NH,5,MbN,2,unknown,Fish eggs,,2,d,,,
,315,1,4,winter,NH,5,MbN,1,Bathylagidae,Lipolagus ochotensis,,1,e,,,
,315,1,4,winter,NH,5,MbN,1,Pleuronectidae,Parophrys vetulus,,1,f,,,
,315,1,4,winter,NH,5,MbN,1,Pleuronectidae,Glyptocephalus zachirus,,1,g,,,
315-4-0,315,4,0,winter,NH,5,MbN,1,stomiidae,Unknown,,1,a,,,juvenile dragon fish
,315,4,0,winter,NH,5,MbN,1,Myctophidae,Diaphus theta,,1,b,,,juvenile
,315,4,0,winter,NH,5,MbN,51,Scorpenidae,Sebastes spp.,,51,c,,,
,315,4,0,winter,NH,5,MbN,12,unknown,Fish eggs,,12,d,,,
,315,4,0,winter,NH,5,MbN,4,Myctophidae,Protomyctophum crockeri,,4,e,,,
,315,4,0,winter,NH,5,MbN,4,Myctophidae,Tarletonbeania crenularis,,4,f,,,
,315,4,0,winter,NH,5,MbN,8,Pleuronectidae,Parophrys vetulus,,8,"g,h",,,
,315,4,0,winter,NH,5,MbN,2,Chauliodontidae,Chauliodus macouni,,2,i,,,
,315,4,0,winter,NH,5,MbN,3,unknown,Damaged,,3,j,,,
,315,4,0,winter,NH,5,MbN,1,Myctophidae,Stenobrachius leucopsarus,,1,k,,,juvenile
315-4-1,315,4,1,winter,NH,5,MbN,2,stomiidae,Unknown,,2,a,,,juvenile dragon fish 
,315,4,1,winter,NH,5,MbN,11,Myctophidae,Protomyctophum crockeri,,11,b,,,
,315,4,1,winter,NH,5,MbN,4,Myctophidae,Tarletonbeania crenularis,,4,c,,,
,315,4,1,winter,NH,5,MbN,2,Scorpenidae,Sebastes spp.,,2,d,,,
,315,4,1,winter,NH,5,MbN,2,unknown,Fish eggs,,2,e,,,
,315,4,1,winter,NH,5,MbN,8,unknown,Damaged,,8,f,,,
,315,4,1,winter,NH,5,MbN,4,Chauliodontidae,Chauliodus macouni,,4,g,,,
315-4-2,315,4,2,winter,NH,5,MbN,9,Myctophidae,Stenobrachius leucopsarus,,9,1a,,,
,315,4,2,winter,NH,5,MbN,3,Myctophidae,Stenobrachius leucopsarus,,3,2a,,,juveniles
,315,4,2,winter,NH,5,MbN,16,Scorpenidae,Sebastes spp.,,16,1b,,,
,315,4,2,winter,NH,5,MbN,1,Paralepididae,Lestidiops ringens,,1,2b,,,
,315,4,2,winter,NH,5,MbN,2,unknown,Fish eggs,,2,1c,,,
,315,4,2,winter,NH,5,MbN,4,Myctophidae,Tarletonbeania crenularis,,4,d,,,
,315,4,2,winter,NH,5,MbN,1,Pleuronectidae,Atherestes stomias,,1,1e,,,
,315,4,2,winter,NH,5,MbN,2,Pleuronectidae,Parophrys vetulus,,2,1f,,,
315-4-3,315,4,3,winter,NH,5,MbN,21,Scorpenidae,Sebastes spp.,,21,a,,,
,315,4,3,winter,NH,5,MbN,2,Myctophidae,Stenobrachius leucopsarus,,2,b,,,
,315,4,3,winter,NH,5,MbN,5,Pleuronectidae,Parophrys vetulus,,5,c,,,
,315,4,3,winter,NH,5,MbN,13,unknown,Fish eggs,,13,e,,,
,315,4,3,winter,NH,5,MbN,1,Cottidae,Hemilepidotus spinosus,,1,f,,,
,315,4,3,winter,NH,5,MbN,1,Myctophidae,Stenobrachius leucopsarus,,1,g,,,juvenile
,315,4,3,winter,NH,5,MbN,3,unknown,Damaged,,3,h,,,
,315,4,3,winter,NH,5,MbN,3,Pleuronectidae,Lyopsetta exilis,,3,i,,,
,315,4,3,winter,NH,5,MbN,1,Paralepididae,Lestidiops ringens,,1,j,,,
,315,4,3,winter,NH,5,MbN,1,Myctophidae,Tarletonbeania crenularis,,1,k,,,
,315,4,3,winter,NH,5,MbN,1,Myctophidae,Tarletonbeania crenularis,,1,L,,,juvenile
315-4-4,315,4,4,winter,NH,5,MbN,1,Myctophidae,Tarletonbeania crenularis,,1,a,,,juvenile
,315,4,4,winter,NH,5,MbN,78,Scorpenidae,Sebastes spp.,,78,b,,,
,315,4,4,winter,NH,5,MbN,13,unknown,Fish eggs,,13,c,,,
,315,4,4,winter,NH,5,MbN,10,Myctophidae,Stenobrachius leucopsarus,,10,d,,,
,315,4,4,winter,NH,5,MbN,2,Paralepididae,Lestidiops ringens,,2,e,,,
,315,4,4,winter,NH,5,MbN,3,unknown,Damaged,,3,f,,,
,315,4,4,winter,NH,5,MbN,1,Myctophidae,Tarletonbeania crenularis,,1,g,,,
,315,4,4,winter,NH,5,MbN,5,Pleuronectidae,Parophrys vetulus,,5,h,,,
,315,4,4,winter,NH,5,MbN,1,Pleuronectidae,Lyopsetta exilis,,1,i,,,
316-1-0,316,1,0,winter,NH,5,MbD,1,Myctophidae,Stenobrachius leucopsarus,2,2,a,351.6,#REF!,
,316,1,0,winter,NH,5,MbD,1,Myctophidae,Tarletonbeania crenularis,2,2,c,351.6,5.688282139,
,316,1,0,winter,NH,5,MbD,7,Scorpenidae,Sebastes spp.,2,14,b,351.6,39.81797497,
,316,1,0,winter,NH,5,MbD,2,Unknown,Damaged,2,4,d,351.6,11.37656428,
316-1-1,316,1,1,winter,NH,5,MbD,2,Bathylagidae,Lipolagus ochotensis,1,2,e,222.38,8.993614534,
,316,1,1,winter,NH,5,MbD,1,Scorpenidae,Sebastes spp.,1,1,b,222.38,,
,316,1,1,winter,NH,5,MbD,7,Myctophidae,Stenobrachius leucopsarus,1,7,a,222.38,31.47765087,
,316,1,1,winter,NH,5,MbD,8,Myctophidae,Protomyctophum crockeri,1,8,d,222.38,35.97445813,
,316,1,1,winter,NH,5,MbD,7,Myctophidae,Tarletonbeania crenularis,1,7,c,222.38,31.47765087,
,316,1,1,winter,NH,5,MbD,3,Unknown,Damaged,1,3,f,222.38,13.4904218,
316-1-2,316,1,2,winter,NH,5,MbD,2,Bathylagidae,Lipolagus ochotensis,1,2,e,185.83,10.76252489,
,316,1,2,winter,NH,5,MbD,21,Myctophidae,Stenobrachius leucopsarus,1,21,b,185.83,113.0065113,
,316,1,2,winter,NH,5,MbD,1,Myctophidae,Protomyctophum crockeri,1,1,c,185.83,5.381262444,
,316,1,2,winter,NH,5,MbD,5,Myctophidae,Tarletonbeania crenularis,1,5,d,185.83,26.90631222,
,316,1,2,winter,NH,5,MbD,10,Scorpenidae,Sebastes spp.,1,10,a,185.83,53.81262444,
,316,1,2,winter,NH,5,MbD,1,Pleuronectidae,Lyopsetta exilis,1,1,f,185.83,5.381262444,
316-1-3,316,1,3,winter,NH,5,MbD,1,Bathylagidae,Lipolagus ochotensis,1,1,2c,223.27,4.478882071,
,316,1,3,winter,NH,5,MbD,11,Myctophidae,Stenobrachius leucopsarus,1,11,b,223.27,49.26770278,
,316,1,3,winter,NH,5,MbD,16,Scorpenidae,Sebastes spp.,1,16,a,223.27,71.66211314,
,316,1,3,winter,NH,5,MbD,1,Unknown,Damaged,1,1,1c,223.27,4.478882071,
316-1-4,316,1,4,winter,NH,5,MbD,5,Myctophidae,Stenobrachius leucopsarus,2,10,b,187.4,53.36179296,
,316,1,4,winter,NH,5,MbD,7,Scorpenidae,Sebastes spp.,2,14,a,187.4,74.70651014,
,316,1,4,winter,NH,5,MbD,1,Myctophidae,Tarletonbeania crenularis,2,2,c,187.4,10.67235859,
,316,1,4,winter,NH,5,MbD,1,Pleuronectidae,Lyopsetta exilis,2,2,d,187.4,10.67235859,
316-1-4*,316,1,4,winter,NH,5,MbD,1,Scorpenidae,Sebastes spp.,NA,NA,pa,NA,NA,
,316,1,4,winter,NH,5,MbD,1,Unknown,Damaged,NA,NA,pb,NA,NA,
316-4-0,316,4,0,winter,NH,5,MbD,4,Myctophidae,Stenobrachius leucopsarus,1,4,d,1406.38,2.844181516,
,316,4,0,winter,NH,5,MbD,2,Myctophidae,Protomyctophum crockeri,1,2,a,1406.38,1.422090758,
,316,4,0,winter,NH,5,MbD,1,Myctophidae,Tarletonbeania crenularis,1,1,b,1406.38,0.711045379,
,316,4,0,winter,NH,5,MbD,8,Scorpenidae,Sebastes spp.,1,8,c,1406.38,5.688363031,
,316,4,0,winter,NH,5,MbD,3,Unknown,Damaged,1,3,c2,1406.38,2.133136137,
316-4-1,316,4,1,winter,NH,5,MbD,1,Myctophidae,Stenobrachius leucopsarus,1,1,a,889.52,1.124201817,
,316,4,1,winter,NH,5,MbD,7,Myctophidae,Protomyctophum crockeri,1,7,b,889.52,7.869412717,
,316,4,1,winter,NH,5,MbD,7,Myctophidae,Tarletonbeania crenularis,1,7,c,889.52,7.869412717,
,316,4,1,winter,NH,5,MbD,1,Unknown,Damaged,1,1,d,889.52,1.124201817,
,316,4,1,winter,NH,5,MbD,1,Myctophidae,Protomyctophum thompsoni,1,1,e,889.52,1.124201817,
316-4-2,316,4,2,winter,NH,5,MbD,1,Bathylagidae,Lipolagus ochotensis,1,1,d,743.3,1.345351809,
,316,4,2,winter,NH,5,MbD,2,Myctophidae,Stenobrachius leucopsarus,1,2,b,743.3,2.690703619,
,316,4,2,winter,NH,5,MbD,4,Myctophidae,Tarletonbeania crenularis,1,4,c,743.3,5.381407238,
,316,4,2,winter,NH,5,MbD,6,Scorpenidae,Sebastes spp.,1,6,a,743.3,8.072110857,
,316,4,2,winter,NH,5,MbD,1,Pleuronectidae,Glyptocephalus zachirus,1,1,e,743.3,1.345351809,"in very bad shape, 2 pieces"
316-4-3,316,4,3,winter,NH,5,MbD,1,Bathylagidae,Lipolagus ochotensis,1,1,d,893.07,1.119733056,
,316,4,3,winter,NH,5,MbD,3,Myctophidae,Stenobrachius leucopsarus,1,3,c,893.07,3.359199167,
,316,4,3,winter,NH,5,MbD,2,Myctophidae,Tarletonbeania crenularis,1,2,b,893.07,2.239466111,
,316,4,3,winter,NH,5,MbD,18,Scorpenidae,Sebastes spp.,1,18,a,893.07,20.155195,
,316,4,3,winter,NH,5,MbD,1,unknown,Damaged,1,1,e,893.07,1.119733056,
316-4-4,316,4,4,winter,NH,5,MbD,1,Bathylagidae,Lipolagus ochotensis,1,1,d,749.6,1.334044824,
,316,4,4,winter,NH,5,MbD,5,Myctophidae,Stenobrachius leucopsarus,1,5,b,749.6,6.67022412,
,316,4,4,winter,NH,5,MbD,1,Myctophidae,Tarletonbeania crenularis,1,1,c,749.6,1.334044824,
,316,4,4,winter,NH,5,MbD,27,Scorpenidae,Sebastes spp.,1,27,a,749.6,36.01921025,
,316,4,4,winter,NH,5,MbD,2,Cottidae,Hemilepidotus spinosus,1,2,f,749.6,2.668089648,
,316,4,4,winter,NH,5,MbD,1,Myctophidae,Nannobrachium spp.,1,1,h,749.6,1.334044824,
,316,4,4,winter,NH,5,MbD,3,Unknown,Damaged,1,3,g,749.6,4.002134472,
,316,4,4,winter,NH,5,MbD,1,Paralichthyidae,Citharichthys sordidus,1,1,i,749.6,1.334044824,
,316,4,4,winter,NH,5,MbD,1,unknown,Unknown,1,1,j,749.6,1.334044824,
317-1-0,317,1,0,winter,NH,4,MbD,2,Cottidae,Scorpaenichthys marmoratus,1,2,g,322.22,6.206939358,
,317,1,0,winter,NH,4,MbD,16,Myctophidae,Stenobrachius leucopsarus,1,16,b,322.22,49.65551487,
,317,1,0,winter,NH,4,MbD,182,Scorpenidae,Sebastes spp.,1,182,a+d,322.22,564.8314816,d is 1 fish in chaetognath
,317,1,0,winter,NH,4,MbD,1,Cyclopteridae,Liparis fucensis,1,1,e,322.22,3.103469679,
,317,1,0,winter,NH,4,MbD,1,Paralichthyidae,Citharichthys sordidus,1,1,j,322.22,3.103469679,
,317,1,0,winter,NH,4,MbD,1,Pleuronectidae,Glyptocephalus zachirus,1,1,f,322.22,3.103469679,
,317,1,0,winter,NH,4,MbD,1,Pleuronectidae,Lyopsetta exilis,1,1,h,322.22,3.103469679,
,317,1,0,winter,NH,4,MbD,3,Pleuronectidae,Parophrys vetulus,1,3,i,322.22,9.310409037,
,317,1,0,winter,NH,4,MbD,4,Unknown,Unknown,1,4,k,322.22,12.41387872,
,317,1,0,winter,NH,4,MbD,20,Unknown,Damaged,1,20,c,322.22,62.06939358,
317-1-1,317,1,1,winter,NH,4,MbD,1,Myctophidae,Stenobrachius leucopsarus,1,1,c,231.09,4.327318361,
,317,1,1,winter,NH,4,MbD,1,Myctophidae,Protomyctophum crockeri,1,1,b,231.09,4.327318361,
,317,1,1,winter,NH,4,MbD,67,Scorpenidae,Sebastes spp.,1,67,a,231.09,289.9303302,
,317,1,1,winter,NH,4,MbD,1,Pleuronectidae,Parophrys vetulus,1,1,e,231.09,4.327318361,
,317,1,1,winter,NH,4,MbD,1,Unknown,Unknown,1,1,f,231.09,4.327318361,
,317,1,1,winter,NH,4,MbD,2,Unknown,Damaged,1,2,d,231.09,8.654636722,
317-1-2,317,1,2,winter,NH,4,MbD,1,Myctophidae,Stenobrachius leucopsarus,1,1,f,199.89,5.002751513,
,317,1,2,winter,NH,4,MbD,1,Myctophidae,Protomyctophum crockeri,1,1,c,199.89,5.002751513,
,317,1,2,winter,NH,4,MbD,1,Myctophidae,Tarletonbeania crenularis,1,1,e,199.89,#REF!,"ID sheet says 3 fish in vial, but there was only 1"
,317,1,2,winter,NH,4,MbD,44,Scorpenidae,Sebastes spp.,1,44,a,199.89,5.002751513,
,317,1,2,winter,NH,4,MbD,1,Cyclopteridae,Liparis fucensis,1,1,b,199.89,220.1210666,
,317,1,2,winter,NH,4,MbD,2,Unknown,Unknown,1,2,g,199.89,5.002751513,
,317,1,2,winter,NH,4,MbD,5,Unknown,Damaged,1,5,d,199.89,10.00550303,
317-1-3,317,1,3,winter,NH,4,MbD,77,Myctophidae,Stenobrachius leucopsarus,1,77,"b,b2",195.02,25.63839606,
,317,1,3,winter,NH,4,MbD,277,Scorpenidae,Sebastes spp.,1,277,a,195.02,394.8312994,
,317,1,3,winter,NH,4,MbD,8,Cyclopteridae,Liparis fucensis,1,8,c,195.02,1420.367142,
,317,1,3,winter,NH,4,MbD,1,Pleuronectidae,Glyptocephalus zachirus,1,1,d,195.02,41.0214337,
,317,1,3,winter,NH,4,MbD,1,Pleuronectidae,Lyopsetta exilis,1,1,h,195.02,5.127679212,
,317,1,3,winter,NH,4,MbD,1,Pleuronectidae,Parophrys vetulus,1,1,g,195.02,5.127679212,
,317,1,3,winter,NH,4,MbD,1,Unknown,Unknown,1,3,f,195.02,5.127679212,quite small
,317,1,3,winter,NH,4,MbD,7,Unknown,Damaged,1,7,e,195.02,15.38303764,
,317,1,3,winter,NH,4,MbD,1,Unknown,Unknown,1,1,i,195.02,5.127679212,quite small
,317,1,3,winter,NH,4,MbD,1,Unknown,Unknown,1,1,j,195.02,5.127679212,"quite small, looks like G. zachirus but gut is wrong, pigment wrong for B. marginata"
317-1-4,317,1,4,winter,NH,4,MbD,5,Myctophidae,Stenobrachius leucopsarus,2,10,b,237.93,29.42041777,
,317,1,4,winter,NH,4,MbD,34,Scorpenidae,Sebastes spp.,2,68,a,237.93,42.02916824,
,317,1,4,winter,NH,4,MbD,2,Paralichthyidae,Citharichthys sordidus,2,4,c,237.93,285.7983441,
,317,1,4,winter,NH,4,MbD,2,Pleuronectidae,Glyptocephalus zachirus,2,4,e,237.93,16.8116673,
,317,1,4,winter,NH,4,MbD,4,Pleuronectidae,Parophrys vetulus,2,8,f,237.93,16.8116673,
,317,1,4,winter,NH,4,MbD,5,Unknown,Damaged,2,10,d,237.93,33.62333459,
317-1-4*,317,1,4*,winter,NH,4,MbD,2,Myctophidae,Stenobrachius leucopsarus,NA,NA,b,NA,NA,
,317,1,4*,winter,NH,4,MbD,19,Scorpenidae,Sebastes spp.,NA,NA,a,NA,NA,
,317,1,4*,winter,NH,4,MbD,4,Pleuronectidae,Parophrys vetulus,NA,NA,e,NA,NA,
,317,1,4*,winter,NH,4,MbD,1,Unknown,Unknown,NA,NA,d,NA,NA,
,317,1,4*,winter,NH,4,MbD,3,Unknown,Damaged,NA,NA,c,NA,NA,
317-4-0,317,4,0,winter,NH,4,MbD,1,Bathylagidae,Lipolagus ochotensis,1,1,g,1288.86,0.775879459,
,317,4,0,winter,NH,4,MbD,2,Cottidae,Scorpaenichthys marmoratus,1,2,h,1288.86,1.551758919,
,317,4,0,winter,NH,4,MbD,6,Myctophidae,Stenobrachius leucopsarus,1,6,d,1288.86,4.655276756,
,317,4,0,winter,NH,4,MbD,3,Myctophidae,Tarletonbeania crenularis,1,3,e,1288.86,2.327638378,
,317,4,0,winter,NH,4,MbD,12,Scorpenidae,Sebastes spp.,1,12,a,1288.86,9.310553512,
,317,4,0,winter,NH,4,MbD,4,Cyclopteridae,Liparis fucensis,1,4,c,1288.86,3.103517837,
,317,4,0,winter,NH,4,MbD,2,Paralichthyidae,Citharichthys stigmaeus,1,2,m,1288.86,1.551758919,
,317,4,0,winter,NH,4,MbD,1,Pleuronectidae,Glyptocephalus zachirus,1,1,b,1288.86,0.775879459,
,317,4,0,winter,NH,4,MbD,1,Pleuronectidae,Parophrys vetulus,1,1,L,1288.86,0.775879459,
,317,4,0,winter,NH,4,MbD,1,Ammodytidae,Ammodytes spp.,1,1,f,1288.86,0.775879459,
,317,4,0,winter,NH,4,MbD,1,Unknown,Damaged,1,1,k,1288.86,0.775879459,
,317,4,0,winter,NH,4,MbD,3,Cottidae,Hemilepidotus spinosus,1,3,i,,,
,317,4,0,winter,NH,4,MbD,1,unknown,Unknown,1,1,j,,,"resembles sebastes, but pigment is different"
317-4-1,317,4,1,winter,NH,4,MbD,1,Bathylagidae,Lipolagus ochotensis,1,1,b,924.35,1.081841294,
,317,4,1,winter,NH,4,MbD,1,Myctophidae,Tarletonbeania crenularis,1,1,d,924.35,1.081841294,
,317,4,1,winter,NH,4,MbD,33,Scorpenidae,Sebastes spp.,1,33,a,924.35,35.7007627,
,317,4,1,winter,NH,4,MbD,1,Cyclopteridae,Liparis fucensis,1,1,c,924.35,1.081841294,
317-4-2,317,4,2,winter,NH,4,MbD,1,Agonidae,Unknown,1,1,e,799.54,1.250719164,
,317,4,2,winter,NH,4,MbD,2,Myctophidae,Stenobrachius leucopsarus,1,2,b,799.54,2.501438327,
,317,4,2,winter,NH,4,MbD,1,Myctophidae,Protomyctophum crockeri,1,1,c,799.54,1.250719164,
,317,4,2,winter,NH,4,MbD,12,Scorpenidae,Sebastes spp.,1,12,a,799.54,15.00862996,
,317,4,2,winter,NH,4,MbD,1,Cyclopteridae,Liparis fucensis,1,1,d,799.54,1.250719164,
317-4-3,317,4,3,winter,NH,4,MbD,1,Bathylagidae,Lipolagus ochotensis,1,1,d,780.09,1.28190337,
,317,4,3,winter,NH,4,MbD,10,Myctophidae,Stenobrachius leucopsarus,1,10,e,780.09,12.8190337,
,317,4,3,winter,NH,4,MbD,3,Myctophidae,Tarletonbeania crenularis,1,3,h,780.09,3.84571011,
,317,4,3,winter,NH,4,MbD,10,Scorpenidae,Sebastes spp.,1,10,b,780.09,12.8190337,
,317,4,3,winter,NH,4,MbD,12,Cyclopteridae,Liparis fucensis,1,12,a,780.09,15.38284044,
,317,4,3,winter,NH,4,MbD,1,Paralichthyidae,Citharichthys stigmaeus,1,1,j,780.09,1.28190337,
,317,4,3,winter,NH,4,MbD,5,Pleuronectidae,Glyptocephalus zachirus,1,5,c,780.09,6.409516851,
,317,4,3,winter,NH,4,MbD,2,Pleuronectidae,Parophrys vetulus,1,2,g,780.09,2.56380674,
,317,4,3,winter,NH,4,MbD,6,Unknown,Damaged,1,6,f,780.09,7.691420221,
,317,4,3,winter,NH,4,MbD,1,Paralepididae,Lestidiops ringens,1,1,i,780.09,1.28190337,
317-4-4,317,4,4,winter,NH,4,MbD,5,Myctophidae,Stenobrachius leucopsarus,1,5,c,951.73,5.253590829,
,317,4,4,winter,NH,4,MbD,1,Paralichthyidae,Citharichthys spp.,1,1,e,951.73,1.050718166,
,317,4,4,winter,NH,4,MbD,26,Scorpenidae,Sebastes spp.,1,26,b,951.73,27.31867231,
,317,4,4,winter,NH,4,MbD,1,Cottidae,Hemilepidotus spinosus,1,1,f,951.73,1.050718166,
,317,4,4,winter,NH,4,MbD,5,Pleuronectidae,Glyptocephalus zachirus,1,5,a,951.73,5.253590829,
,317,4,4,winter,NH,4,MbD,7,Unknown,Damaged,1,7,d,951.73,7.355027161,
318-1-0,318,1,0,winter,NH,3,MbD,1,Myctophidae,Stenobrachius leucopsarus,1,1,b,258.12,3.874167054,
,318,1,0,winter,NH,3,MbD,16,Scorpenidae,Sebastes spp.,1,16,a,258.12,61.98667287,
,318,1,0,winter,NH,3,MbD,1,Paralichthyidae,Citharichthys sordidus,1,1,d,258.12,3.874167054,
,318,1,0,winter,NH,3,MbD,1,Pleuronectidae,Glyptocephalus zachirus,1,1,c,258.12,3.874167054,
,318,1,0,winter,NH,3,MbD,4,Pleuronectidae,Parophrys vetulus,1,4,f,258.12,15.49666822,
,318,1,0,winter,NH,3,MbD,1,Ammodytidae,Ammodytes spp.,1,1,e,258.12,3.874167054,
,318,1,0,winter,NH,3,MbD,1,unknown,Unknown,1,1,g,258.12,3.874167054,tiny
,318,1,0,winter,NH,3,MbD,1,Gadidae,Microgadus proximus,1,1,h,258.12,3.874167054,
318-1-1,318,1,1,winter,NH,3,MbD,23,Scorpenidae,Sebastes spp.,1,23,a,250.88,91.67729592,
,318,1,1,winter,NH,3,MbD,1,Cyclopteridae,Liparis fucensis,1,1,c,250.88,3.985969388,
,318,1,1,winter,NH,3,MbD,1,Paralichthyidae,Citharichthys spp.,1,1,b,250.88,3.985969388,
,318,1,1,winter,NH,3,MbD,2,Unknown,Unknown,1,2,e,250.88,7.971938776,maybe Sebastes but not in great shape and tiny
,318,1,1,winter,NH,3,MbD,1,Unknown,Damaged,1,1,d,250.88,3.985969388,
318-1-2,318,1,2,winter,NH,3,MbD,2,Scorpenidae,Sebastes spp.,1,2,a,168.1,11.89767995,
,318,1,2,winter,NH,3,MbD,2,Pleuronectidae,Parophrys vetulus,1,2,b,168.1,11.89767995,
,318,1,2,winter,NH,3,MbD,4,Unknown,Damaged,1,4,c,168.1,23.7953599,
318-1-3,318,1,3,winter,NH,3,MbD,2,Myctophidae,Stenobrachius leucopsarus,1,2,b,187.74,10.65303079,
,318,1,3,winter,NH,3,MbD,3,Scorpenidae,Sebastes spp.,1,3,a,187.74,15.97954618,
,318,1,3,winter,NH,3,MbD,3,Paralichthyidae,Citharichthys sordidus,1,3,c,187.74,15.97954618,
,318,1,3,winter,NH,3,MbD,2,Unknown,Damaged,1,2,d,187.74,10.65303079,
318-1-4,318,1,4,winter,NH,3,MbD,1,Myctophidae,Stenobrachius leucopsarus,2,2,b,166.61,12.00408139,
,318,1,4,winter,NH,3,MbD,1,Myctophidae,Protomyctophum crockeri,2,2,e,166.61,12.00408139,
,318,1,4,winter,NH,3,MbD,3,Scorpenidae,Sebastes spp.,2,6,a,166.61,36.01224416,
,318,1,4,winter,NH,3,MbD,1,Paralichthyidae,Citharichthys sordidus,2,2,c,166.61,12.00408139,
,318,1,4,winter,NH,3,MbD,2,Pleuronectidae,Parophrys vetulus,2,4,f,166.61,24.00816278,
,318,1,4,winter,NH,3,MbD,2,Unknown,Damaged,2,4,d,166.61,24.00816278,
318-1-4*,318,1,4*,winter,NH,3,MbD,1,Scorpenidae,Sebastes spp.,NA,NA,,NA,NA,
318-4-0,318,4,0,winter,NH,3,MbD,1,Myctophidae,Stenobrachius leucopsarus,1,1,a,1032.49,0.968532383,
,318,4,0,winter,NH,3,MbD,1,Cryptaconthodidae ,Lyconectes aleutensis,1,1,d,1032.49,0.968532383,
,318,4,0,winter,NH,3,MbD,1,Pleuronectidae,Glyptocephalus zachirus,1,1,c,1032.49,0.968532383,
,318,4,0,winter,NH,3,MbD,16,Pleuronectidae,Parophrys vetulus,1,16,e,1032.49,15.49651813,
,318,4,0,winter,NH,3,MbD,1,Ammodytidae,Ammodytes spp.,1,1,b,1032.49,0.968532383,
,318,4,0,winter,NH,3,MbD,3,Unknown,Damaged,1,3,f,1032.49,2.905597149,
318-4-1,318,4,1,winter,NH,3,MbD,1,Myctophidae,Protomyctophum crockeri,1,1,a,1003.54,0.996472487,
,318,4,1,winter,NH,3,MbD,1,Pleuronectidae,Parophrys vetulus,1,1,c,1003.54,0.996472487,
,318,4,1,winter,NH,3,MbD,2,Unknown,Damaged,1,2,b,1003.54,1.992944975,
318-4-2,318,4,2,winter,NH,3,MbD,1,Cottidae,Radulinus asprellus,1,1,c,672.42,1.487165759,
,318,4,2,winter,NH,3,MbD,2,Pleuronectidae,Parophrys vetulus,1,2,a,672.42,2.974331519,
,318,4,2,winter,NH,3,MbD,1,Unknown,Damaged,1,1,b,672.42,1.487165759,
318-4-3,318,4,3,winter,NH,3,MbD,1,Pleuronectidae,Parophrys vetulus,1,1,a,750.95,1.331646581,
,318,4,3,winter,NH,3,MbD,1,Unknown,Damaged,1,1,b,750.95,1.331646581,
318-4-4,318,4,4,winter,NH,3,MbD,1,Scorpenidae,Sebastes spp.,1,1,a,666.45,1.500487658,
,318,4,4,winter,NH,3,MbD,2,Pleuronectidae,Glyptocephalus zachirus,1,2,b,666.45,3.000975317,
,318,4,4,winter,NH,3,MbD,3,Pleuronectidae,Parophrys vetulus,1,3,c,666.45,4.501462975,
,318,4,4,winter,NH,3,MbD,2,Unknown,Damaged,1,2,d,666.45,3.000975317,
319-1-0,319,1,0,winter,NH,2,MbD,2,Pleuronectidae,Isopsetta isolepis,1,2,a,275.62,7.256367462,
,319,1,0,winter,NH,2,MbD,1,Scorpenidae,Sebastes spp.,1,1,e,275.62,3.628183731,
,319,1,0,winter,NH,2,MbD,1,Cottidae,Cottidae spp.,1,1,f,275.62,3.628183731,
,319,1,0,winter,NH,2,MbD,61,Pleuronectidae,Parophrys vetulus,1,61,i,275.62,221.3192076,
,319,1,0,winter,NH,2,MbD,1,Pleuronectidae,Psettichthys melanostictus,1,1,b,275.62,3.628183731,
,319,1,0,winter,NH,2,MbD,1,Ammodytidae,Ammodytes spp.,1,1,c,275.62,3.628183731,
,319,1,0,winter,NH,2,MbD,2,Unknown,Damaged,1,2,d,275.62,7.256367462,
,319,1,0,winter,NH,2,MbD,1,Stichaeidae,Stichaeidae spp.,1,1,j,,,
,319,1,0,winter,NH,2,MbD,3,Cottidae,Radulinus asprellus,1,3,g,162.42,18.4706317,
,319,1,0,winter,NH,2,MbD,1,Cottidae,Scorpaenichthys marmoratus,1,1,h,,,
319-1-2,319,1,2,winter,NH,2,MbD,1,Cottidae,Radulinus asprellus,1,1,a,,,
,319,1,2,winter,NH,2,MbD,2,Cottidae,Artedius spp.,1,2,b,,,
,319,1,2,winter,NH,2,MbD,3,Pleuronectidae,Isopsetta isolepis,1,3,c,162.42,18.4706317,
,319,1,2,winter,NH,2,MbD,18,Pleuronectidae,Parophrys vetulus,1,18,d,162.42,110.8237902,
319-1-3,319,1,3,winter,NH,2,MbD,3,Scorpenidae,Sebastes spp.,1,3,b,153.21,19.5809673,
,319,1,3,winter,NH,2,MbD,2,Cyclopteridae,Liparis fucensis,1,2,a,153.21,13.0539782,
,319,1,3,winter,NH,2,MbD,2,Pleuronectidae,Lyopsetta exilis,1,2,c,153.21,13.0539782,
,319,1,3,winter,NH,2,MbD,52,Pleuronectidae,Parophrys vetulus,1,52,d,153.21,339.4034332,
319-1-4,319,1,4,winter,NH,2,MbD,1,Myctophidae,Stenobrachius leucopsarus,2,2,g,245.7,8.14000814,
,319,1,4,winter,NH,2,MbD,2,Scorpenidae,Sebastes spp.,2,4,f,245.7,16.28001628,
,319,1,4,winter,NH,2,MbD,34,Pleuronectidae,Parophrys vetulus,2,68,a,245.7,276.7602768,
,319,1,4,winter,NH,2,MbD,1,Pleuronectidae,Psettichthys melanostictus,2,2,c,245.7,8.14000814,
,319,1,4,winter,NH,2,MbD,1,Cottidae,Artedius spp.,2,2,e,245.7,8.14000814,
,319,1,4,winter,NH,2,MbD,4,Paralichthyidae,Citharichthys spp.,2,8,d,245.7,32.56003256,unknown2
,319,1,4,winter,NH,2,MbD,2,Unknown,Damaged,2,4,h,245.7,16.28001628,
,319,1,4,winter,NH,2,MbD,1,Ammodytidae,Ammodytes spp.,2,2,b,,,
319-1-4*,319,1,4*,winter,NH,2,MbD,1,Myctophidae,Stenobrachius leucopsarus,NA,NA,,NA,NA,
,319,1,4*,winter,NH,2,MbD,1,Scorpenidae,Sebastes spp.,NA,NA,,NA,NA,
,319,1,4*,winter,NH,2,MbD,1,Paralichthyidae,Citharichthys sordidus,NA,NA,d,NA,NA,
,319,1,4*,winter,NH,2,MbD,9,Pleuronectidae,Parophrys vetulus,NA,NA,,NA,NA,
319-4-0,319,4,0,winter,NH,2,MbD,1,Scorpenidae,Sebastes spp.,1,1,g,1102.48,0.907045933,
,319,4,0,winter,NH,2,MbD,2,Pleuronectidae,Lyopsetta exilis,1,2,c,1102.48,1.814091866,
,319,4,0,winter,NH,2,MbD,72,Pleuronectidae,Parophrys vetulus,1,72,a,1102.48,65.30730716,
,319,4,0,winter,NH,2,MbD,4,Pleuronectidae,Psettichthys melanostictus,1,4,d,1102.48,3.628183731,
,319,4,0,winter,NH,2,MbD,2,Cottidae,Cottidae spp.,1,2,f,1102.48,1.814091866,
,319,4,0,winter,NH,2,MbD,2,Stichaeidae,Stichaeidae spp.,1,2,h,1102.48,1.814091866,
,319,4,0,winter,NH,2,MbD,7,Unknown,Damaged,1,7,e,1102.48,6.34932153,
,319,4,0,winter,NH,2,MbD,1,Ammodytidae,Ammodytes spp.,1,1,b,,,
319-4-2,319,4,2,winter,NH,2,MbD,1,Cottidae,Radulinus asprellus,1,1,d,649.68,1.539219308,
,319,4,2,winter,NH,2,MbD,1,Pleuronectidae,Isopsetta isolepis,1,1,c,649.68,1.539219308,
,319,4,2,winter,NH,2,MbD,34,Pleuronectidae,Parophrys vetulus,1,34,a,649.68,52.33345647,
,319,4,2,winter,NH,2,MbD,3,Cottidae,Artedius spp.,1,3,b,649.68,4.617657924,
,319,4,2,winter,NH,2,MbD,11,Unknown,Damaged,1,11,e,649.68,16.93141239,
319-4-3,319,4,3,winter,NH,2,MbD,1,Pleuronectidae,Glyptocephalus zachirus,1,1,c,612.84,1.631747275,
,319,4,3,winter,NH,2,MbD,1,Pleuronectidae,Isopsetta isolepis,1,1,d,612.84,1.631747275,
,319,4,3,winter,NH,2,MbD,20,Pleuronectidae,Parophrys vetulus,1,20,a,612.84,32.6349455,
,319,4,3,winter,NH,2,MbD,1,Pleuronectidae,Psettichthys melanostictus,1,1,b,612.84,1.631747275,
,319,4,3,winter,NH,2,MbD,1,Unknown,Damaged,1,1,e,612.84,1.631747275,
319-4-4,319,4,4,winter,NH,2,MbD,1,Myctophidae,Stenobrachius leucopsarus,1,1,d,982.81,1.017490665,
,319,4,4,winter,NH,2,MbD,3,Scorpenidae,Sebastes spp.,1,3,b,982.81,3.052471994,
,319,4,4,winter,NH,2,MbD,2,Paralichthyidae,Citharichthys sordidus,1,2,f2,982.81,2.034981329,
,319,4,4,winter,NH,2,MbD,1,Pleuronectidae,Glyptocephalus zachirus,1,1,e,982.81,1.017490665,
,319,4,4,winter,NH,2,MbD,8,Pleuronectidae,Isopsetta isolepis,1,8,h,982.81,8.139925316,
,319,4,4,winter,NH,2,MbD,242,Pleuronectidae,Parophrys vetulus,1,242,a,982.81,246.2327408,
,319,4,4,winter,NH,2,MbD,8,Pleuronectidae,Psettichthys melanostictus,1,8,g,982.81,8.139925316,
,319,4,4,winter,NH,2,MbD,10,Cottidae,Artedius spp.,1,10,c,982.81,10.17490665,
,319,4,4,winter,NH,2,MbD,6,Ammodytidae,Ammodytes spp.,1,6,j,982.81,6.104943987,
,319,4,4,winter,NH,2,MbD,1,Paralichthyidae,Citharichthys stigmaeus,1,1,f,,,
,319,4,4,winter,NH,2,MbD,16,Unknown,Damaged,1,16,i,982.81,16.27985063,
320-1-0,320,1,0,winter,NH,1,MbD,1,Myctophidae,Stenobrachius leucopsarus,1,1,d,124.46,8.034709947,
,320,1,0,winter,NH,1,MbD,3,Scorpenidae,Sebastes spp.,1,3,g,124.46,24.10412984,
,320,1,0,winter,NH,1,MbD,2,Hexagrammidae,Ophiodon elongatus,1,2,f,124.46,16.06941989,
,320,1,0,winter,NH,1,MbD,4,Paralichthyidae,Citharichthys spp.,1,4,h,124.46,32.13883979,
,320,1,0,winter,NH,1,MbD,1,Pleuronectidae,Unknown,1,1,i,124.46,8.034709947,could be Lyopsetta exilis but tiny with yolk and eyes no pigment
,320,1,0,winter,NH,1,MbD,3,Pleuronectidae,Glyptocephalus zachirus,1,3,a,124.46,24.10412984,
,320,1,0,winter,NH,1,MbD,9,Pleuronectidae,Parophrys vetulus,1,9,b,124.46,72.31238952,
,320,1,0,winter,NH,1,MbD,2,Ammodytidae,Ammodytes spp.,1,2,c,124.46,16.06941989,
,320,1,0,winter,NH,1,MbD,1,Stichaeidae,Stichaeidae spp.,1,1,j,124.46,8.034709947,
,320,1,0,winter,NH,1,MbD,1,Cottidae,Cottidae spp.,1,1,k,,,
320-1-3,320,1,3,winter,NH,1,MbD,1,Cottidae,Radulinus asprellus,1,1,f,269.61,3.709061237,
,320,1,3,winter,NH,1,MbD,1,Paralichthyidae,Citharichthys spp.,1,1,e,269.61,3.709061237,
,320,1,3,winter,NH,1,MbD,3,Pleuronectidae,Glyptocephalus zachirus,1,3,b,269.61,11.12718371,
,320,1,3,winter,NH,1,MbD,1,Pleuronectidae,Isopsetta isolepis,1,1,d,269.61,3.709061237,
,320,1,3,winter,NH,1,MbD,14,Pleuronectidae,Parophrys vetulus,1,14,a,269.61,51.92685731,
,320,1,3,winter,NH,1,MbD,1,Pleuronectidae,Psettichthys melanostictus,1,1,c,269.61,3.709061237,
,320,1,3,winter,NH,1,MbD,1,Unknown,Damaged,1,1,g,269.61,3.709061237,
,320,1,3,winter,NH,1,MbD,1,unknown,Unknown,1,1,h,269.61,3.709061237,"very tiny, unpigmented eyes and little pigment on body"
320-1-4,320,1,4,winter,NH,1,MbD,2,Myctophidae,Stenobrachius leucopsarus,2,4,b,220.26,18.16035594,
,320,1,4,winter,NH,1,MbD,1,Scorpenidae,Sebastes spp.,2,2,d,220.26,9.080177971,
,320,1,4,winter,NH,1,MbD,2,Paralichthyidae,Citharichthys spp.,2,4,e,220.26,18.16035594,
,320,1,4,winter,NH,1,MbD,32,Pleuronectidae,Parophrys vetulus,2,64,a,220.26,290.5656951,
,320,1,4,winter,NH,1,MbD,1,Ammodytidae,Ammodytes spp.,2,2,c,220.26,9.080177971,
,320,1,4,winter,NH,1,MbD,8,Unknown,Damaged,2,16,g,220.26,72.64142377,
,320,1,4,winter,NH,1,MbD,1,unknown,Unknown,2,2,f,220.26,9.080177971,
,320,1,4,winter,NH,1,MbD,2,Pleuronectidae,Isopsetta isolepis,2,4,h,220.26,18.16035594,
320-1-4*,320,1,4*,winter,NH,1,MbD,1,Cottidae,Unknown,NA,NA,g,NA,NA,
,320,1,4*,winter,NH,1,MbD,1,Scorpenidae,Sebastes spp.,NA,NA,c,NA,NA,
,320,1,4*,winter,NH,1,MbD,1,Cyclopteridae,Liparis fucensis,NA,NA,b,NA,NA,
,320,1,4*,winter,NH,1,MbD,5,Paralichthyidae,Citharichthys sordidus,NA,NA,i,NA,NA,
,320,1,4*,winter,NH,1,MbD,2,Pleuronectidae,Glyptocephalus zachirus,NA,NA,e,NA,NA,
,320,1,4*,winter,NH,1,MbD,3,Pleuronectidae,Isopsetta isolepis,NA,NA,h,NA,NA,
,320,1,4*,winter,NH,1,MbD,17,Pleuronectidae,Parophrys vetulus,NA,NA,a,NA,NA,
,320,1,4*,winter,NH,1,MbD,4,Unknown,Unknown,NA,NA,j,NA,NA,tiny
,320,1,4*,winter,NH,1,MbD,2,Unknown,Damaged,NA,NA,d,NA,NA,
,320,1,4*,winter,NH,1,MbD,1,Ammodytidae,Ammodytes spp.,NA,NA,f,NA,NA,
320-4-0,320,4,0,winter,NH,1,MbD,1,Pleuronectidae,Isopsetta isolepis,1,1,c,497.82,2.008758186,
,320,4,0,winter,NH,1,MbD,7,Pleuronectidae,Parophrys vetulus,1,7,a,497.82,14.0613073,
,320,4,0,winter,NH,1,MbD,1,Pleuronectidae,Psettichthys melanostictus,1,1,d,497.82,2.008758186,
,320,4,0,winter,NH,1,MbD,1,Stichaeidae,Stichaeidae spp.,1,1,f,497.82,2.008758186,
,320,4,0,winter,NH,1,MbD,5,Unknown,Damaged,1,5,e,497.82,10.04379093,
,320,4,0,winter,NH,1,MbD,1,Hexagrammidae,Ophiodon elongatus,1,1,b,,,
320-4-3,320,4,3,winter,NH,1,MbD,1,Cottidae,Radulinus asprellus,1,1,c,1078.42,0.927282506,
,320,4,3,winter,NH,1,MbD,1,Cyclopteridae,Liparis spp.,1,1,e,1078.42,0.927282506,
,320,4,3,winter,NH,1,MbD,6,Pleuronectidae,Parophrys vetulus,1,6,a,1078.42,5.563695035,
,320,4,3,winter,NH,1,MbD,1,Pleuronectidae,Psettichthys melanostictus,1,1,b,1078.42,0.927282506,
,320,4,3,winter,NH,1,MbD,1,Cottidae,Artedius spp.,1,1,d,1078.42,0.927282506,found dessicated 1/9/26
,320,4,3,winter,NH,1,MbD,3,Unknown,Damaged,1,3,f,1078.42,2.781847518,
320-4-4,320,4,4,winter,NH,1,MbD,2,Scorpenidae,Sebastes spp.,1,2,c,881.04,2.270044493,
,320,4,4,winter,NH,1,MbD,1,Cottidae,Unknown,1,1,3c,881.04,1.135022246,
,320,4,4,winter,NH,1,MbD,4,Paralichthyidae,Citharichthys sordidus,1,4,e2,881.04,4.540088986,
,320,4,4,winter,NH,1,MbD,4,Pleuronectidae,Glyptocephalus zachirus,1,4,2b,881.04,4.540088986,
,320,4,4,winter,NH,1,MbD,4,Pleuronectidae,Isopsetta isolepis,1,4,2c,881.04,4.540088986,
,320,4,4,winter,NH,1,MbD,123,Pleuronectidae,Parophrys vetulus,1,123,a,881.04,139.6077363,
,320,4,4,winter,NH,1,MbD,4,Pleuronectidae,Psettichthys melanostictus,1,4,d,881.04,4.540088986,
,320,4,4,winter,NH,1,MbD,2,Cottidae,Artedius spp.,1,2,i,881.04,2.270044493,
,320,4,4,winter,NH,1,MbD,3,Ammodytidae,Ammodytes spp.,1,3,b,881.04,3.405066739,
,320,4,4,winter,NH,1,MbD,2,Stichaeidae,Stichaeidae spp.,1,2,f,,,
,320,4,4,winter,NH,1,MbD,1,unknown,Unknown,1,1,k,,,"small, could be Sebastes or Cottid but weird pigment"
,320,4,4,winter,NH,1,MbD,13,Unknown,Damaged,1,13,e,881.04,14.7552892,
321-1-0,321,1,0,winter,TR,1,MaD,1,Scorpenidae,Sebastes spp.,2,2,a,200.71,9.964625579,
321-1-3,321,1,3,winter,TR,1,MaD,1,Myctophidae,Stenobrachius leucopsarus,1,1,b,315.57,3.168869031,
,321,1,3,winter,TR,1,MaD,1,Scorpenidae,Sebastes spp.,1,1,a,315.57,3.168869031,
,321,1,3,winter,TR,1,MaD,1,Unknown,Unknown,1,1,c,315.57,3.168869031,earliest stage larva NH has seen
321-1-4,321,1,4,winter,TR,1,MaD,1,Bathylagidae,Bathylagus pacificus,2,2,b,233.38,8.569714629,
,321,1,4,winter,TR,1,MaD,2,Bathylagidae,Lipolagus ochotensis,2,4,a,233.38,17.13942926,
321-1-4*,321,1,4*,winter,TR,1,MaD,1,Scorpenidae,Sebastes spp.,NA,NA,,NA,NA,
321-4-0,321,4,0,winter,TR,1,MaD,1,Myctophidae,Stenobrachius leucopsarus,1,1,b,802.82,1.245609227,
,321,4,0,winter,TR,1,MaD,1,Scorpenidae,Sebastes spp.,1,1,a,802.82,1.245609227,
,321,4,0,winter,TR,1,MaD,1,Paralichthyidae,Citharichthys stigmaeus,1,1,c,802.82,1.245609227,
321-4-3,321,4,3,winter,TR,1,MaD,0,no fish,no fish,1,0,,1262.28,0,
321-4-4,321,4,4,winter,TR,1,MaD,1,Unknown,Damaged,1,1,b,933.54,1.071191379,
,321,4,4,winter,TR,1,MaD,1,Myctophidae,Nannobrachium spp.,1,1,a,933.54,1.071191379,
322-1-0,322,1,0,winter,TR,2,MaD,1,Pleuronectidae,Lyopsetta exilis,1,1,a,360.06,2.777314892,
322-1-1,322,1,1,winter,TR,2,MaD,3,Scorpenidae,Sebastes spp.,1,3,a,293.81,10.21068037,
,322,1,1,winter,TR,2,MaD,1,Pleuronectidae,Lyopsetta exilis,1,1,b,293.81,3.403560124,
,322,1,1,winter,TR,2,MaD,2,Myctophidae,Stenobrachius leucopsarus,1,2,c,293.81,,
322-1-2,322,1,2,winter,TR,2,MaD,0,no fish,no fish,1,0,,236.74,0,
322-1-3,322,1,3,winter,TR,2,MaD,1,Myctophidae,Protomyctophum crockeri,1,1,a,308.84,3.237922549,
,322,1,3,winter,TR,2,MaD,1,Unknown,Unknown,1,1,b,308.84,3.237922549,"not much pigment on body, possibly  L.exilis"
322-1-4,322,1,4,winter,TR,2,MaD,2,Scorpenidae,Sebastes spp.,1,2,a,321.36,6.223549913,
322-4-0,322,4,0,winter,TR,2,MaD,1,Cottidae,Hemilepodotus spp.,1,1,a,1440.24,0.694328723,
322-4-1,322,4,1,winter,TR,2,MaD,1,Scorpenidae,Sebastes spp.,1,1,a,1175.23,0.850897271,
322-4-2,322,4,2,winter,TR,2,MaD,1,Scorpenidae,Sebastes spp.,1,1,a,946.98,1.055988511,
322-4-3,322,4,3,winter,TR,2,MaD,0,no fish,no fish,1,0,,1235.36,0,
322-4-4,322,4,4,winter,TR,2,MaD,1,Myctophidae,Tarletonbeania crenularis,1,1,b,1285.44,0.777943739,
,322,4,4,winter,TR,2,MaD,1,Scorpenidae,Sebastes spp.,1,1,a,1285.44,0.777943739,
,322,4,4,winter,TR,2,MaD,1,Cottidae,Artedius spp.,1,1,c,1285.44,0.777943739,
,322,4,4,winter,TR,2,MaD,1,Cryptaconthodidae ,Lyconectes aleutensis,1,1,d,1285.44,0.777943739,
323-1-0,323,1,0,winter,TR,3,MaD,1,Bathylagidae,Lipolagus ochotensis,2,2,c,241.1,8.295313148,
,323,1,0,winter,TR,3,MaD,7,Myctophidae,Stenobrachius leucopsarus,2,14,b,241.1,58.06719204,
,323,1,0,winter,TR,3,MaD,4,Scorpenidae,Sebastes spp.,2,8,a,241.1,33.18125259,
323-1-1,323,1,1,winter,TR,3,MaD,3,Myctophidae,Stenobrachius leucopsarus,1,3,b,289.35,10.36806636,
,323,1,1,winter,TR,3,MaD,6,Scorpenidae,Sebastes spp.,1,6,a,289.35,20.73613271,
323-1-2,323,1,2,winter,TR,3,MaD,1,Bathylagidae,Lipolagus ochotensis,1,1,c,225.98,4.425170369,
,323,1,2,winter,TR,3,MaD,2,Myctophidae,Stenobrachius leucopsarus,1,2,b,225.98,8.850340738,
,323,1,2,winter,TR,3,MaD,4,Scorpenidae,Sebastes spp.,1,4,a,225.98,17.70068148,
323-1-3,323,1,3,winter,TR,3,MaD,3,Myctophidae,Stenobrachius leucopsarus,1,3,a,374.25,8.016032064,
,323,1,3,winter,TR,3,MaD,1,Scorpenidae,Sebastes spp.,1,1,b,,,
323-1-4,323,1,4,winter,TR,3,MaD,9,Myctophidae,Stenobrachius leucopsarus,2,18,b,283.25,63.54810238,
,323,1,4,winter,TR,3,MaD,3,Scorpenidae,Sebastes spp.,2,6,a,283.25,21.18270079,
,323,1,4,winter,TR,3,MaD,1,Pleuronectidae,Lyopsetta exilis,2,2,c,283.25,7.060900265,
323-1-4*,323,1,4*,winter,TR,3,MaD,2,Myctophidae,Stenobrachius leucopsarus,NA,NA,,NA,NA,
323-4-0,323,4,0,winter,TR,3,MaD,1,Bathylagidae,Lipolagus ochotensis,1,1,b,964.42,1.03689264,
,323,4,0,winter,TR,3,MaD,3,Myctophidae,Stenobrachius leucopsarus,1,3,a,964.42,3.11067792,
323-4-1,323,4,1,winter,TR,3,MaD,0,no fish,no fish,1,0,,1157.42,0,
323-4-2,323,4,2,winter,TR,3,MaD,1,Myctophidae,Stenobrachius leucopsarus,1,1,a,903.94,1.106268115,
323-4-3,323,4,3,winter,TR,3,MaD,12,Myctophidae,Stenobrachius leucopsarus,1,12,a,1497.02,8.015924971,
,323,4,3,winter,TR,3,MaD,1,Paralichthyidae,Citharichthys stigmaeus,1,1,b,1497.02,0.667993748,
323-4-4,323,4,4,winter,TR,3,MaD,8,Myctophidae,Stenobrachius leucopsarus,1,8,a,1133.02,7.060775626,
,323,4,4,winter,TR,3,MaD,3,Scorpenidae,Sebastes spp.,1,3,b,1133.02,2.64779086,
,323,4,4,winter,TR,3,MaD,1,Unknown,Damaged,1,1,c,1133.02,0.882596953,
324-1-0,324,1,0,winter,TR,4,MaD,5,Myctophidae,Stenobrachius leucopsarus,1,5,a,273.27,18.29692246,
324-1-1,324,1,1,winter,TR,4,MaD,0,no fish,no fish,1,0,,193.78,0,
324-1-2,324,1,2,winter,TR,4,MaD,0,no fish,no fish,1,0,,333.78,0,
324-1-3,324,1,3,winter,TR,4,MaD,2,Myctophidae,Stenobrachius leucopsarus,1,2,a,183.51,10.89858863,
324-1-4,324,1,4,winter,TR,4,MaD,37,Myctophidae,Stenobrachius leucopsarus,1,37,"a,a2",216.69,170.7508422,
,324,1,4,winter,TR,4,MaD,1,Scorpenidae,Sebastes spp.,1,1,b,216.69,4.614887627,
324-4-0,324,4,0,winter,TR,4,MaD,2,Bathylagidae,Lipolagus ochotensis,1,2,a,1093.09,1.829675507,
,324,4,0,winter,TR,4,MaD,2,Myctophidae,Stenobrachius leucopsarus,1,2,b,1093.09,1.829675507,
,324,4,0,winter,TR,4,MaD,1,Scorpenidae,Sebastes spp.,1,1,c,1093.09,0.914837754,
324-4-1,324,4,1,winter,TR,4,MaD,0,no fish,no fish,1,0,,775.11,0,
324-4-2,324,4,2,winter,TR,4,MaD,1,Myctophidae,Stenobrachius leucopsarus,1,1,a,1335.11,0.749001955,
324-4-3,324,4,3,winter,TR,4,MaD,7,Myctophidae,Stenobrachius leucopsarus,1,7,a,734.03,9.53639497,
324-4-4,324,4,4,winter,TR,4,MaD,9,Myctophidae,Stenobrachius leucopsarus,1,9,a,866.75,10.38361696,
,324,4,4,winter,TR,4,MaD,1,Scorpenidae,Sebastes spp.,1,1,b,866.75,1.153735218,
,324,4,4,winter,TR,4,MaD,1,Paralichthyidae,Citharichthys stigmaeus,1,1,c,866.75,1.153735218,
325-1-0,325,1,0,winter,TR,5,MaD,5,Myctophidae,Stenobrachius leucopsarus,2,10,a,290.83,34.38434824,
,325,1,0,winter,TR,5,MaD,6,Scorpenidae,Sebastes spp.,2,12,b,290.83,41.26121789,
325-1-1,325,1,1,winter,TR,5,MaD,1,Bathylagidae,Lipolagus ochotensis,1,1,a,261.97,3.817230981,
,325,1,1,winter,TR,5,MaD,2,Scorpenidae,Sebastes spp.,1,2,b,261.97,7.634461961,
,325,1,1,winter,TR,5,MaD,1,Myctophidae,Stenobrachius leucopsarus,1,1,c,,,
325-1-2,325,1,2,winter,TR,5,MaD,6,Bathylagidae,Lipolagus ochotensis,1,6,c,810.84,7.39973361,
,325,1,2,winter,TR,5,MaD,3,Myctophidae,Protomyctophum crockeri,1,3,a,810.84,3.699866805,
,325,1,2,winter,TR,5,MaD,1,Myctophidae,Tarletonbeania crenularis,1,1,d,810.84,1.233288935,
,325,1,2,winter,TR,5,MaD,1,Cottidae,Unknown,1,1,b,810.84,1.233288935,
325-1-3,325,1,3,winter,TR,5,MaD,1,Bathylagidae,Lipolagus ochotensis,1,1,a,271.07,3.689084,
,325,1,3,winter,TR,5,MaD,11,Myctophidae,Stenobrachius leucopsarus,1,11,b,271.07,40.579924,
,325,1,3,winter,TR,5,MaD,1,Myctophidae,Tarletonbeania crenularis,1,1,c,271.07,3.689084,
,325,1,3,winter,TR,5,MaD,3,Unknown,Unknown,1,3,d,271.07,11.067252,"looks like 3 diff. species, all very small and unpigmented"
325-1-4,325,1,4,winter,TR,5,MaD,20,Myctophidae,Stenobrachius leucopsarus,2,40,a,258.69,154.6252271,
,325,1,4,winter,TR,5,MaD,5,Scorpenidae,Sebastes spp.,2,10,b,258.69,38.65630678,
,325,1,4,winter,TR,5,MaD,4,Merlucciidae,Merluccius productus,2,8,c,258.69,30.92504542,
325-4-0,325,4,0,winter,TR,5,MaD,11,Bathylagidae,Lipolagus ochotensis,1,11,de,1163.33,9.455614486,e is in chaetognath gut
,325,4,0,winter,TR,5,MaD,1,Merlucciidae,Merluccius productus,1,1,c,1163.33,0.859601317,
,325,4,0,winter,TR,5,MaD,6,Myctophidae,Protomyctophum crockeri,1,6,f,1163.33,5.157607901,
,325,4,0,winter,TR,5,MaD,1,Myctophidae,Tarletonbeania crenularis,1,1,a,1163.33,0.859601317,
,325,4,0,winter,TR,5,MaD,1,Scorpenidae,Sebastes spp.,1,1,b,1163.33,0.859601317,
325-4-1,325,4,1,winter,TR,5,MaD,1,Bathylagidae,Bathylagus pacificus,1,1,d,1047.87,0.954316852,
,325,4,1,winter,TR,5,MaD,4,Myctophidae,Tarletonbeania crenularis,1,4,c,1047.87,3.817267409,
,325,4,1,winter,TR,5,MaD,4,Chauliodontidae,Chauliodus macouni,1,4,a,1047.87,3.817267409,
,325,4,1,winter,TR,5,MaD,5,Merlucciidae,Merluccius productus,1,5,b,1047.87,4.771584261,
,325,4,1,winter,TR,5,MaD,1,Unknown,Damaged,1,1,e,1047.87,0.954316852,
325-4-2,325,4,2,winter,TR,5,MaD,3,Bathylagidae,Lipolagus ochotensis,1,3,a,3243.38,0.924960998,
,325,4,2,winter,TR,5,MaD,3,Myctophidae,Stenobrachius leucopsarus,1,3,e,3243.38,0.924960998,
,325,4,2,winter,TR,5,MaD,1,Myctophidae,Protomyctophum crockeri,1,1,b,3243.38,0.308320333,
,325,4,2,winter,TR,5,MaD,19,Scorpenidae,Sebastes spp.,1,19,c,3243.38,5.858086317,
,325,4,2,winter,TR,5,MaD,3,Merlucciidae,Merluccius productus,1,3,d,3243.38,0.924960998,
,325,4,2,winter,TR,5,MaD,1,Paralepididae,Lestidiops ringens,1,1,f,3243.38,0.308320333,
325-4-3,325,4,3,winter,TR,5,MaD,2,Myctophidae,Stenobrachius leucopsarus,1,2,a,1084.27,1.844559012,
,325,4,3,winter,TR,5,MaD,1,Myctophidae,Tarletonbeania crenularis,1,1,b,1084.27,0.922279506,
325-4-4,325,4,4,winter,TR,5,MaD,1,Bathylagidae,Lipolagus ochotensis,1,1,e,1034.75,0.966417009,
,325,4,4,winter,TR,5,MaD,5,Myctophidae,Stenobrachius leucopsarus,1,5,c,1034.75,4.832085045,
,325,4,4,winter,TR,5,MaD,29,Scorpenidae,Sebastes spp.,1,29,a,1034.75,28.02609326,
,325,4,4,winter,TR,5,MaD,3,Merlucciidae,Merluccius productus,1,3,d,1034.75,2.899251027,
,325,4,4,winter,TR,5,MaD,3,Unknown,Damaged,1,3,b,1034.75,2.899251027,
326-1-0,326,1,0,winter,TR,5,MaN,1,Myctophidae,Tarletonbeania crenularis,2,2,a,,,juvenile
,326,1,0,winter,TR,5,MaN,2,Myctophidae,Stenobrachius leucopsarus,2,4,b,,,
,326,1,0,winter,TR,5,MaN,1,Paralichthyidae,Citharichthys stigmaeus,2,2,c,,,
326-1-1,326,1,1,winter,TR,5,MaN,2,Myctophidae,Protomyctophum crockeri,1,2,a,,,
,326,1,1,winter,TR,5,MaN,1,unknown,Fish eggs,1,1,b,,,
326-1-2,326,1,2,winter,TR,5,MaN,3,Bathylagidae,Lipolagus ochotensis,1,3,a,,,
,326,1,2,winter,TR,5,MaN,4,Myctophidae,Stenobrachius leucopsarus,1,4,b,,,
,326,1,2,winter,TR,5,MaN,1,Myctophidae,Protomyctophum crockeri,1,1,c,,,
,326,1,2,winter,TR,5,MaN,1,Scorpenidae,Sebastes spp.,1,1,d,,,
326-1-3,326,1,3,winter,TR,5,MaN,4,Myctophidae,Stenobrachius leucopsarus,1,4,a,,,
,326,1,3,winter,TR,5,MaN,1,unknown,Unknown,1,1,b,,,"tiny, unpigmented eyes, could be T. crenularis but too small for confidence"
326-1-4,326,1,4,winter,TR,5,MaN,1,Scorpenidae,Sebastes spp.,2,2,a,,,
326-4-0,326,4,0,winter,TR,5,MaN,5,Myctophidae,Stenobrachius leucopsarus,1,5,1a,,,
,326,4,0,winter,TR,5,MaN,2,Myctophidae,Tarletonbeania crenularis,1,2,2a,,,juveniles
,326,4,0,winter,TR,5,MaN,1,Paralepididae,Lestidiops ringens,1,1,1b,,,
,326,4,0,winter,TR,5,MaN,1,Bathylagidae,Lipolagus ochotensis,1,1,2b,,,
,326,4,0,winter,TR,5,MaN,1,unknown,Fish eggs,1,1,1c,,,
,326,4,0,winter,TR,5,MaN,1,unknown,Damaged,1,1,2c,,,
326-4-1,326,4,1,winter,TR,5,MaN,1,Myctophidae,Stenobrachius leucopsarus,1,1,1a,,,juvenile
,326,4,1,winter,TR,5,MaN,1,Bathylagidae,Lipolagus ochotensis,1,1,2a,,,
,326,4,1,winter,TR,5,MaN,4,Myctophidae,Protomyctophum crockeri,1,4,1b,,,
,326,4,1,winter,TR,5,MaN,1,Bathylagidae,Bathylagus pacificus,1,1,2b,,,
,326,4,1,winter,TR,5,MaN,1,Merlucciidae,Merluccius productus,1,1,2c,,,some gut damage
,326,4,1,winter,TR,5,MaN,3,unknown,Damaged,1,3,2d,,,
326-4-2,326,4,2,winter,TR,5,MaN,1,Merlucciidae,Merluccius productus,1,1,a,,,
,326,4,2,winter,TR,5,MaN,3,Myctophidae,Stenobrachius leucopsarus,1,3,b,,,
,326,4,2,winter,TR,5,MaN,5,Bathylagidae,Lipolagus ochotensis,1,5,c,,,
,326,4,2,winter,TR,5,MaN,1,Myctophidae,Protomyctophum crockeri,1,1,d,,,
,326,4,2,winter,TR,5,MaN,1,unknown,Damaged,1,1,e,,,desiccated
326-4-3,326,4,3,winter,TR,5,MaN,1,Myctophidae,Stenobrachius leucopsarus,1,1,a,,,juvenile
,326,4,3,winter,TR,5,MaN,7,Myctophidae,Stenobrachius leucopsarus,1,7,b,,,
,326,4,3,winter,TR,5,MaN,1,Scorpenidae,Sebastes spp.,1,1,c,,,
,326,4,3,winter,TR,5,MaN,2,unknown,Fish eggs,1,2,d,,,
326-4-4,326,4,4,winter,TR,5,MaN,1,,,1,1,1a,,,"dragonfish,NH did not see this jar with others"
,326,4,4,winter,TR,5,MaN,1,Myctophidae,Diaphus theta,1,1,2a,,,juvenile
,326,4,4,winter,TR,5,MaN,1,Clupeidae,Engraulis mordax,1,1,1b,,,this vial not with others
,326,4,4,winter,TR,5,MaN,1,Scorpenidae,Sebastes spp.,1,1,1c,,,
,326,4,4,winter,TR,5,MaN,5,unknown,Fish eggs,1,5,1d,,,
,326,4,4,winter,TR,5,MaN,1,Paralichthyidae,Citharichthys stigmaeus,1,1,1e,,,
,326,4,4,winter,TR,5,MaN,1,Myctophidae,Tarletonbeania crenularis,1,1,1f,,,juvenile in jar
327-1-0,327,1,0,winter,TR,4,MaN,1,Myctophidae,Tarletonbeania crenularis,2,2,a,,,juvenile
327-1-1,327,1,1,winter,TR,4,MaN,0,no fish,no fish,1,0,-,,,
327-1-2,327,1,2,winter,TR,4,MaN,1,unknown,Damaged,,1,2a,,,
327-1-3,327,1,3,winter,TR,4,MaN,1,Scorpenidae,Sebastes spp.,,2,1a,,,
,327,1,3,winter,TR,4,MaN,2,unknown,Damaged,,1,2a,,,
,327,1,3,winter,TR,4,MaN,1,Myctophidae,Stenobrachius leucopsarus,,1,1b,,,juvenile
,327,1,3,winter,TR,4,MaN,6,Myctophidae,Stenobrachius leucopsarus,,6,1c,,,
,327,1,3,winter,TR,4,MaN,1,unknown,Fish eggs,,1,2c,,,
327-1-4,327,1,4,winter,TR,4,MaN,1,Myctophidae,Diaphus theta,,1,1a,,,juvenile
,327,1,4,winter,TR,4,MaN,1,unknown,Damaged,,1,1b,,,
327-4-0,327,4,0,winter,TR,4,MaN,1,Hexagrammidae,Ophiodon elongatus,,1,1a,,,
,327,4,0,winter,TR,4,MaN,1,Myctophidae,Stenobrachius leucopsarus,,1,2a,,,juvenile
,327,4,0,winter,TR,4,MaN,1,Scorpenidae,Sebastes spp.,,1,2b,,,
,327,4,0,winter,TR,4,MaN,1,unknown,Fish eggs,,1,2c,,,
327-4-1,327,4,1,winter,TR,4,MaN,2,Myctophidae,Stenobrachius leucopsarus,,2,1a,,,juveniles
327-4-2,327,4,2,winter,TR,4,MaN,6,Myctophidae,Stenobrachius leucopsarus,,6,"2a,5a,4c",,,juveniles
,327,4,2,winter,TR,4,MaN,2,Myctophidae,Unknown,,1,8a,,,poorly preserved juvenile
,327,4,2,winter,TR,4,MaN,2,Myctophidae,Stenobrachius leucopsarus,,2,4b,,,larvae
,327,4,2,winter,TR,4,MaN,1,unknown,Fish eggs,,1,4a,,,
,327,4,2,winter,TR,4,MaN,1,Alepocephalidae,Unknown,,1,5b,,,NH wants to look at this fish again
,327,4,2,winter,TR,4,MaN,1,unknown,Damaged,,1,5c,,,
327-4-3,327,4,3,winter,TR,4,MaN,4,Myctophidae,Stenobrachius leucopsarus,,4,6a,,,
,327,4,3,winter,TR,4,MaN,1,Scorpenidae,Sebastes spp.,,1,7a,,,
,327,4,3,winter,TR,4,MaN,5,unknown,Fish eggs,,5,8a,,,
,327,4,3,winter,TR,4,MaN,1,Myctophidae,Tarletonbeania crenularis,,1,6b,,,juvenile
,327,4,3,winter,TR,4,MaN,1,Myctophidae,Stenobrachius leucopsarus,,1,6c,,,juvenile
327-4-4,327,4,4,winter,TR,4,MaN,2,Scorpenidae,Sebastes spp.,,2,2a,,,
,327,4,4,winter,TR,4,MaN,6,unknown,Fish eggs,,6,3a,,,
,327,4,4,winter,TR,4,MaN,1,Bathylagidae,Lipolagus ochotensis,,1,7a,,,
,327,4,4,winter,TR,4,MaN,1,Myctophidae,Stenobrachius leucopsarus,,1,4b,,,juveniles
,327,4,4,winter,TR,4,MaN,1,Myctophidae,Unknown,,1,8c,,,adult
,327,4,4,winter,TR,4,MaN,1,Clupeidae,Unknown,,1,7b,,,"beat up. NH-cannot locate vial, might be with Luke?"
328-1-0,328,1,0,winter,TR,3,MaN,2,Myctophidae,Stenobrachius leucopsarus,,2,a,,,juveniles
,328,1,0,winter,TR,3,MaN,5,Scorpenidae,Sebastes spp.,,5,b,,,
,328,1,0,winter,TR,3,MaN,2,Myctophidae,Stenobrachius leucopsarus,,2,c,,,
,328,1,0,winter,TR,3,MaN,2,unknown,Fish eggs,,2,d,,,
328-1-1,328,1,1,winter,TR,3,MaN,5,Scorpenidae,Sebastes spp.,1,5,a,,,
,328,1,1,winter,TR,3,MaN,1,Pleuronectidae,Lyopsetta exilis,1,1,b,,,
,328,1,1,winter,TR,3,MaN,1,Bathylagidae,Bathylagus pacificus,1,1,c,,,
328-1-2,328,1,2,winter,TR,3,MaN,1,Myctophidae,Stenobrachius leucopsarus,1,1,a,,,juvenile
,328,1,2,winter,TR,3,MaN,1,Scorpenidae,Sebastes spp.,1,1,b,,,
328-1-3,328,1,3,winter,TR,3,MaN,1,Myctophidae,Stenobrachius leucopsarus,1,1,a,,,juvenile
,328,1,3,winter,TR,3,MaN,14,Myctophidae,Stenobrachius leucopsarus,1,14,b,,,
,328,1,3,winter,TR,3,MaN,2,Scorpenidae,Sebastes spp.,1,2,c,,,
328-1-4,328,1,4,winter,TR,3,MaN,1,Bathylagidae,Lipolagus ochotensis,2,2,a,,,
,328,1,4,winter,TR,3,MaN,1,Myctophidae,Stenobrachius leucopsarus,2,2,b,,,
328-4-0,328,4,0,winter,TR,3,MaN,6,unknown,Fish eggs,,6,1a,,,
,328,4,0,winter,TR,3,MaN,3,Myctophidae,Stenobrachius leucopsarus,,3,"2a,3a",,,juveniles
,328,4,0,winter,TR,3,MaN,1,Bathylagidae,Lipolagus ochotensis,,1,3c,,,
328-4-1,328,4,1,winter,TR,3,MaN,16,Myctophidae,Stenobrachius leucopsarus,,16,a,,,"juveniles, in jar"
,328,4,1,winter,TR,3,MaN,1,Pleuronectidae,Unknown,,1,b,,,"juvenile, in jar"
,328,4,1,winter,TR,3,MaN,2,Bathylagidae,Lipolagus ochotensis,,2,c,,,
,328,4,1,winter,TR,3,MaN,1,unknown,Unknown,,1,d,,,tiny
328-4-2,328,4,2,winter,TR,3,MaN,2,Myctophidae,Stenobrachius leucopsarus,,2,a,,,juveniles
,328,4,2,winter,TR,3,MaN,1,unknown,Fish eggs,,1,b,,,
328-4-3,328,4,3,winter,TR,3,MaN,1,Myctophidae,Unknown,,1,a,,,juvenile
,328,4,3,winter,TR,3,MaN,6,Myctophidae,Stenobrachius leucopsarus,,6,b,,,
,328,4,3,winter,TR,3,MaN,1,Myctophidae,Protomyctophum crockeri,,1,c,,,
,328,4,3,winter,TR,3,MaN,1,Clupeidae,Engraulis mordax,,1,d,,," NH-cannot locate vial, might be with Luke?"
,328,4,3,winter,TR,3,MaN,1,unknown,Damaged,,1,e,,,
,328,4,3,winter,TR,3,MaN,1,unknown,Fish eggs,,1,f,,,
328-4-4,328,4,4,winter,TR,3,MaN,17,unknown,Fish eggs,,17,1a,,,
,328,4,4,winter,TR,3,MaN,1,Scorpenidae,Sebastes spp.,,1,3a,,,
,328,4,4,winter,TR,3,MaN,2,Clupeidae,Engraulis mordax,,2,3c,,," NH-cannot locate vial, might be with Luke?"
329-1-0,329,1,0,winter,TR,2,MaN,1,unknown,Fish eggs,,1,a,,,
329-1-1,329,1,1,winter,TR,2,MaN,1,Pleuronectidae,Unknown,,1,a,,,"juvenile, in jar"
329-1-2,329,1,2,winter,TR,2,MaN,0,no fish,no fish,,0,-,,,
329-1-3,329,1,3,winter,TR,2,MaN,1,Myctophidae,Protomyctophum crockeri,,1,a,,,
329-1-4,329,1,4,winter,TR,2,MaN,1,unknown,Fish eggs,,1,a,,,
329-4-0,329,4,0,winter,TR,2,MaN,4,unknown,Fish eggs,,4,1a,,,
,329,4,0,winter,TR,2,MaN,1,Pleuronectidae,Unknown,,1,4a,,,"juvenile, in jar"
329-4-1,329,4,1,winter,TR,2,MaN,1,Paralichthyidae,Citharichthys stigmaeus,,1,1a,,,
,329,4,1,winter,TR,2,MaN,1,Pleuronectidae,Unknown,,1,3a,,," juvenile in jar, found dessicated 02/2026"
329-4-2,329,4,2,winter,TR,2,MaN,1,unknown,Fish eggs,,1,6a,,,
,329,4,2,winter,TR,2,MaN,1,unknown,Damaged,,1,6b,,,
,329,4,2,winter,TR,2,MaN,1,Paralichthyidae,Citharichthys stigmaeus,,1,6c,,,
329-4-3,329,4,3,winter,TR,2,MaN,3,unknown,Fish eggs,,3,a,,,
,329,4,3,winter,TR,2,MaN,1,Paralichthyidae,Citharichthys stigmaeus,,1,b,,,
329-4-4,329,4,4,winter,TR,2,MaN,2,unknown,Fish eggs,,2,a,,,
330-1-0,330,1,0,winter,TR,1,MaN,1,Myctophidae,Stenobrachius leucopsarus,,1,a,,,
,330,1,0,winter,TR,1,MaN,1,unknown,Unknown,,1,b,,,very small
330-1-3,330,1,3,winter,TR,1,MaN,1,Cryptaconthodidae ,Lyconectes aleutensis,1,1,a,,,
330-1-4,,,,,,,,,,,,,,,,"should be a fish vial for this net, NH cannot locate it"
330-4-0,330,4,0,winter,TR,1,MaN,0,no fish,no fish,,0,-,,,
330-4-3,330,4,3,winter,TR,1,MaN,2,Bathylagidae,Lipolagus ochotensis,,2,a,,,
,330,4,3,winter,TR,1,MaN,1,Cryptaconthodidae ,Lyconectes aleutensis,,1,b,,,
,330,4,3,winter,TR,1,MaN,6,unknown,Fish eggs,,6,c,,,
330-4-4,330,4,4,winter,TR,1,MaN,1,Bathylagidae,Lipolagus ochotensis,,1,a,,,
,330,4,4,winter,TR,1,MaN,2,unknown,Fish eggs,,2,b,,,
,330,4,4,winter,TR,1,MaN,1,Ammodytidae,Ammodytes spp.,,1,c,,,
331-1-0,331,1,0,winter,TR,1,MbD,3,Myctophidae,Stenobrachius leucopsarus,2,6,a,242.8,#REF!,
331-1-3,331,1,3,winter,TR,1,MbD,1,Bathylagidae,Lipolagus ochotensis,1,1,a,255.58,23.47601534,
,331,1,3,winter,TR,1,MbD,1,unknown,Unknown,1,1,b,,,"yolk sac, too young to ID"
331-1-4,331,1,4,winter,TR,1,MbD,3,Myctophidae,Stenobrachius leucopsarus,2,6,a,287.6,3.47705146,
,331,1,4,winter,TR,1,MbD,3,Scorpenidae,Sebastes spp.,2,6,b,287.6,20.86230876,
,331,1,4,winter,TR,1,MbD,1,Cyclopteridae,Liparis fucensis,2,2,c,287.6,20.86230876,
,331,1,4,winter,TR,1,MbD,1,Cryptaconthodidae ,Lyconectes aleutensis,2,2,d,287.6,6.954102921,
331-1-4*,331,1,4*,winter,TR,1,MbD,1,Myctophidae,Stenobrachius leucopsarus,NA,NA,a,NA,NA,
331-4-0,331,4,0,winter,TR,1,MbD,1,Myctophidae,Stenobrachius leucopsarus,1,1,b,971.21,#VALUE!,
,331,4,0,winter,TR,1,MbD,1,Cyclopteridae,Liparis fucensis,1,1,a,971.21,1.029643434,
331-4-3,331,4,3,winter,TR,1,MbD,1,Bathylagidae,Lipolagus ochotensis,1,1,a,1022.34,0.97814817,
331-4-4,331,4,4,winter,TR,1,MbD,1,Myctophidae,Stenobrachius leucopsarus,1,1,a,1150.38,0.869277978,
,331,4,4,winter,TR,1,MbD,3,Cryptaconthodidae ,Lyconectes aleutensis,1,3,b,1150.38,0.869277978,
332-1-0,332,1,0,winter,TR,2,MbD,1,Bathylagidae,Lipolagus ochotensis,1,1,c,361.86,8.290499088,
,332,1,0,winter,TR,2,MbD,4,Scorpenidae,Sebastes spp.,1,4,b,361.86,2.763499696,
,332,1,0,winter,TR,2,MbD,1,Pleuronectidae,Glyptocephalus zachirus,1,1,d,361.86,11.05399878,
,332,1,0,winter,TR,2,MbD,1,Paralepididae,Lestidiops ringens,1,1,a,361.86,2.763499696,
332-1-1,332,1,1,winter,TR,2,MbD,0,no fish,no fish,1,0,,267.72,3.735245779,
332-1-2,332,1,2,winter,TR,2,MbD,1,Scorpenidae,Sebastes spp.,1,1,a,174.23,0,
332-1-3,332,1,3,winter,TR,2,MbD,1,Bathylagidae,Lipolagus ochotensis,1,1,b,284.77,3.511605857,
,332,1,3,winter,TR,2,MbD,1,Scorpenidae,Sebastes spp.,1,1,a,284.77,3.511605857,
332-1-4,332,1,4,winter,TR,2,MbD,2,Myctophidae,Stenobrachius leucopsarus,2,4,a,244.98,16.3278635,
332-1-4*,332,1,4*,winter,TR,2,MbD,0,no fish,no fish,NA,NA,,NA,NA,
332-4-0,332,4,0,winter,TR,2,MbD,1,Cryptaconthodidae ,Lyconectes aleutensis,1,1,a,1447.44,0.690874924,
332-4-1,332,4,1,winter,TR,2,MbD,0,no fish,no fish,1,0,,1070.89,0,
332-4-2,332,4,2,winter,TR,2,MbD,2,Bathylagidae,Lipolagus ochotensis,1,2,a,696.93,2.869728667,
,332,4,2,winter,TR,2,MbD,1,Myctophidae,Protomyctophum crockeri,1,1,b,696.93,1.434864334,
332-4-3,332,4,3,winter,TR,2,MbD,1,Unknown,Unknown,1,1,a,1139.07,0.877909172,"very small, very elongate, gut 1/4 of BL"
332-4-4,332,4,4,winter,TR,2,MbD,1,Myctophidae,Stenobrachius leucopsarus,1,1,a,979.9,1.020512297,
333-1-0,333,1,0,winter,TR,3,MbD,1,Myctophidae,Stenobrachius leucopsarus,1,1,a,294.18,3.399279353,
333-1-1,333,1,1,winter,TR,3,MbD,2,Scorpenidae,Sebastes spp.,1,2,a,224.53,8.907495658,
333-1-2,333,1,2,winter,TR,3,MbD,0,no fish,no fish,1,0,,151.31,0,
333-1-3,333,1,3,winter,TR,3,MbD,1,Pleuronectidae,Glyptocephalus zachirus,1,1,a,265.8,3.762227239,hatching from egg
333-1-4,333,1,4,winter,TR,3,MbD,0,no fish,no fish,1,0,,318.56,0,
333-4-0,333,4,0,winter,TR,3,MbD,0,no fish,no fish,1,0,,1176.74,0,
333-4-1,333,4,1,winter,TR,3,MbD,1,Bathylagidae,Lipolagus ochotensis,1,1,a,898.11,1.113449355,
333-4-2,333,4,2,winter,TR,3,MbD,0,no fish,no fish,1,0,,605.23,0,
333-4-3,333,4,3,winter,TR,3,MbD,0,no fish,no fish,1,0,,1063.18,0,
333-4-4,333,4,4,winter,TR,3,MbD,0,no fish,no fish,1,0,,1274.24,0,
334-1-0,334,1,0,winter,TR,4,MbD,1,Bathylagidae,Lipolagus ochotensis,1,1,b,310.2,3.223726628,
,334,1,0,winter,TR,4,MbD,10,Myctophidae,Stenobrachius leucopsarus,1,10,a,310.2,32.23726628,
,334,1,0,winter,TR,4,MbD,1,Myctophidae,Tarletonbeania crenularis,1,1,c,310.2,3.223726628,
,334,1,0,winter,TR,4,MbD,5,Scorpenidae,Sebastes spp.,1,5,d,310.2,16.11863314,
334-1-1,334,1,1,winter,TR,4,MbD,6,Bathylagidae,Lipolagus ochotensis,1,6,b,225.16,26.64771718,
,334,1,1,winter,TR,4,MbD,1,Myctophidae,Protomyctophum crockeri,1,1,a,225.16,4.441286196,
,334,1,1,winter,TR,4,MbD,1,Scorpenidae,Sebastes spp.,1,1,c,225.16,4.441286196,
334-1-2,334,1,2,winter,TR,4,MbD,3,Bathylagidae,Lipolagus ochotensis,1,3,a,219.65,13.65809242,
,334,1,2,winter,TR,4,MbD,1,Unknown,Unknown,1,1,b,219.65,4.552697473,"tiny, unpigmented eyes"
334-1-3,334,1,3,winter,TR,4,MbD,2+1,Myctophidae,Stenobrachius leucopsarus,1,3,a+a2,248.43,12.07583625, a2 is fish Meredith found-NH
,334,1,3,winter,TR,4,MbD,2,Myctophidae,Tarletonbeania crenularis,1,2,b,248.43,8.050557501,
334-1-4,334,1,4,winter,TR,4,MbD,66+10,Myctophidae,Stenobrachius leucopsarus,1,76,a+a2,258.73,293.7425115, a2 are fish Meredith found-NH
334-4-0,334,4,0,winter,TR,4,MbD,1,Bathylagidae,Lipolagus ochotensis,1,1,b,1240.81,0.805925162,
,334,4,0,winter,TR,4,MbD,5,Myctophidae,Stenobrachius leucopsarus,1,5,a,1240.81,4.029625809,
334-4-1,334,4,1,winter,TR,4,MbD,8,Bathylagidae,Lipolagus ochotensis,1,8,a,900.66,8.882375147,
,334,4,1,winter,TR,4,MbD,3,Myctophidae,Protomyctophum crockeri,1,3,b,900.66,3.33089068,
334-4-2,334,4,2,winter,TR,4,MbD,1,Bathylagidae,Lipolagus ochotensis,1,1,b,878.59,1.138187323,
,334,4,2,winter,TR,4,MbD,3,Myctophidae,Protomyctophum crockeri,1,3,a,878.59,3.414561969,
334-4-3,334,4,3,winter,TR,4,MbD,2,Myctophidae,Stenobrachius leucopsarus,1,2,a,993.72,2.012639375,
334-4-4,334,4,4,winter,TR,4,MbD,18,Myctophidae,Stenobrachius leucopsarus,1,18,a,1034.91,17.39281677,
,334,4,4,winter,TR,4,MbD,1,Scorpenidae,Sebastes spp.,1,1,b,1034.91,0.966267598,
,334,4,4,winter,TR,4,MbD,1,Paralichthyidae,Citharichthys stigmaeus,1,1,e,1034.91,0.966267598,
,334,4,4,winter,TR,4,MbD,1,Cryptaconthodidae ,Lyconectes aleutensis,1,1,c,1034.91,0.966267598,
,334,4,4,winter,TR,4,MbD,1,Unknown,Fish eggs,1,1,d,1034.91,0.966267598,
335-1-0,335,1,0,winter,TR,5,MbD,2,Bathylagidae,Lipolagus ochotensis,2,4,b,269.11,14.86381034,
,335,1,0,winter,TR,5,MbD,7,Myctophidae,Stenobrachius leucopsarus,2,14,a,269.11,52.02333618,
,335,1,0,winter,TR,5,MbD,1,Scorpenidae,Sebastes spp.,2,2,c,269.11,7.431905169,
335-1-1,335,1,1,winter,TR,5,MbD,1,Unknown,Unknown,1,1,a,324.08,3.085657862,"very tiny, not much pigment in eyes"
335-1-2,335,1,2,winter,TR,5,MbD,1,Myctophidae,Stenobrachius leucopsarus,1,1,b,230.87,4.331441937,
,335,1,2,winter,TR,5,MbD,1,Myctophidae,Protomyctophum crockeri,1,1,a,230.87,4.331441937,
,335,1,2,winter,TR,5,MbD,1,Myctophidae,Tarletonbeania crenularis,1,1,c,230.87,4.331441937,
,335,1,2,winter,TR,5,MbD,2,Unknown,Unknown,1,2,d,230.87,8.662883874,fish in chaetognath guts
335-1-3,335,1,3,winter,TR,5,MbD,10,Myctophidae,Stenobrachius leucopsarus,1,10,a,206.86,48.34187373,
335-1-4,335,1,4,winter,TR,5,MbD,76,Myctophidae,Stenobrachius leucopsarus,2,152,a,188.82,804.9994704,
,335,1,4,winter,TR,5,MbD,5,Scorpenidae,Sebastes spp.,2,10,b,188.82,52.96049147,
,335,1,4,winter,TR,5,MbD,3,Unknown,Unknown,2,6,c,188.82,31.77629488,vial found dessicated 1/14/2026 -NH- looks like they were tiny
335-4-0,335,4,0,winter,TR,5,MbD,3,Unknown,Unknown,1,3,b,1076.46,2.786912658,"youngest fish Ive ever seen, embryonic vibes- NH"
,335,4,0,winter,TR,5,MbD,1,Cryptaconthodidae ,Lyconectes aleutensis,1,1,c,,,
,335,4,0,winter,TR,5,MbD,4,Myctophidae,Stenobrachius leucopsarus,1,4,a,1076.46,3.715883544,
335-4-1,335,4,1,winter,TR,5,MbD,3,Bathylagidae,Lipolagus ochotensis,1,3,a,1296.32,2.314243397,
,335,4,1,winter,TR,5,MbD,1,Myctophidae,Protomyctophum crockeri,1,1,b,1296.32,0.771414466,
335-4-2,335,4,2,winter,TR,5,MbD,1,Myctophidae,Stenobrachius leucopsarus,1,1,a,923.49,1.082848759,
335-4-3,335,4,3,winter,TR,5,MbD,8,Myctophidae,Stenobrachius leucopsarus,1,8,a,827.43,9.668491594,
335-4-4,335,4,4,winter,TR,5,MbD,1,Paralepididae,Lestidiops ringens,1,1,b,755.27,1.324029817,
,335,4,4,winter,TR,5,MbD,21,Myctophidae,Stenobrachius leucopsarus,1,21,a,755.27,27.80462616,
,335,4,4,winter,TR,5,MbD,1,Scorpenidae,Sebastes spp.,1,1,c,755.27,1.324029817,
,335,4,4,winter,TR,5,MbD,1,Paralichthyidae,Citharichthys stigmaeus,1,1,e,755.27,1.324029817,
,335,4,4,winter,TR,5,MbD,1,unknown,Fish eggs,1,1,d,755.27,1.324029817,
336-1-0,336,1,0,winter,TR,5,MbN,2,Myctophidae,Stenobrachius leucopsarus,1,2,a,,,juveniles
,336,1,0,winter,TR,5,MbN,4,Scorpenidae,Sebastes spp.,1,4,b,,,
,336,1,0,winter,TR,5,MbN,2,Myctophidae,Stenobrachius leucopsarus,1,2,c,,,"larvae but damaged, one missing anterior half of body"
,336,1,0,winter,TR,5,MbN,1,unknown,Damaged,1,1,d,,,head only
0336-1-1,336,1,1,winter,TR,5,MbN,5,Myctophidae,Stenobrachius leucopsarus,1,5,a,,,juveniles in jar
0336-1-2,336,1,2,winter,TR,5,MbN,4,Scorpenidae,Sebastes spp.,1,4,a,,,
,336,1,2,winter,TR,5,MbN,1,unknown,Unknown,1,1,b,,,"tiny, yolk sac"
0336-1-3,336,1,3,winter,TR,5,MbN,11,Myctophidae,Stenobrachius leucopsarus,1,11,a,,,
,336,1,3,winter,TR,5,MbN,3,unknown,Damaged,1,3,b,,,
0336-1-4,336,1,4,winter,TR,5,MbN,1,Scorpenidae,Sebastes spp.,1,1,a,,,
336-4-0,336,4,0,winter,TR,5,MbN,"2,3,3,4",Myctophidae,Stenobrachius leucopsarus,1,12,"1a,2a,3a,4a",,,
,336,4,0,winter,TR,5,MbN,1,unknown,Fish eggs,1,1,3b,,,
,336,4,0,winter,TR,5,MbN,1,Myctophidae,Diaphus theta,1,1,1c,,,
0336-4-1,336,4,1,winter,TR,5,MbN,3,Myctophidae,Diaphus theta,1,3,d,,,
,336,4,1,winter,TR,5,MbN,2,Bathylagidae,Lipolagus ochotensis,1,2,b,,,
,336,4,1,winter,TR,5,MbN,1,Scorpenidae,Sebastes spp.,1,1,c,,,
,336,4,1,winter,TR,5,MbN,28,Myctophidae,Stenobrachius leucopsarus,1,28,a,,,
0336-4-2,336,4,2,winter,TR,5,MbN,2,Myctophidae,Stenobrachius leucopsarus,1,2,a,,,juveniles
,336,4,2,winter,TR,5,MbN,3,Myctophidae,Stenobrachius leucopsarus,1,3,b,,,
,336,4,2,winter,TR,5,MbN,2,Scorpenidae,Sebastes spp.,1,2,c,,,
,336,4,2,winter,TR,5,MbN,1,unknown,Unknown,1,1,d,,,NH wants to look at this one again
0336-4-3,336,4,3,winter,TR,5,MbN,1,Myctophidae,Stenobrachius leucopsarus,1,1,1a,,,juvenile
,336,4,3,winter,TR,5,MbN,1,Myctophidae,Stenobrachius leucopsarus,1,1,1b,,,larva with some damage
,336,4,3,winter,TR,5,MbN,1,unknown,Damaged,1,1,1c,,,
0336-4-4,336,4,4,winter,TR,5,MbN,0,no fish,no fish,1,0,-,,,
337-1-0,337,1,0,winter,TR,4,MbN,2,Myctophidae,Stenobrachius leucopsarus,1,2,a,,,juveniles
,337,1,0,winter,TR,4,MbN,5,unknown,Fish eggs,1,5,b,,,
,337,1,0,winter,TR,4,MbN,2,unknown,Damaged,1,2,c,,,
,337,1,0,winter,TR,4,MbN,1,Scorpenidae,Sebastes spp.,1,1,d,,,
0337-1-1,337,1,1,winter,TR,4,MbN,1,Myctophidae,Stenobrachius leucopsarus,1,1,a,,,juvenile
,337,1,1,winter,TR,4,MbN,8,Bathylagidae,Lipolagus ochotensis,1,8,b,,,"""one is tail only"""
,337,1,1,winter,TR,4,MbN,2,Myctophidae,Protomyctophum crockeri,1,2,c,,,
,337,1,1,winter,TR,4,MbN,2,Myctophidae,Tarletonbeania crenularis,1,2,d,,,one is juvenile
,337,1,1,winter,TR,4,MbN,1,Myctophidae,Stenobrachius leucopsarus,1,1,e,,,very small larva
0337-1-2,337,1,2,winter,TR,4,MbN,1,Myctophidae,Nannobrachium spp.,1,1,a,,,juvenile
,337,1,2,winter,TR,4,MbN,3,Bathylagidae,Lipolagus ochotensis,1,3,b,,,
,337,1,2,winter,TR,4,MbN,1,Myctophidae,Protomyctophum crockeri,1,1,c,,,
0337-1-3,337,1,3,winter,TR,4,MbN,2,Myctophidae,Stenobrachius leucopsarus,1,2,a,,,
,337,1,3,winter,TR,4,MbN,1,Bathylagidae,Lipolagus ochotensis,1,1,b,,,
,337,1,3,winter,TR,4,MbN,1,unknown,Damaged,1,1,c,,,
0337-1-4,337,1,4,winter,TR,4,MbN,1,Myctophidae,Diaphus theta,1,1,a,,,juvenile
,337,1,4,winter,TR,4,MbN,1,Myctophidae,Tarletonbeania crenularis,1,1,b,,,juvenile
,337,1,4,winter,TR,4,MbN,1,Pleuronectidae,Glyptocephalus zachirus,1,1,c,,,
337-4-0,337,4,0,winter,TR,4,MbN,1,Scorpenidae,Sebastes spp.,1,1,1a,,,
,337,4,0,winter,TR,4,MbN,1,Pleuronectidae,Fish eggs,1,1,2a,,,Glyptocephalus zachirus
,337,4,0,winter,TR,4,MbN,"4,1",Myctophidae,Stenobrachius leucopsarus,1,5,"3a,4a",,,3a is jar- NH
,337,4,0,winter,TR,4,MbN,1,unknown,Unknown,1,1,2b,,,"some damage, pigment seems distinctive, but not common in our samples"
,337,4,0,winter,TR,4,MbN,1,stomiidae,Unknown,1,1,3b,,,juvenile/adult
,337,4,0,winter,TR,4,MbN,1,Bathylagidae,Lipolagus ochotensis,1,1,4b,,,dessicated
0337-4-1,337,4,1,winter,TR,4,MbN,18,Bathylagidae,Lipolagus ochotensis,1,18,a,,,2 are heads only
,337,4,1,winter,TR,4,MbN,6,Myctophidae,Protomyctophum crockeri,1,6,b,,,
,337,4,1,winter,TR,4,MbN,1,unknown,Unknown,1,1,c,,,"unknown spots, pretty beat up"
,337,4,1,winter,TR,4,MbN,2,Myctophidae,Unknown,1,2,d,,,"in jar, juveniles, found dessicated 02/2026"
0337-4-2,337,4,2,winter,TR,4,MbN,3,Myctophidae,Stenobrachius leucopsarus,1,3,a,,,juveniles
,337,4,2,winter,TR,4,MbN,1,Cryptaconthodidae ,Lyconectes aleutensis,1,1,b,,,
,337,4,2,winter,TR,4,MbN,3,Bathylagidae,Lipolagus ochotensis,1,3,c,,,
,337,4,2,winter,TR,4,MbN,2,Myctophidae,Stenobrachius leucopsarus,1,2,d,,,
,337,4,2,winter,TR,4,MbN,2,unknown,Fish eggs,1,2,e,,,
0337-4-3,337,4,3,winter,TR,4,MbN,1,Bathylagidae,Lipolagus ochotensis,1,1,a,,,
,337,4,3,winter,TR,4,MbN,7,Myctophidae,Unknown,1,7,"b, b2",,,juveniles
,337,4,3,winter,TR,4,MbN,2,Myctophidae,Stenobrachius leucopsarus,1,2,c,,,
,337,4,3,winter,TR,4,MbN,1,unknown,Fish eggs,1,1,d,,,
,337,4,3,winter,TR,4,MbN,1,unknown,Damaged,1,1,e,,,
,337,4,3,winter,TR,4,MbN,1,unknown,Unknown,1,1,f,,,"""unknown spots"""
0337-4-4,337,4,4,winter,TR,4,MbN,5,unknown,Fish eggs,1,5,a,,,"""internal label ""0.085 of whole sample sub sample"""""
338-1-0,338,1,0,winter,TR,3,MbN,2,Myctophidae,Stenobrachius leucopsarus,1,2,a,,,juveniles
0338-1-1,338,1,1,winter,TR,3,MbN,2,Bathylagidae,Lipolagus ochotensis,1,2,a,,,
,338,1,1,winter,TR,3,MbN,1,Hexagrammidae,Ophiodon elongatus,1,1,b,,,
,338,1,1,winter,TR,3,MbN,1,Scorpenidae,Sebastes spp.,1,1,c,,,
,338,1,1,winter,TR,3,MbN,3,Myctophidae,Stenobrachius leucopsarus,1,3,jar,,,juveniles
0338-1-2,338,1,2,winter,TR,3,MbN,2,Bathylagidae,Lipolagus ochotensis,1,2,a,,,
,338,1,2,winter,TR,3,MbN,1,Myctophidae,Stenobrachius leucopsarus,1,1,b,,,
,338,1,2,winter,TR,3,MbN,1,Myctophidae,Protomyctophum crockeri,1,1,c,,,
,338,1,2,winter,TR,3,MbN,1,Scorpenidae,Sebastes spp.,1,1,d,,,
,338,1,2,winter,TR,3,MbN,1,Cyclopteridae,Liparis fucensis,1,1,e,,,
,338,1,2,winter,TR,3,MbN,2,Myctophidae,Stenobrachius leucopsarus,1,2,jar,,,juveniles
,338,1,2,winter,TR,3,MbN,1,unknown,Unknown,1,1,f,,,juvenile fish
0338-1-3,338,1,3,winter,TR,3,MbN,3,Bathylagidae,Lipolagus ochotensis,1,3,a,,,
,338,1,3,winter,TR,3,MbN,2,Cyclopteridae,Liparis spp.,1,2,b,,,
,338,1,3,winter,TR,3,MbN,3,Myctophidae,Stenobrachius leucopsarus,1,3,a2,,,juveniles in jar
0338-1-4,338,1,4,winter,TR,3,MbN,0,no fish,no fish,1,0,-,,,
338-4-0,338,4,0,winter,TR,3,MbN,1,Myctophidae,Stenobrachius leucopsarus,1,1,a,,,in jar
,338,4,0,winter,TR,3,MbN,4,unknown,Fish eggs,1,4,b,,,
0338-4-1,338,4,1,winter,TR,3,MbN,"9,8",Myctophidae,Unknown,1,17,"a,b",,,"juveniles, in jar"
,338,4,1,winter,TR,3,MbN,6,Bathylagidae,Lipolagus ochotensis,1,6,c,,,
,338,4,1,winter,TR,3,MbN,1,unknown,Unknown,1,1,d,,,juvenile fish
,338,4,1,winter,TR,3,MbN,1,Myctophidae,Diaphus theta,1,1,e,,,juvenile
0338-4-2,338,4,2,winter,TR,3,MbN,1,unknown,Unknown,1,1,a,,,juvenile
,338,4,2,winter,TR,3,MbN,16,Myctophidae,Stenobrachius leucopsarus,1,16,b,,,"juveniles, in jar"
,338,4,2,winter,TR,3,MbN,1,Bathylagidae,Lipolagus ochotensis,1,1,c,,,vial not with others of the same sample
0338-4-3,338,4,3,winter,TR,3,MbN,"1,15",Myctophidae,Diaphus theta,1,16,"1a,4a",,,"juveniles, vial 1a found dessicated 1/15/26. 4a is a jar in W19 jar box"
,338,4,3,winter,TR,3,MbN,2,Myctophidae,Stenobrachius leucopsarus,1,2,6a,,,juveniles
,338,4,3,winter,TR,3,MbN,21,unknown,Fish eggs,1,21,2a,,,
,338,4,3,winter,TR,3,MbN,1,Bathylagidae,Lipolagus ochotensis,1,1,2b,,,just a head
,338,4,3,winter,TR,3,MbN,1,unknown,Damaged,1,1,2c,,,
,338,4,3,winter,TR,3,MbN,1,unknown,Unknown,1,1,1d,,,
0338-4-4,338,4,4,winter,TR,3,MbN,1,Myctophidae,Stenobrachius leucopsarus,1,1,2a,,,juvenile
339-1-0,339,1,0,winter,TR,2,MbN,0,no fish,no fish,1,0,-,,,
0339-1-1,339,1,1,winter,TR,2,MbN,1,Pleuronectidae,Unknown,1,1,1a,,,"juvenile, in jar"
,339,1,1,winter,TR,2,MbN,1,Hexagrammidae,Ophiodon elongatus,1,1,2a,,,
0339-1-2,339,1,2,winter,TR,2,MbN,0,no fish,no fish,1,0,-,,,
0339-1-3,339,1,3,winter,TR,2,MbN,1,Myctophidae,Stenobrachius leucopsarus,1,1,2a,,,juvenile
,339,1,3,winter,TR,2,MbN,1,Scorpenidae,Sebastes spp.,1,1,2b,,,
,339,1,3,winter,TR,2,MbN,3,Myctophidae,Stenobrachius leucopsarus,1,3,2c,,,larvae
0339-1-4,339,1,4,winter,TR,2,MbN,1,Myctophidae,Stenobrachius leucopsarus,1,1,a,,,juvenile
,339,1,4,winter,TR,2,MbN,1,Pleuronectidae,Glyptocephalus zachirus,1,1,b,,,
,339,1,4,winter,TR,2,MbN,1,unknown,Unknown,1,1,c,,,"very small, might still have yolk sack"
,339,1,4,winter,TR,2,MbN,1,Scorpenidae,Sebastes spp.,1,1,d,,,
,339,1,4,winter,TR,2,MbN,2,Pleuronectidae,Fish eggs,1,2,e,,,Glyptocephalus zachirus eggs
339-4-0,339,4,0,winter,TR,2,MbN,5,unknown,Fish eggs,1,5,a,,,
0339-4-1,339,4,1,winter,TR,2,MbN,1,Pleuronectidae,Lyopsetta exilis,1,1,3a,,,"juvenile, in jar"
,339,4,1,winter,TR,2,MbN,1,Myctophidae,Protomyctophum crockeri,1,1,4a,,,
,339,4,1,winter,TR,2,MbN,1,unknown,Unknown,1,1,3b,,,"a bit damaged, could possibly be ID'd"
0339-4-2,339,4,2,winter,TR,2,MbN,1,Hexagrammidae,Ophiodon elongatus,1,1,2a,,,
0339-4-3,339,4,3,winter,TR,2,MbN,0,no fish,no fish,1,0,-,,,
0339-4-4,339,4,4,winter,TR,2,MbN,2,unknown,Fish eggs,1,2,a,,,
340-1-0,340,1,0,winter,TR,1,MbN,1,unknown,Fish eggs,1,2,a,,,
0340-1-3,340,1,3,winter,TR,1,MbN,3,Myctophidae,Stenobrachius leucopsarus,1,3,a,,,
,340,1,3,winter,TR,1,MbN,1,Cyclopteridae,Liparis spp.,1,1,b,,,
,340,1,3,winter,TR,1,MbN,1,unknown,Unknown,1,1,c,,,"tiny, yolk sac present"
,340,1,3,winter,TR,1,MbN,1,unknown,Damaged,1,1,d,,,"either Ophiodon elongatus or Lyconectes aleutensis, but too damaged to tell. Gut and most of body missing"
0340-1-4,340,1,4,winter,TR,1,MbN,3,Scorpenidae,Sebastes spp.,1,3,a,,,
340-4-0,340,4,0,winter,TR,1,MbN,3,unknown,Fish eggs,1,3,1a,,,
,340,4,0,winter,TR,1,MbN,1,Pleuronectidae,Fish eggs,1,1,3a,,,Glyptocephalus zachirus in egg
,340,4,0,winter,TR,1,MbN,1,Cryptaconthodidae ,Lyconectes aleutensis,1,1,1b,,,
0340-4-3,340,4,3,winter,TR,1,MbN,1,Cryptaconthodidae ,Lyconectes aleutensis,1,1,1a,,,
,340,4,3,winter,TR,1,MbN,1,Bathylagidae,Lipolagus ochotensis,1,1,2a,,,
0340-4-4,340,4,4,winter,TR,1,MbN,2,Scorpenidae,Sebastes spp.,1,2,a,,,
,340,4,4,winter,TR,1,MbN,1,Merlucciidae,Merluccius productus,1,1,b,,,
,340,4,4,winter,TR,1,MbN,1,Pleuronectidae,Fish eggs,1,1,c,,,Glyptocephalus zachirus in egg
,340,4,4,winter,TR,1,MbN,1,unknown,Unknown,1,1,d,,,
,340,4,4,winter,TR,1,MbN,1,unknown,Fish eggs,1,1,e,,,
