"cruise","transect","replicate","station","mocness_side","net","start_time_utc","start_time_pt","end_time_utc","end_time_pt","start_longitude_dd","start_latitude_dd","end_longitude_dd","end_latitude_dd","minimum_depth_m","maximum_depth_m","volume_from_flow_meter_m3","volume_from_ships_stw_m3","volume_m3_best","mean_temperature_c","mean_salinity_psu","mean_density_kgm3","incomplete_record_in_software_outputs","flow_meter_known_to_be_malfunctioning","potentially_inaccurate_depth_values","unsure_if_net_was_open_for_entire_time_specified","temperature_and_salinity_sensors_malfunctioning","notes"
"W18","NH","MaN",1,1,"0",2018-02-17 05:54:45,2018-02-16 21:54:45,2018-02-17 06:06:21,2018-02-16 22:06:21,-124.30108,44.65284,-124.31125,44.65296,0.5,51.1,233.064531314351,435.945428208594,233.064531314351,10.3403792592593,32.4168385185185,1025.01532453361,"","","","","",""
"W18","NH","MaN",1,4,"0",2018-02-17 05:54:45,2018-02-16 21:54:45,2018-02-17 06:06:21,2018-02-16 22:06:21,-124.30108,44.65284,-124.31125,44.65296,0.5,51.1,932.258125257403,1714.31918725714,932.258125257403,10.3403792592593,32.4168385185185,1025.01532453361,"","","","","",""
"W18","NH","MaN",1,1,"1",2018-02-17 06:06:21,2018-02-16 22:06:21,2018-02-17 06:10:05,2018-02-16 22:10:05,-124.31127,44.65296,-124.31439,44.65308,21.2,38.7,129.743057958598,76.821638582346,129.743057958598,10.468875,32.6028928571429,1025.14143128037,"","","","","",""
"W18","NH","MaN",1,4,"1",2018-02-17 06:06:21,2018-02-16 22:06:21,2018-02-17 06:10:05,2018-02-16 22:10:05,-124.31127,44.65296,-124.31439,44.65308,21.2,38.7,518.972231834392,307.805265343515,518.972231834392,10.468875,32.6028928571429,1025.14143128037,"","","","","",""
"W18","NH","MaN",1,1,"2",2018-02-17 06:10:05,2018-02-16 22:10:05,2018-02-17 06:14:53,2018-02-16 22:14:53,-124.31441,44.65308,-124.31867,44.65301,0.2,20.475,154.952344165818,151.76601826384,154.952344165818,10.2485173611111,32.2489375,1024.81168843279,"","","","","","Samples also exist for nets 3 and 4, but outputs for nets 3 and 4 are not present in .PRO file; sampling log says bottom depth was 81 m; maximum depth of tow was ~50 m"
"W18","NH","MaN",1,4,"2",2018-02-17 06:10:05,2018-02-16 22:10:05,2018-02-17 06:14:53,2018-02-16 22:14:53,-124.31441,44.65308,-124.31867,44.65301,0.2,20.475,619.809376663271,605.821671436061,619.809376663271,10.2485173611111,32.2489375,1024.81168843279,"","","","","","Samples also exist for nets 3 and 4, but outputs for nets 3 and 4 are not present in .PRO file; sampling log says bottom depth was 81 m; maximum depth of tow was ~50 m"
"W18","NH","MaN",3,1,"0",2018-02-17 10:20:58,2018-02-17 02:20:58,2018-02-17 10:30:22,2018-02-17 02:30:22,-124.65217,44.65201,-124.65769,44.65198,1.2,102,156.275246384831,368.880773547117,156.275246384831,10.2031245551601,32.851012455516,1025.47395845292,"","","","","",""
"W18","NH","MaN",3,4,"0",2018-02-17 10:20:58,2018-02-17 02:20:58,2018-02-17 10:30:22,2018-02-17 02:30:22,-124.65217,44.65201,-124.65769,44.65198,1.2,102,625.100985539326,1461.1148087952,625.100985539326,10.2031245551601,32.851012455516,1025.47395845292,"","","","","",""
"W18","NH","MaN",3,1,"1",2018-02-17 10:30:22,2018-02-17 02:30:22,2018-02-17 10:34:48,2018-02-17 02:34:48,-124.6577,44.65198,-124.66054,44.65198,70.948,103.038,122.950560486135,140.953610531194,122.950560486135,9.61543233082707,33.4914661654135,1026.24313272238,"","","","","",""
"W18","NH","MaN",3,4,"1",2018-02-17 10:30:22,2018-02-17 02:30:22,2018-02-17 10:34:48,2018-02-17 02:34:48,-124.6577,44.65198,-124.66054,44.65198,70.948,103.038,491.802241944538,564.187504811892,491.802241944538,9.61543233082707,33.4914661654135,1026.24313272238,"","","","","",""
"W18","NH","MaN",3,1,"2",2018-02-17 10:34:48,2018-02-17 02:34:48,2018-02-17 10:36:56,2018-02-17 02:36:56,-124.66055,44.65198,-124.66215,44.65198,50.9,71.2,71.0973431804407,52.531684188723,71.0973431804407,10.4231328125,32.83884375,1025.46694527567,"","","","","",""
"W18","NH","MaN",3,4,"2",2018-02-17 10:34:48,2018-02-17 02:34:48,2018-02-17 10:36:56,2018-02-17 02:36:56,-124.66055,44.65198,-124.66215,44.65198,50.9,71.2,284.389372721763,210.477916493629,284.389372721763,10.4231328125,32.83884375,1025.46694527567,"","","","","",""
"W18","NH","MaN",3,1,"3",2018-02-17 10:36:56,2018-02-17 02:36:56,2018-02-17 10:42:56,2018-02-17 02:42:56,-124.66216,44.65198,-124.66618,44.65198,24.6,51.062,177.939181224221,224.612758127094,177.939181224221,10.5331722222222,32.6438138888889,1025.20680696643,"","","","","",""
"W18","NH","MaN",3,4,"3",2018-02-17 10:36:56,2018-02-17 02:36:56,2018-02-17 10:42:56,2018-02-17 02:42:56,-124.66216,44.65198,-124.66618,44.65198,24.6,51.062,711.756724896885,898.925208740423,711.756724896885,10.5331722222222,32.6438138888889,1025.20680696643,"","","","","",""
"W18","NH","MaN",3,1,"4",2018-02-17 10:42:56,2018-02-17 02:42:56,2018-02-17 10:47:19,2018-02-17 02:47:19,-124.6662,44.65198,-124.66917,44.65198,4.127,24.5,130.809050524064,129.388426404806,130.809050524064,10.4543712121212,32.3569545454545,1024.87552959884,"","","","","",""
"W18","NH","MaN",3,4,"4",2018-02-17 10:42:56,2018-02-17 02:42:56,2018-02-17 10:47:19,2018-02-17 02:47:19,-124.6662,44.65198,-124.66917,44.65198,4.127,24.5,523.236202096256,517.685873154785,523.236202096256,10.4543712121212,32.3569545454545,1024.87552959884,"","","","","",""
"W18","NH","MaN",5,1,"0",2018-02-17 14:07:21,2018-02-17 06:07:21,2018-02-17 14:36:14,2018-02-17 06:36:14,-125.1206,44.65107,-125.14092,44.64584,2.6,102.5,1261.1952358115,572.298850913744,1261.1952358115,10.4465995383728,32.9535954991345,1025.50831940875,"","","","","","Only one net was open for entire tow"
"W18","NH","MaN",5,4,"0",2018-02-17 14:07:21,2018-02-17 06:07:21,2018-02-17 14:36:14,2018-02-17 06:36:14,-125.1206,44.65107,-125.14092,44.64584,2.6,102.5,5044.78094324602,2210.21861882986,5044.78094324602,10.4465995383728,32.9535954991345,1025.50831940875,"","","","","","Only one net was open for entire tow"
"W18","NH","MaD",5,1,"0",2018-02-17 18:09:16,2018-02-17 10:09:16,2018-02-17 18:36:03,2018-02-17 10:36:03,-125.11908,44.65291,-125.13699,44.65142,0.6,99.8,247.728689818969,566.350776527344,247.728689818969,10.4093823163138,32.9938312577833,1025.55525667601,"","","","","","Only one net was open for entire tow"
"W18","NH","MaD",5,4,"0",2018-02-17 18:09:16,2018-02-17 10:09:16,2018-02-17 18:36:03,2018-02-17 10:36:03,-125.11908,44.65291,-125.13699,44.65142,0.6,99.8,990.914759275874,1969.96861662025,990.914759275874,10.4093823163138,32.9938312577833,1025.55525667601,"","","","","","Only one net was open for entire tow"
"W18","NH","MaD",3,1,"0",2018-02-17 22:58:28,2018-02-17 14:58:28,2018-02-17 23:32:40,2018-02-17 15:32:40,-124.65076,44.6485,-124.67264,44.64652,0.9,98.7,268.318793129359,572.298850913744,268.318793129359,10.3008104543234,32.8387899364924,1025.45122340888,"","","","","","Only one net was open for entire tow; times in log are wrong"
"W18","NH","MaD",3,4,"0",2018-02-17 22:58:28,2018-02-17 14:58:28,2018-02-17 23:32:40,2018-02-17 15:32:40,-124.65076,44.6485,-124.67264,44.64652,0.9,98.7,1073.27517251743,2241.23209456377,1073.27517251743,10.3008104543234,32.8387899364924,1025.45122340888,"","","","","","Only one net was open for entire tow; times in log are wrong"
"W18","NH","MaD",1,1,"0",2018-02-18 04:15:43,2018-02-17 20:15:43,2018-02-18 04:24:52,2018-02-17 20:24:52,-124.29635,44.65112,-124.30109,44.65124,11.943,51.7,201.43692435654,347.912993869518,201.43692435654,10.3950974632844,32.434393858478,1025.0123862045,"","","","","","Times in log are about an hour earlier than those in software outputs"
"W18","NH","MaD",1,4,"0",2018-02-18 04:15:43,2018-02-17 20:15:43,2018-02-18 04:24:52,2018-02-17 20:24:52,-124.29635,44.65112,-124.30109,44.65124,11.943,51.7,805.770940668224,1367.22251129143,805.770940668224,10.3950974632844,32.434393858478,1025.0123862045,"","","","","","Times in log are about an hour earlier than those in software outputs"
"W18","NH","MaD",1,1,"3",2018-02-18 04:24:52,2018-02-17 20:24:52,2018-02-18 04:28:35,2018-02-17 20:28:35,-124.30111,44.65125,-124.30375,44.65123,25.5,53.7,NA,86.3877637431291,86.3877637431291,10.4701050724638,32.6848695652174,1025.25631555262,"","","","","","Times in log are about an hour earlier than those in software outputs"
"W18","NH","MaD",1,4,"3",2018-02-18 04:24:52,2018-02-17 20:24:52,2018-02-18 04:28:35,2018-02-17 20:28:35,-124.30111,44.65125,-124.30375,44.65123,25.5,53.7,NA,346.133948749397,346.133948749397,10.4701050724638,32.6848695652174,1025.25631555262,"","","","","","Times in log are about an hour earlier than those in software outputs"
"W18","NH","MaD",1,1,"4",2018-02-18 04:28:35,2018-02-17 20:28:35,2018-02-18 04:34:48,2018-02-17 20:34:48,-124.30377,44.65123,-124.30854,44.65145,2.1,25.359,187.982545557631,226.191658705197,187.982545557631,10.3087712765957,32.2928563829787,1024.86235167769,"","","","","","Times in log are about an hour earlier than those in software outputs"
"W18","NH","MaD",1,4,"4",2018-02-18 04:28:35,2018-02-17 20:28:35,2018-02-18 04:34:48,2018-02-17 20:34:48,-124.30377,44.65123,-124.30854,44.65145,2.1,25.359,751.930182230526,901.572664814251,751.930182230526,10.3087712765957,32.2928563829787,1024.86235167769,"","","","","","Times in log are about an hour earlier than those in software outputs"
"W18","TR","MaN",1,1,"0",2018-02-20 03:52:46,2018-02-19 19:52:46,2018-02-20 04:00:55,2018-02-19 20:00:55,-124.26872,41.05758,-124.26947,41.05846,0.5,50.223,187.538563927158,350.357450818995,187.538563927158,9.72981595092025,33.4162126789366,1025.9038697726,"","","","","","Times in log are about an hour earlier than those in software outputs"
"W18","TR","MaN",1,4,"0",2018-02-20 03:52:46,2018-02-19 19:52:46,2018-02-20 04:00:55,2018-02-19 20:00:55,-124.26872,41.05758,-124.26947,41.05846,0.5,50.223,750.15425570863,1374.85275378967,750.15425570863,9.72981595092025,33.4162126789366,1025.9038697726,"","","","","","Times in log are about an hour earlier than those in software outputs"
"W18","TR","MaN",1,1,"3",2018-02-20 04:00:55,2018-02-19 20:00:55,2018-02-20 04:05:33,2018-02-19 20:05:33,-124.26947,41.05846,-124.2704,41.05936,25.32,49.19,162.704445241478,187.443310764873,162.704445241478,9.75425179856115,33.4152374100719,1025.92819022834,"","","","","","Times in log are about an hour earlier than those in software outputs"
"W18","TR","MaN",1,4,"3",2018-02-20 04:00:55,2018-02-19 20:00:55,2018-02-20 04:05:33,2018-02-19 20:05:33,-124.26947,41.05846,-124.2704,41.05936,25.32,49.19,650.817780965911,742.020597029066,650.817780965911,9.75425179856115,33.4152374100719,1025.92819022834,"","","","","","Times in log are about an hour earlier than those in software outputs"
"W18","TR","MaN",1,1,"4",2018-02-20 04:05:33,2018-02-19 20:05:33,2018-02-20 04:11:08,2018-02-19 20:11:08,-124.27041,41.05936,-124.27103,41.06045,2.6,25.4,197.70013494924,169.049153147252,197.70013494924,9.79339285714286,33.371681547619,1025.77618338836,"","","","","","Times in log are about an hour earlier than those in software outputs"
"W18","TR","MaN",1,4,"4",2018-02-20 04:05:33,2018-02-19 20:05:33,2018-02-20 04:11:08,2018-02-19 20:11:08,-124.27041,41.05936,-124.27103,41.06045,2.6,25.4,790.800539796959,672.310670211106,790.800539796959,9.79339285714286,33.371681547619,1025.77618338836,"","","","","","Times in log are about an hour earlier than those in software outputs"
"W18","TR","MaN",3,1,"0",2018-02-20 06:04:16,2018-02-19 22:04:16,2018-02-20 06:18:57,2018-02-19 22:18:57,-124.43383,41.0589,-124.43302,41.06513,0.6,102.6,284.640658828307,470.176544709438,284.640658828307,9.83368109339408,33.2359031890661,1025.81165075664,"","","","","","Times in log are about an hour earlier than those in software outputs"
"W18","TR","MaN",3,4,"0",2018-02-20 06:04:16,2018-02-19 22:04:16,2018-02-20 06:18:57,2018-02-19 22:18:57,-124.43383,41.0589,-124.43302,41.06513,0.6,102.6,1138.56263531323,1801.6430235512,1138.56263531323,9.83368109339408,33.2359031890661,1025.81165075664,"","","","","","Times in log are about an hour earlier than those in software outputs"
"W18","TR","MaN",3,1,"1",2018-02-20 06:18:57,2018-02-19 22:18:57,2018-02-20 06:23:19,2018-02-19 22:23:19,-124.43302,41.06514,-124.43263,41.0672,75.661,102.6,111.710388059773,191.908028001997,111.710388059773,8.84724809160305,33.767679389313,1026.57946162319,"","","","","","Times in log are about an hour earlier than those in software outputs"
"W18","TR","MaN",3,4,"1",2018-02-20 06:18:57,2018-02-19 22:18:57,2018-02-20 06:23:19,2018-02-19 22:23:19,-124.43302,41.06514,-124.43263,41.0672,75.661,102.6,446.841552239094,759.713133023803,446.841552239094,8.84724809160305,33.767679389313,1026.57946162319,"","","","","","Times in log are about an hour earlier than those in software outputs"
"W18","TR","MaN",3,1,"2",2018-02-20 06:23:19,2018-02-19 22:23:19,2018-02-20 06:27:18,2018-02-19 22:27:18,-124.43263,41.06721,-124.43246,41.06906,47.9,76,111.35573678388,146.880055176697,111.35573678388,9.36808786610879,33.526359832636,1026.18647880454,"","","","","","Times in log are about an hour earlier than those in software outputs"
"W18","TR","MaN",3,4,"2",2018-02-20 06:23:19,2018-02-19 22:23:19,2018-02-20 06:27:18,2018-02-19 22:27:18,-124.43263,41.06721,-124.43246,41.06906,47.9,76,445.42294713552,587.62306880108,445.42294713552,9.36808786610879,33.526359832636,1026.18647880454,"","","","","","Times in log are about an hour earlier than those in software outputs"
"W18","TR","MaN",3,1,"3",2018-02-20 06:27:18,2018-02-19 22:27:18,2018-02-20 06:31:38,2018-02-19 22:31:38,-124.43246,41.06907,-124.43229,41.07112,24.419,47.424,148.208547398864,159.561116207077,148.208547398864,10.3053423076923,33.0688961538462,1025.55711215434,"","","","","","Times in log are about an hour earlier than those in software outputs"
"W18","TR","MaN",3,4,"3",2018-02-20 06:27:18,2018-02-19 22:27:18,2018-02-20 06:31:38,2018-02-19 22:31:38,-124.43246,41.06907,-124.43229,41.07112,24.419,47.424,592.834189595456,636.749803916847,592.834189595456,10.3053423076923,33.0688961538462,1025.55711215434,"","","","","","Times in log are about an hour earlier than those in software outputs"
"W18","TR","MaN",3,1,"4",2018-02-20 06:31:38,2018-02-19 22:31:38,2018-02-20 06:38:04,2018-02-19 22:38:04,-124.43229,41.07113,-124.43129,41.07408,1.7,24.9,235.110935943104,302.602257544086,235.110935943104,10.4491214470284,32.9892558139535,1025.3732759338,"","","","","","Times in log are about an hour earlier than those in software outputs"
"W18","TR","MaN",3,4,"4",2018-02-20 06:31:38,2018-02-19 22:31:38,2018-02-20 06:38:04,2018-02-19 22:38:04,-124.43229,41.07113,-124.43129,41.07408,1.7,24.9,940.443743772418,1195.39376754405,940.443743772418,10.4491214470284,32.9892558139535,1025.3732759338,"","","","","","Times in log are about an hour earlier than those in software outputs"
"W18","TR","MaN",5,1,"0",2018-02-20 09:54:19,2018-02-20 01:54:19,2018-02-20 10:10:42,2018-02-20 02:10:42,-124.74919,41.05828,-124.75043,41.06205,1.6,98.635,344.672001486924,491.66481597474,344.672001486924,9.78115259409969,33.3010956256358,1025.86974791815,"","","","","","Times in log are about an hour earlier than those in software outputs"
"W18","TR","MaN",5,4,"0",2018-02-20 09:54:19,2018-02-20 01:54:19,2018-02-20 10:10:42,2018-02-20 02:10:42,-124.74919,41.05828,-124.75043,41.06205,1.6,98.635,1378.6880059477,1834.46829042494,1378.6880059477,9.78115259409969,33.3010956256358,1025.86974791815,"","","","","","Times in log are about an hour earlier than those in software outputs"
"W18","TR","MaN",5,1,"1",2018-02-20 10:10:42,2018-02-20 02:10:42,2018-02-20 10:14:38,2018-02-20 02:14:38,-124.75043,41.06206,-124.75078,41.06307,73.9,98.1,119.001406733552,126.139642314553,119.001406733552,9.62823728813559,33.4867542372881,1026.2292243258,"","","","","","Times in log are about an hour earlier than those in software outputs"
"W18","TR","MaN",5,4,"1",2018-02-20 10:10:42,2018-02-20 02:10:42,2018-02-20 10:14:38,2018-02-20 02:14:38,-124.75043,41.06206,-124.75078,41.06307,73.9,98.1,476.005626934209,505.156846554888,476.005626934209,9.62823728813559,33.4867542372881,1026.2292243258,"","","","","","Times in log are about an hour earlier than those in software outputs"
"W18","TR","MaN",5,1,"2",2018-02-20 10:14:38,2018-02-20 02:14:38,2018-02-20 10:20:13,2018-02-20 02:20:13,-124.75078,41.06307,-124.75125,41.0645,51.1,73.6,172.340669743299,228.341688213665,172.340669743299,9.69606865671642,33.3950985074627,1026.03147951339,"","","","","","Times in log are about an hour earlier than those in software outputs"
"W18","TR","MaN",5,4,"2",2018-02-20 10:14:38,2018-02-20 02:14:38,2018-02-20 10:20:13,2018-02-20 02:20:13,-124.75078,41.06307,-124.75125,41.0645,51.1,73.6,689.362678973195,906.486304969908,689.362678973195,9.69606865671642,33.3950985074627,1026.03147951339,"","","","","","Times in log are about an hour earlier than those in software outputs"
"W18","TR","MaN",5,1,"3",2018-02-20 10:20:13,2018-02-20 02:20:13,2018-02-20 10:26:45,2018-02-20 02:26:45,-124.75125,41.0645,-124.75181,41.06618,24.483,51.117,219.043561172943,309.466393203523,219.043561172943,9.7144362244898,33.3410969387755,1025.88076961284,"","","","","","Times in log are about an hour earlier than those in software outputs"
"W18","TR","MaN",5,4,"3",2018-02-20 10:20:13,2018-02-20 02:20:13,2018-02-20 10:26:45,2018-02-20 02:26:45,-124.75125,41.0645,-124.75181,41.06618,24.483,51.117,876.174244691774,1223.36011273737,876.174244691774,9.7144362244898,33.3410969387755,1025.88076961284,"","","","","","Times in log are about an hour earlier than those in software outputs"
"W18","TR","MaN",5,1,"4",2018-02-20 10:26:45,2018-02-20 02:26:45,2018-02-20 10:32:34,2018-02-20 02:32:34,-124.75181,41.06617,-124.75222,41.0674,0.9,23.7,205.449926437991,243.349377563237,205.449926437991,9.90716285714286,33.1647771428571,1025.59521688402,"","","","","","Times in log are about an hour earlier than those in software outputs"
"W18","TR","MaN",5,4,"4",2018-02-20 10:26:45,2018-02-20 02:26:45,2018-02-20 10:32:34,2018-02-20 02:32:34,-124.75181,41.06617,-124.75222,41.0674,0.9,23.7,821.799705751965,965.722456789075,821.799705751965,9.90716285714286,33.1647771428571,1025.59521688402,"","","","","","Times in log are about an hour earlier than those in software outputs"
"W18","TR","MaD",5,1,"0",2018-02-20 15:18:11,2018-02-20 07:18:11,2018-02-20 15:46:55,2018-02-20 07:46:55,-124.75873,41.04911,-124.76523,41.05029,1.8,105,224.223073396361,572.298850913744,224.223073396361,9.79380360255665,33.3303091226031,1025.90635899635,"","","","","","Only one net was open for entire tow"
"W18","TR","MaD",5,4,"0",2018-02-20 15:18:11,2018-02-20 07:18:11,2018-02-20 15:46:55,2018-02-20 07:46:55,-124.75873,41.04911,-124.76523,41.05029,1.8,105,896.892293585442,2241.23209456377,896.892293585442,9.79380360255665,33.3303091226031,1025.90635899635,"","","","","","Only one net was open for entire tow"
"W18","TR","MaD",3,1,"0",2018-02-20 18:46:17,2018-02-20 10:46:17,2018-02-20 19:18:12,2018-02-20 11:18:12,-124.43355,41.06038,-124.42581,41.07415,2.7,102.9,NA,572.298850913744,572.298850913744,9.81404545454545,33.3001541274817,1025.87135322439,"","Yes","","","","Only one net was open for entire tow"
"W18","TR","MaD",3,4,"0",2018-02-20 18:46:17,2018-02-20 10:46:17,2018-02-20 19:18:12,2018-02-20 11:18:12,-124.43355,41.06038,-124.42581,41.07415,2.7,102.9,NA,2210.21861882986,2210.21861882986,9.81404545454545,33.3001541274817,1025.87135322439,"","Yes","","","","Only one net was open for entire tow"
"W18","TR","MaD",2,1,"0",2018-02-20 20:53:46,2018-02-20 12:53:46,2018-02-20 21:20:41,2018-02-20 13:20:41,-124.3381,41.05764,-124.31937,41.05063,3.4,99.3,163.323156793552,523.713738146403,163.323156793552,9.30983405572755,33.5340953560371,1026.15507140336,"","","","","","Only one net was open for entire tow"
"W18","TR","MaD",2,4,"0",2018-02-20 20:53:46,2018-02-20 12:53:46,2018-02-20 21:20:41,2018-02-20 13:20:41,-124.3381,41.05764,-124.31937,41.05063,3.4,99.3,653.292627174207,1859.79077422614,653.292627174207,9.30983405572755,33.5340953560371,1026.15507140336,"","","","","","Only one net was open for entire tow"
"W18","TR","MaD",1,1,"0",2018-02-20 22:24:59,2018-02-20 14:24:59,2018-02-20 22:41:42,2018-02-20 14:41:42,-124.27161,41.05854,-124.28301,41.06144,2.4,52.2,166.339683229092,482.902355840191,166.339683229092,9.0965250501002,33.6739539078156,1026.18511360745,"","","","","","Only one net was open for entire tow"
"W18","TR","MaD",1,4,"0",2018-02-20 22:24:59,2018-02-20 14:24:59,2018-02-20 22:41:42,2018-02-20 14:41:42,-124.27161,41.05854,-124.28301,41.06144,2.4,52.2,665.358732916369,1810.95584423025,665.358732916369,9.0965250501002,33.6739539078156,1026.18511360745,"","","","","","Only one net was open for entire tow"
"W18","NH","MbD",5,1,"0",2018-02-23 16:03:53,2018-02-23 08:03:53,2018-02-23 16:33:15,2018-02-23 08:33:15,-125.11497,44.6521,-125.09445,44.65239,0.817,99.7,213.514852160438,546.333999526978,213.514852160438,9.7930448608745,32.6651936399773,1025.38534553739,"","","","","","Only one net was open for entire tow"
"W18","NH","MbD",5,4,"0",2018-02-23 16:03:53,2018-02-23 08:03:53,2018-02-23 16:33:15,2018-02-23 08:33:15,-125.11497,44.6521,-125.09445,44.65239,0.817,99.7,854.059408641754,1934.87919182859,854.059408641754,9.7930448608745,32.6651936399773,1025.38534553739,"","","","","","Only one net was open for entire tow"
"W18","NH","MbD",3,1,"0",2018-02-23 19:34:48,2018-02-23 11:34:48,2018-02-23 20:03:31,2018-02-23 12:03:31,-124.64777,44.6512,-124.64898,44.63754,1.1,100.3,110.52933014731,572.298850913744,110.52933014731,9.95670393974508,32.7542242178447,1025.4337469655,"","","","","","Only one net was open for entire tow"
"W18","NH","MbD",3,4,"0",2018-02-23 19:34:48,2018-02-23 11:34:48,2018-02-23 20:03:31,2018-02-23 12:03:31,-124.64777,44.6512,-124.64898,44.63754,1.1,100.3,442.117320589241,2140.33445809657,442.117320589241,9.95670393974508,32.7542242178447,1025.4337469655,"","","","","","Only one net was open for entire tow"
"W18","NH","MbD",2,1,"0",2018-02-23 21:51:58,2018-02-23 13:51:58,2018-02-23 22:07:38,2018-02-23 14:07:38,-124.41262,44.64822,-124.41452,44.63938,1.6,50.4,143.365840281414,464.165517958436,143.365840281414,10.3470850159405,32.449045696068,1025.02161774245,"","","","","","Only one net was open for entire tow"
"W18","NH","MbD",2,4,"0",2018-02-23 21:51:58,2018-02-23 13:51:58,2018-02-23 22:07:38,2018-02-23 14:07:38,-124.41262,44.64822,-124.41452,44.63938,1.6,50.4,573.463361125655,1794.17336481674,573.463361125655,10.3470850159405,32.449045696068,1025.02161774245,"","","","","","Only one net was open for entire tow"
"W18","NH","MbD",1,1,"0",2018-02-23 23:29:00,2018-02-23 15:29:00,2018-02-23 23:32:40,2018-02-23 15:32:40,-124.29455,44.64862,-124.29461,44.64821,0,48.5,NA,68.5299536741656,68.5299536741656,9.77645,33.2536625,1025.84515319295,"Yes","","","","","Missing software outputs for most of this net; software outputs start at 45.5 m depth and 15:31:20; log says MOCNESS was deployed at 14:29 [sic]; times in log are an hour earlier than in software outputs"
"W18","NH","MbD",1,4,"0",2018-02-23 23:29:00,2018-02-23 15:29:00,2018-02-23 23:32:40,2018-02-23 15:32:40,-124.29455,44.64862,-124.29461,44.64821,0,48.5,NA,274.580743032104,274.580743032104,9.77645,33.2536625,1025.84515319295,"Yes","","","","","Missing software outputs for most of this net; software outputs start at 45.5 m depth and 15:31:20; log says MOCNESS was deployed at 14:29 [sic]; times in log are an hour earlier than in software outputs"
"W18","NH","MbD",1,1,"3",2018-02-23 23:32:40,2018-02-23 15:32:40,2018-02-23 23:36:30,2018-02-23 15:36:30,-124.29462,44.6482,-124.2947,44.64675,23.1,49,46.1627843142824,86.3877637431291,46.1627843142824,10.1327434782609,32.8058913043478,1025.38350909589,"","","","","","Times in log are an hour earlier than in software outputs"
"W18","NH","MbD",1,4,"3",2018-02-23 23:32:40,2018-02-23 15:32:40,2018-02-23 23:36:30,2018-02-23 15:36:30,-124.29462,44.6482,-124.2947,44.64675,23.1,49,184.65113725713,346.133948749397,184.65113725713,10.1327434782609,32.8058913043478,1025.38350909589,"","","","","","Times in log are an hour earlier than in software outputs"
"W18","NH","MbD",1,1,"4",2018-02-23 23:36:30,2018-02-23 15:36:30,2018-02-23 23:40:13,2018-02-23 15:40:13,-124.2947,44.64674,-124.29521,44.64474,1.8,22.2,50.0370827446356,179.907313688079,50.0370827446356,9.57808482142857,31.6697946428571,1024.48416499138,"","","","","","Times in log are an hour earlier than in software outputs"
"W18","NH","MbD",1,4,"4",2018-02-23 23:36:30,2018-02-23 15:36:30,2018-02-23 23:40:13,2018-02-23 15:40:13,-124.2947,44.64674,-124.29521,44.64474,1.8,22.2,200.148330978542,717.993447548739,200.148330978542,9.57808482142857,31.6697946428571,1024.48416499138,"","","","","","Times in log are an hour earlier than in software outputs"
"S18","NH","McD",1,1,"0",2018-07-05 16:59:17,2018-07-05 09:59:17,2018-07-05 17:08:00,2018-07-05 10:08:00,-124.29923,44.65197,-124.30269,44.65193,0,22.5,NA,388.557823401133,388.557823401133,9.37906766917293,33.2250488721805,1025.66813466966,"Yes","Yes","Yes","","","Only one net was open for entire tow: times are from sampling log; software outputs start at 21.1 m depth; flow meter counts are not monotonic; long string of depth values equal to 6.4 m; no values in .txt file"
"S18","NH","McD",1,4,"0",2018-07-05 16:59:17,2018-07-05 09:59:17,2018-07-05 17:08:00,2018-07-05 10:08:00,-124.29923,44.65197,-124.30269,44.65193,0,22.5,NA,1528.05184381411,1528.05184381411,9.37906766917293,33.2250488721805,1025.66813466966,"Yes","Yes","Yes","","","Only one net was open for entire tow: times are from sampling log; software outputs start at 21.1 m depth; flow meter counts are not monotonic; long string of depth values equal to 6.4 m; no values in .txt file"
"S18","TR","MaD",1,1,"0",2018-07-06 16:02:02,2018-07-06 09:02:02,2018-07-06 16:07:50,2018-07-06 09:07:50,-124.26598,41.05858,-124.26996,41.05851,0.4,50.5,55.2437551111363,264.407649793147,55.2437551111363,8.91281104651163,33.8494709302326,1026.35595407599,"","","","","",""
"S18","TR","MaD",1,4,"0",2018-07-06 16:02:02,2018-07-06 09:02:02,2018-07-06 16:07:50,2018-07-06 09:07:50,-124.26598,41.05858,-124.26996,41.05851,0.4,50.5,220.975020444545,1046.36037395348,220.975020444545,8.91281104651163,33.8494709302326,1026.35595407599,"","","","","",""
"S18","TR","MaD",1,1,"3",2018-07-06 16:07:50,2018-07-06 09:07:50,2018-07-06 16:12:00,2018-07-06 09:12:00,-124.26997,41.05851,-124.27282,41.0585,26.9,47.4,82.631505358476,144.79042712711,82.631505358476,8.435068,33.87328,1026.49306361432,"","","","","",""
"S18","TR","MaD",1,4,"3",2018-07-06 16:07:50,2018-07-06 09:07:50,2018-07-06 16:12:00,2018-07-06 09:12:00,-124.26997,41.05851,-124.27282,41.0585,26.9,47.4,330.526021433904,579.62461231691,330.526021433904,8.435068,33.87328,1026.49306361432,"","","","","",""
"S18","TR","MaD",1,1,"4",2018-07-06 16:12:00,2018-07-06 09:12:00,2018-07-06 16:18:49,2018-07-06 09:18:49,-124.27283,41.0585,-124.27704,41.05761,0.7,26.3,137.778842141163,316.67376746635,137.778842141163,9.23728780487805,33.8134024390244,1026.21499665853,"","","","","",""
"S18","TR","MaD",1,4,"4",2018-07-06 16:12:00,2018-07-06 09:12:00,2018-07-06 16:18:49,2018-07-06 09:18:49,-124.27283,41.0585,-124.27704,41.05761,0.7,26.3,551.115368564652,1260.54794006472,551.115368564652,9.23728780487805,33.8134024390244,1026.21499665853,"","","","","",""
"S18","TR","MaD",2,1,"0",2018-07-06 17:22:09,2018-07-06 10:22:09,2018-07-06 17:30:56,2018-07-06 10:30:56,-124.3403,41.05845,-124.34625,41.05839,0.5,100.5,103.43038052328,376.793813904553,103.43038052328,9.065110056926,33.7814041745731,1026.38846708992,"","","","","",""
"S18","TR","MaD",2,4,"0",2018-07-06 17:22:09,2018-07-06 10:22:09,2018-07-06 17:30:56,2018-07-06 10:30:56,-124.3403,41.05845,-124.34625,41.05839,0.5,100.5,413.721522093122,1490.83067984559,413.721522093122,9.065110056926,33.7814041745731,1026.38846708992,"","","","","",""
"S18","TR","MaD",2,1,"1",2018-07-06 17:30:56,2018-07-06 10:30:56,2018-07-06 17:35:49,2018-07-06 10:35:49,-124.34626,41.05838,-124.34947,41.05839,76.085,100.3,90.3238200346581,186.257235192532,90.3238200346581,8.23347098976109,33.8925938566553,1026.77187031576,"","","","","",""
"S18","TR","MaD",2,4,"1",2018-07-06 17:30:56,2018-07-06 10:30:56,2018-07-06 17:35:49,2018-07-06 10:35:49,-124.34626,41.05838,-124.34947,41.05839,76.085,100.3,361.295280138632,740.014155302531,361.295280138632,8.23347098976109,33.8925938566553,1026.77187031576,"","","","","",""
"S18","TR","MaD",2,1,"2",2018-07-06 17:35:49,2018-07-06 10:35:49,2018-07-06 17:40:56,2018-07-06 10:40:56,-124.34948,41.05839,-124.35259,41.05839,55.2,75.5,109.126501029671,138.432964855313,109.126501029671,8.50886319218241,33.8404657980456,1026.5796945122,"","","","","",""
"S18","TR","MaD",2,4,"2",2018-07-06 17:35:49,2018-07-06 10:35:49,2018-07-06 17:40:56,2018-07-06 10:40:56,-124.34948,41.05839,-124.35259,41.05839,55.2,75.5,436.506004118683,548.207442293204,436.506004118683,8.50886319218241,33.8404657980456,1026.5796945122,"","","","","",""
"S18","TR","MaD",2,1,"3",2018-07-06 17:40:56,2018-07-06 10:40:56,2018-07-06 17:47:09,2018-07-06 10:47:09,-124.3526,41.05839,-124.35663,41.05826,25.4,55.2,140.732033515349,243.629274078235,140.732033515349,9.09972386058981,33.7874235924933,1026.34201444814,"","","","","",""
"S18","TR","MaD",2,4,"3",2018-07-06 17:40:56,2018-07-06 10:40:56,2018-07-06 17:47:09,2018-07-06 10:47:09,-124.3526,41.05839,-124.35663,41.05826,25.4,55.2,562.928134061396,968.026962612335,562.928134061396,9.09972386058981,33.7874235924933,1026.34201444814,"","","","","",""
"S18","TR","MaD",2,1,"4",2018-07-06 17:47:09,2018-07-06 10:47:09,2018-07-06 17:52:07,2018-07-06 10:52:07,-124.35664,41.05826,-124.36001,41.0582,0.5,24.609,120.099408187936,178.494351633881,120.099408187936,10.6670702341137,33.7448060200669,1025.9136509514,"","","","","",""
"S18","TR","MaD",2,4,"4",2018-07-06 17:47:09,2018-07-06 10:47:09,2018-07-06 17:52:07,2018-07-06 10:52:07,-124.35664,41.05826,-124.36001,41.0582,0.5,24.609,480.397632751744,704.608227487732,480.397632751744,10.6670702341137,33.7448060200669,1025.9136509514,"","","","","",""
"S18","TR","MaD",3,1,"0",2018-07-06 19:18:46,2018-07-06 12:18:46,2018-07-06 19:26:17,2018-07-06 12:26:17,-124.42767,41.05824,-124.43402,41.0583,0.7,101.7,74.7925569295464,317.944455865861,74.7925569295464,9.60376334106729,33.6708468677494,1026.1907666576,"","","","","",""
"S18","TR","MaD",3,4,"0",2018-07-06 19:18:46,2018-07-06 12:18:46,2018-07-06 19:26:17,2018-07-06 12:26:17,-124.42767,41.05824,-124.43402,41.0583,0.7,101.7,299.170227718186,1266.16350707877,299.170227718186,9.60376334106729,33.6708468677494,1026.1907666576,"","","","","",""
"S18","TR","MaD",3,1,"1",2018-07-06 19:26:17,2018-07-06 12:26:17,2018-07-06 19:34:00,2018-07-06 12:34:00,-124.43404,41.0583,-124.44009,41.05842,77.6,100.575,141.070026010951,348.86397070355,141.070026010951,8.31981857451404,33.8704470842333,1026.74061598566,"","","","","",""
"S18","TR","MaD",3,4,"1",2018-07-06 19:26:17,2018-07-06 12:26:17,2018-07-06 19:34:00,2018-07-06 12:34:00,-124.43404,41.0583,-124.44009,41.05842,77.6,100.575,564.280104043803,1370.41201314188,564.280104043803,8.31981857451404,33.8704470842333,1026.74061598566,"","","","","",""
"S18","TR","MaD",3,1,"2",2018-07-06 19:34:00,2018-07-06 12:34:00,2018-07-06 19:39:53,2018-07-06 12:39:53,-124.44011,41.05842,-124.44439,41.0585,49.9,77.3,132.449854101586,256.374441159558,132.449854101586,8.8160821529745,33.7736345609065,1026.48006585188,"","","","","",""
"S18","TR","MaD",3,4,"2",2018-07-06 19:34:00,2018-07-06 12:34:00,2018-07-06 19:39:53,2018-07-06 12:39:53,-124.44011,41.05842,-124.44439,41.0585,49.9,77.3,529.799416406342,1013.92783647883,529.799416406342,8.8160821529745,33.7736345609065,1026.48006585188,"","","","","",""
"S18","TR","MaD",3,1,"3",2018-07-06 19:39:53,2018-07-06 12:39:53,2018-07-06 19:45:17,2018-07-06 12:45:17,-124.4444,41.0585,-124.44827,41.05849,25.4,49.4,133.37965399243,192.879921600014,133.37965399243,9.58969444444444,33.6671851851852,1026.1499984698,"","","","","",""
"S18","TR","MaD",3,4,"3",2018-07-06 19:39:53,2018-07-06 12:39:53,2018-07-06 19:45:17,2018-07-06 12:45:17,-124.4444,41.0585,-124.44827,41.05849,25.4,49.4,533.518615969719,763.461686415044,533.518615969719,9.58969444444444,33.6671851851852,1026.1499984698,"","","","","",""
"S18","TR","MaD",3,1,"4",2018-07-06 19:45:17,2018-07-06 12:45:17,2018-07-06 19:50:40,2018-07-06 12:50:40,-124.44828,41.05849,-124.45237,41.0585,0.5,25,139.12802263933,224.542906168258,139.12802263933,10.5648672839506,33.6024537037037,1025.81735133266,"","","","","",""
"S18","TR","MaD",3,4,"4",2018-07-06 19:45:17,2018-07-06 12:45:17,2018-07-06 19:50:40,2018-07-06 12:50:40,-124.44828,41.05849,-124.45237,41.0585,0.5,25,556.512090557319,897.613181434599,556.512090557319,10.5648672839506,33.6024537037037,1025.81735133266,"","","","","",""
"S18","TR","MaD",4,1,"0",2018-07-06 21:09:41,2018-07-06 14:09:41,2018-07-06 21:16:09,2018-07-06 14:16:09,-124.5836,41.05856,-124.58782,41.0584,0.7,102.333,47.5945866063259,240.595682411035,47.5945866063259,10.2178212435233,33.656103626943,1026.06766142203,"","","","","",""
"S18","TR","MaD",4,4,"0",2018-07-06 21:09:41,2018-07-06 14:09:41,2018-07-06 21:16:09,2018-07-06 14:16:09,-124.5836,41.05856,-124.58782,41.0584,0.7,102.333,190.378346425304,947.622818428539,190.378346425304,10.2178212435233,33.656103626943,1026.06766142203,"","","","","",""
"S18","TR","MaD",4,1,"1",2018-07-06 21:16:09,2018-07-06 14:16:09,2018-07-06 21:19:18,2018-07-06 14:19:18,-124.58783,41.0584,-124.58997,41.05837,72.231,99.846,47.4192355649478,93.9544505447516,47.4192355649478,8.74956613756614,33.7729894179894,1026.59072711483,"","","","","",""
"S18","TR","MaD",4,4,"1",2018-07-06 21:16:09,2018-07-06 14:16:09,2018-07-06 21:19:18,2018-07-06 14:19:18,-124.58783,41.0584,-124.58997,41.05837,72.231,99.846,189.676942259791,376.451852461758,189.676942259791,8.74956613756614,33.7729894179894,1026.59072711483,"","","","","",""
"S18","TR","MaD",4,1,"2",2018-07-06 21:19:18,2018-07-06 14:19:18,2018-07-06 21:22:49,2018-07-06 14:22:49,-124.58999,41.05837,-124.5927,41.05839,49.7,71.9,642.282801478201,131.532857870616,642.282801478201,9.44768720379147,33.6545165876777,1026.26414056238,"","","","","",""
"S18","TR","MaD",4,4,"2",2018-07-06 21:19:18,2018-07-06 14:19:18,2018-07-06 21:22:49,2018-07-06 14:22:49,-124.58999,41.05837,-124.5927,41.05839,49.7,71.9,2569.1312059128,524.867011903474,2569.1312059128,9.44768720379147,33.6545165876777,1026.26414056238,"","","","","",""
"S18","TR","MaD",4,1,"3",2018-07-06 21:22:49,2018-07-06 14:22:49,2018-07-06 21:26:24,2018-07-06 14:26:24,-124.59272,41.05839,-124.59578,41.05839,25,49,88.8799587208293,132.420026155432,88.8799587208293,10.2446093023256,33.6552325581395,1026.02754521841,"","","","","",""
"S18","TR","MaD",4,4,"3",2018-07-06 21:22:49,2018-07-06 14:22:49,2018-07-06 21:26:24,2018-07-06 14:26:24,-124.59272,41.05839,-124.59578,41.05839,25,49,355.519834883317,528.286321975781,355.519834883317,10.2446093023256,33.6552325581395,1026.02754521841,"","","","","",""
"S18","TR","MaD",4,1,"4",2018-07-06 21:26:24,2018-07-06 14:26:24,2018-07-06 21:32:26,2018-07-06 14:32:26,-124.59579,41.05839,-124.60102,41.05837,1.1,24.575,158.410428484268,283.47941831729,158.410428484268,11.0780798898072,33.616261707989,1025.73620655264,"","","","","",""
"S18","TR","MaD",4,4,"4",2018-07-06 21:26:24,2018-07-06 14:26:24,2018-07-06 21:32:26,2018-07-06 14:32:26,-124.59579,41.05839,-124.60102,41.05837,1.1,24.575,633.641713937074,1118.65468354287,633.641713937074,11.0780798898072,33.616261707989,1025.73620655264,"","","","","",""
"S18","TR","MaD",5,1,"0",2018-07-06 23:02:20,2018-07-06 16:02:20,2018-07-06 23:10:44,2018-07-06 16:10:44,-124.74709,41.0588,-124.75317,41.05842,0.4,104,76.3417305142473,332.51202558776,76.3417305142473,10.0606428571429,33.5184653061225,1025.98991078785,"","","","","",""
"S18","TR","MaD",5,4,"0",2018-07-06 23:02:20,2018-07-06 16:02:20,2018-07-06 23:10:44,2018-07-06 16:10:44,-124.74709,41.0588,-124.75317,41.05842,0.4,104,305.366922056989,1321.79761582369,305.366922056989,10.0606428571429,33.5184653061225,1025.98991078785,"","","","","",""
"S18","TR","MaD",5,1,"1",2018-07-06 23:10:44,2018-07-06 16:10:44,2018-07-06 23:17:43,2018-07-06 16:17:43,-124.75319,41.05841,-124.75805,41.05824,74.5,103.6,166.12161491975,283.985568400845,166.12161491975,8.87156769596199,33.8416033254157,1026.64666208362,"","","","","",""
"S18","TR","MaD",5,4,"1",2018-07-06 23:10:44,2018-07-06 16:10:44,2018-07-06 23:17:43,2018-07-06 16:17:43,-124.75319,41.05841,-124.75805,41.05824,74.5,103.6,665.062503372395,1119.40464332287,665.062503372395,8.87156769596199,33.8416033254157,1026.64666208362,"","","","","",""
"S18","TR","MaD",5,1,"2",2018-07-06 23:17:43,2018-07-06 16:17:43,2018-07-06 23:20:59,2018-07-06 16:20:59,-124.75806,41.05825,-124.76056,41.05838,49.691,73.718,82.275585106124,87.7020387087515,82.275585106124,9.83912755102041,33.6483979591837,1026.20254206318,"","","","","",""
"S18","TR","MaD",5,4,"2",2018-07-06 23:17:43,2018-07-06 16:17:43,2018-07-06 23:20:59,2018-07-06 16:20:59,-124.75806,41.05825,-124.76056,41.05838,49.691,73.718,329.102340424496,351.399530850902,329.102340424496,9.83912755102041,33.6483979591837,1026.20254206318,"","","","","",""
"S18","TR","MaD",5,1,"3",2018-07-06 23:20:59,2018-07-06 16:20:59,2018-07-06 23:25:07,2018-07-06 16:25:07,-124.76057,41.05838,-124.76401,41.05852,25.1,49.1,109.96197073157,140.707205123883,109.96197073157,10.3182738095238,33.6194642857143,1025.98563038138,"","","","","",""
"S18","TR","MaD",5,4,"3",2018-07-06 23:20:59,2018-07-06 16:20:59,2018-07-06 23:25:07,2018-07-06 16:25:07,-124.76057,41.05838,-124.76401,41.05852,25.1,49.1,439.850437274493,562.903731298192,439.850437274493,10.3182738095238,33.6194642857143,1025.98563038138,"","","","","",""
"S18","TR","MaD",5,1,"4",2018-07-06 23:25:07,2018-07-06 16:25:07,2018-07-06 23:30:19,2018-07-06 16:30:19,-124.76402,41.05852,-124.76791,41.05875,0.3,24.9,135.921658902814,180.831426895859,135.921658902814,10.4342555910543,33.5017156549521,1025.77445858698,"","","","","",""
"S18","TR","MaD",5,4,"4",2018-07-06 23:25:07,2018-07-06 16:25:07,2018-07-06 23:30:19,2018-07-06 16:30:19,-124.76402,41.05852,-124.76791,41.05875,0.3,24.9,543.686635611254,721.781683652701,543.686635611254,10.4342555910543,33.5017156549521,1025.77445858698,"","","","","",""
"S18","TR","MaN",5,1,"0",2018-07-07 09:37:23,2018-07-07 02:37:23,2018-07-07 09:45:53,2018-07-07 02:45:53,-124.75575,41.05806,-124.75187,41.05835,0.5,101,60.8135127822507,340.641581271988,60.8135127822507,9.94692089249493,33.3315801217039,1025.88810568025,"","","","","",""
"S18","TR","MaN",5,4,"0",2018-07-07 09:37:23,2018-07-07 02:37:23,2018-07-07 09:45:53,2018-07-07 02:45:53,-124.75575,41.05806,-124.75187,41.05835,0.5,101,243.254051129003,1344.4054590847,243.254051129003,9.94692089249493,33.3315801217039,1025.88810568025,"","","","","",""
"S18","TR","MaN",5,1,"1",2018-07-07 09:45:53,2018-07-07 02:45:53,2018-07-07 09:50:15,2018-07-07 02:50:15,-124.75186,41.05835,-124.74997,41.05838,74.923,100.7,78.3716923936576,168.385311764315,78.3716923936576,8.6301106870229,33.9014541984733,1026.72021626828,"","","","","",""
"S18","TR","MaN",5,4,"1",2018-07-07 09:45:53,2018-07-07 02:45:53,2018-07-07 09:50:15,2018-07-07 02:50:15,-124.75186,41.05835,-124.74997,41.05838,74.923,100.7,313.48676957463,670.812319877462,313.48676957463,8.6301106870229,33.9014541984733,1026.72021626828,"","","","","",""
"S18","TR","MaN",5,1,"2",2018-07-07 09:50:15,2018-07-07 02:50:15,2018-07-07 09:54:38,2018-07-07 02:54:38,-124.74996,41.05838,-124.74815,41.05848,50,74.3,97.028628930099,149.346767131633,97.028628930099,9.16049429657795,33.7338060836502,1026.38475904186,"","","","","",""
"S18","TR","MaN",5,4,"2",2018-07-07 09:50:15,2018-07-07 02:50:15,2018-07-07 09:54:38,2018-07-07 02:54:38,-124.74996,41.05838,-124.74815,41.05848,50,74.3,388.114515720396,596.973853437404,388.114515720396,9.16049429657795,33.7338060836502,1026.38475904186,"","","","","",""
"S18","TR","MaN",5,1,"3",2018-07-07 09:54:38,2018-07-07 02:54:38,2018-07-07 09:58:16,2018-07-07 02:58:16,-124.74815,41.05848,-124.74659,41.05856,25.1,49.3,77.7778123560542,117.131589695447,77.7778123560542,10.0612385321101,33.6059724770642,1026.02490610232,"","","","","",""
"S18","TR","MaN",5,4,"3",2018-07-07 09:54:38,2018-07-07 02:54:38,2018-07-07 09:58:16,2018-07-07 02:58:16,-124.74815,41.05848,-124.74659,41.05856,25.1,49.3,311.111249424217,467.577542114355,311.111249424217,10.0612385321101,33.6059724770642,1026.02490610232,"","","","","",""
"S18","TR","MaN",5,1,"4",2018-07-07 09:58:16,2018-07-07 02:58:16,2018-07-07 10:02:07,2018-07-07 03:02:07,-124.74658,41.05856,-124.74496,41.0585,0.4,24.8,90.4239564192736,117.612312857509,90.4239564192736,10.7757370689655,33.4915775862069,1025.69323780436,"","","","","",""
"S18","TR","MaN",5,4,"4",2018-07-07 09:58:16,2018-07-07 02:58:16,2018-07-07 10:02:07,2018-07-07 03:02:07,-124.74658,41.05856,-124.74496,41.0585,0.4,24.8,361.695825677094,469.314460041322,361.695825677094,10.7757370689655,33.4915775862069,1025.69323780436,"","","","","",""
"S18","TR","MaN",3,1,"0",2018-07-07 12:01:57,2018-07-07 05:01:57,2018-07-07 12:11:51,2018-07-07 05:11:51,-124.42928,41.05825,-124.42216,41.05812,0.618,99.1,126.47943846908,390.900665835945,126.47943846908,9.44145,33.7212689655172,1026.2986058212,"","","","","",""
"S18","TR","MaN",3,4,"0",2018-07-07 12:01:57,2018-07-07 05:01:57,2018-07-07 12:11:51,2018-07-07 05:11:51,-124.42928,41.05825,-124.42216,41.05812,0.618,99.1,505.91775387632,1528.69853942664,505.91775387632,9.44145,33.7212689655172,1026.2986058212,"","","","","",""
"S18","TR","MaN",3,1,"1",2018-07-07 12:11:51,2018-07-07 05:11:51,2018-07-07 12:16:47,2018-07-07 05:16:47,-124.42215,41.05812,-124.41884,41.05815,75.3,98,78.5854105482252,166.557722559243,78.5854105482252,8.40708108108108,33.8566114864865,1026.71404467187,"","","","","",""
"S18","TR","MaN",3,4,"1",2018-07-07 12:11:51,2018-07-07 05:11:51,2018-07-07 12:16:47,2018-07-07 05:16:47,-124.42215,41.05812,-124.41884,41.05815,75.3,98,314.341642192901,666.16759508135,314.341642192901,8.40708108108108,33.8566114864865,1026.71404467187,"","","","","",""
"S18","TR","MaN",3,1,"2",2018-07-07 12:16:47,2018-07-07 05:16:47,2018-07-07 12:21:09,2018-07-07 05:21:09,-124.41883,41.05815,-124.41557,41.05823,50.2,74.954,93.6361875779257,171.914497524814,93.6361875779257,8.61147709923664,33.7811450381679,1026.51328690219,"","","","","",""
"S18","TR","MaN",3,4,"2",2018-07-07 12:16:47,2018-07-07 05:16:47,2018-07-07 12:21:09,2018-07-07 05:21:09,-124.41883,41.05815,-124.41557,41.05823,50.2,74.954,374.544750311703,684.449230990445,374.544750311703,8.61147709923664,33.7811450381679,1026.51328690219,"","","","","",""
"S18","TR","MaN",3,1,"3",2018-07-07 12:21:09,2018-07-07 05:21:09,2018-07-07 12:25:41,2018-07-07 05:25:41,-124.41556,41.05823,-124.41215,41.05837,25.743,49.5,112.157234949662,177.881075144719,112.157234949662,9.32285401459854,33.6783503649635,1026.20079965862,"","","","","",""
"S18","TR","MaN",3,4,"3",2018-07-07 12:21:09,2018-07-07 05:21:09,2018-07-07 12:25:41,2018-07-07 05:25:41,-124.41556,41.05823,-124.41215,41.05837,25.743,49.5,448.628939798648,701.238412484465,448.628939798648,9.32285401459854,33.6783503649635,1026.20079965862,"","","","","",""
"S18","TR","MaN",3,1,"4",2018-07-07 12:25:41,2018-07-07 05:25:41,2018-07-07 12:30:18,2018-07-07 05:30:18,-124.41214,41.05837,-124.40908,41.05847,0.8,25.4,121.72020245778,141.274454510023,121.72020245778,11.0605892857143,33.6927071428571,1025.8040214434,"","","","","",""
"S18","TR","MaN",3,4,"4",2018-07-07 12:25:41,2018-07-07 05:25:41,2018-07-07 12:30:18,2018-07-07 05:30:18,-124.41214,41.05837,-124.40908,41.05847,0.8,25.4,486.880809831119,564.762594155557,486.880809831119,11.0605892857143,33.6927071428571,1025.8040214434,"","","","","",""
"S18","TR","MbD",1,1,"0",2018-07-07 14:06:49,2018-07-07 07:06:49,2018-07-07 14:13:23,2018-07-07 07:13:23,-124.2649,41.05825,-124.27021,41.05841,0.4,50.127,79.8454334145288,329.761511724954,79.8454334145288,9.24547286821706,33.5357519379845,1026.05985230365,"","","","","",""
"S18","TR","MbD",1,4,"0",2018-07-07 14:06:49,2018-07-07 07:06:49,2018-07-07 14:13:23,2018-07-07 07:13:23,-124.2649,41.05825,-124.27021,41.05841,0.4,50.127,319.381733658115,1296.33760149142,319.381733658115,9.24547286821706,33.5357519379845,1026.05985230365,"","","","","",""
"S18","TR","MbD",1,1,"3",2018-07-07 14:13:23,2018-07-07 07:13:23,2018-07-07 14:19:56,2018-07-07 07:19:56,-124.27023,41.05841,-124.27496,41.05838,24.8,49.8,156.220275644041,285.443170236368,156.220275644041,8.70576081424936,33.8674961832061,1026.45875808561,"","","","","",""
"S18","TR","MbD",1,4,"3",2018-07-07 14:13:23,2018-07-07 07:13:23,2018-07-07 14:19:56,2018-07-07 07:19:56,-124.27023,41.05841,-124.27496,41.05838,24.8,49.8,624.881102576162,1131.00366981192,624.881102576162,8.70576081424936,33.8674961832061,1026.45875808561,"","","","","",""
"S18","TR","MbD",1,1,"4",2018-07-07 14:19:56,2018-07-07 07:19:56,2018-07-07 14:23:32,2018-07-07 07:23:32,-124.27498,41.05838,-124.27789,41.05841,1.1,24.3,96.6700462520927,101.340719982839,96.6700462520927,9.84584331797235,33.8049769585253,1026.0984416175,"","","","","",""
"S18","TR","MbD",1,4,"4",2018-07-07 14:19:56,2018-07-07 07:19:56,2018-07-07 14:23:32,2018-07-07 07:23:32,-124.27498,41.05838,-124.27789,41.05841,1.1,24.3,386.680185008371,404.966950313608,386.680185008371,9.84584331797235,33.8049769585253,1026.0984416175,"","","","","",""
"S18","TR","MbD",2,1,"0",2018-07-07 15:30:04,2018-07-07 08:30:04,2018-07-07 15:38:28,2018-07-07 08:38:28,-124.33853,41.05879,-124.34415,41.05843,0.3,77.914,89.5731481679611,356.235236820737,89.5731481679611,9.65051509054326,33.6129657947686,1026.06415220084,"","","","","",""
"S18","TR","MbD",2,4,"0",2018-07-07 15:30:04,2018-07-07 08:30:04,2018-07-07 15:38:28,2018-07-07 08:38:28,-124.33853,41.05879,-124.34415,41.05843,0.3,77.914,358.292592671844,1403.7959187105,358.292592671844,9.65051509054326,33.6129657947686,1026.06415220084,"","","","","",""
"S18","TR","MbD",2,1,"1",2018-07-07 15:38:28,2018-07-07 08:38:28,2018-07-07 15:46:07,2018-07-07 08:46:07,-124.34416,41.05843,-124.3484,41.05828,73.117,106.7,149.373618306179,377.839095386093,149.373618306179,8.15870152505447,33.9279237472767,1026.84576247204,"","","","","",""
"S18","TR","MbD",2,4,"1",2018-07-07 15:38:28,2018-07-07 08:38:28,2018-07-07 15:46:07,2018-07-07 08:46:07,-124.34416,41.05843,-124.3484,41.05828,73.117,106.7,597.494473224716,1493.90493173332,597.494473224716,8.15870152505447,33.9279237472767,1026.84576247204,"","","","","",""
"S18","TR","MbD",2,1,"2",2018-07-07 15:46:07,2018-07-07 08:46:07,2018-07-07 15:48:57,2018-07-07 08:48:57,-124.34841,41.05828,-124.34995,41.05826,48.917,72.222,60.0443890412309,79.5028031302646,60.0443890412309,8.90964117647059,33.8264235294118,1026.49474055719,"","","","","",""
"S18","TR","MbD",2,4,"2",2018-07-07 15:46:07,2018-07-07 08:46:07,2018-07-07 15:48:57,2018-07-07 08:48:57,-124.34841,41.05828,-124.34995,41.05826,48.917,72.222,240.177556164923,318.547016644281,240.177556164923,8.90964117647059,33.8264235294118,1026.49474055719,"","","","","",""
"S18","TR","MbD",2,1,"3",2018-07-07 15:48:57,2018-07-07 08:48:57,2018-07-07 15:51:44,2018-07-07 08:51:44,-124.34996,41.05826,-124.35147,41.05823,26.1,48.3,69.0485783892866,74.2090119289793,69.0485783892866,9.7318622754491,33.7530119760479,1026.18504684412,"","","","","",""
"S18","TR","MbD",2,4,"3",2018-07-07 15:48:57,2018-07-07 08:48:57,2018-07-07 15:51:44,2018-07-07 08:51:44,-124.34996,41.05826,-124.35147,41.05823,26.1,48.3,276.194313557146,297.335432948651,276.194313557146,9.7318622754491,33.7530119760479,1026.18504684412,"","","","","",""
"S18","TR","MbD",2,1,"4",2018-07-07 15:51:44,2018-07-07 08:51:44,2018-07-07 15:55:59,2018-07-07 08:55:59,-124.35148,41.05823,-124.35377,41.05821,0.611,25.6,106.93369171966,129.613239144212,106.93369171966,10.75508203125,33.72760546875,1025.8848749899,"","","","","",""
"S18","TR","MbD",2,4,"4",2018-07-07 15:51:44,2018-07-07 08:51:44,2018-07-07 15:55:59,2018-07-07 08:55:59,-124.35148,41.05823,-124.35377,41.05821,0.611,25.6,427.734766878641,518.257245364595,427.734766878641,10.75508203125,33.72760546875,1025.8848749899,"","","","","",""
"S18","TR","MbD",3,1,"0",2018-07-07 17:13:28,2018-07-07 10:13:28,2018-07-07 17:24:59,2018-07-07 10:24:59,-124.42646,41.05824,-124.43517,41.05824,0.5,100,152.680404317006,440.934699823837,152.680404317006,9.08920408163265,33.8142857142857,1026.42611090298,"","","","","",""
"S18","TR","MbD",3,4,"0",2018-07-07 17:13:28,2018-07-07 10:13:28,2018-07-07 17:24:59,2018-07-07 10:24:59,-124.42646,41.05824,-124.43517,41.05824,0.5,100,610.721617268024,1718.20005168571,610.721617268024,9.08920408163265,33.8142857142857,1026.42611090298,"","","","","",""
"S18","TR","MbD",3,1,"1",2018-07-07 17:24:59,2018-07-07 10:24:59,2018-07-07 17:32:15,2018-07-07 10:32:15,-124.43519,41.05824,-124.44049,41.05816,75.1,100.8,182.00226836043,274.630204137558,182.00226836043,8.23945183486239,33.897380733945,1026.77763092642,"","","","","",""
"S18","TR","MbD",3,4,"1",2018-07-07 17:24:59,2018-07-07 10:24:59,2018-07-07 17:32:15,2018-07-07 10:32:15,-124.43519,41.05824,-124.44049,41.05816,75.1,100.8,728.009073441719,1081.79047356151,728.009073441719,8.23945183486239,33.897380733945,1026.77763092642,"","","","","",""
"S18","TR","MbD",3,1,"2",2018-07-07 17:32:15,2018-07-07 10:32:15,2018-07-07 17:36:34,2018-07-07 10:36:34,-124.44051,41.05816,-124.44381,41.05817,49.717,75.1,109.953492986247,135.831682478031,109.953492986247,8.60130115830116,33.8087876447876,1026.54037206174,"","","","","",""
"S18","TR","MbD",3,4,"2",2018-07-07 17:32:15,2018-07-07 10:32:15,2018-07-07 17:36:34,2018-07-07 10:36:34,-124.44051,41.05816,-124.44381,41.05817,49.717,75.1,439.813971944986,536.578951154165,439.813971944986,8.60130115830116,33.8087876447876,1026.54037206174,"","","","","",""
"S18","TR","MbD",3,1,"3",2018-07-07 17:36:34,2018-07-07 10:36:34,2018-07-07 17:40:26,2018-07-07 10:40:26,-124.44382,41.05817,-124.44701,41.05821,25.5,49.3,104.923481157029,125.258492437996,104.923481157029,9.34919827586207,33.7437068965517,1026.24553456391,"","","","","",""
"S18","TR","MbD",3,4,"3",2018-07-07 17:36:34,2018-07-07 10:36:34,2018-07-07 17:40:26,2018-07-07 10:40:26,-124.44382,41.05817,-124.44701,41.05821,25.5,49.3,419.693924628115,498.731418876952,419.693924628115,9.34919827586207,33.7437068965517,1026.24553456391,"","","","","",""
"S18","TR","MbD",3,1,"4",2018-07-07 17:40:26,2018-07-07 10:40:26,2018-07-07 17:44:46,2018-07-07 10:44:46,-124.44702,41.05821,-124.45063,41.05821,0.3,25.2,122.026397591427,150.723689442956,122.026397591427,10.7961379310345,33.7175019157088,1025.8675930432,"","","","","",""
"S18","TR","MbD",3,4,"4",2018-07-07 17:40:26,2018-07-07 10:40:26,2018-07-07 17:44:46,2018-07-07 10:44:46,-124.44702,41.05821,-124.45063,41.05821,0.3,25.2,488.105590365709,601.711695204367,488.105590365709,10.7961379310345,33.7175019157088,1025.8675930432,"","","","","",""
"S18","TR","MbD",4,1,"0",2018-07-07 19:09:45,2018-07-07 12:09:45,2018-07-07 19:20:18,2018-07-07 12:20:18,-124.58587,41.05742,-124.59463,41.05821,0.6,96,143.646908851792,445.863823292531,143.646908851792,9.49917472698908,33.7233104524181,1026.2935774174,"","","","","",""
"S18","TR","MbD",4,4,"0",2018-07-07 19:09:45,2018-07-07 12:09:45,2018-07-07 19:20:18,2018-07-07 12:20:18,-124.58587,41.05742,-124.59463,41.05821,0.6,96,574.587635407168,1752.08179423883,574.587635407168,9.49917472698908,33.7233104524181,1026.2935774174,"","","","","",""
"S18","TR","MbD",4,1,"1",2018-07-07 19:20:18,2018-07-07 12:20:18,2018-07-07 19:22:27,2018-07-07 12:22:27,-124.59465,41.05822,-124.59694,41.05838,75.4,92.9,56.1769093798863,61.725130458522,56.1769093798863,8.36641085271318,33.9036899224806,1026.74315855565,"","","","","",""
"S18","TR","MbD",4,4,"1",2018-07-07 19:20:18,2018-07-07 12:20:18,2018-07-07 19:22:27,2018-07-07 12:22:27,-124.59465,41.05822,-124.59694,41.05838,75.4,92.9,224.707637519545,247.31534615985,224.707637519545,8.36641085271318,33.9036899224806,1026.74315855565,"","","","","",""
"S18","TR","MbD",4,1,"2",2018-07-07 19:22:27,2018-07-07 12:22:27,2018-07-07 19:28:03,2018-07-07 12:28:03,-124.59696,41.05838,-124.60299,41.05824,51.9,75.1,169.782442049307,297.730352739062,169.782442049307,9.16662797619048,33.7281607142857,1026.38261217142,"","","","","",""
"S18","TR","MbD",4,4,"2",2018-07-07 19:22:27,2018-07-07 12:22:27,2018-07-07 19:28:03,2018-07-07 12:28:03,-124.59696,41.05838,-124.60299,41.05824,51.9,75.1,679.129768197227,1176.08034886254,679.129768197227,9.16662797619048,33.7281607142857,1026.38261217142,"","","","","",""
"S18","TR","MbD",4,1,"3",2018-07-07 19:28:03,2018-07-07 12:28:03,2018-07-07 19:36:43,2018-07-07 12:36:43,-124.60301,41.05824,-124.61077,41.05826,25.4,51.8,244.797124867713,383.127589635199,244.797124867713,10.0150895522388,33.6904365671642,1026.12250502834,"","","","","",""
"S18","TR","MbD",4,4,"3",2018-07-07 19:28:03,2018-07-07 12:28:03,2018-07-07 19:36:43,2018-07-07 12:36:43,-124.60301,41.05824,-124.61077,41.05826,25.4,51.8,979.185275348541,1510.20630180614,979.185275348541,10.0150895522388,33.6904365671642,1026.12250502834,"","","","","",""
"S18","TR","MbD",4,1,"4",2018-07-07 19:36:43,2018-07-07 12:36:43,2018-07-07 19:42:54,2018-07-07 12:42:54,-124.61078,41.05826,-124.61634,41.05832,0.9,24.757,183.736916563907,302.969608904904,183.736916563907,10.4939484978541,33.4092124463519,1025.67399744354,"","","","","",""
"S18","TR","MbD",4,4,"4",2018-07-07 19:36:43,2018-07-07 12:36:43,2018-07-07 19:42:54,2018-07-07 12:42:54,-124.61078,41.05826,-124.61634,41.05832,0.9,24.757,734.974400824471,1205.32361915077,734.974400824471,10.4939484978541,33.4092124463519,1025.67399744354,"","","","","",""
"S18","TR","MbD",5,1,"0",2018-07-07 21:05:17,2018-07-07 14:05:17,2018-07-07 21:13:52,2018-07-07 14:13:52,-124.75404,41.05856,-124.74961,41.05827,0.5,101.213,77.0593101855917,363.774764602714,77.0593101855917,10.3736842105263,33.5701113360324,1025.97197960949,"","","","","",""
"S18","TR","MbD",5,4,"0",2018-07-07 21:05:17,2018-07-07 14:05:17,2018-07-07 21:13:52,2018-07-07 14:13:52,-124.75404,41.05856,-124.74961,41.05827,0.5,101.213,308.237240742367,1439.49625226817,308.237240742367,10.3736842105263,33.5701113360324,1025.97197960949,"","","","","",""
"S18","TR","MbD",5,1,"1",2018-07-07 21:13:52,2018-07-07 14:13:52,2018-07-07 21:17:09,2018-07-07 14:17:09,-124.7496,41.05827,-124.74788,41.0583,75.279,99.2,54.6886495763534,151.200508305282,54.6886495763534,8.61981218274112,33.8582030456853,1026.68465106712,"","","","","",""
"S18","TR","MbD",5,4,"1",2018-07-07 21:13:52,2018-07-07 14:13:52,2018-07-07 21:17:09,2018-07-07 14:17:09,-124.7496,41.05827,-124.74788,41.0583,75.279,99.2,218.754598305414,603.908985454238,218.754598305414,8.61981218274112,33.8582030456853,1026.68465106712,"","","","","",""
"S18","TR","MbD",5,1,"2",2018-07-07 21:17:09,2018-07-07 14:17:09,2018-07-07 21:19:59,2018-07-07 14:19:59,-124.74787,41.0583,-124.74628,41.05834,50.756,74.461,57.4417285473519,117.935692734056,57.4417285473519,9.1627,33.7309705882353,1026.38322990289,"","","","","",""
"S18","TR","MbD",5,4,"2",2018-07-07 21:17:09,2018-07-07 14:17:09,2018-07-07 21:19:59,2018-07-07 14:19:59,-124.74787,41.0583,-124.74628,41.05834,50.756,74.461,229.766914189408,470.15786226179,229.766914189408,9.1627,33.7309705882353,1026.38322990289,"","","","","",""
"S18","TR","MbD",5,1,"3",2018-07-07 21:19:59,2018-07-07 14:19:59,2018-07-07 21:23:11,2018-07-07 14:23:11,-124.74627,41.05835,-124.74447,41.05835,26.149,50.4,84.5350549729173,119.548698800323,84.5350549729173,10.0127083333333,33.6852708333333,1026.09506656506,"","","","","",""
"S18","TR","MbD",5,4,"3",2018-07-07 21:19:59,2018-07-07 14:19:59,2018-07-07 21:23:11,2018-07-07 14:23:11,-124.74627,41.05835,-124.74447,41.05835,26.149,50.4,338.140219891669,475.860539992904,338.140219891669,10.0127083333333,33.6852708333333,1026.09506656506,"","","","","",""
"S18","TR","MbD",5,1,"4",2018-07-07 21:23:11,2018-07-07 14:23:11,2018-07-07 21:28:06,2018-07-07 14:28:06,-124.74446,41.05835,-124.74179,41.05834,0.489,26,130.45865518055,175.014762573327,130.45865518055,10.9083491525424,33.4885728813559,1025.66924286276,"","","","","",""
"S18","TR","MbD",5,4,"4",2018-07-07 21:23:11,2018-07-07 14:23:11,2018-07-07 21:28:06,2018-07-07 14:28:06,-124.74446,41.05835,-124.74179,41.05834,0.489,26,521.834620722201,698.286061195726,521.834620722201,10.9083491525424,33.4885728813559,1025.66924286276,"","","","","",""
"S18","TR","MbN",3,1,"0",2018-07-08 09:01:13,2018-07-08 02:01:13,2018-07-08 09:12:12,2018-07-08 02:12:12,-124.43016,41.05818,-124.42307,41.05795,0.3,101.6,76.29228993338,459.760807186612,76.29228993338,9.85917744916821,33.7438743068392,1026.18378248531,"","","","","",""
"S18","TR","MbN",3,4,"0",2018-07-08 09:01:13,2018-07-08 02:01:13,2018-07-08 09:12:12,2018-07-08 02:12:12,-124.43016,41.05818,-124.42307,41.05795,0.3,101.6,305.16915973352,1786.45914048715,305.16915973352,9.85917744916821,33.7438743068392,1026.18378248531,"","","","","",""
"S18","TR","MbN",3,1,"1",2018-07-08 09:12:12,2018-07-08 02:12:12,2018-07-08 09:16:23,2018-07-08 02:16:23,-124.42306,41.05795,-124.42044,41.05813,74.801,102.5,68.2035818928762,195.771423808851,68.2035818928762,8.14584860557769,33.923390438247,1026.82424724515,"","","","","",""
"S18","TR","MbN",3,4,"1",2018-07-08 09:12:12,2018-07-08 02:12:12,2018-07-08 09:16:23,2018-07-08 02:16:23,-124.42306,41.05795,-124.42044,41.05813,74.801,102.5,272.814327571505,775.577841342313,272.814327571505,8.14584860557769,33.923390438247,1026.82424724515,"","","","","",""
"S18","TR","MbN",3,1,"2",2018-07-08 09:16:23,2018-07-08 02:16:23,2018-07-08 09:20:59,2018-07-08 02:20:59,-124.42043,41.05813,-124.4176,41.05821,47.751,74.149,97.0621512289114,193.863255248983,97.0621512289114,8.61505434782609,33.8663550724638,1026.57109315223,"","","","","",""
"S18","TR","MbN",3,4,"2",2018-07-08 09:16:23,2018-07-08 02:16:23,2018-07-08 09:20:59,2018-07-08 02:20:59,-124.42043,41.05813,-124.4176,41.05821,47.751,74.149,388.248604915646,772.822489928683,388.248604915646,8.61505434782609,33.8663550724638,1026.57109315223,"","","","","",""
"S18","TR","MbN",3,1,"3",2018-07-08 09:20:59,2018-07-08 02:20:59,2018-07-08 09:24:43,2018-07-08 02:24:43,-124.41758,41.05821,-124.41537,41.0581,25.4,47.1,81.8798554793241,126.864153581038,81.8798554793241,9.5084375,33.8242946428571,1026.28395521965,"","","","","",""
"S18","TR","MbN",3,4,"3",2018-07-08 09:20:59,2018-07-08 02:20:59,2018-07-08 09:24:43,2018-07-08 02:24:43,-124.41758,41.05821,-124.41537,41.0581,25.4,47.1,327.519421917297,506.426577221366,327.519421917297,9.5084375,33.8242946428571,1026.28395521965,"","","","","",""
"S18","TR","MbN",3,1,"4",2018-07-08 09:24:43,2018-07-08 02:24:43,2018-07-08 09:29:03,2018-07-08 02:29:03,-124.41536,41.0581,-124.4129,41.05814,1.1,25.1,97.0800736069946,140.489576301128,97.0800736069946,11.0898122605364,33.7518314176245,1025.84507390545,"","","","","",""
"S18","TR","MbN",3,4,"4",2018-07-08 09:24:43,2018-07-08 02:24:43,2018-07-08 09:29:03,2018-07-08 02:29:03,-124.41536,41.0581,-124.4129,41.05814,1.1,25.1,388.320294427978,562.217513604773,388.320294427978,11.0898122605364,33.7518314176245,1025.84507390545,"","","","","",""
"S18","TR","MbN",1,1,"0",2018-07-08 10:21:28,2018-07-08 03:21:28,2018-07-08 10:28:12,2018-07-08 03:28:12,-124.26713,41.05809,-124.26211,41.05816,0.4,49.007,79.4457955281948,314.607882287869,79.4457955281948,9.54562656641604,33.5868746867168,1026.0622276507,"","","","","",""
"S18","TR","MbN",1,4,"0",2018-07-08 10:21:28,2018-07-08 03:21:28,2018-07-08 10:28:12,2018-07-08 03:28:12,-124.26713,41.05809,-124.26211,41.05816,0.4,49.007,317.783182112779,1249.32476478255,317.783182112779,9.54562656641604,33.5868746867168,1026.0622276507,"","","","","",""
"S18","TR","MbN",1,1,"3",2018-07-08 10:28:12,2018-07-08 03:28:12,2018-07-08 10:34:37,2018-07-08 03:34:37,-124.2621,41.05816,-124.25739,41.05819,25.9,48.2,142.429989498985,262.918165772727,142.429989498985,9.03232727272727,33.8333298701299,1026.3737358732,"","","","","",""
"S18","TR","MbN",1,4,"3",2018-07-08 10:28:12,2018-07-08 03:28:12,2018-07-08 10:34:37,2018-07-08 03:34:37,-124.2621,41.05816,-124.25739,41.05819,25.9,48.2,569.719957995939,1039.9301130439,569.719957995939,9.03232727272727,33.8333298701299,1026.3737358732,"","","","","",""
"S18","TR","MbN",1,1,"4",2018-07-08 10:34:37,2018-07-08 03:34:37,2018-07-08 10:39:44,2018-07-08 03:39:44,-124.25738,41.05819,-124.25378,41.05828,0.4,25.5,110.368444988063,198.662328802462,110.368444988063,9.39612786885246,33.8336065573771,1026.20022625741,"","","","","",""
"S18","TR","MbN",1,4,"4",2018-07-08 10:34:37,2018-07-08 03:34:37,2018-07-08 10:39:44,2018-07-08 03:39:44,-124.25738,41.05819,-124.25378,41.05828,0.4,25.5,441.473779952251,789.888313912692,441.473779952251,9.39612786885246,33.8336065573771,1026.20022625741,"","","","","",""
"S18","NH","MaD",1,1,"0",2018-07-09 14:57:50,2018-07-09 07:57:50,2018-07-09 15:02:23,2018-07-09 08:02:23,-124.29426,44.652,-124.29715,44.65196,0.6,50.7,42.1952803922018,100.758741738808,42.1952803922018,11.1920185873606,32.6051821561338,1024.94089463901,"","","","","",""
"S18","NH","MaD",1,4,"0",2018-07-09 14:57:50,2018-07-09 07:57:50,2018-07-09 15:02:23,2018-07-09 08:02:23,-124.29426,44.652,-124.29715,44.65196,0.6,50.7,168.781121568807,403.221069955333,168.781121568807,11.1920185873606,32.6051821561338,1024.94089463901,"","","","","",""
"S18","NH","MaD",1,1,"3",2018-07-09 15:02:23,2018-07-09 08:02:23,2018-07-09 15:06:00,2018-07-09 08:06:00,-124.29716,44.65196,-124.29985,44.65202,25.2,49.3,66.1920201684334,109.840892389601,66.1920201684334,8.61273732718894,33.4177603686636,1026.10805902655,"","","","","",""
"S18","NH","MaD",1,4,"3",2018-07-09 15:02:23,2018-07-09 08:02:23,2018-07-09 15:06:00,2018-07-09 08:06:00,-124.29716,44.65196,-124.29985,44.65202,25.2,49.3,264.768080673733,437.40665757612,264.768080673733,8.61273732718894,33.4177603686636,1026.10805902655,"","","","","",""
"S18","NH","MaD",1,1,"4",2018-07-09 15:06:00,2018-07-09 08:06:00,2018-07-09 15:09:48,2018-07-09 08:09:48,-124.29986,44.65202,-124.3028,44.65193,0.7,24.8,98.9442975711414,102.556390335651,98.9442975711414,11.7040524017467,32.0769956331878,1024.39638117535,"","","","","",""
"S18","NH","MaD",1,4,"4",2018-07-09 15:06:00,2018-07-09 08:06:00,2018-07-09 15:09:48,2018-07-09 08:09:48,-124.29986,44.65202,-124.3028,44.65193,0.7,24.8,395.777190284566,407.932712489926,395.777190284566,11.7040524017467,32.0769956331878,1024.39638117535,"","","","","",""
"S18","NH","MaD",2,1,"0",2018-07-09 16:15:53,2018-07-09 09:15:53,2018-07-09 16:22:29,2018-07-09 09:22:29,-124.40871,44.65194,-124.41322,44.65187,0.4,76.4,62.6660315373858,242.874738213563,62.6660315373858,11.4942551546392,32.4442654639175,1024.80208491818,"","","","","",""
"S18","NH","MaD",2,4,"0",2018-07-09 16:15:53,2018-07-09 09:15:53,2018-07-09 16:22:29,2018-07-09 09:22:29,-124.40871,44.65194,-124.41322,44.65187,0.4,76.4,250.664126149543,958.590232804314,250.664126149543,11.4942551546392,32.4442654639175,1024.80208491818,"","","","","",""
"S18","NH","MaD",2,1,"2",2018-07-09 16:22:29,2018-07-09 09:22:29,2018-07-09 16:25:58,2018-07-09 09:25:58,-124.41323,44.65187,-124.41555,44.65183,51.1,76,62.5793813750259,108.002920600229,62.5793813750259,8.42342583732057,33.6023444976077,1026.40578809807,"","","","","",""
"S18","NH","MaD",2,4,"2",2018-07-09 16:22:29,2018-07-09 09:22:29,2018-07-09 16:25:58,2018-07-09 09:25:58,-124.41323,44.65187,-124.41555,44.65183,51.1,76,250.317525500104,428.201006039587,250.317525500104,8.42342583732057,33.6023444976077,1026.40578809807,"","","","","",""
"S18","NH","MaD",2,1,"3",2018-07-09 16:25:58,2018-07-09 09:25:58,2018-07-09 16:29:46,2018-07-09 09:29:46,-124.41556,44.65183,-124.41827,44.65185,24.4,50.5,22.4660799306197,140.810050181311,22.4660799306197,8.95762280701754,32.8955307017544,1025.65472687711,"","","","","",""
"S18","NH","MaD",2,4,"3",2018-07-09 16:25:58,2018-07-09 09:25:58,2018-07-09 16:29:46,2018-07-09 09:29:46,-124.41556,44.65183,-124.41827,44.65185,24.4,50.5,89.8643197224787,563.775205903269,89.8643197224787,8.95762280701754,32.8955307017544,1025.65472687711,"","","","","",""
"S18","NH","MaD",2,1,"4",2018-07-09 16:29:46,2018-07-09 09:29:46,2018-07-09 16:35:02,2018-07-09 09:35:02,-124.41828,44.65185,-124.4222,44.65191,0.9,23.6,133.844841678621,205.442699956047,133.844841678621,12.358785488959,31.8379716088328,1024.09962749377,"","","","","",""
"S18","NH","MaD",2,4,"4",2018-07-09 16:29:46,2018-07-09 09:29:46,2018-07-09 16:35:02,2018-07-09 09:35:02,-124.41828,44.65185,-124.4222,44.65191,0.9,23.6,535.379366714482,809.652969923507,535.379366714482,12.358785488959,31.8379716088328,1024.09962749377,"","","","","",""
"S18","NH","MaD",3,1,"0",2018-07-09 18:46:36,2018-07-09 11:46:36,2018-07-09 18:55:23,2018-07-09 11:55:23,-124.65085,44.65217,-124.65714,44.65225,0.6,100.9,108.464195022348,323.063153820673,108.464195022348,10.1246372360845,32.6693320537428,1025.32313075128,"","","","","",""
"S18","NH","MaD",3,4,"0",2018-07-09 18:46:36,2018-07-09 11:46:36,2018-07-09 18:55:23,2018-07-09 11:55:23,-124.65085,44.65217,-124.65714,44.65225,0.6,100.9,433.856780089393,1285.66143691823,433.856780089393,10.1246372360845,32.6693320537428,1025.32313075128,"","","","","",""
"S18","NH","MaD",3,1,"1",2018-07-09 18:55:23,2018-07-09 11:55:23,2018-07-09 19:01:33,2018-07-09 12:01:33,-124.65715,44.65225,-124.66041,44.65222,74.839,99.161,133.008214993263,115.250586089965,133.008214993263,8.49553513513514,33.6652378378378,1026.54563479212,"","","","","",""
"S18","NH","MaD",3,4,"1",2018-07-09 18:55:23,2018-07-09 11:55:23,2018-07-09 19:01:33,2018-07-09 12:01:33,-124.65715,44.65225,-124.66041,44.65222,74.839,99.161,532.032859973051,452.351678004371,532.032859973051,8.49553513513514,33.6652378378378,1026.54563479212,"","","","","",""
"S18","NH","MaD",3,1,"2",2018-07-09 19:01:33,2018-07-09 12:01:33,2018-07-09 19:04:59,2018-07-09 12:04:59,-124.66042,44.65222,-124.66269,44.65213,48.7,74.4,77.5981788361656,68.9780410675286,77.5981788361656,8.81489805825243,33.2986359223301,1026.10211597108,"","","","","",""
"S18","NH","MaD",3,4,"2",2018-07-09 19:01:33,2018-07-09 12:01:33,2018-07-09 19:04:59,2018-07-09 12:04:59,-124.66042,44.65222,-124.66269,44.65213,48.7,74.4,310.392715344662,276.376235617609,310.392715344662,8.81489805825243,33.2986359223301,1026.10211597108,"","","","","",""
"S18","NH","MaD",3,1,"3",2018-07-09 19:04:59,2018-07-09 12:04:59,2018-07-09 19:10:14,2018-07-09 12:10:14,-124.6627,44.65213,-124.66704,44.65199,26.1,48.2,114.600834845026,214.58953764975,114.600834845026,9.17713968253968,32.5355777777778,1025.3323043298,"","","","","",""
"S18","NH","MaD",3,4,"3",2018-07-09 19:04:59,2018-07-09 12:04:59,2018-07-09 19:10:14,2018-07-09 12:10:14,-124.6627,44.65213,-124.66704,44.65199,26.1,48.2,458.403339380103,854.146298570731,458.403339380103,9.17713968253968,32.5355777777778,1025.3323043298,"","","","","",""
"S18","NH","MaD",3,1,"4",2018-07-09 19:10:14,2018-07-09 12:10:14,2018-07-09 19:15:06,2018-07-09 12:15:06,-124.66705,44.65199,-124.67101,44.65173,1.5,25.415,129.980550978077,163.498245188924,129.980550978077,13.177976109215,31.2911262798635,1023.5272514963,"","","","","",""
"S18","NH","MaD",3,4,"4",2018-07-09 19:10:14,2018-07-09 12:10:14,2018-07-09 19:15:06,2018-07-09 12:15:06,-124.66705,44.65199,-124.67101,44.65173,1.5,25.415,519.922203912306,653.176170436788,519.922203912306,13.177976109215,31.2911262798635,1023.5272514963,"","","","","",""
"S18","NH","MaD",4,1,"0",2018-07-09 20:47:39,2018-07-09 13:47:39,2018-07-09 20:54:52,2018-07-09 13:54:52,-124.87987,44.65172,-124.88433,44.65184,0.5,103.8,70.3039775628583,175.854987112724,70.3039775628583,11.3186485849057,32.5668891509434,1025.01314930587,"","","","","",""
"S18","NH","MaD",4,4,"0",2018-07-09 20:47:39,2018-07-09 13:47:39,2018-07-09 20:54:52,2018-07-09 13:54:52,-124.87987,44.65172,-124.88433,44.65184,0.5,103.8,281.215910251433,699.216417988244,281.215910251433,11.3186485849057,32.5668891509434,1025.01314930587,"","","","","",""
"S18","NH","MaD",4,1,"1",2018-07-09 20:54:52,2018-07-09 13:54:52,2018-07-09 20:59:31,2018-07-09 13:59:31,-124.88434,44.65184,-124.88678,44.65194,74.857,100.943,96.7757053118212,111.713022473415,96.7757053118212,8.6731541218638,33.6196344086022,1026.49773505968,"","","","","",""
"S18","NH","MaD",4,4,"1",2018-07-09 20:54:52,2018-07-09 13:54:52,2018-07-09 20:59:31,2018-07-09 13:59:31,-124.88434,44.65184,-124.88678,44.65194,74.857,100.943,387.102821247285,445.329078151578,387.102821247285,8.6731541218638,33.6196344086022,1026.49773505968,"","","","","",""
"S18","NH","MaD",4,1,"2",2018-07-09 20:59:31,2018-07-09 13:59:31,2018-07-09 21:02:05,2018-07-09 14:02:05,-124.88679,44.65194,-124.8884,44.65195,50.114,73.793,55.2530509700841,62.7622390430865,55.2530509700841,9.0078961038961,32.8484220779221,1025.71604127639,"","","","","",""
"S18","NH","MaD",4,4,"2",2018-07-09 20:59:31,2018-07-09 13:59:31,2018-07-09 21:02:05,2018-07-09 14:02:05,-124.88679,44.65194,-124.8884,44.65195,50.114,73.793,221.012203880337,251.470907540418,221.012203880337,9.0078961038961,32.8484220779221,1025.71604127639,"","","","","",""
"S18","NH","MaD",4,1,"3",2018-07-09 21:02:05,2018-07-09 14:02:05,2018-07-09 21:05:19,2018-07-09 14:05:19,-124.88841,44.65195,-124.89064,44.65188,24.948,49.313,69.4819505619715,103.813335969382,69.4819505619715,9.8805824742268,32.4050773195876,1025.11351221051,"","","","","",""
"S18","NH","MaD",4,4,"3",2018-07-09 21:02:05,2018-07-09 14:02:05,2018-07-09 21:05:19,2018-07-09 14:05:19,-124.88841,44.65195,-124.89064,44.65188,24.948,49.313,277.927802247886,410.919311764023,277.927802247886,9.8805824742268,32.4050773195876,1025.11351221051,"","","","","",""
"S18","NH","MaD",4,1,"4",2018-07-09 21:05:19,2018-07-09 14:05:19,2018-07-09 21:09:09,2018-07-09 14:09:09,-124.89065,44.65188,-124.89314,44.65185,1,24.1,97.9113127183679,96.3767704783203,97.9113127183679,14.8023939393939,31.3635541125541,1023.24692949423,"","","","","",""
"S18","NH","MaD",4,4,"4",2018-07-09 21:05:19,2018-07-09 14:05:19,2018-07-09 21:09:09,2018-07-09 14:09:09,-124.89065,44.65188,-124.89314,44.65185,1,24.1,391.645250873472,386.1558405429,391.645250873472,14.8023939393939,31.3635541125541,1023.24692949423,"","","","","",""
"S18","NH","MaD",5,1,"0",2018-07-09 22:54:34,2018-07-09 15:54:34,2018-07-09 23:05:06,2018-07-09 16:05:06,-125.11491,44.65204,-125.12476,44.65256,0.6,100.7,117.604451811336,427.374142387771,117.604451811336,10.3621399046105,32.5695453100159,1025.1996057167,"","","","","",""
"S18","NH","MaD",5,4,"0",2018-07-09 22:54:34,2018-07-09 15:54:34,2018-07-09 23:05:06,2018-07-09 16:05:06,-125.11491,44.65204,-125.12476,44.65256,0.6,100.7,470.417807245345,1672.94293397375,470.417807245345,10.3621399046105,32.5695453100159,1025.1996057167,"","","","","",""
"S18","NH","MaD",5,1,"1",2018-07-09 23:05:06,2018-07-09 16:05:06,2018-07-09 23:09:40,2018-07-09 16:09:40,-125.12477,44.65256,-125.12904,44.65255,74.341,100.5,112.818044009481,140.144367394827,112.818044009481,8.72566423357664,33.6449379562044,1026.50917626269,"","","","","",""
"S18","NH","MaD",5,4,"1",2018-07-09 23:05:06,2018-07-09 16:05:06,2018-07-09 23:09:40,2018-07-09 16:09:40,-125.12477,44.65256,-125.12904,44.65255,74.341,100.5,451.272176037925,559.957911148366,451.272176037925,8.72566423357664,33.6449379562044,1026.50917626269,"","","","","",""
"S18","NH","MaD",5,1,"2",2018-07-09 23:09:40,2018-07-09 16:09:40,2018-07-09 23:14:45,2018-07-09 16:14:45,-125.12906,44.65255,-125.13386,44.65263,50.1,73.9,131.180715480559,156.189240921384,131.180715480559,8.98916721311475,32.9925344262295,1025.82946124612,"","","","","",""
"S18","NH","MaD",5,4,"2",2018-07-09 23:09:40,2018-07-09 16:09:40,2018-07-09 23:14:45,2018-07-09 16:14:45,-125.12906,44.65255,-125.13386,44.65263,50.1,73.9,524.722861922235,624.427491251175,524.722861922235,8.98916721311475,32.9925344262295,1025.82946124612,"","","","","",""
"S18","NH","MaD",5,1,"3",2018-07-09 23:14:45,2018-07-09 16:14:45,2018-07-09 23:20:57,2018-07-09 16:20:57,-125.13388,44.65263,-125.13989,44.65251,25.3,49.657,160.904138397454,258.645143119605,160.904138397454,9.4750188172043,32.5896209677419,1025.32920885559,"","","","","",""
"S18","NH","MaD",5,4,"3",2018-07-09 23:14:45,2018-07-09 16:14:45,2018-07-09 23:20:57,2018-07-09 16:20:57,-125.13388,44.65263,-125.13989,44.65251,25.3,49.657,643.616553589816,1025.72867799205,643.616553589816,9.4750188172043,32.5896209677419,1025.32920885559,"","","","","",""
"S18","NH","MaD",5,1,"4",2018-07-09 23:20:57,2018-07-09 16:20:57,2018-07-09 23:25:49,2018-07-09 16:25:49,-125.1399,44.65251,-125.14438,44.65257,0.3,25.2,127.831256925707,169.259086667932,127.831256925707,13.2484794520548,31.1646849315068,1023.40827160978,"","","","","",""
"S18","NH","MaD",5,4,"4",2018-07-09 23:20:57,2018-07-09 16:20:57,2018-07-09 23:25:49,2018-07-09 16:25:49,-125.1399,44.65251,-125.14438,44.65257,0.3,25.2,511.325027702829,674.677058675484,511.325027702829,13.2484794520548,31.1646849315068,1023.40827160978,"","","","","",""
"S18","NH","MaN",5,1,"0",2018-07-10 05:08:07,2018-07-09 22:08:07,2018-07-10 05:18:31,2018-07-09 22:18:31,-125.11631,44.65174,-125.10687,44.65204,0.7,102.2,93.8648122449852,427.860393205355,93.8648122449852,11.1938235294118,32.4438890756303,1024.93612209468,"","","","","",""
"S18","NH","MaN",5,4,"0",2018-07-10 05:08:07,2018-07-09 22:08:07,2018-07-10 05:18:31,2018-07-09 22:18:31,-125.11631,44.65174,-125.10687,44.65204,0.7,102.2,375.459248979941,1687.41280543093,375.459248979941,11.1938235294118,32.4438890756303,1024.93612209468,"","","","","",""
"S18","NH","MaN",5,1,"1",2018-07-10 05:18:31,2018-07-09 22:18:31,2018-07-10 05:26:24,2018-07-09 22:26:24,-125.10686,44.65204,-125.10116,44.6521,73.035,102.2,168.652972059482,337.561003766455,168.652972059482,8.74872093023256,33.6143911205074,1026.49890543829,"","","","","",""
"S18","NH","MaN",5,4,"1",2018-07-10 05:18:31,2018-07-09 22:18:31,2018-07-10 05:26:24,2018-07-09 22:26:24,-125.10686,44.65204,-125.10116,44.6521,73.035,102.2,674.611888237929,1326.23205715614,674.611888237929,8.74872093023256,33.6143911205074,1026.49890543829,"","","","","",""
"S18","NH","MaN",5,1,"2",2018-07-10 05:26:24,2018-07-09 22:26:24,2018-07-10 05:28:16,2018-07-09 22:28:16,-125.10114,44.6521,-125.09983,44.65209,53.6,72.1,48.5375048382603,28.870414876376,48.5375048382603,8.93977678571428,33.0233482142857,1025.8660641351,"","","","","",""
"S18","NH","MaN",5,4,"2",2018-07-10 05:26:24,2018-07-09 22:26:24,2018-07-10 05:28:16,2018-07-09 22:28:16,-125.10114,44.6521,-125.09983,44.65209,53.6,72.1,194.150019353041,155.576855907855,194.150019353041,8.93977678571428,33.0233482142857,1025.8660641351,"","","","","",""
"S18","NH","MaN",5,1,"3",2018-07-10 05:28:16,2018-07-09 22:28:16,2018-07-10 05:31:54,2018-07-09 22:31:54,-125.09982,44.65209,-125.09693,44.65202,24.6,53,95.4979076827567,116.177524806346,95.4979076827567,9.77623853211009,32.408123853211,1025.13730048358,"","","","","",""
"S18","NH","MaN",5,4,"3",2018-07-10 05:28:16,2018-07-09 22:28:16,2018-07-10 05:31:54,2018-07-09 22:31:54,-125.09982,44.65209,-125.09693,44.65202,24.6,53,381.991630731027,461.287640236217,381.991630731027,9.77623853211009,32.408123853211,1025.13730048358,"","","","","",""
"S18","NH","MaN",5,1,"4",2018-07-10 05:31:54,2018-07-09 22:31:54,2018-07-10 05:35:32,2018-07-09 22:35:32,-125.09692,44.65202,-125.09385,44.65195,0.4,23.8,99.8489784606201,112.006333429782,99.8489784606201,15.4785342465753,30.9223652968037,1022.76524831082,"","","","","",""
"S18","NH","MaN",5,4,"4",2018-07-10 05:31:54,2018-07-09 22:31:54,2018-07-10 05:35:32,2018-07-09 22:35:32,-125.09692,44.65202,-125.09385,44.65195,0.4,23.8,399.39591384248,447.603511624445,399.39591384248,15.4785342465753,30.9223652968037,1022.76524831082,"","","","","",""
"S18","NH","MaN",3,1,"0",2018-07-10 08:01:35,2018-07-10 01:01:35,2018-07-10 08:13:21,2018-07-10 01:13:21,-124.65275,44.65116,-124.64223,44.65165,0.5,101.9,146.412897403493,459.760807186612,146.412897403493,11.1116176753122,32.5707646493756,1025.0177152879,"","","","","",""
"S18","NH","MaN",3,4,"0",2018-07-10 08:01:35,2018-07-10 01:01:35,2018-07-10 08:13:21,2018-07-10 01:13:21,-124.65275,44.65116,-124.64223,44.65165,0.5,101.9,586.127667939088,1786.45914048715,586.127667939088,11.1116176753122,32.5707646493756,1025.0177152879,"","","","","",""
"S18","NH","MaN",3,1,"1",2018-07-10 08:13:21,2018-07-10 01:13:21,2018-07-10 08:20:01,2018-07-10 01:20:01,-124.64221,44.65165,-124.63712,44.65171,75.1,102.7,15.7204992324759,331.525270934563,15.7204992324759,8.33751975051975,33.710869022869,1026.63570368684,"","","","","",""
"S18","NH","MaN",3,4,"1",2018-07-10 08:13:21,2018-07-10 01:13:21,2018-07-10 08:20:01,2018-07-10 01:20:01,-124.64221,44.65165,-124.63712,44.65171,75.1,102.7,62.8829924680475,1317.50217187618,62.8829924680475,8.33751975051975,33.710869022869,1026.63570368684,"","","","","",""
"S18","NH","MaN",3,1,"2",2018-07-10 08:20:01,2018-07-10 01:20:01,2018-07-10 08:23:33,2018-07-10 01:23:33,-124.63711,44.65171,-124.63452,44.65189,49.7,74.5,98.4195169991128,128.728072697518,98.4195169991128,8.83301619433198,33.2293805668016,1026.04014311597,"","","","","",""
"S18","NH","MaN",3,4,"2",2018-07-10 08:20:01,2018-07-10 01:20:01,2018-07-10 08:23:33,2018-07-10 01:23:33,-124.63711,44.65171,-124.63452,44.65189,49.7,74.5,395.915698480259,512.540044238101,395.915698480259,8.83301619433198,33.2293805668016,1026.04014311597,"","","","","",""
"S18","NH","MaN",3,1,"3",2018-07-10 08:23:33,2018-07-10 01:23:33,2018-07-10 08:27:47,2018-07-10 01:27:47,-124.6345,44.65189,-124.63151,44.65215,25.009,49.291,116.475249056029,160.519377749714,116.475249056029,9.19055400696864,32.5266620209059,1025.32020582936,"","","","","",""
"S18","NH","MaN",3,4,"3",2018-07-10 08:23:33,2018-07-10 01:23:33,2018-07-10 08:27:47,2018-07-10 01:27:47,-124.6345,44.65189,-124.63151,44.65215,25.009,49.291,464.317346198686,639.32083533611,464.317346198686,9.19055400696864,32.5266620209059,1025.32020582936,"","","","","",""
"S18","NH","MaN",3,1,"4",2018-07-10 08:27:47,2018-07-10 01:27:47,2018-07-10 08:32:27,2018-07-10 01:32:27,-124.6315,44.65215,-124.62825,44.65233,0.361,24.578,123.149971366581,165.823275601845,123.149971366581,14.08812,31.5198461538462,1023.50059575928,"","","","","",""
"S18","NH","MaN",3,4,"4",2018-07-10 08:27:47,2018-07-10 01:27:47,2018-07-10 08:32:27,2018-07-10 01:32:27,-124.6315,44.65215,-124.62825,44.65233,0.361,24.578,494.063847279151,661.442508310251,494.063847279151,14.08812,31.5198461538462,1023.50059575928,"","","","","",""
"S18","NH","MaN",1,1,"0",2018-07-10 10:32:53,2018-07-10 03:32:53,2018-07-10 10:37:31,2018-07-10 03:37:31,-124.29919,44.65177,-124.29661,44.65192,0.6,51.6,26.9260579983157,130.996196815379,26.9260579983157,10.5212830188679,32.4735509433962,1024.98000613745,"","","","","",""
"S18","NH","MaN",1,4,"0",2018-07-10 10:32:53,2018-07-10 03:32:53,2018-07-10 10:37:31,2018-07-10 03:37:31,-124.29919,44.65177,-124.29661,44.65192,0.6,51.6,107.704231993263,521.365826472729,107.704231993263,10.5212830188679,32.4735509433962,1024.98000613745,"","","","","",""
"S18","NH","MaN",1,1,"3",2018-07-10 10:37:31,2018-07-10 03:37:31,2018-07-10 10:42:05,2018-07-10 03:42:05,-124.29661,44.65192,-124.29409,44.65196,21.447,51.353,93.6703661219913,164.153287010881,93.6703661219913,8.56976277372263,33.4007773722628,1026.10387895572,"","","","","",""
"S18","NH","MaN",1,4,"3",2018-07-10 10:37:31,2018-07-10 03:37:31,2018-07-10 10:42:05,2018-07-10 03:42:05,-124.29661,44.65192,-124.29409,44.65196,21.447,51.353,374.681464487965,657.512009415715,374.681464487965,8.56976277372263,33.4007773722628,1026.10387895572,"","","","","",""
"S18","NH","MaN",1,1,"4",2018-07-10 10:42:05,2018-07-10 03:42:05,2018-07-10 10:46:09,2018-07-10 03:46:09,-124.29409,44.65196,-124.2918,44.6522,0.1,21,93.1421441023884,119.84578057098,93.1421441023884,12.5500408163265,31.6421714285714,1023.88607739303,"","","","","",""
"S18","NH","MaN",1,4,"4",2018-07-10 10:42:05,2018-07-10 03:42:05,2018-07-10 10:46:09,2018-07-10 03:46:09,-124.29409,44.65196,-124.2918,44.6522,0.1,21,372.568576409553,478.099533784912,372.568576409553,12.5500408163265,31.6421714285714,1023.88607739303,"","","","","",""
"S18","NH","MbD",1,1,"0",2018-07-11 14:40:59,2018-07-11 07:40:59,2018-07-11 14:55:21,2018-07-11 07:55:21,-124.29747,44.65128,-124.31399,44.65146,0.4,50.2,358.802785650041,507.182213569778,358.802785650041,9.80993831775701,32.3248168224299,1024.98843380317,"","","","","",""
"S18","NH","MbD",1,4,"0",2018-07-11 14:40:59,2018-07-11 07:40:59,2018-07-11 14:55:21,2018-07-11 07:55:21,-124.29747,44.65128,-124.31399,44.65146,0.4,50.2,1435.21114260016,1842.13792701884,1435.21114260016,9.80993831775701,32.3248168224299,1024.98843380317,"","","","","",""
"S18","NH","MbD",1,1,"3",2018-07-11 14:55:21,2018-07-11 07:55:21,2018-07-11 15:02:18,2018-07-11 08:02:18,-124.31401,44.65146,-124.32158,44.65146,26.4,50.9,108.61254502693,290.140816259258,108.61254502693,8.48796882494005,33.5695395683453,1026.26018447235,"","","","","",""
"S18","NH","MbD",1,4,"3",2018-07-11 14:55:21,2018-07-11 07:55:21,2018-07-11 15:02:18,2018-07-11 08:02:18,-124.31401,44.65146,-124.32158,44.65146,26.4,50.9,434.450180107721,1137.85610713353,434.450180107721,8.48796882494005,33.5695395683453,1026.26018447235,"","","","","",""
"S18","NH","MbD",1,1,"4",2018-07-11 15:02:18,2018-07-11 08:02:18,2018-07-11 15:07:48,2018-07-11 08:07:48,-124.3216,44.65146,-124.32831,44.65212,0.4,26.4,45.828635620657,198.23751778798,45.828635620657,9.57294242424242,32.5821060606061,1025.192496761,"","","","","",""
"S18","NH","MbD",1,4,"4",2018-07-11 15:02:18,2018-07-11 08:02:18,2018-07-11 15:07:48,2018-07-11 08:07:48,-124.3216,44.65146,-124.32831,44.65212,0.4,26.4,183.314542482628,789.346329732712,183.314542482628,9.57294242424242,32.5821060606061,1025.192496761,"","","","","",""
"S18","NH","MbD",2,1,"0",2018-07-11 17:00:39,2018-07-11 10:00:39,2018-07-11 17:08:59,2018-07-11 10:08:59,-124.45152,44.65211,-124.46115,44.65185,1.785,75.1,117.987236408705,341.270674754708,117.987236408705,9.90669979716024,32.7781643002028,1025.38677589317,"","","","","","A fourth net was used to sample, but samples were lost"
"S18","NH","MbD",2,4,"0",2018-07-11 17:00:39,2018-07-11 10:00:39,2018-07-11 17:08:59,2018-07-11 10:08:59,-124.45152,44.65211,-124.46115,44.65185,1.785,75.1,471.948945634819,1352.51520127803,471.948945634819,9.90669979716024,32.7781643002028,1025.38677589317,"","","","","","A fourth net was used to sample, but samples were lost"
"S18","NH","MbD",2,1,"2",2018-07-11 17:08:59,2018-07-11 10:08:59,2018-07-11 17:15:37,2018-07-11 10:15:37,-124.46117,44.65185,-124.46893,44.65153,50.6,74.1,117.129949270003,265.682389608977,117.129949270003,8.40139698492462,33.6440125628141,1026.42845112583,"","","","","","A fourth net was used to sample, but samples were lost"
"S18","NH","MbD",2,4,"2",2018-07-11 17:08:59,2018-07-11 10:08:59,2018-07-11 17:15:37,2018-07-11 10:15:37,-124.46117,44.65185,-124.46893,44.65153,50.6,74.1,468.519797080013,1053.44750972414,468.519797080013,8.40139698492462,33.6440125628141,1026.42845112583,"","","","","","A fourth net was used to sample, but samples were lost"
"S18","NH","MbD",2,1,"3",2018-07-11 17:15:37,2018-07-11 10:15:37,2018-07-11 17:21:50,2018-07-11 10:21:50,-124.46894,44.65153,-124.47624,44.65193,26.447,50.153,98.1613173980301,260.226815389432,98.1613173980301,8.78767112299465,32.9503770053476,1025.71776982667,"","","","","","A fourth net was used to sample, but samples were lost"
"S18","NH","MbD",2,4,"3",2018-07-11 17:15:37,2018-07-11 10:15:37,2018-07-11 17:21:50,2018-07-11 10:21:50,-124.46894,44.65153,-124.47624,44.65193,26.447,50.153,392.64526959212,1036.32450708805,392.64526959212,8.78767112299465,32.9503770053476,1025.71776982667,"","","","","","A fourth net was used to sample, but samples were lost"
"S18","NH","MbD",3,1,"0",2018-07-11 19:59:52,2018-07-11 12:59:52,2018-07-11 20:11:11,2018-07-11 13:11:11,-124.65026,44.65295,-124.66016,44.65171,6.014,100.943,145.973690335998,428.512169087731,145.973690335998,9.97471870397644,32.8417555228277,1025.49689379467,"","","","","",""
"S18","NH","MbD",3,4,"0",2018-07-11 19:59:52,2018-07-11 12:59:52,2018-07-11 20:11:11,2018-07-11 13:11:11,-124.65026,44.65295,-124.66016,44.65171,6.014,100.943,583.894761343991,1695.33090553525,583.894761343991,9.97471870397644,32.8417555228277,1025.49689379467,"","","","","",""
"S18","NH","MbD",3,1,"1",2018-07-11 20:11:11,2018-07-11 13:11:11,2018-07-11 20:16:36,2018-07-11 13:16:36,-124.66017,44.65171,-124.66536,44.65142,76.4,101.9,112.006012875579,125.87797659699,112.006012875579,8.36783384615385,33.6580707692308,1026.57842096706,"","","","","",""
"S18","NH","MbD",3,4,"1",2018-07-11 20:11:11,2018-07-11 13:11:11,2018-07-11 20:16:36,2018-07-11 13:16:36,-124.66017,44.65171,-124.66536,44.65142,76.4,101.9,448.024051502317,503.020271139775,448.024051502317,8.36783384615385,33.6580707692308,1026.57842096706,"","","","","",""
"S18","NH","MbD",3,1,"2",2018-07-11 20:16:36,2018-07-11 13:16:36,2018-07-11 20:23:33,2018-07-11 13:23:33,-124.66537,44.65142,-124.6722,44.65131,49.7,76.2,139.651844573759,251.677849251731,139.651844573759,8.77873621103118,33.2970935251799,1026.11612070713,"","","","","",""
"S18","NH","MbD",3,4,"2",2018-07-11 20:16:36,2018-07-11 13:16:36,2018-07-11 20:23:33,2018-07-11 13:23:33,-124.66537,44.65142,-124.6722,44.65131,49.7,76.2,558.607378295034,996.451255145062,558.607378295034,8.77873621103118,33.2970935251799,1026.11612070713,"","","","","",""
"S18","NH","MbD",3,1,"3",2018-07-11 20:23:33,2018-07-11 13:23:33,2018-07-11 20:34:10,2018-07-11 13:34:10,-124.67222,44.65131,-124.68138,44.6499,24.4,53.7,200.197897902951,376.2798464633,200.197897902951,9.26002668759812,32.5624678178964,1025.3511847774,"","","","","",""
"S18","NH","MbD",3,4,"3",2018-07-11 20:23:33,2018-07-11 13:23:33,2018-07-11 20:34:10,2018-07-11 13:34:10,-124.67222,44.65131,-124.68138,44.6499,24.4,53.7,800.791591611804,1486.61738803744,800.791591611804,9.26002668759812,32.5624678178964,1025.3511847774,"","","","","",""
"S18","NH","MbD",3,1,"4",2018-07-11 20:34:10,2018-07-11 13:34:10,2018-07-11 20:40:48,2018-07-11 13:40:48,-124.6814,44.6499,-124.68806,44.6496,2.8,23,117.164982338124,272.176267866794,117.164982338124,15.2684586466165,31.6415313283208,1023.36912893061,"","","","","",""
"S18","NH","MbD",3,4,"4",2018-07-11 20:34:10,2018-07-11 13:34:10,2018-07-11 20:40:48,2018-07-11 13:40:48,-124.6814,44.6499,-124.68806,44.6496,2.8,23,468.659929352494,1074.30406095667,468.659929352494,15.2684586466165,31.6415313283208,1023.36912893061,"","","","","",""
"S18","NH","MbD",4,1,"0",2018-07-11 22:55:00,2018-07-11 15:55:00,2018-07-11 23:09:40,2018-07-11 16:09:40,-124.88214,44.64897,-124.89142,44.64927,0,101.9,NA,459.760807186612,459.760807186612,10.2157777777778,32.7757396351575,1025.38318620098,"Yes","","","","","Sampling log says MOCNESS was deployed at 15:55, but first software output is from 15:59:37 and 6.6 m depth"
"S18","NH","MbD",4,4,"0",2018-07-11 22:55:00,2018-07-11 15:55:00,2018-07-11 23:09:40,2018-07-11 16:09:40,-124.88214,44.64897,-124.89142,44.64927,0,101.9,NA,1786.45914048715,1786.45914048715,10.2157777777778,32.7757396351575,1025.38318620098,"Yes","","","","","Sampling log says MOCNESS was deployed at 15:55, but first software output is from 15:59:37 and 6.6 m depth"
"S18","NH","MbD",4,1,"1",2018-07-11 23:09:40,2018-07-11 16:09:40,2018-07-11 23:14:17,2018-07-11 16:14:17,-124.89144,44.64927,-124.89602,44.64829,73.953,102.594,87.4045552129599,81.3748030814591,87.4045552129599,8.68213718411552,33.6578953068592,1026.53095230011,"","","","","",""
"S18","NH","MbD",4,4,"1",2018-07-11 23:09:40,2018-07-11 16:09:40,2018-07-11 23:14:17,2018-07-11 16:14:17,-124.89144,44.64927,-124.89602,44.64829,73.953,102.594,349.61822085184,326.046616589003,349.61822085184,8.68213718411552,33.6578953068592,1026.53095230011,"","","","","",""
"S18","NH","MbD",4,1,"2",2018-07-11 23:14:17,2018-07-11 16:14:17,2018-07-11 23:21:42,2018-07-11 16:21:42,-124.89603,44.64828,-124.90336,44.64763,50,74.3,140.059747966923,230.639143169168,140.059747966923,8.92688314606742,33.1162719101124,1025.93993879732,"","","","","",""
"S18","NH","MbD",4,4,"2",2018-07-11 23:14:17,2018-07-11 16:14:17,2018-07-11 23:21:42,2018-07-11 16:21:42,-124.89603,44.64828,-124.90336,44.64763,50,74.3,560.238991867694,911.00519553322,560.238991867694,8.92688314606742,33.1162719101124,1025.93993879732,"","","","","",""
"S18","NH","MbD",4,1,"3",2018-07-11 23:21:42,2018-07-11 16:21:42,2018-07-11 23:28:19,2018-07-11 16:28:19,-124.90338,44.64763,-124.90929,44.64628,20.993,49.507,68.271770000938,143.803611772074,68.271770000938,9.60726952141058,32.4390251889169,1025.17887792432,"","","","","",""
"S18","NH","MbD",4,4,"3",2018-07-11 23:21:42,2018-07-11 16:21:42,2018-07-11 23:28:19,2018-07-11 16:28:19,-124.90338,44.64763,-124.90929,44.64628,20.993,49.507,273.087080003752,574.132263958401,273.087080003752,9.60726952141058,32.4390251889169,1025.17887792432,"","","","","",""
"S18","NH","MbD",4,1,"4",2018-07-11 23:28:19,2018-07-11 16:28:19,2018-07-11 23:32:14,2018-07-11 16:32:14,-124.90931,44.64628,-124.91309,44.64569,1.1,20.3,23.0376025830743,65.1936268122697,23.0376025830743,15.368093220339,31.7768559322034,1023.44928248455,"","","","","",""
"S18","NH","MbD",4,4,"4",2018-07-11 23:28:19,2018-07-11 16:28:19,2018-07-11 23:32:14,2018-07-11 16:32:14,-124.90931,44.64628,-124.91309,44.64569,1.1,20.3,92.1504103322974,261.212786038305,92.1504103322974,15.368093220339,31.7768559322034,1023.44928248455,"","","","","",""
"W19","NH","MaN",1,1,"0",2019-03-05 04:19:54,2019-03-04 20:19:54,2019-03-05 04:24:08,2019-03-04 20:24:08,-124.29398,44.65204,-124.29663,44.65206,0.3,48.7,NA,124.895615448958,124.895615448958,10.1097675438596,32.030100877193,1024.73688307762,"","Yes","","","","Low flow meter counts"
"W19","NH","MaN",1,4,"0",2019-03-05 04:19:54,2019-03-04 20:19:54,2019-03-05 04:24:08,2019-03-04 20:24:08,-124.29398,44.65204,-124.29663,44.65206,0.3,48.7,NA,497.935944263018,497.935944263018,10.1097675438596,32.030100877193,1024.73688307762,"","Yes","","","","Low flow meter counts"
"W19","NH","MaN",1,1,"3",2019-03-05 04:24:08,2019-03-04 20:24:08,2019-03-05 04:27:22,2019-03-04 20:27:22,-124.29664,44.65206,-124.29881,44.65215,25.787,48.413,NA,71.4266246686315,71.4266246686315,10.4689607843137,32.5181323529412,1025.10567369803,"","Yes","","","","Low flow meter counts"
"W19","NH","MaN",1,4,"3",2019-03-05 04:24:08,2019-03-04 20:24:08,2019-03-05 04:27:22,2019-03-04 20:27:22,-124.29664,44.65206,-124.29881,44.65215,25.787,48.413,NA,286.186972516485,286.186972516485,10.4689607843137,32.5181323529412,1025.10567369803,"","Yes","","","","Low flow meter counts"
"W19","NH","MaN",1,1,"4",2019-03-05 04:27:22,2019-03-04 20:27:22,2019-03-05 04:31:37,2019-03-04 20:31:37,-124.29882,44.65215,-124.30183,44.652,-0.089,25.189,NA,142.625908772537,142.625908772537,9.9986953125,32.07591796875,1024.72413927164,"","Yes","","","","Low flow meter counts"
"W19","NH","MaN",1,4,"4",2019-03-05 04:27:22,2019-03-04 20:27:22,2019-03-05 04:31:37,2019-03-04 20:31:37,-124.29882,44.65215,-124.30183,44.652,-0.089,25.189,NA,570.990010848469,570.990010848469,9.9986953125,32.07591796875,1024.72413927164,"","Yes","","","","Low flow meter counts"
"W19","NH","MaN",2,1,"0",2019-03-05 06:09:31,2019-03-04 22:09:31,2019-03-05 06:16:38,2019-03-04 22:16:38,-124.41461,44.65217,-124.41872,44.6521,0.3,76.1,NA,282.474201693718,282.474201693718,10.0940997624703,32.2197672209026,1024.91787773859,"","Yes","","","","Low flow meter counts"
"W19","NH","MaN",2,4,"0",2019-03-05 06:09:31,2019-03-04 22:09:31,2019-03-05 06:16:38,2019-03-04 22:16:38,-124.41461,44.65217,-124.41872,44.6521,0.3,76.1,NA,1114.25137097408,1114.25137097408,10.0940997624703,32.2197672209026,1024.91787773859,"","Yes","","","","Low flow meter counts"
"W19","NH","MaN",2,1,"2",2019-03-05 06:16:38,2019-03-04 22:16:38,2019-03-05 06:20:49,2019-03-04 22:20:49,-124.41873,44.6521,-124.42111,44.6521,49.2,77.1,NA,151.915472868519,151.915472868519,10.5419083665339,32.7368047808765,1025.39556958208,"","Yes","","","","Low flow meter counts"
"W19","NH","MaN",2,4,"2",2019-03-05 06:16:38,2019-03-04 22:16:38,2019-03-05 06:20:49,2019-03-04 22:20:49,-124.41873,44.6521,-124.42111,44.6521,49.2,77.1,NA,605.821671436061,605.821671436061,10.5419083665339,32.7368047808765,1025.39556958208,"","Yes","","","","Low flow meter counts"
"W19","NH","MaN",2,1,"3",2019-03-05 06:20:49,2019-03-04 22:20:49,2019-03-05 06:23:52,2019-03-04 22:23:52,-124.42112,44.6521,-124.42311,44.65213,25.9,48.235,NA,96.3767704783203,96.3767704783203,10.1905245901639,32.4061967213115,1025.06189040368,"","Yes","","","","Low flow meter counts"
"W19","NH","MaN",2,4,"3",2019-03-05 06:20:49,2019-03-04 22:20:49,2019-03-05 06:23:52,2019-03-04 22:23:52,-124.42112,44.6521,-124.42311,44.65213,25.9,48.235,NA,386.1558405429,386.1558405429,10.1905245901639,32.4061967213115,1025.06189040368,"","Yes","","","","Low flow meter counts"
"W19","NH","MaN",2,1,"4",2019-03-05 06:23:52,2019-03-04 22:23:52,2019-03-05 06:28:23,2019-03-04 22:28:23,-124.42312,44.65213,-124.42601,44.65215,2.3,25.2,NA,163.980733634621,163.980733634621,9.74483823529412,32.1419669117647,1024.82151658202,"","Yes","","","","Low flow meter counts"
"W19","NH","MaN",2,4,"4",2019-03-05 06:23:52,2019-03-04 22:23:52,2019-03-05 06:28:23,2019-03-04 22:28:23,-124.42312,44.65213,-124.42601,44.65215,2.3,25.2,NA,655.094634853736,655.094634853736,9.74483823529412,32.1419669117647,1024.82151658202,"","Yes","","","","Low flow meter counts"
"W19","NH","MaN",3,1,"0",2019-03-05 08:17:35,2019-03-05 00:17:35,2019-03-05 08:25:41,2019-03-05 00:25:41,-124.65383,44.65179,-124.65929,44.6515,0.4,99.855,NA,339.986785237242,339.986785237242,10.307221987315,32.717310782241,1025.36309628479,"","Yes","","","","Low flow meter counts"
"W19","NH","MaN",3,4,"0",2019-03-05 08:17:35,2019-03-05 00:17:35,2019-03-05 08:25:41,2019-03-05 00:25:41,-124.65383,44.65179,-124.65929,44.6515,0.4,99.855,NA,1335.77370236709,1335.77370236709,10.307221987315,32.717310782241,1025.36309628479,"","Yes","","","","Low flow meter counts"
"W19","NH","MaN",3,1,"1",2019-03-05 08:25:41,2019-03-05 00:25:41,2019-03-05 08:27:34,2019-03-05 00:27:34,-124.65931,44.6515,-124.66106,44.65148,66.6,90.5,NA,63.1857643557687,63.1857643557687,10.3915486725664,32.9643185840708,1025.65179021695,"","Yes","","","","Low flow meter counts"
"W19","NH","MaN",3,4,"1",2019-03-05 08:25:41,2019-03-05 00:25:41,2019-03-05 08:27:34,2019-03-05 00:27:34,-124.65931,44.6515,-124.66106,44.65148,66.6,90.5,NA,253.167959559858,253.167959559858,10.3915486725664,32.9643185840708,1025.65179021695,"","Yes","","","","Low flow meter counts"
"W19","NH","MaN",3,1,"2",2019-03-05 08:27:34,2019-03-05 00:27:34,2019-03-05 08:30:53,2019-03-05 00:30:53,-124.66108,44.65148,-124.66418,44.6515,49.791,65.909,NA,123.116144068217,123.116144068217,10.6057185929648,32.7853969849246,1025.37556129619,"","Yes","","","","Low flow meter counts"
"W19","NH","MaN",3,4,"2",2019-03-05 08:27:34,2019-03-05 00:27:34,2019-03-05 08:30:53,2019-03-05 00:30:53,-124.66108,44.65148,-124.66418,44.6515,49.791,65.909,NA,489.612760791368,489.612760791368,10.6057185929648,32.7853969849246,1025.37556129619,"","Yes","","","","Low flow meter counts"
"W19","NH","MaN",3,1,"3",2019-03-05 08:30:53,2019-03-05 00:30:53,2019-03-05 08:37:13,2019-03-05 00:37:13,-124.66419,44.65151,-124.67003,44.65168,25.559,49.3,NA,323.539559796278,323.539559796278,10.7462315789474,32.6499789473684,1025.16054673236,"","Yes","","","","Low flow meter counts"
"W19","NH","MaN",3,4,"3",2019-03-05 08:30:53,2019-03-05 00:30:53,2019-03-05 08:37:13,2019-03-05 00:37:13,-124.66419,44.65151,-124.67003,44.65168,25.559,49.3,NA,1286.25149240164,1286.25149240164,10.7462315789474,32.6499789473684,1025.16054673236,"","Yes","","","","Low flow meter counts"
"W19","NH","MaN",3,1,"4",2019-03-05 08:37:13,2019-03-05 00:37:13,2019-03-05 08:43:48,2019-03-05 00:43:48,-124.67004,44.65168,-124.67635,44.65163,2.991,25.1,NA,317.317736737748,317.317736737748,10.1875505050505,32.2948409090909,1024.8676180864,"","Yes","","","","Low flow meter counts"
"W19","NH","MaN",3,4,"4",2019-03-05 08:37:13,2019-03-05 00:37:13,2019-03-05 08:43:48,2019-03-05 00:43:48,-124.67004,44.65168,-124.67635,44.65163,2.991,25.1,NA,1261.71725215376,1261.71725215376,10.1875505050505,32.2948409090909,1024.8676180864,"","Yes","","","","Low flow meter counts"
"W19","NH","MaN",4,1,"0",2019-03-05 10:33:57,2019-03-05 02:33:57,2019-03-05 10:44:28,2019-03-05 02:44:28,-124.88689,44.65222,-124.89456,44.65225,0.4,100.3,NA,421.145032808215,421.145032808215,9.65146623794212,32.7498311897106,1025.49454299899,"","Yes","","","","Low flow meter counts"
"W19","NH","MaN",4,4,"0",2019-03-05 10:33:57,2019-03-05 02:33:57,2019-03-05 10:44:28,2019-03-05 02:44:28,-124.88689,44.65222,-124.89456,44.65225,0.4,100.3,NA,1618.47769082389,1618.47769082389,9.65146623794212,32.7498311897106,1025.49454299899,"","Yes","","","","Low flow meter counts"
"W19","NH","MaN",4,1,"1",2019-03-05 10:44:28,2019-03-05 02:44:28,2019-03-05 10:49:12,2019-03-05 02:49:12,-124.89458,44.65225,-124.89864,44.65229,75.7,100.5,NA,155.467464550381,155.467464550381,8.89503169014085,33.2336478873239,1026.15614257059,"","Yes","","","","Low flow meter counts"
"W19","NH","MaN",4,4,"1",2019-03-05 10:44:28,2019-03-05 02:44:28,2019-03-05 10:49:12,2019-03-05 02:49:12,-124.89458,44.65225,-124.89864,44.65229,75.7,100.5,NA,616.19438100638,616.19438100638,8.89503169014085,33.2336478873239,1026.15614257059,"","Yes","","","","Low flow meter counts"
"W19","NH","MaN",4,1,"2",2019-03-05 10:49:12,2019-03-05 02:49:12,2019-03-05 10:53:05,2019-03-05 02:53:05,-124.89865,44.65229,-124.90275,44.65245,50.3,74.7,NA,123.285891785982,123.285891785982,9.75466094420601,32.7897038626609,1025.54514437779,"","Yes","","","","Low flow meter counts"
"W19","NH","MaN",4,4,"2",2019-03-05 10:49:12,2019-03-05 02:49:12,2019-03-05 10:53:05,2019-03-05 02:53:05,-124.89865,44.65229,-124.90275,44.65245,50.3,74.7,NA,491.099237604949,491.099237604949,9.75466094420601,32.7897038626609,1025.54514437779,"","Yes","","","","Low flow meter counts"
"W19","NH","MaN",4,1,"3",2019-03-05 10:53:05,2019-03-05 02:53:05,2019-03-05 11:00:44,2019-03-05 03:00:44,-124.90277,44.65245,-124.91089,44.65281,26.2,49.9,NA,331.525270934563,331.525270934563,10.0143725490196,32.5698104575163,1025.22476711636,"","Yes","","","","Low flow meter counts"
"W19","NH","MaN",4,4,"3",2019-03-05 10:53:05,2019-03-05 02:53:05,2019-03-05 11:00:44,2019-03-05 03:00:44,-124.90277,44.65245,-124.91089,44.65281,26.2,49.9,NA,1317.50217187618,1317.50217187618,10.0143725490196,32.5698104575163,1025.22476711636,"","Yes","","","","Low flow meter counts"
"W19","NH","MaN",4,1,"4",2019-03-05 11:00:44,2019-03-05 03:00:44,2019-03-05 11:07:31,2019-03-05 03:07:31,-124.91091,44.65281,-124.91786,44.65293,2.8,25.6,NA,280.362332040018,280.362332040018,9.99214950980392,32.560137254902,1025.11527708497,"","Yes","","","","Low flow meter counts"
"W19","NH","MaN",4,4,"4",2019-03-05 11:00:44,2019-03-05 03:00:44,2019-03-05 11:07:31,2019-03-05 03:07:31,-124.91091,44.65281,-124.91786,44.65293,2.8,25.6,NA,1106.30089818432,1106.30089818432,9.99214950980392,32.560137254902,1025.11527708497,"","Yes","","","","Low flow meter counts"
"W19","NH","MaN",5,1,"0",2019-03-05 12:46:46,2019-03-05 04:46:46,2019-03-05 12:55:19,2019-03-05 04:55:19,-125.11887,44.65142,-125.12386,44.65168,0.5,100.6,NA,319.645843191034,319.645843191034,9.918005859375,32.804501953125,1025.48593047983,"","Yes","","","","Low flow meter counts"
"W19","NH","MaN",5,4,"0",2019-03-05 12:46:46,2019-03-05 04:46:46,2019-03-05 12:55:19,2019-03-05 04:55:19,-125.11887,44.65142,-125.12386,44.65168,0.5,100.6,NA,1271.40974121539,1271.40974121539,9.918005859375,32.804501953125,1025.48593047983,"","Yes","","","","Low flow meter counts"
"W19","NH","MaN",5,1,"1",2019-03-05 12:55:19,2019-03-05 04:55:19,2019-03-05 12:59:04,2019-03-05 04:59:04,-125.12387,44.65168,-125.12608,44.65177,75.1,95,NA,104.829453312788,104.829453312788,9.85418666666667,33.1329466666667,1025.90139632966,"","Yes","","","","Low flow meter counts"
"W19","NH","MaN",5,4,"1",2019-03-05 12:55:19,2019-03-05 04:55:19,2019-03-05 12:59:04,2019-03-05 04:59:04,-125.12387,44.65168,-125.12608,44.65177,75.1,95,NA,415.567090764044,415.567090764044,9.85418666666667,33.1329466666667,1025.90139632966,"","Yes","","","","Low flow meter counts"
"W19","NH","MaN",5,1,"2",2019-03-05 12:59:04,2019-03-05 04:59:04,2019-03-05 13:04:36,2019-03-05 05:04:36,-125.12609,44.65177,-125.12926,44.65173,49.7,75,NA,192.175526478018,192.175526478018,10.1126777108434,32.7592560240964,1025.48037969864,"","Yes","","","","Low flow meter counts"
"W19","NH","MaN",5,4,"2",2019-03-05 12:59:04,2019-03-05 04:59:04,2019-03-05 13:04:36,2019-03-05 05:04:36,-125.12609,44.65177,-125.12926,44.65173,49.7,75,NA,761.459625851736,761.459625851736,10.1126777108434,32.7592560240964,1025.48037969864,"","Yes","","","","Low flow meter counts"
"W19","NH","MaN",5,1,"3",2019-03-05 13:04:36,2019-03-05 05:04:36,2019-03-05 13:07:10,2019-03-05 05:07:10,-125.12927,44.65173,-125.13128,44.6517,23.5,49.072,NA,68.721492587564,68.721492587564,10.0947012987013,32.6265584415584,1025.24556467281,"","Yes","","","","Low flow meter counts"
"W19","NH","MaN",5,4,"3",2019-03-05 13:04:36,2019-03-05 05:04:36,2019-03-05 13:07:10,2019-03-05 05:07:10,-125.12927,44.65173,-125.13128,44.6517,23.5,49.072,NA,275.348152469687,275.348152469687,10.0947012987013,32.6265584415584,1025.24556467281,"","Yes","","","","Low flow meter counts"
"W19","NH","MaN",5,1,"4",2019-03-05 13:07:10,2019-03-05 05:07:10,2019-03-05 13:16:07,2019-03-05 05:16:07,-125.1313,44.6517,-125.13898,44.65183,0.7,23,NA,399.977409741703,399.977409741703,10.0914572490706,32.6265037174721,1025.13379562751,"","Yes","","","","Low flow meter counts"
"W19","NH","MaN",5,4,"4",2019-03-05 13:07:10,2019-03-05 05:07:10,2019-03-05 13:16:07,2019-03-05 05:16:07,-125.1313,44.6517,-125.13898,44.65183,0.7,23,NA,1578.25615847768,1578.25615847768,10.0914572490706,32.6265037174721,1025.13379562751,"","Yes","","","","Low flow meter counts"
"W19","NH","MaD",5,1,"0",2019-03-05 16:14:44,2019-03-05 08:14:44,2019-03-05 16:22:33,2019-03-05 08:22:33,-125.11588,44.65211,-125.11059,44.65268,0.863,100.779,NA,310.358804909609,310.358804909609,9.89301301518438,32.8419132321041,1025.53092518675,"","Yes","","","","Low flow meter counts"
"W19","NH","MaD",5,4,"0",2019-03-05 16:14:44,2019-03-05 08:14:44,2019-03-05 16:22:33,2019-03-05 08:22:33,-125.11588,44.65211,-125.11059,44.65268,0.863,100.779,NA,1233.38845374439,1233.38845374439,9.89301301518438,32.8419132321041,1025.53092518675,"","Yes","","","","Low flow meter counts"
"W19","NH","MaD",5,1,"1",2019-03-05 16:22:33,2019-03-05 08:22:33,2019-03-05 16:29:13,2019-03-05 08:29:13,-125.11058,44.65268,-125.10618,44.65311,74.6,100.301,NA,261.899011654947,261.899011654947,9.4397375,33.3108125,1026.1317459107,"","Yes","","","","Low flow meter counts"
"W19","NH","MaD",5,4,"1",2019-03-05 16:22:33,2019-03-05 08:22:33,2019-03-05 16:29:13,2019-03-05 08:29:13,-125.11058,44.65268,-125.10618,44.65311,74.6,100.301,NA,1039.84223931178,1039.84223931178,9.4397375,33.3108125,1026.1317459107,"","Yes","","","","Low flow meter counts"
"W19","NH","MaD",5,1,"2",2019-03-05 16:29:13,2019-03-05 08:29:13,2019-03-05 16:35:04,2019-03-05 08:35:04,-125.10617,44.65311,-125.10217,44.65361,50.3,73.899,NA,211.303647956484,211.303647956484,10.0479088319088,32.7630997150997,1025.47798287031,"","Yes","","","","Low flow meter counts"
"W19","NH","MaD",5,4,"2",2019-03-05 16:29:13,2019-03-05 08:29:13,2019-03-05 16:35:04,2019-03-05 08:35:04,-125.10617,44.65311,-125.10217,44.65361,50.3,73.899,NA,842.954027674913,842.954027674913,10.0479088319088,32.7630997150997,1025.47798287031,"","Yes","","","","Low flow meter counts"
"W19","NH","MaD",5,1,"3",2019-03-05 16:35:04,2019-03-05 08:35:04,2019-03-05 16:41:05,2019-03-05 08:41:05,-125.10216,44.65361,-125.09801,44.65425,25.021,49.979,NA,244.465029796666,244.465029796666,10.0460498614958,32.6240138504155,1025.26208714268,"","Yes","","","","Low flow meter counts"
"W19","NH","MaD",5,4,"3",2019-03-05 16:35:04,2019-03-05 08:35:04,2019-03-05 16:41:05,2019-03-05 08:41:05,-125.10216,44.65361,-125.09801,44.65425,25.021,49.979,NA,973.683119346201,973.683119346201,10.0460498614958,32.6240138504155,1025.26208714268,"","Yes","","","","Low flow meter counts"
"W19","NH","MaD",5,1,"4",2019-03-05 16:41:05,2019-03-05 08:41:05,2019-03-05 16:46:54,2019-03-05 08:46:54,-125.098,44.65425,-125.09384,44.65461,1.4,24.8,NA,239.244290220589,239.244290220589,10.0372257142857,32.6222657142857,1025.14772773988,"","Yes","","","","Low flow meter counts"
"W19","NH","MaD",5,4,"4",2019-03-05 16:41:05,2019-03-05 08:41:05,2019-03-05 16:46:54,2019-03-05 08:46:54,-125.098,44.65425,-125.09384,44.65461,1.4,24.8,NA,945.635770731568,945.635770731568,10.0372257142857,32.6222657142857,1025.14772773988,"","Yes","","","","Low flow meter counts"
"W19","NH","MaD",4,1,"0",2019-03-05 18:15:31,2019-03-05 10:15:31,2019-03-05 18:22:37,2019-03-05 10:22:37,-124.88201,44.65241,-124.87793,44.65203,0.1,100.8,NA,245.368244439537,245.368244439537,9.88891294117647,32.5151976470588,1025.23940472551,"","Yes","","","","Low flow meter counts"
"W19","NH","MaD",4,4,"0",2019-03-05 18:15:31,2019-03-05 10:15:31,2019-03-05 18:22:37,2019-03-05 10:22:37,-124.88201,44.65241,-124.87793,44.65203,0.1,100.8,NA,975.038626193915,975.038626193915,9.88891294117647,32.5151976470588,1025.23940472551,"","Yes","","","","Low flow meter counts"
"W19","NH","MaD",4,1,"1",2019-03-05 18:22:37,2019-03-05 10:22:37,2019-03-05 18:27:56,2019-03-05 10:27:56,-124.87792,44.65202,-124.87494,44.65179,73.2,99.4,NA,192.879921600014,192.879921600014,9.60339811912226,32.9772163009404,1025.82570458007,"","Yes","","","","Low flow meter counts"
"W19","NH","MaD",4,4,"1",2019-03-05 18:22:37,2019-03-05 10:22:37,2019-03-05 18:27:56,2019-03-05 10:27:56,-124.87792,44.65202,-124.87494,44.65179,73.2,99.4,NA,763.461686415044,763.461686415044,9.60339811912226,32.9772163009404,1025.82570458007,"","Yes","","","","Low flow meter counts"
"W19","NH","MaD",4,1,"2",2019-03-05 18:27:56,2019-03-05 10:27:56,2019-03-05 18:32:09,2019-03-05 10:32:09,-124.87493,44.65179,-124.87236,44.65167,49.9,72.685,NA,140.318441415565,140.318441415565,10.0202766798419,32.6037391304348,1025.35671494756,"","Yes","","","","Low flow meter counts"
"W19","NH","MaD",4,4,"2",2019-03-05 18:27:56,2019-03-05 10:27:56,2019-03-05 18:32:09,2019-03-05 10:32:09,-124.87493,44.65179,-124.87236,44.65167,49.9,72.685,NA,561.537599240762,561.537599240762,10.0202766798419,32.6037391304348,1025.35671494756,"","Yes","","","","Low flow meter counts"
"W19","NH","MaD",4,1,"3",2019-03-05 18:32:09,2019-03-05 10:32:09,2019-03-05 18:37:05,2019-03-05 10:37:05,-124.87235,44.65167,-124.86934,44.6515,25.291,49.218,NA,167.028730553971,167.028730553971,10.0860033783784,32.5759932432432,1025.21431778246,"","Yes","","","","Low flow meter counts"
"W19","NH","MaD",4,4,"3",2019-03-05 18:32:09,2019-03-05 10:32:09,2019-03-05 18:37:05,2019-03-05 10:37:05,-124.87235,44.65167,-124.86934,44.6515,25.291,49.218,NA,667.354489225641,667.354489225641,10.0860033783784,32.5759932432432,1025.21431778246,"","Yes","","","","Low flow meter counts"
"W19","NH","MaD",4,1,"4",2019-03-05 18:37:05,2019-03-05 10:37:05,2019-03-05 18:43:04,2019-03-05 10:43:04,-124.86933,44.6515,-124.86565,44.65124,0.6,24.9,NA,211.911810319948,211.911810319948,10.1449138888889,32.5304166666667,1025.05740922704,"","Yes","","","","Low flow meter counts"
"W19","NH","MaD",4,4,"4",2019-03-05 18:37:05,2019-03-05 10:37:05,2019-03-05 18:43:04,2019-03-05 10:43:04,-124.86933,44.6515,-124.86565,44.65124,0.6,24.9,NA,846.637742403062,846.637742403062,10.1449138888889,32.5304166666667,1025.05740922704,"","Yes","","","","Low flow meter counts"
"W19","NH","MaD",3,1,"0",2019-03-05 20:38:40,2019-03-05 12:38:40,2019-03-05 20:46:14,2019-03-05 12:46:14,-124.64949,44.65187,-124.64566,44.65146,0.2,101.4,NA,293.09901800788,293.09901800788,10.1124834437086,32.5231346578366,1025.220980678,"","Yes","","","","Low flow meter counts"
"W19","NH","MaD",3,4,"0",2019-03-05 20:38:40,2019-03-05 12:38:40,2019-03-05 20:46:14,2019-03-05 12:46:14,-124.64949,44.65187,-124.64566,44.65146,0.2,101.4,NA,1143.70287953253,1143.70287953253,10.1124834437086,32.5231346578366,1025.220980678,"","Yes","","","","Low flow meter counts"
"W19","NH","MaD",3,1,"1",2019-03-05 20:46:14,2019-03-05 12:46:14,2019-03-05 20:52:08,2019-03-05 12:52:08,-124.64565,44.65146,-124.64282,44.65121,73.307,99.693,NA,290.921645510712,290.921645510712,10.1377768361582,33.1657966101695,1025.88825580551,"","Yes","","","","Low flow meter counts"
"W19","NH","MaD",3,4,"1",2019-03-05 20:46:14,2019-03-05 12:46:14,2019-03-05 20:52:08,2019-03-05 12:52:08,-124.64565,44.65146,-124.64282,44.65121,73.307,99.693,NA,1138.84081948666,1138.84081948666,10.1377768361582,33.1657966101695,1025.88825580551,"","Yes","","","","Low flow meter counts"
"W19","NH","MaD",3,1,"2",2019-03-05 20:52:08,2019-03-05 12:52:08,2019-03-05 20:56:13,2019-03-05 12:56:13,-124.64281,44.65121,-124.64078,44.651,47.1,72.5,NA,164.431176224621,164.431176224621,10.5006857142857,32.8812530612245,1025.49814667154,"","Yes","","","","Low flow meter counts"
"W19","NH","MaD",3,4,"2",2019-03-05 20:52:08,2019-03-05 12:52:08,2019-03-05 20:56:13,2019-03-05 12:56:13,-124.64281,44.65121,-124.64078,44.651,47.1,72.5,NA,657.717224638662,657.717224638662,10.5006857142857,32.8812530612245,1025.49814667154,"","Yes","","","","Low flow meter counts"
"W19","NH","MaD",3,1,"3",2019-03-05 20:56:13,2019-03-05 12:56:13,2019-03-05 21:01:44,2019-03-05 13:01:44,-124.64077,44.651,-124.63826,44.65078,23.5,46.5,NA,234.280500527935,234.280500527935,10.2716132930514,32.5385377643505,1025.15482525887,"","Yes","","","","Low flow meter counts"
"W19","NH","MaD",3,4,"3",2019-03-05 20:56:13,2019-03-05 12:56:13,2019-03-05 21:01:44,2019-03-05 13:01:44,-124.64077,44.651,-124.63826,44.65078,23.5,46.5,NA,920.181894368647,920.181894368647,10.2716132930514,32.5385377643505,1025.15482525887,"","Yes","","","","Low flow meter counts"
"W19","NH","MaD",3,1,"4",2019-03-05 21:01:44,2019-03-05 13:01:44,2019-03-05 21:07:09,2019-03-05 13:07:09,-124.63825,44.65078,-124.6353,44.65077,0,23.1,NA,243.842924022185,243.842924022185,10.0488987730061,32.3837607361963,1024.94885410237,"","Yes","","","","Low flow meter counts"
"W19","NH","MaD",3,4,"4",2019-03-05 21:01:44,2019-03-05 13:01:44,2019-03-05 21:07:09,2019-03-05 13:07:09,-124.63825,44.65078,-124.6353,44.65077,0,23.1,NA,971.646913110893,971.646913110893,10.0488987730061,32.3837607361963,1024.94885410237,"","Yes","","","","Low flow meter counts"
"W19","NH","MaD",2,1,"0",2019-03-05 22:45:08,2019-03-05 14:45:08,2019-03-05 22:51:59,2019-03-05 14:51:59,-124.41058,44.65206,-124.40606,44.65211,0.1,75.8,NA,258.87143711839,258.87143711839,10.1672433090024,32.3453868613139,1025.01495862624,"","Yes","","","","Low flow meter counts"
"W19","NH","MaD",2,4,"0",2019-03-05 22:45:08,2019-03-05 14:45:08,2019-03-05 22:51:59,2019-03-05 14:51:59,-124.41058,44.65206,-124.40606,44.65211,0.1,75.8,NA,1027.2226420974,1027.2226420974,10.1672433090024,32.3453868613139,1025.01495862624,"","Yes","","","","Low flow meter counts"
"W19","NH","MaD",2,1,"2",2019-03-05 22:51:59,2019-03-05 14:51:59,2019-03-05 22:57:29,2019-03-05 14:57:29,-124.40605,44.65211,-124.4023,44.65208,50.1,74.7,NA,192.448569894858,192.448569894858,10.634296969697,32.6132242424242,1025.26660072584,"","Yes","","","","Low flow meter counts"
"W19","NH","MaD",2,4,"2",2019-03-05 22:51:59,2019-03-05 14:51:59,2019-03-05 22:57:29,2019-03-05 14:57:29,-124.40605,44.65211,-124.4023,44.65208,50.1,74.7,NA,762.511005736936,762.511005736936,10.634296969697,32.6132242424242,1025.26660072584,"","Yes","","","","Low flow meter counts"
"W19","NH","MaD",2,1,"3",2019-03-05 22:57:29,2019-03-05 14:57:29,2019-03-05 23:04:07,2019-03-05 15:04:07,-124.40229,44.65208,-124.39787,44.65211,24.8,49.905,NA,259.833382843285,259.833382843285,10.4814874371859,32.5446834170854,1025.12625386035,"","Yes","","","","Low flow meter counts"
"W19","NH","MaD",2,4,"3",2019-03-05 22:57:29,2019-03-05 14:57:29,2019-03-05 23:04:07,2019-03-05 15:04:07,-124.40229,44.65208,-124.39787,44.65211,24.8,49.905,NA,1034.89399832899,1034.89399832899,10.4814874371859,32.5446834170854,1025.12625386035,"","Yes","","","","Low flow meter counts"
"W19","NH","MaD",2,1,"4",2019-03-05 23:04:07,2019-03-05 15:04:07,2019-03-05 23:10:46,2019-03-05 15:10:46,-124.39785,44.65211,-124.39363,44.65205,3.1,24.401,NA,260.707405342433,260.707405342433,9.57718,32.18182,1024.88080289222,"","Yes","","","","Low flow meter counts"
"W19","NH","MaD",2,4,"4",2019-03-05 23:04:07,2019-03-05 15:04:07,2019-03-05 23:10:46,2019-03-05 15:10:46,-124.39785,44.65211,-124.39363,44.65205,3.1,24.401,NA,1037.22730602461,1037.22730602461,9.57718,32.18182,1024.88080289222,"","Yes","","","","Low flow meter counts"
"W19","NH","MaD",1,1,"0",2019-03-06 00:26:23,2019-03-05 16:26:23,2019-03-06 00:31:28,2019-03-05 16:31:28,-124.29245,44.65214,-124.28961,44.65211,0.3,50.1,NA,161.129298675064,161.129298675064,9.93836245954693,32.1260420711974,1024.8256580672,"","Yes","","","","Low flow meter counts"
"W19","NH","MaD",1,4,"0",2019-03-06 00:26:23,2019-03-05 16:26:23,2019-03-06 00:31:28,2019-03-05 16:31:28,-124.29245,44.65214,-124.28961,44.65211,0.3,50.1,NA,644.610261081682,644.610261081682,9.93836245954693,32.1260420711974,1024.8256580672,"","Yes","","","","Low flow meter counts"
"W19","NH","MaD",1,1,"3",2019-03-06 00:31:28,2019-03-05 16:31:28,2019-03-06 00:36:20,2019-03-05 16:36:20,-124.2896,44.65211,-124.28668,44.65207,25.583,50.3,NA,191.1502703254,191.1502703254,10.2671824324324,32.460277027027,1025.09490352486,"","Yes","","","","Low flow meter counts"
"W19","NH","MaD",1,4,"3",2019-03-06 00:31:28,2019-03-05 16:31:28,2019-03-06 00:36:20,2019-03-05 16:36:20,-124.2896,44.65211,-124.28668,44.65207,25.583,50.3,NA,755.856589473548,755.856589473548,10.2671824324324,32.460277027027,1025.09490352486,"","Yes","","","","Low flow meter counts"
"W19","NH","MaD",1,1,"4",2019-03-06 00:36:20,2019-03-05 16:36:20,2019-03-06 00:42:35,2019-03-05 16:42:35,-124.28667,44.65207,-124.28295,44.65205,1.4,25.149,NA,283.008699141505,283.008699141505,9.882875,32.0831037234043,1024.75644519994,"","Yes","","","","Low flow meter counts"
"W19","NH","MaD",1,4,"4",2019-03-06 00:36:20,2019-03-05 16:36:20,2019-03-06 00:42:35,2019-03-05 16:42:35,-124.28667,44.65207,-124.28295,44.65205,1.4,25.149,NA,1117.61656879865,1117.61656879865,9.882875,32.0831037234043,1024.75644519994,"","Yes","","","","Low flow meter counts"
"W19","NH","MbN",1,1,"0",2019-03-07 03:31:17,2019-03-06 19:31:17,2019-03-07 03:39:56,2019-03-06 19:39:56,-124.29686,44.65171,-124.30197,44.65134,0.3,49.7,NA,345.183309763398,345.183309763398,9.76710789980732,32.0374778420039,1024.78468645029,"","Yes","","","","No flow meter counts"
"W19","NH","MbN",1,4,"0",2019-03-07 03:31:17,2019-03-06 19:31:17,2019-03-07 03:39:56,2019-03-06 19:39:56,-124.29686,44.65171,-124.30197,44.65134,0.3,49.7,NA,1363.4036853411,1363.4036853411,9.76710789980732,32.0374778420039,1024.78468645029,"","Yes","","","","No flow meter counts"
"W19","NH","MbN",1,1,"3",2019-03-07 03:39:56,2019-03-06 19:39:56,2019-03-07 03:45:46,2019-03-06 19:45:46,-124.30198,44.65134,-124.30568,44.65116,24.8,49.4,NA,211.303647956484,211.303647956484,10.1826028571429,32.3963942857143,1025.05721117819,"","Yes","","","","No flow meter counts"
"W19","NH","MbN",1,4,"3",2019-03-07 03:39:56,2019-03-06 19:39:56,2019-03-07 03:45:46,2019-03-06 19:45:46,-124.30198,44.65134,-124.30568,44.65116,24.8,49.4,NA,842.954027674913,842.954027674913,10.1826028571429,32.3963942857143,1025.05721117819,"","Yes","","","","No flow meter counts"
"W19","NH","MbN",1,1,"4",2019-03-07 03:45:46,2019-03-06 19:45:46,2019-03-07 03:52:11,2019-03-06 19:52:11,-124.30569,44.65116,-124.30977,44.65145,2.3,24.529,NA,241.600333297832,241.600333297832,9.41308549222798,31.9061554404145,1024.69242392368,"","Yes","","","","No flow meter counts"
"W19","NH","MbN",1,4,"4",2019-03-07 03:45:46,2019-03-06 19:45:46,2019-03-07 03:52:11,2019-03-06 19:52:11,-124.30569,44.65116,-124.30977,44.65145,2.3,24.529,NA,949.796650001408,949.796650001408,9.41308549222798,31.9061554404145,1024.69242392368,"","Yes","","","","No flow meter counts"
"W19","NH","MbN",2,1,"0",2019-03-07 05:17:11,2019-03-06 21:17:11,2019-03-07 05:23:24,2019-03-06 21:23:24,-124.4146,44.65193,-124.41799,44.65194,0.345,74.755,NA,224.48198443502,224.48198443502,10.0633378016086,32.4581126005362,1025.11378593778,"","Yes","","","","No flow meter counts"
"W19","NH","MbN",2,4,"0",2019-03-07 05:17:11,2019-03-06 21:17:11,2019-03-07 05:23:24,2019-03-06 21:23:24,-124.4146,44.65193,-124.41799,44.65194,0.345,74.755,NA,896.529498329559,896.529498329559,10.0633378016086,32.4581126005362,1025.11378593778,"","Yes","","","","No flow meter counts"
"W19","NH","MbN",2,1,"2",2019-03-07 05:23:24,2019-03-06 21:23:24,2019-03-07 05:30:24,2019-03-06 21:30:24,-124.418,44.65193,-124.42139,44.65197,50.7,74.4,NA,331.869136328358,331.869136328358,10.1558981042654,33.041172985782,1025.68195837553,"","Yes","","","","No flow meter counts"
"W19","NH","MbN",2,4,"2",2019-03-07 05:23:24,2019-03-06 21:23:24,2019-03-07 05:30:24,2019-03-06 21:30:24,-124.418,44.65193,-124.42139,44.65197,50.7,74.4,NA,1321.2674616566,1321.2674616566,10.1558981042654,33.041172985782,1025.68195837553,"","Yes","","","","No flow meter counts"
"W19","NH","MbN",2,1,"3",2019-03-07 05:30:24,2019-03-06 21:30:24,2019-03-07 05:35:06,2019-03-06 21:35:06,-124.4214,44.65197,-124.42346,44.65198,25.026,49.837,NA,172.446459818483,172.446459818483,10.558914893617,32.539195035461,1025.10932838664,"","Yes","","","","No flow meter counts"
"W19","NH","MbN",2,4,"3",2019-03-07 05:30:24,2019-03-06 21:30:24,2019-03-07 05:35:06,2019-03-06 21:35:06,-124.4214,44.65197,-124.42346,44.65198,25.026,49.837,NA,688.815500714643,688.815500714643,10.558914893617,32.539195035461,1025.10932838664,"","Yes","","","","No flow meter counts"
"W19","NH","MbN",2,1,"4",2019-03-07 05:35:06,2019-03-06 21:35:06,2019-03-07 05:40:01,2019-03-06 21:40:01,-124.42347,44.65198,-124.42595,44.65198,2.3,24.027,NA,174.510255690634,174.510255690634,9.64422635135135,32.1496182432432,1024.83592211149,"","Yes","","","","No flow meter counts"
"W19","NH","MbN",2,4,"4",2019-03-07 05:35:06,2019-03-06 21:35:06,2019-03-07 05:40:01,2019-03-06 21:40:01,-124.42347,44.65198,-124.42595,44.65198,2.3,24.027,NA,695.522389794902,695.522389794902,9.64422635135135,32.1496182432432,1024.83592211149,"","Yes","","","","No flow meter counts"
"W19","NH","MbN",3,1,"0",2019-03-07 07:29:12,2019-03-06 23:29:12,2019-03-07 07:37:23,2019-03-06 23:37:23,-124.65339,44.65203,-124.65889,44.65209,0.2,99,NA,345.183309763398,345.183309763398,9.99194616977226,32.5548115942029,1025.26377059263,"","Yes","","","","No flow meter counts"
"W19","NH","MbN",3,4,"0",2019-03-07 07:29:12,2019-03-06 23:29:12,2019-03-07 07:37:23,2019-03-06 23:37:23,-124.65339,44.65203,-124.65889,44.65209,0.2,99,NA,1363.4036853411,1363.4036853411,9.99194616977226,32.5548115942029,1025.26377059263,"","Yes","","","","No flow meter counts"
"W19","NH","MbN",3,1,"1",2019-03-07 07:37:23,2019-03-06 23:37:23,2019-03-07 07:42:39,2019-03-06 23:42:39,-124.6589,44.65209,-124.66198,44.65224,76.1,96.9,NA,172.446459818483,172.446459818483,9.98393670886076,33.206664556962,1025.94134016271,"","Yes","","","","No flow meter counts"
"W19","NH","MbN",3,4,"1",2019-03-07 07:37:23,2019-03-06 23:37:23,2019-03-07 07:42:39,2019-03-06 23:42:39,-124.6589,44.65209,-124.66198,44.65224,76.1,96.9,NA,688.815500714643,688.815500714643,9.98393670886076,33.206664556962,1025.94134016271,"","Yes","","","","No flow meter counts"
"W19","NH","MbN",3,1,"2",2019-03-07 07:42:39,2019-03-06 23:42:39,2019-03-07 07:49:13,2019-03-06 23:49:13,-124.66199,44.65224,-124.66558,44.65254,53.787,75.8,NA,311.804165730757,311.804165730757,10.530692893401,32.7152664974619,1025.38846156257,"","Yes","","","","No flow meter counts"
"W19","NH","MbN",3,4,"2",2019-03-07 07:42:39,2019-03-06 23:42:39,2019-03-07 07:49:13,2019-03-06 23:49:13,-124.66199,44.65224,-124.66558,44.65254,53.787,75.8,NA,1242.38429943459,1242.38429943459,10.530692893401,32.7152664974619,1025.38846156257,"","Yes","","","","No flow meter counts"
"W19","NH","MbN",3,1,"3",2019-03-07 07:49:13,2019-03-06 23:49:13,2019-03-07 07:54:14,2019-03-06 23:54:14,-124.66559,44.65254,-124.66819,44.65265,26.8,52.8,NA,216.027857462063,216.027857462063,10.4478239202658,32.5471395348837,1025.14054959542,"","Yes","","","","No flow meter counts"
"W19","NH","MbN",3,4,"3",2019-03-07 07:49:13,2019-03-06 23:49:13,2019-03-07 07:54:14,2019-03-06 23:54:14,-124.66559,44.65254,-124.66819,44.65265,26.8,52.8,NA,859.81081421592,859.81081421592,10.4478239202658,32.5471395348837,1025.14054959542,"","Yes","","","","No flow meter counts"
"W19","NH","MbN",3,1,"4",2019-03-07 07:54:14,2019-03-06 23:54:14,2019-03-07 07:58:58,2019-03-06 23:58:58,-124.6682,44.65265,-124.6704,44.65267,0.7,26.031,NA,183.896860881259,183.896860881259,9.96084668989547,32.1783344947735,1024.81693785118,"","Yes","","","","No flow meter counts"
"W19","NH","MbN",3,4,"4",2019-03-07 07:54:14,2019-03-06 23:54:14,2019-03-07 07:58:58,2019-03-06 23:58:58,-124.6682,44.65265,-124.6704,44.65267,0.7,26.031,NA,732.63434030068,732.63434030068,9.96084668989547,32.1783344947735,1024.81693785118,"","Yes","","","","No flow meter counts"
"W19","NH","MbN",4,1,"0",2019-03-07 09:44:23,2019-03-07 01:44:23,2019-03-07 09:50:44,2019-03-07 01:50:44,-124.8841,44.6516,-124.88675,44.65162,0.2,101.3,NA,244.465029796666,244.465029796666,9.86404864864865,32.6854189189189,1025.38525372498,"","Yes","","","","No flow meter counts"
"W19","NH","MbN",4,4,"0",2019-03-07 09:44:23,2019-03-07 01:44:23,2019-03-07 09:50:44,2019-03-07 01:50:44,-124.8841,44.6516,-124.88675,44.65162,0.2,101.3,NA,973.683119346201,973.683119346201,9.86404864864865,32.6854189189189,1025.38525372498,"","Yes","","","","No flow meter counts"
"W19","NH","MbN",4,1,"1",2019-03-07 09:50:44,2019-03-07 01:50:44,2019-03-07 09:55:48,2019-03-07 01:55:48,-124.88676,44.65162,-124.88873,44.6516,76.7,101,NA,242.782469482905,242.782469482905,9.66420394736842,33.1550690789474,1025.96236963715,"","Yes","","","","No flow meter counts"
"W19","NH","MbN",4,4,"1",2019-03-07 09:50:44,2019-03-07 01:50:44,2019-03-07 09:55:48,2019-03-07 01:55:48,-124.88676,44.65162,-124.88873,44.6516,76.7,101,NA,957.376690425583,957.376690425583,9.66420394736842,33.1550690789474,1025.96236963715,"","Yes","","","","No flow meter counts"
"W19","NH","MbN",4,1,"2",2019-03-07 09:55:48,2019-03-07 01:55:48,2019-03-07 10:00:21,2019-03-07 02:00:21,-124.88873,44.6516,-124.89052,44.65165,49.6,76.5,NA,216.842740218673,216.842740218673,9.94834432234432,32.6250036630037,1025.40312485934,"","Yes","","","","No flow meter counts"
"W19","NH","MbN",4,4,"2",2019-03-07 09:55:48,2019-03-07 01:55:48,2019-03-07 10:00:21,2019-03-07 02:00:21,-124.88873,44.6516,-124.89052,44.65165,49.6,76.5,NA,862.745803460362,862.745803460362,9.94834432234432,32.6250036630037,1025.40312485934,"","Yes","","","","No flow meter counts"
"W19","NH","MbN",4,1,"3",2019-03-07 10:00:21,2019-03-07 02:00:21,2019-03-07 10:04:15,2019-03-07 02:04:15,-124.89053,44.65165,-124.89242,44.65162,25.6,48.7,NA,156.6837257889,156.6837257889,9.94072222222222,32.5848717948718,1025.24246494733,"","Yes","","","","No flow meter counts"
"W19","NH","MbN",4,4,"3",2019-03-07 10:00:21,2019-03-07 02:00:21,2019-03-07 10:04:15,2019-03-07 02:04:15,-124.89053,44.65165,-124.89242,44.65162,25.6,48.7,NA,625.002651458072,625.002651458072,9.94072222222222,32.5848717948718,1025.24246494733,"","Yes","","","","No flow meter counts"
"W19","NH","MbN",4,1,"4",2019-03-07 10:04:15,2019-03-07 02:04:15,2019-03-07 10:08:57,2019-03-07 02:08:57,-124.89243,44.65162,-124.89474,44.65149,2.2,25.135,NA,201.167163408539,201.167163408539,9.93919081272085,32.5386749116608,1025.10503546639,"","Yes","","","","No flow meter counts"
"W19","NH","MbN",4,4,"4",2019-03-07 10:04:15,2019-03-07 02:04:15,2019-03-07 10:08:57,2019-03-07 02:08:57,-124.89243,44.65162,-124.89474,44.65149,2.2,25.135,NA,794.287591996831,794.287591996831,9.93919081272085,32.5386749116608,1025.10503546639,"","Yes","","","","No flow meter counts"
"W19","NH","MbN",5,1,"0",2019-03-07 11:54:09,2019-03-07 03:54:09,2019-03-07 12:02:55,2019-03-07 04:02:55,-125.11697,44.65148,-125.12253,44.65137,0.5,101.2,NA,341.818946917518,341.818946917518,9.88136363636364,32.792415860735,1025.48649907768,"","Yes","","","","No flow meter counts"
"W19","NH","MbN",5,4,"0",2019-03-07 11:54:09,2019-03-07 03:54:09,2019-03-07 12:02:55,2019-03-07 04:02:55,-125.11697,44.65148,-125.12253,44.65137,0.5,101.2,NA,1352.51520127803,1352.51520127803,9.88136363636364,32.792415860735,1025.48649907768,"","Yes","","","","No flow meter counts"
"W19","NH","MbN",5,1,"1",2019-03-07 12:02:55,2019-03-07 04:02:55,2019-03-07 12:10:45,2019-03-07 04:10:45,-125.12253,44.65137,-125.12721,44.65114,73.439,101.6,NA,329.894551962718,329.894551962718,9.50890425531915,33.3336276595745,1026.13941288873,"","Yes","","","","No flow meter counts"
"W19","NH","MbN",5,4,"1",2019-03-07 12:02:55,2019-03-07 04:02:55,2019-03-07 12:10:45,2019-03-07 04:10:45,-125.12253,44.65137,-125.12721,44.65114,73.439,101.6,NA,1302.9779972483,1302.9779972483,9.50890425531915,33.3336276595745,1026.13941288873,"","Yes","","","","No flow meter counts"
"W19","NH","MbN",5,1,"2",2019-03-07 12:10:45,2019-03-07 04:10:45,2019-03-07 12:13:36,2019-03-07 04:13:36,-125.12722,44.65114,-125.12904,44.65095,54.023,72.259,NA,71.4266246686315,71.4266246686315,10.1003567251462,32.7781637426901,1025.48697787797,"","Yes","","","","No flow meter counts"
"W19","NH","MbN",5,4,"2",2019-03-07 12:10:45,2019-03-07 04:10:45,2019-03-07 12:13:36,2019-03-07 04:13:36,-125.12722,44.65114,-125.12904,44.65095,54.023,72.259,NA,286.186972516485,286.186972516485,10.1003567251462,32.7781637426901,1025.48697787797,"","Yes","","","","No flow meter counts"
"W19","NH","MbN",5,1,"3",2019-03-07 12:13:36,2019-03-07 04:13:36,2019-03-07 12:19:54,2019-03-07 04:19:54,-125.12905,44.65095,-125.133,44.65062,24.755,53.59,NA,271.505401951967,271.505401951967,10.0012619047619,32.634208994709,1025.2853497037,"","Yes","","","","No flow meter counts"
"W19","NH","MbN",5,4,"3",2019-03-07 12:13:36,2019-03-07 04:13:36,2019-03-07 12:19:54,2019-03-07 04:19:54,-125.12905,44.65095,-125.133,44.65062,24.755,53.59,NA,1072.07852862339,1072.07852862339,10.0012619047619,32.634208994709,1025.2853497037,"","Yes","","","","No flow meter counts"
"W19","NH","MbN",5,1,"4",2019-03-07 12:19:54,2019-03-07 04:19:54,2019-03-07 12:25:14,2019-03-07 04:25:14,-125.13301,44.65062,-125.13646,44.65057,0.8,24.1,NA,191.908028001997,191.908028001997,10.0270031152648,32.6405919003115,1025.16051757473,"","Yes","","","","No flow meter counts"
"W19","NH","MbN",5,4,"4",2019-03-07 12:19:54,2019-03-07 04:19:54,2019-03-07 12:25:14,2019-03-07 04:25:14,-125.13301,44.65062,-125.13646,44.65057,0.8,24.1,NA,759.713133023803,759.713133023803,10.0270031152648,32.6405919003115,1025.16051757473,"","Yes","","","","No flow meter counts"
"W19","NH","MbD",5,1,"0",2019-03-07 16:00:46,2019-03-07 08:00:46,2019-03-07 16:10:09,2019-03-07 08:10:09,-125.1133,44.65274,-125.10661,44.65265,0.3,101.279,NA,338.644924139203,338.644924139203,9.90957904085258,32.778756660746,1025.45060544118,"","Yes","","","","No flow meter counts"
"W19","NH","MbD",5,4,"0",2019-03-07 16:00:46,2019-03-07 08:00:46,2019-03-07 16:10:09,2019-03-07 08:10:09,-125.1133,44.65274,-125.10661,44.65265,0.3,101.279,NA,1328.33264498455,1328.33264498455,9.90957904085258,32.778756660746,1025.45060544118,"","Yes","","","","No flow meter counts"
"W19","NH","MbD",5,1,"1",2019-03-07 16:10:09,2019-03-07 08:10:09,2019-03-07 16:15:39,2019-03-07 08:15:39,-125.1066,44.65265,-125.10293,44.65248,74.1,101.4,NA,143.803611772074,143.803611772074,9.53962727272727,33.2917727272727,1026.1146039855,"","Yes","","","","No flow meter counts"
"W19","NH","MbD",5,4,"1",2019-03-07 16:10:09,2019-03-07 08:10:09,2019-03-07 16:15:39,2019-03-07 08:15:39,-125.1066,44.65265,-125.10293,44.65248,74.1,101.4,NA,574.132263958401,574.132263958401,9.53962727272727,33.2917727272727,1026.1146039855,"","Yes","","","","No flow meter counts"
"W19","NH","MbD",5,1,"2",2019-03-07 16:15:39,2019-03-07 08:15:39,2019-03-07 16:20:11,2019-03-07 08:20:11,-125.10292,44.65248,-125.09972,44.65248,54.343,73.1,NA,117.342060294507,117.342060294507,10.0301470588235,32.7538529411765,1025.47853758355,"","Yes","","","","No flow meter counts"
"W19","NH","MbD",5,4,"2",2019-03-07 16:15:39,2019-03-07 08:15:39,2019-03-07 16:20:11,2019-03-07 08:20:11,-125.10292,44.65248,-125.09972,44.65248,54.343,73.1,NA,468.494156373685,468.494156373685,10.0301470588235,32.7538529411765,1025.47853758355,"","Yes","","","","No flow meter counts"
"W19","NH","MbD",5,1,"3",2019-03-07 16:20:11,2019-03-07 08:20:11,2019-03-07 16:25:15,2019-03-07 08:25:15,-125.09971,44.65248,-125.0963,44.65244,24.6,54,NA,144.927481820913,144.927481820913,9.99289473684211,32.6328651315789,1025.28395858294,"","Yes","","","","No flow meter counts"
"W19","NH","MbD",5,4,"3",2019-03-07 16:20:11,2019-03-07 08:20:11,2019-03-07 16:25:15,2019-03-07 08:25:15,-125.09971,44.65248,-125.0963,44.65244,24.6,54,NA,580.135974960125,580.135974960125,9.99289473684211,32.6328651315789,1025.28395858294,"","Yes","","","","No flow meter counts"
"W19","NH","MbD",5,1,"4",2019-03-07 16:25:15,2019-03-07 08:25:15,2019-03-07 16:29:43,2019-03-07 08:29:43,-125.09629,44.65244,-125.09291,44.65248,-0.1,23.8,NA,139.194919095144,139.194919095144,9.98128947368421,32.5726743421053,1025.10542860696,"","Yes","","","","No flow meter counts"
"W19","NH","MbD",5,4,"4",2019-03-07 16:25:15,2019-03-07 08:25:15,2019-03-07 16:29:43,2019-03-07 08:29:43,-125.09629,44.65244,-125.0933,44.65249,-0.1,23.8,NA,433.417749421509,433.417749421509,9.98095910780669,32.5656617100372,1025.10489215991,"","Yes","","","","No flow meter counts"
"W19","NH","MbD",4,1,"0",2019-03-07 17:59:24,2019-03-07 09:59:24,2019-03-07 18:07:58,2019-03-07 10:07:58,-124.8796,44.65225,-124.8734,44.65235,0.1,101.9,NA,329.894551962718,329.894551962718,9.8898440545809,32.5246744639376,1025.25699173584,"","Yes","","","","No flow meter counts"
"W19","NH","MbD",4,4,"0",2019-03-07 17:59:24,2019-03-07 09:59:24,2019-03-07 18:07:58,2019-03-07 10:07:58,-124.8796,44.65225,-124.8734,44.65235,0.1,101.9,NA,1302.9779972483,1302.9779972483,9.8898440545809,32.5246744639376,1025.25699173584,"","Yes","","","","No flow meter counts"
"W19","NH","MbD",4,1,"1",2019-03-07 18:07:58,2019-03-07 10:07:58,2019-03-07 18:13:10,2019-03-07 10:13:10,-124.87339,44.65235,-124.87004,44.6523,74.7,101.2,NA,161.129298675064,161.129298675064,9.85707692307692,33.2111762820513,1025.98349467186,"","Yes","","","","No flow meter counts"
"W19","NH","MbD",4,4,"1",2019-03-07 18:07:58,2019-03-07 10:07:58,2019-03-07 18:13:10,2019-03-07 10:13:10,-124.87339,44.65235,-124.87004,44.6523,74.7,101.2,NA,644.610261081682,644.610261081682,9.85707692307692,33.2111762820513,1025.98349467186,"","Yes","","","","No flow meter counts"
"W19","NH","MbD",4,1,"2",2019-03-07 18:13:10,2019-03-07 10:13:10,2019-03-07 18:17:36,2019-03-07 10:17:36,-124.87003,44.6523,-124.86693,44.6524,49.631,74.076,NA,140.489576301128,140.489576301128,10.0197067669173,32.6978195488722,1025.43595258811,"","Yes","","","","No flow meter counts"
"W19","NH","MbD",4,4,"2",2019-03-07 18:13:10,2019-03-07 10:13:10,2019-03-07 18:17:36,2019-03-07 10:17:36,-124.87003,44.6523,-124.86693,44.6524,49.631,74.076,NA,562.217513604773,562.217513604773,10.0197067669173,32.6978195488722,1025.43595258811,"","Yes","","","","No flow meter counts"
"W19","NH","MbD",4,1,"3",2019-03-07 18:17:36,2019-03-07 10:17:36,2019-03-07 18:22:11,2019-03-07 10:22:11,-124.86692,44.6524,-124.86352,44.65241,25.5,49.151,NA,151.915472868519,151.915472868519,9.94966181818182,32.5504836363636,1025.21417244857,"","Yes","","","","No flow meter counts"
"W19","NH","MbD",4,4,"3",2019-03-07 18:17:36,2019-03-07 10:17:36,2019-03-07 18:22:11,2019-03-07 10:22:11,-124.86692,44.6524,-124.86352,44.65241,25.5,49.151,NA,605.821671436061,605.821671436061,9.94966181818182,32.5504836363636,1025.21417244857,"","Yes","","","","No flow meter counts"
"W19","NH","MbD",4,1,"4",2019-03-07 18:22:11,2019-03-07 10:22:11,2019-03-07 18:28:04,2019-03-07 10:28:04,-124.86351,44.65241,-124.85881,44.65243,0.6,25,NA,270.769479174756,270.769479174756,9.91285929648241,32.4989246231156,1025.06724821188,"","Yes","","","","No flow meter counts"
"W19","NH","MbD",4,4,"4",2019-03-07 18:22:11,2019-03-07 10:22:11,2019-03-07 18:28:04,2019-03-07 10:28:04,-124.86351,44.65241,-124.85935,44.65242,0.6,25,NA,862.745803460362,862.745803460362,9.91020621468927,32.5002146892655,1025.07425175549,"","Yes","","","","No flow meter counts"
"W19","NH","MbD",3,1,"0",2019-03-07 20:14:53,2019-03-07 12:14:53,2019-03-07 20:21:54,2019-03-07 12:21:54,-124.64964,44.6516,-124.64614,44.6518,0,102,NA,258.87143711839,258.87143711839,9.90558252427184,32.5197621359223,1025.25988534505,"","Yes","","","","No flow meter counts"
"W19","NH","MbD",3,4,"0",2019-03-07 20:14:53,2019-03-07 12:14:53,2019-03-07 20:21:54,2019-03-07 12:21:54,-124.64964,44.6516,-124.64614,44.6518,0,102,NA,1027.2226420974,1027.2226420974,9.90558252427184,32.5197621359223,1025.25988534505,"","Yes","","","","No flow meter counts"
"W19","NH","MbD",3,1,"1",2019-03-07 20:21:54,2019-03-07 12:21:54,2019-03-07 20:26:31,2019-03-07 12:26:31,-124.64613,44.6518,-124.64404,44.65187,74.2,100.247,NA,167.028730553971,167.028730553971,9.96728880866426,33.2303501805054,1025.96817210302,"","Yes","","","","No flow meter counts"
"W19","NH","MbD",3,4,"1",2019-03-07 20:21:54,2019-03-07 12:21:54,2019-03-07 20:26:31,2019-03-07 12:26:31,-124.64613,44.6518,-124.64404,44.65187,74.2,100.247,NA,667.354489225641,667.354489225641,9.96728880866426,33.2303501805054,1025.96817210302,"","Yes","","","","No flow meter counts"
"W19","NH","MbD",3,1,"2",2019-03-07 20:26:31,2019-03-07 12:26:31,2019-03-07 20:29:37,2019-03-07 12:29:37,-124.64403,44.65187,-124.6425,44.65191,49.871,74.158,NA,93.2639146598513,93.2639146598513,10.5158978494624,32.694747311828,1025.3457220388,"","Yes","","","","No flow meter counts"
"W19","NH","MbD",3,4,"2",2019-03-07 20:26:31,2019-03-07 12:26:31,2019-03-07 20:29:37,2019-03-07 12:29:37,-124.64403,44.65187,-124.6425,44.65191,49.871,74.158,NA,373.683667927049,373.683667927049,10.5158978494624,32.694747311828,1025.3457220388,"","Yes","","","","No flow meter counts"
"W19","NH","MbD",3,1,"3",2019-03-07 20:29:37,2019-03-07 12:29:37,2019-03-07 20:33:17,2019-03-07 12:33:17,-124.64249,44.65191,-124.6405,44.65192,24.2,48.9,NA,121.087675382903,121.087675382903,10.3998136363636,32.4755227272727,1025.07849961247,"","Yes","","","","No flow meter counts"
"W19","NH","MbD",3,4,"3",2019-03-07 20:29:37,2019-03-07 12:29:37,2019-03-07 20:33:17,2019-03-07 12:33:17,-124.64249,44.65191,-124.6405,44.65192,24.2,48.9,NA,481.214109560103,481.214109560103,10.3998136363636,32.4755227272727,1025.07849961247,"","Yes","","","","No flow meter counts"
"W19","NH","MbD",3,1,"4",2019-03-07 20:33:17,2019-03-07 12:33:17,2019-03-07 20:37:25,2019-03-07 12:37:25,-124.64049,44.65192,-124.63802,44.65192,1.1,23.7,NA,120.101582330648,120.101582330648,9.59917670682731,32.0695582329317,1024.77782894055,"","Yes","","","","No flow meter counts"
"W19","NH","MbD",3,4,"4",2019-03-07 20:33:17,2019-03-07 12:33:17,2019-03-07 20:37:25,2019-03-07 12:37:25,-124.64049,44.65192,-124.63802,44.65192,1.1,23.7,NA,480.189491831741,480.189491831741,9.59917670682731,32.0695582329317,1024.77782894055,"","Yes","","","","No flow meter counts"
"W19","NH","MbD",2,1,"0",2019-03-07 22:19:16,2019-03-07 14:19:16,2019-03-07 22:25:37,2019-03-07 14:25:37,-124.40993,44.65234,-124.40624,44.65234,0.2,76.645,155.793723839553,213.177926609967,155.793723839553,10.1297804232804,32.4201111111111,1025.0796438299,"","","","","",""
"W19","NH","MbD",2,4,"0",2019-03-07 22:19:16,2019-03-07 14:19:16,2019-03-07 22:25:37,2019-03-07 14:25:37,-124.40993,44.65234,-124.40624,44.65234,0.2,76.645,623.174895358211,850.470877351027,623.174895358211,10.1297804232804,32.4201111111111,1025.0796438299,"","","","","",""
"W19","NH","MbD",2,1,"2",2019-03-07 22:25:37,2019-03-07 14:25:37,2019-03-07 22:28:44,2019-03-07 14:28:44,-124.40623,44.65234,-124.40417,44.65251,48.373,76.027,162.685735686412,93.2639146598513,162.685735686412,10.3594331550802,32.8811871657754,1025.52596826926,"","","","","",""
"W19","NH","MbD",2,4,"2",2019-03-07 22:25:37,2019-03-07 14:25:37,2019-03-07 22:28:44,2019-03-07 14:28:44,-124.40623,44.65234,-124.40417,44.65251,48.373,76.027,650.74294274565,373.683667927049,650.74294274565,10.3594331550802,32.8811871657754,1025.52596826926,"","","","","",""
"W19","NH","MbD",2,1,"3",2019-03-07 22:28:44,2019-03-07 14:28:44,2019-03-07 22:32:04,2019-03-07 14:32:04,-124.40416,44.65251,-124.40169,44.65264,24.498,47.302,208.342976282701,84.0420581232406,208.342976282701,10.66245,32.53792,1025.07890786134,"","","","","",""
"W19","NH","MbD",2,4,"3",2019-03-07 22:28:44,2019-03-07 14:28:44,2019-03-07 22:32:04,2019-03-07 14:32:04,-124.40416,44.65251,-124.40169,44.65264,24.498,47.302,833.371905130806,336.734150984395,833.371905130806,10.66245,32.53792,1025.07890786134,"","","","","",""
"W19","NH","MbD",2,1,"4",2019-03-07 22:32:04,2019-03-07 14:32:04,2019-03-07 22:38:17,2019-03-07 14:38:17,-124.40168,44.65264,-124.39719,44.65281,0.747,24.053,383.499464283951,247.15070029194,383.499464283951,10.021192513369,32.2403636363636,1024.84965560337,"","","","","",""
"W19","NH","MbD",2,4,"4",2019-03-07 22:32:04,2019-03-07 14:32:04,2019-03-07 22:38:17,2019-03-07 14:38:17,-124.40168,44.65264,-124.39719,44.65281,0.747,24.053,1533.9978571358,976.439132470505,1533.9978571358,10.021192513369,32.2403636363636,1024.84965560337,"","","","","",""
"W19","NH","MbD",1,1,"0",2019-03-07 23:56:35,2019-03-07 15:56:35,2019-03-08 00:03:25,2019-03-07 16:03:25,-124.29475,44.65207,-124.29035,44.65208,0.3,49.9,263.055515912925,273.348374415172,263.055515912925,9.90835121951219,31.9444219512195,1024.67475735928,"","","","","",""
"W19","NH","MbD",1,4,"0",2019-03-07 23:56:35,2019-03-07 15:56:35,2019-03-08 00:03:25,2019-03-07 16:03:25,-124.29475,44.65207,-124.29035,44.65208,0.3,49.9,1052.2220636517,1078.73282736375,1052.2220636517,9.90835121951219,31.9444219512195,1024.67475735928,"","","","","",""
"W19","NH","MbD",1,1,"3",2019-03-08 00:03:25,2019-03-07 16:03:25,2019-03-08 00:09:38,2019-03-07 16:09:38,-124.29034,44.65208,-124.28645,44.65205,24.435,51,381.529725731943,278.09160489017,381.529725731943,10.512109919571,32.5358793565684,1025.12159269777,"","","","","",""
"W19","NH","MbD",1,4,"3",2019-03-08 00:03:25,2019-03-07 16:03:25,2019-03-08 00:09:38,2019-03-07 16:09:38,-124.29034,44.65208,-124.28645,44.65205,24.435,51,1526.11890292777,1102.45190552743,1526.11890292777,10.512109919571,32.5358793565684,1025.12159269777,"","","","","",""
"W19","NH","MbD",1,1,"4",2019-03-08 00:09:38,2019-03-07 16:09:38,2019-03-08 00:15:23,2019-03-07 16:15:23,-124.28644,44.65205,-124.28274,44.65197,0.8,23.9,330.583616487416,199.504587848638,330.583616487416,9.68706936416185,31.8380953757225,1024.5914276437,"","","","","",""
"W19","NH","MbD",1,4,"4",2019-03-08 00:09:38,2019-03-07 16:09:38,2019-03-08 00:15:23,2019-03-07 16:15:23,-124.28644,44.65205,-124.28274,44.65197,0.8,23.9,1322.33446594966,790.621967897914,1322.33446594966,9.68706936416185,31.8380953757225,1024.5914276437,"","","","","",""
"W19","TR","MaD",1,1,"0",2019-03-09 16:10:17,2019-03-09 08:10:17,2019-03-09 16:15:11,2019-03-09 08:15:11,-124.27087,41.0583,-124.27336,41.05838,0.1,52.1,119.821435239685,155.8447323088,119.821435239685,10.765,32.2132926829268,1024.75738712301,"","","","","",""
"W19","TR","MaD",1,4,"0",2019-03-09 16:10:17,2019-03-09 08:10:17,2019-03-09 16:15:11,2019-03-09 08:15:11,-124.27087,41.0583,-124.27336,41.05838,0.1,52.1,479.285740958738,618.876315568108,479.285740958738,10.765,32.2132926829268,1024.75738712301,"","","","","",""
"W19","TR","MaD",1,1,"3",2019-03-09 16:15:11,2019-03-09 08:15:11,2019-03-09 16:20:57,2019-03-09 08:20:57,-124.27337,41.05838,-124.27582,41.05846,25.8,52.6,168.735787280794,284.635908151411,168.735787280794,10.8235028901734,32.9761329479769,1025.41115652802,"","","","","",""
"W19","TR","MaD",1,4,"3",2019-03-09 16:15:11,2019-03-09 08:15:11,2019-03-09 16:20:57,2019-03-09 08:20:57,-124.27337,41.05838,-124.27582,41.05846,25.8,52.6,674.943149123177,1128.47348609532,674.943149123177,10.8235028901734,32.9761329479769,1025.41115652802,"","","","","",""
"W19","TR","MaD",1,1,"4",2019-03-09 16:20:57,2019-03-09 08:20:57,2019-03-09 16:26:08,2019-03-09 08:26:08,-124.27583,41.05846,-124.27838,41.05846,1.1,25.6,315.549528714553,256.63111534572,315.549528714553,10.8035416666667,32.0369358974359,1024.55772466992,"","","","","",""
"W19","TR","MaD",1,4,"4",2019-03-09 16:20:57,2019-03-09 08:20:57,2019-03-09 16:26:08,2019-03-09 08:26:08,-124.27583,41.05846,-124.27838,41.05846,1.1,25.6,1262.19811485821,1017.3037376338,1262.19811485821,10.8035416666667,32.0369358974359,1024.55772466992,"","","","","",""
"W19","TR","MaD",2,1,"0",2019-03-09 17:24:10,2019-03-09 09:24:10,2019-03-09 17:33:17,2019-03-09 09:33:17,-124.34351,41.05866,-124.34854,41.0585,-0.1,101.5,180.576056778003,372.848968724948,180.576056778003,10.6317634194831,32.2104711729622,1024.86581408528,"","","","","",""
"W19","TR","MaD",2,4,"0",2019-03-09 17:24:10,2019-03-09 09:24:10,2019-03-09 17:33:17,2019-03-09 09:33:17,-124.34351,41.05866,-124.34854,41.0585,-0.1,101.5,722.30422711201,1476.89493777395,722.30422711201,10.6317634194831,32.2104711729622,1024.86581408528,"","","","","",""
"W19","TR","MaD",2,1,"1",2019-03-09 17:33:17,2019-03-09 09:33:17,2019-03-09 17:39:05,2019-03-09 09:39:05,-124.34855,41.0585,-124.35117,41.05853,74.8,101.1,277.128808772862,275.783029513414,277.128808772862,10.1077327586207,33.5612586206897,1026.21787115498,"","","","","",""
"W19","TR","MaD",2,4,"1",2019-03-09 17:33:17,2019-03-09 09:33:17,2019-03-09 17:39:05,2019-03-09 09:39:05,-124.34855,41.0585,-124.35117,41.05853,74.8,101.1,1108.51523509145,1090.54248958712,1108.51523509145,10.1077327586207,33.5612586206897,1026.21787115498,"","","","","",""
"W19","TR","MaD",2,1,"2",2019-03-09 17:39:05,2019-03-09 09:39:05,2019-03-09 17:43:45,2019-03-09 09:43:45,-124.35118,41.05853,-124.35349,41.05851,49.8,74.482,250.896660832259,221.798190025357,250.896660832259,10.7841285714286,33.2154035714286,1025.70477525924,"","","","","",""
"W19","TR","MaD",2,4,"2",2019-03-09 17:39:05,2019-03-09 09:39:05,2019-03-09 17:43:45,2019-03-09 09:43:45,-124.35118,41.05853,-124.35349,41.05851,49.8,74.482,1003.58664332904,883.351362721823,1003.58664332904,10.7841285714286,33.2154035714286,1025.70477525924,"","","","","",""
"W19","TR","MaD",2,1,"3",2019-03-09 17:43:45,2019-03-09 09:43:45,2019-03-09 17:49:49,2019-03-09 09:49:49,-124.3535,41.05851,-124.35639,41.05856,25.7,49.4,336.64714766071,311.804165730757,336.64714766071,11.0850769230769,32.7628324175824,1025.19220778486,"","","","","",""
"W19","TR","MaD",2,4,"3",2019-03-09 17:43:45,2019-03-09 09:43:45,2019-03-09 17:49:49,2019-03-09 09:49:49,-124.3535,41.05851,-124.35639,41.05856,25.7,49.4,1346.58859064284,1239.94968107354,1346.58859064284,11.0850769230769,32.7628324175824,1025.19220778486,"","","","","",""
"W19","TR","MaD",2,1,"4",2019-03-09 17:49:49,2019-03-09 09:49:49,2019-03-09 17:56:35,2019-03-09 09:56:35,-124.3564,41.05856,-124.35964,41.05867,0.2,25.2,423.694131834633,317.317736737748,423.694131834633,10.9641154791155,32.309941031941,1024.74602975169,"","","","","",""
"W19","TR","MaD",2,4,"4",2019-03-09 17:49:49,2019-03-09 09:49:49,2019-03-09 17:56:35,2019-03-09 09:56:35,-124.3564,41.05856,-124.35964,41.05867,0.2,25.2,1694.77652733853,1261.71725215376,1694.77652733853,10.9641154791155,32.309941031941,1024.74602975169,"","","","","",""
"W19","TR","MaD",3,1,"0",2019-03-09 19:21:00,2019-03-09 11:21:00,2019-03-09 19:27:32,2019-03-09 11:27:32,-124.43427,41.05866,-124.4374,41.05857,0,102.825,144.72197845211,253.546966539001,144.72197845211,10.895956185567,32.6321649484536,1025.16327704392,"","","","","",""
"W19","TR","MaD",3,4,"0",2019-03-09 19:21:00,2019-03-09 11:21:00,2019-03-09 19:27:32,2019-03-09 11:27:32,-124.43427,41.05866,-124.4374,41.05857,0,102.825,578.887913808442,1006.13481274742,578.887913808442,10.895956185567,32.6321649484536,1025.16327704392,"","","","","",""
"W19","TR","MaD",3,1,"1",2019-03-09 19:27:32,2019-03-09 11:27:32,2019-03-09 19:32:40,2019-03-09 11:32:40,-124.43741,41.05858,-124.43941,41.05871,73.9,103.4,215.915757057946,203.751602412201,215.915757057946,10.5410032467532,33.4802272727273,1026.0893665841,"","","","","",""
"W19","TR","MaD",3,4,"1",2019-03-09 19:27:32,2019-03-09 11:27:32,2019-03-09 19:32:40,2019-03-09 11:32:40,-124.43741,41.05858,-124.43941,41.05871,73.9,103.4,863.663028231784,808.100412341106,863.663028231784,10.5410032467532,33.4802272727273,1026.0893665841,"","","","","",""
"W19","TR","MaD",3,1,"2",2019-03-09 19:32:40,2019-03-09 11:32:40,2019-03-09 19:36:40,2019-03-09 11:36:40,-124.43942,41.05871,-124.44105,41.05873,50.9,73.3,178.60976507063,140.318441415565,178.60976507063,11.1670666666667,32.9263708333333,1025.41450331333,"","","","","",""
"W19","TR","MaD",3,4,"2",2019-03-09 19:32:40,2019-03-09 11:32:40,2019-03-09 19:36:40,2019-03-09 11:36:40,-124.43942,41.05871,-124.44105,41.05873,50.9,73.3,714.439060282518,561.537599240762,714.439060282518,11.1670666666667,32.9263708333333,1025.41450331333,"","","","","",""
"W19","TR","MaD",3,1,"3",2019-03-09 19:36:40,2019-03-09 11:36:40,2019-03-09 19:43:29,2019-03-09 11:43:29,-124.44106,41.05873,-124.44374,41.05857,25.7,50.1,337.607671845956,345.183309763398,337.607671845956,11.0257677261614,32.6756821515892,1025.12924211116,"","","","","",""
"W19","TR","MaD",3,4,"3",2019-03-09 19:36:40,2019-03-09 11:36:40,2019-03-09 19:43:29,2019-03-09 11:43:29,-124.44106,41.05873,-124.44374,41.05857,25.7,50.1,1350.43068738382,1363.4036853411,1350.43068738382,11.0257677261614,32.6756821515892,1025.12924211116,"","","","","",""
"W19","TR","MaD",3,1,"4",2019-03-09 19:43:29,2019-03-09 11:43:29,2019-03-09 19:48:46,2019-03-09 11:48:46,-124.44374,41.05857,-124.44577,41.05831,0.4,25.1,325.395435064597,277.019981456512,325.395435064597,10.9341918238994,32.2891603773585,1024.73902069454,"","","","","",""
"W19","TR","MaD",3,4,"4",2019-03-09 19:43:29,2019-03-09 11:43:29,2019-03-09 19:48:46,2019-03-09 11:48:46,-124.44374,41.05857,-124.44577,41.05831,0.4,25.1,1301.58174025839,1100.37045277804,1301.58174025839,10.9341918238994,32.2891603773585,1024.73902069454,"","","","","",""
"W19","TR","MaD",4,1,"0",2019-03-09 21:31:52,2019-03-09 13:31:52,2019-03-09 21:38:41,2019-03-09 13:38:41,-124.58397,41.05826,-124.58655,41.05808,0.1,102.7,162.920643219925,252.122189971018,162.920643219925,10.9210810810811,32.6564226044226,1025.19224914529,"","","","","",""
"W19","TR","MaD",4,4,"0",2019-03-09 21:31:52,2019-03-09 13:31:52,2019-03-09 21:38:41,2019-03-09 13:38:41,-124.58397,41.05826,-124.58655,41.05808,0.1,102.7,651.682572879702,998.655565746063,651.682572879702,10.9210810810811,32.6564226044226,1025.19224914529,"","","","","",""
"W19","TR","MaD",4,1,"1",2019-03-09 21:38:41,2019-03-09 13:38:41,2019-03-09 21:42:25,2019-03-09 13:42:25,-124.58655,41.05809,-124.588,41.05823,74.4,102.9,193.476383609988,163.980733634621,193.476383609988,10.72784375,33.3082901785714,1025.91545524541,"","","","","",""
"W19","TR","MaD",4,4,"1",2019-03-09 21:38:41,2019-03-09 13:38:41,2019-03-09 21:42:25,2019-03-09 13:42:25,-124.58655,41.05809,-124.588,41.05823,74.4,102.9,773.905534439951,655.094634853736,773.905534439951,10.72784375,33.3082901785714,1025.91545524541,"","","","","",""
"W19","TR","MaD",4,1,"2",2019-03-09 21:42:25,2019-03-09 13:42:25,2019-03-09 21:49:06,2019-03-09 13:49:06,-124.58801,41.05823,-124.59033,41.05836,50,73.4,343.866319852532,338.644924139203,343.866319852532,11.1057057356608,32.847114713217,1025.35302966954,"","","","","",""
"W19","TR","MaD",4,4,"2",2019-03-09 21:42:25,2019-03-09 13:42:25,2019-03-09 21:49:06,2019-03-09 13:49:06,-124.58801,41.05823,-124.59033,41.05836,50,73.4,1375.46527941013,1328.33264498455,1375.46527941013,11.1057057356608,32.847114713217,1025.35302966954,"","","","","",""
"W19","TR","MaD",4,1,"3",2019-03-09 21:49:06,2019-03-09 13:49:06,2019-03-09 21:52:46,2019-03-09 13:52:46,-124.59033,41.05837,-124.59195,41.05829,22.1,49.4,199.22996399708,158.619189790807,199.22996399708,10.9970136363636,32.5670272727273,1025.04142776816,"","","","","",""
"W19","TR","MaD",4,4,"3",2019-03-09 21:49:06,2019-03-09 13:49:06,2019-03-09 21:52:46,2019-03-09 13:52:46,-124.59033,41.05837,-124.59195,41.05829,22.1,49.4,796.919855988319,627.791881737661,796.919855988319,10.9970136363636,32.5670272727273,1025.04142776816,"","","","","",""
"W19","TR","MaD",4,1,"4",2019-03-09 21:52:46,2019-03-09 13:52:46,2019-03-09 21:57:06,2019-03-09 13:57:06,-124.59196,41.05829,-124.59381,41.05816,1,21.758,280.048966236439,157.769480475149,280.048966236439,10.8968888888889,32.1828850574713,1024.64465449475,"","","","","",""
"W19","TR","MaD",4,4,"4",2019-03-09 21:52:46,2019-03-09 13:52:46,2019-03-09 21:57:06,2019-03-09 13:57:06,-124.59196,41.05829,-124.59381,41.05816,1,21.758,1120.19586494576,625.808313043864,1120.19586494576,10.8968888888889,32.1828850574713,1024.64465449475,"","","","","",""
"W19","TR","MaD",5,1,"0",2019-03-10 00:02:00,2019-03-09 16:02:00,2019-03-10 00:09:08,2019-03-09 16:09:08,-124.75311,41.05782,-124.75607,41.05769,0.2,102.1,155.836893616779,278.93479747033,155.836893616779,10.7384028103044,32.8261826697892,1025.34281198159,"","","","","",""
"W19","TR","MaD",5,4,"0",2019-03-10 00:02:00,2019-03-09 16:02:00,2019-03-10 00:09:08,2019-03-09 16:09:08,-124.75311,41.05782,-124.75607,41.05769,0.2,102.1,623.347574467118,1103.74700233723,623.347574467118,10.7384028103044,32.8261826697892,1025.34281198159,"","","","","",""
"W19","TR","MaD",5,1,"1",2019-03-10 00:09:08,2019-03-09 16:09:08,2019-03-10 00:14:00,2019-03-09 16:14:00,-124.75608,41.05769,-124.75831,41.05771,75.2,101.934,224.545778832265,249.448577316508,224.545778832265,10.2853321917808,33.5011404109589,1026.13511043146,"","","","","",""
"W19","TR","MaD",5,4,"1",2019-03-10 00:09:08,2019-03-09 16:09:08,2019-03-10 00:14:00,2019-03-09 16:14:00,-124.75608,41.05769,-124.75831,41.05771,75.2,101.934,898.183115329059,988.202455113442,898.183115329059,10.2853321917808,33.5011404109589,1026.13511043146,"","","","","",""
"W19","TR","MaD",5,1,"2",2019-03-10 00:14:00,2019-03-09 16:14:00,2019-03-10 00:17:48,2019-03-09 16:17:48,-124.75831,41.05771,-124.75995,41.05771,54.4,74.6,194.637613532364,137.73798128504,194.637613532364,10.9051842105263,33.2275745614035,1025.70089260527,"","","","","",""
"W19","TR","MaD",5,4,"2",2019-03-10 00:14:00,2019-03-09 16:14:00,2019-03-10 00:17:48,2019-03-09 16:17:48,-124.75831,41.05771,-124.75995,41.05771,54.4,74.6,778.550454129454,544.242932896442,778.550454129454,10.9051842105263,33.2275745614035,1025.70089260527,"","","","","",""
"W19","TR","MaD",5,1,"3",2019-03-10 00:17:48,2019-03-09 16:17:48,2019-03-10 00:23:13,2019-03-09 16:23:13,-124.75996,41.05771,-124.76231,41.05772,25.9,53.8,318.213675853735,233.141333039741,318.213675853735,11.0327784615385,32.6804830769231,1025.13832525834,"","","","","",""
"W19","TR","MaD",5,4,"3",2019-03-10 00:17:48,2019-03-09 16:17:48,2019-03-10 00:23:13,2019-03-09 16:23:13,-124.75996,41.05771,-124.76231,41.05772,25.9,53.8,1272.85470341494,914.904602560758,1272.85470341494,11.0327784615385,32.6804830769231,1025.13832525834,"","","","","",""
"W19","TR","MaD",5,1,"4",2019-03-10 00:23:13,2019-03-09 16:23:13,2019-03-10 00:29:07,2019-03-09 16:29:07,-124.76232,41.05772,-124.7652,41.05767,0.709,25.8,395.171987691107,250.316134438958,395.171987691107,10.8939549295775,32.5258507042254,1024.92460858272,"","","","","",""
"W19","TR","MaD",5,4,"4",2019-03-10 00:23:13,2019-03-09 16:23:13,2019-03-10 00:29:07,2019-03-09 16:29:07,-124.76232,41.05772,-124.7652,41.05767,0.709,25.8,1580.68795076443,990.265926961523,1580.68795076443,10.8939549295775,32.5258507042254,1024.92460858272,"","","","","",""
"W19","TR","MaN",5,1,"0",2019-03-10 03:52:39,2019-03-09 19:52:39,2019-03-10 03:58:56,2019-03-09 19:58:56,-124.75568,41.0593,-124.75448,41.05906,0.2,102.649,186.492322776144,297.689713198069,186.492322776144,10.8441409574468,32.8094494680851,1025.31725166683,"","","","","",""
"W19","TR","MaN",5,4,"0",2019-03-10 03:52:39,2019-03-09 19:52:39,2019-03-10 03:58:56,2019-03-09 19:58:56,-124.75568,41.0593,-124.75448,41.05906,0.2,102.649,745.969291104577,1174.36824851497,745.969291104577,10.8441409574468,32.8094494680851,1025.31725166683,"","","","","",""
"W19","TR","MaN",5,1,"1",2019-03-10 03:58:56,2019-03-09 19:58:56,2019-03-10 04:03:01,2019-03-09 20:03:01,-124.75448,41.05905,-124.75358,41.0588,75.7,102.4,158.163812457081,252.234333876191,158.163812457081,10.7211918367347,33.4204775510204,1026.00090942829,"","","","","",""
"W19","TR","MaN",5,4,"1",2019-03-10 03:58:56,2019-03-09 19:58:56,2019-03-10 04:03:01,2019-03-09 20:03:01,-124.75448,41.05905,-124.75358,41.0588,75.7,102.4,632.655249828323,999.47385505614,632.655249828323,10.7211918367347,33.4204775510204,1026.00090942829,"","","","","",""
"W19","TR","MaN",5,1,"2",2019-03-10 04:03:01,2019-03-09 20:03:01,2019-03-10 04:05:57,2019-03-09 20:05:57,-124.75357,41.0588,-124.75241,41.05863,48.855,76.249,124.206054070696,184.173109409257,124.206054070696,10.9896477272727,33.1394659090909,1025.62099718033,"","","","","",""
"W19","TR","MaN",5,4,"2",2019-03-10 04:03:01,2019-03-09 20:03:01,2019-03-10 04:05:57,2019-03-09 20:05:57,-124.75357,41.0588,-124.75241,41.05863,48.855,76.249,496.824216282783,734.075969432692,496.824216282783,10.9896477272727,33.1394659090909,1025.62099718033,"","","","","",""
"W19","TR","MaN",5,1,"3",2019-03-10 04:05:57,2019-03-09 20:05:57,2019-03-10 04:08:49,2019-03-09 20:08:49,-124.75241,41.05863,-124.75101,41.05853,25.943,47.757,172.993191077276,136.820857103813,172.993191077276,11.0139825581395,32.6153779069767,1025.07901643951,"","","","","",""
"W19","TR","MaN",5,4,"3",2019-03-10 04:05:57,2019-03-09 20:05:57,2019-03-10 04:08:49,2019-03-09 20:08:49,-124.75241,41.05863,-124.75101,41.05853,25.943,47.757,691.972764309103,540.616952219,691.972764309103,11.0139825581395,32.6153779069767,1025.07901643951,"","","","","",""
"W19","TR","MaN",5,1,"4",2019-03-10 04:08:49,2019-03-09 20:08:49,2019-03-10 04:14:04,2019-03-09 20:14:04,-124.75101,41.05853,-124.74854,41.05821,1.8,25,335.033685591038,223.682205159857,335.033685591038,10.8571139240506,32.2641582278481,1024.72308520552,"","","","","",""
"W19","TR","MaN",5,4,"4",2019-03-10 04:08:49,2019-03-09 20:08:49,2019-03-10 04:14:04,2019-03-09 20:14:04,-124.75101,41.05853,-124.74854,41.05821,1.8,25,1340.13474236415,891.797392114679,1340.13474236415,10.8571139240506,32.2641582278481,1024.72308520552,"","","","","",""
"W19","TR","MaN",4,1,"0",2019-03-10 05:50:02,2019-03-09 21:50:02,2019-03-10 05:56:35,2019-03-09 21:56:35,-124.58517,41.06067,-124.58243,41.06043,0.2,97.36,124.073668865834,361.842218030418,124.073668865834,10.9263994910941,32.5625623409669,1025.13254797523,"","","","","",""
"W19","TR","MaN",4,4,"0",2019-03-10 05:50:02,2019-03-09 21:50:02,2019-03-10 05:56:35,2019-03-09 21:56:35,-124.58517,41.06067,-124.58243,41.06043,0.2,97.36,496.294675463336,1421.94393263297,496.294675463336,10.9263994910941,32.5625623409669,1025.13254797523,"","","","","",""
"W19","TR","MaN",4,1,"1",2019-03-10 05:56:35,2019-03-09 21:56:35,2019-03-10 05:59:37,2019-03-09 21:59:37,-124.58242,41.06043,-124.58,41.06051,69.289,99.4,176.401076984968,142.185175323982,176.401076984968,10.9459945054945,33.1346098901099,1025.71475732488,"","","","","",""
"W19","TR","MaN",4,4,"1",2019-03-10 05:56:35,2019-03-09 21:56:35,2019-03-10 05:59:37,2019-03-09 21:59:37,-124.58242,41.06043,-124.58,41.06051,69.289,99.4,705.604307939874,568.071428431098,705.604307939874,10.9459945054945,33.1346098901099,1025.71475732488,"","","","","",""
"W19","TR","MaN",4,1,"2",2019-03-10 05:59:37,2019-03-09 21:59:37,2019-03-10 06:05:53,2019-03-09 22:05:53,-124.57999,41.06051,-124.57564,41.06066,50.651,68.4,349.255107016523,375.640676118123,349.255107016523,11.0702446808511,32.7153324468085,1025.24654042228,"","","","","",""
"W19","TR","MaN",4,4,"2",2019-03-10 05:59:37,2019-03-09 21:59:37,2019-03-10 06:05:53,2019-03-09 22:05:53,-124.57999,41.06051,-124.57564,41.06066,50.651,68.4,1397.02042806609,1481.07838809377,1397.02042806609,11.0702446808511,32.7153324468085,1025.24654042228,"","","","","",""
"W19","TR","MaN",4,1,"3",2019-03-10 06:05:53,2019-03-09 22:05:53,2019-03-10 06:12:48,2019-03-09 22:12:48,-124.57562,41.06066,-124.57129,41.06081,25.2,50.5,386.986891962732,433.655671998276,386.986891962732,11.0094746987952,32.5457879518072,1025.04193848783,"","","","","",""
"W19","TR","MaN",4,4,"3",2019-03-10 06:05:53,2019-03-09 22:05:53,2019-03-10 06:12:48,2019-03-09 22:12:48,-124.57562,41.06066,-124.57129,41.06081,25.2,50.5,1547.94756785093,1712.37102856962,1547.94756785093,11.0094746987952,32.5457879518072,1025.04193848783,"","","","","",""
"W19","TR","MaN",4,1,"4",2019-03-10 06:12:48,2019-03-09 22:12:48,2019-03-10 06:16:49,2019-03-09 22:16:49,-124.57128,41.06081,-124.56877,41.06082,0.8,24.8,265.355545223815,221.463505939184,265.355545223815,10.8322355371901,31.9022107438017,1024.45261230386,"","","","","",""
"W19","TR","MaN",4,4,"4",2019-03-10 06:12:48,2019-03-09 22:12:48,2019-03-10 06:16:49,2019-03-09 22:16:49,-124.57128,41.06081,-124.56877,41.06082,0.8,24.8,1061.42218089526,879.75387835162,1061.42218089526,10.8322355371901,31.9022107438017,1024.45261230386,"","","","","",""
"W19","TR","MaN",3,1,"0",2019-03-10 07:55:35,2019-03-09 23:55:35,2019-03-10 08:03:38,2019-03-10 00:03:38,-124.42959,41.05779,-124.42489,41.05809,0.4,101.7,234.763936512963,320.477125080597,234.763936512963,10.7829002079002,32.7204719334719,1025.27104773173,"","","","","",""
"W19","TR","MaN",3,4,"0",2019-03-10 07:55:35,2019-03-09 23:55:35,2019-03-10 08:03:38,2019-03-10 00:03:38,-124.42959,41.05779,-124.42489,41.05809,0.4,101.7,939.055746051851,1273.91768702304,939.055746051851,10.7829002079002,32.7204719334719,1025.27104773173,"","","","","",""
"W19","TR","MaN",3,1,"1",2019-03-10 08:03:38,2019-03-10 00:03:38,2019-03-10 08:07:37,2019-03-10 00:07:37,-124.42488,41.05809,-124.42248,41.0582,75.9,100.3,229.96217694645,115.607135184443,229.96217694645,10.4268870292887,33.5129456066946,1026.11511891685,"","","","","",""
"W19","TR","MaN",3,4,"1",2019-03-10 08:03:38,2019-03-10 00:03:38,2019-03-10 08:07:37,2019-03-10 00:07:37,-124.42488,41.05809,-124.42248,41.0582,75.9,100.3,919.8487077858,458.313205802037,919.8487077858,10.4268870292887,33.5129456066946,1026.11511891685,"","","","","",""
"W19","TR","MaN",3,1,"2",2019-03-10 08:07:37,2019-03-10 00:07:37,2019-03-10 08:12:56,2019-03-10 00:12:56,-124.42247,41.0582,-124.41932,41.05828,51.4,76,310.174548630681,184.88528668362,310.174548630681,11.1074827586207,33.2243887147335,1025.66508639684,"","","","","",""
"W19","TR","MaN",3,4,"2",2019-03-10 08:07:37,2019-03-10 00:07:37,2019-03-10 08:12:56,2019-03-10 00:12:56,-124.42247,41.0582,-124.41932,41.05828,51.4,76,1240.69819452272,736.824985522514,1240.69819452272,11.1074827586207,33.2243887147335,1025.66508639684,"","","","","",""
"W19","TR","MaN",3,1,"3",2019-03-10 08:12:56,2019-03-10 00:12:56,2019-03-10 08:17:42,2019-03-10 00:17:42,-124.41931,41.05828,-124.41648,41.05833,24.771,51.129,288.762965148676,167.421198824404,288.762965148676,11.0742307692308,32.7191328671329,1025.16354848545,"","","","","",""
"W19","TR","MaN",3,4,"3",2019-03-10 08:12:56,2019-03-10 00:12:56,2019-03-10 08:17:42,2019-03-10 00:17:42,-124.41931,41.05828,-124.41648,41.05833,24.771,51.129,1155.0518605947,669.239406035903,1155.0518605947,11.0742307692308,32.7191328671329,1025.16354848545,"","","","","",""
"W19","TR","MaN",3,1,"4",2019-03-10 08:17:42,2019-03-10 00:17:42,2019-03-10 08:22:04,2019-03-10 00:22:04,-124.41648,41.05833,-124.41373,41.05855,1.5,24.9,293.062559101111,144.429797331074,293.062559101111,10.8175741444867,31.9855513307985,1024.51864677697,"","","","","",""
"W19","TR","MaN",3,4,"4",2019-03-10 08:17:42,2019-03-10 00:17:42,2019-03-10 08:22:04,2019-03-10 00:22:04,-124.41648,41.05833,-124.41373,41.05855,1.5,24.9,1172.25023640444,577.975576532742,1172.25023640444,10.8175741444867,31.9855513307985,1024.51864677697,"","","","","",""
"W19","TR","MaN",2,1,"0",2019-03-10 10:19:18,2019-03-10 03:19:18,2019-03-10 10:27:24,2019-03-10 03:27:24,-124.33958,41.05802,-124.33508,41.05802,0.3,103.033,218.743984616433,281.643090691646,218.743984616433,10.6294772727273,32.6910433884298,1025.25359540702,"","","","","",""
"W19","TR","MaN",2,4,"0",2019-03-10 10:19:18,2019-03-10 03:19:18,2019-03-10 10:27:24,2019-03-10 03:27:24,-124.33958,41.05802,-124.33508,41.05802,0.3,103.033,874.975938465733,1109.9443545195,874.975938465733,10.6294772727273,32.6910433884298,1025.25359540702,"","","","","",""
"W19","TR","MaN",2,1,"1",2019-03-10 10:27:24,2019-03-10 03:27:24,2019-03-10 10:32:20,2019-03-10 03:32:20,-124.33507,41.05802,-124.33241,41.05805,73.382,103.009,220.820897956088,143.291969467053,220.820897956088,10.1032195945946,33.5912466216216,1026.24909129744,"","","","","",""
"W19","TR","MaN",2,4,"1",2019-03-10 10:27:24,2019-03-10 03:27:24,2019-03-10 10:32:20,2019-03-10 03:32:20,-124.33507,41.05802,-124.33241,41.05805,73.382,103.009,883.283591824352,572.460779551151,883.283591824352,10.1032195945946,33.5912466216216,1026.24909129744,"","","","","",""
"W19","TR","MaN",2,1,"2",2019-03-10 10:32:20,2019-03-10 03:32:20,2019-03-10 10:35:22,2019-03-10 03:35:22,-124.33241,41.05805,-124.33042,41.05812,48.563,71.937,179.196908339619,72.1905390343607,179.196908339619,10.6097527472527,33.307010989011,1025.79312763585,"","","","","",""
"W19","TR","MaN",2,4,"2",2019-03-10 10:32:20,2019-03-10 03:32:20,2019-03-10 10:35:22,2019-03-10 03:35:22,-124.33241,41.05805,-124.33042,41.05812,48.563,71.937,716.787633358475,289.248121470318,716.787633358475,10.6097527472527,33.307010989011,1025.79312763585,"","","","","",""
"W19","TR","MaN",2,1,"3",2019-03-10 10:35:22,2019-03-10 03:35:22,2019-03-10 10:42:28,2019-03-10 03:42:28,-124.3304,41.05812,-124.32626,41.05823,25.4,48.1,445.275112577451,245.368244439537,445.275112577451,11.0438849765258,32.8204671361502,1025.23999765511,"","","","","",""
"W19","TR","MaN",2,4,"3",2019-03-10 10:35:22,2019-03-10 03:35:22,2019-03-10 10:42:28,2019-03-10 03:42:28,-124.3304,41.05812,-124.32626,41.05823,25.4,48.1,1781.1004503098,975.038626193915,1781.1004503098,11.0438849765258,32.8204671361502,1025.23999765511,"","","","","",""
"W19","TR","MaN",2,1,"4",2019-03-10 10:42:28,2019-03-10 03:42:28,2019-03-10 10:49:29,2019-03-10 03:49:29,-124.32625,41.05823,-124.32217,41.05815,0,24.4,441.997033205797,269.227985837159,441.997033205797,10.8461184834123,32.1487630331754,1024.63714960515,"","","","","",""
"W19","TR","MaN",2,4,"4",2019-03-10 10:42:28,2019-03-10 03:42:28,2019-03-10 10:49:29,2019-03-10 03:49:29,-124.32625,41.05823,-124.32217,41.05815,0,24.4,1767.98813282319,1064.52039695227,1767.98813282319,10.8461184834123,32.1487630331754,1024.63714960515,"","","","","",""
"W19","TR","MaN",1,1,"0",2019-03-10 11:33:43,2019-03-10 04:33:43,2019-03-10 11:39:40,2019-03-10 04:39:40,-124.2868,41.05831,-124.28346,41.05822,0.3,51.4,204.147321912,185.19308164181,204.147321912,10.8516752136752,32.3481566951567,1024.8478221127,"","","","","",""
"W19","TR","MaN",1,4,"0",2019-03-10 11:33:43,2019-03-10 04:33:43,2019-03-10 11:39:40,2019-03-10 04:39:40,-124.2868,41.05831,-124.28346,41.05822,0.3,51.4,816.589287648,737.934568457918,816.589287648,10.8516752136752,32.3481566951567,1024.8478221127,"","","","","",""
"W19","TR","MaN",1,1,"3",2019-03-10 11:39:40,2019-03-10 04:39:40,2019-03-10 11:45:49,2019-03-10 04:45:49,-124.28345,41.05822,-124.27984,41.05823,21.937,51.226,362.083643038529,242.782469482905,362.083643038529,10.8830677506775,32.9667208672087,1025.38465528785,"","","","","",""
"W19","TR","MaN",1,4,"3",2019-03-10 11:39:40,2019-03-10 04:39:40,2019-03-10 11:45:49,2019-03-10 04:45:49,-124.28345,41.05822,-124.27984,41.05823,21.937,51.226,1448.33457215412,957.376690425583,1448.33457215412,10.8830677506775,32.9667208672087,1025.38465528785,"","","","","",""
"W19","TR","MaN",1,1,"4",2019-03-10 11:45:49,2019-03-10 04:45:49,2019-03-10 11:51:29,2019-03-10 04:51:29,-124.27983,41.05823,-124.27643,41.05824,0.2,21.1,355.361950192318,193.418744470779,355.361950192318,10.7684721407625,31.9419853372434,1024.47489251864,"","","","","",""
"W19","TR","MaN",1,4,"4",2019-03-10 11:45:49,2019-03-10 04:45:49,2019-03-10 11:51:29,2019-03-10 04:51:29,-124.27983,41.05823,-124.27643,41.05824,0.2,21.1,1421.44780076927,769.996772790318,1421.44780076927,10.7684721407625,31.9419853372434,1024.47489251864,"","","","","",""
"W19","TR","MbD",1,1,"0",2019-03-11 15:56:20,2019-03-11 08:56:20,2019-03-11 16:02:24,2019-03-11 09:02:24,-124.2687,41.05781,-124.27177,41.0581,0.2,51.7,211.093642765752,192.175526478018,211.093642765752,10.8326061452514,32.2488575418994,1024.78252118584,"","","","","",""
"W19","TR","MbD",1,4,"0",2019-03-11 15:56:20,2019-03-11 08:56:20,2019-03-11 16:02:24,2019-03-11 09:02:24,-124.2687,41.05781,-124.27177,41.0581,0.2,51.7,844.374571063006,761.459625851736,844.374571063006,10.8326061452514,32.2488575418994,1024.78252118584,"","","","","",""
"W19","TR","MbD",1,1,"3",2019-03-11 16:02:24,2019-03-11 09:02:24,2019-03-11 16:07:55,2019-03-11 09:07:55,-124.27176,41.0581,-124.2746,41.05827,26.2,51.5,323.303704078721,188.644006924808,323.303704078721,10.9390422960725,32.7406767371601,1025.19423136847,"","","","","",""
"W19","TR","MbD",1,4,"3",2019-03-11 16:02:24,2019-03-11 09:02:24,2019-03-11 16:07:55,2019-03-11 09:07:55,-124.27176,41.0581,-124.2746,41.05827,26.2,51.5,1293.21481631488,749.277358898509,1293.21481631488,10.9390422960725,32.7406767371601,1025.19423136847,"","","","","",""
"W19","TR","MbD",1,1,"4",2019-03-11 16:07:55,2019-03-11 09:07:55,2019-03-11 16:14:20,2019-03-11 09:14:20,-124.27461,41.05828,-124.278,41.0584,0.3,26.5,418.515322122007,298.262973182634,418.515322122007,10.7778886010363,31.8193238341969,1024.39337245369,"","","","","",""
"W19","TR","MbD",1,4,"4",2019-03-11 16:07:55,2019-03-11 09:07:55,2019-03-11 16:14:20,2019-03-11 09:14:20,-124.27461,41.05828,-124.278,41.0584,0.3,26.5,1674.06128848803,1179.81956541699,1674.06128848803,10.7778886010363,31.8193238341969,1024.39337245369,"","","","","",""
"W19","TR","MbD",2,1,"0",2019-03-11 17:15:24,2019-03-11 10:15:24,2019-03-11 17:24:03,2019-03-11 10:24:03,-124.34459,41.05795,-124.34978,41.05809,0.2,101.4,269.023677244295,339.459680901642,269.023677244295,10.5455736434109,32.6767829457364,1025.28271577936,"","","","","",""
"W19","TR","MbD",2,4,"0",2019-03-11 17:15:24,2019-03-11 10:15:24,2019-03-11 17:24:03,2019-03-11 10:24:03,-124.34459,41.05795,-124.34978,41.05809,0.2,101.4,1076.09470897718,1329.7103982508,1076.09470897718,10.5455736434109,32.6767829457364,1025.28271577936,"","","","","",""
"W19","TR","MbD",2,1,"1",2019-03-11 17:24:03,2019-03-11 10:24:03,2019-03-11 17:29:57,2019-03-11 10:29:57,-124.34979,41.05809,-124.35302,41.05809,73.907,100.6,315.665890084879,179.638640851583,315.665890084879,9.78430508474576,33.6717966101695,1026.36009295752,"","","","","",""
"W19","TR","MbD",2,4,"1",2019-03-11 17:24:03,2019-03-11 10:24:03,2019-03-11 17:29:57,2019-03-11 10:29:57,-124.34979,41.05809,-124.35302,41.05809,73.907,100.6,1262.66356033951,715.182413594113,1262.66356033951,9.78430508474576,33.6717966101695,1026.36009295752,"","","","","",""
"W19","TR","MbD",2,1,"2",2019-03-11 17:29:57,2019-03-11 10:29:57,2019-03-11 17:33:41,2019-03-11 10:33:41,-124.35303,41.05809,-124.35516,41.05807,51,73.4,218.773124693165,108.172519073178,218.773124693165,10.6676741071429,33.2759910714286,1025.77278413837,"","","","","",""
"W19","TR","MbD",2,4,"2",2019-03-11 17:29:57,2019-03-11 10:29:57,2019-03-11 17:33:41,2019-03-11 10:33:41,-124.35303,41.05809,-124.35516,41.05807,51,73.4,875.09249877266,432.739118342603,875.09249877266,10.6676741071429,33.2759910714286,1025.77278413837,"","","","","",""
"W19","TR","MbD",2,1,"3",2019-03-11 17:33:41,2019-03-11 10:33:41,2019-03-11 17:39:45,2019-03-11 10:39:45,-124.35517,41.05807,-124.35825,41.05792,24.727,50.873,349.406904361601,208.729815919074,349.406904361601,11.0280357142857,32.8343049450549,1025.26120233254,"","","","","",""
"W19","TR","MbD",2,4,"3",2019-03-11 17:33:41,2019-03-11 10:33:41,2019-03-11 17:39:45,2019-03-11 10:39:45,-124.35517,41.05807,-124.35825,41.05792,24.727,50.873,1397.62761744641,830.657922298889,1397.62761744641,11.0280357142857,32.8343049450549,1025.26120233254,"","","","","",""
"W19","TR","MbD",2,1,"4",2019-03-11 17:39:45,2019-03-11 10:39:45,2019-03-11 17:45:05,2019-03-11 10:45:05,-124.35825,41.05791,-124.36118,41.05794,0.2,24.4,343.296445030213,174.278400110543,343.296445030213,10.8137507788162,31.827015576324,1024.3877259001,"","","","","",""
"W19","TR","MbD",2,4,"4",2019-03-11 17:39:45,2019-03-11 10:39:45,2019-03-11 17:45:05,2019-03-11 10:45:05,-124.35825,41.05791,-124.36118,41.05794,0.2,24.4,1373.18578012085,693.670712835598,1373.18578012085,10.8137507788162,31.827015576324,1024.3877259001,"","","","","",""
"W19","TR","MbD",3,1,"0",2019-03-11 19:01:48,2019-03-11 12:01:48,2019-03-11 19:09:50,2019-03-11 12:09:50,-124.43658,41.05822,-124.44097,41.05823,0.161,102.7,234.502238127676,224.450508383245,234.502238127676,10.8102744282744,32.8300166320166,1025.3483670986,"","","","","",""
"W19","TR","MbD",3,4,"0",2019-03-11 19:01:48,2019-03-11 12:01:48,2019-03-11 19:09:50,2019-03-11 12:09:50,-124.43658,41.05822,-124.44097,41.05823,0.161,102.7,938.008952510703,896.233747088869,938.008952510703,10.8102744282744,32.8300166320166,1025.3483670986,"","","","","",""
"W19","TR","MbD",3,1,"1",2019-03-11 19:09:50,2019-03-11 12:09:50,2019-03-11 19:14:42,2019-03-11 12:14:42,-124.44098,41.05823,-124.44361,41.05815,72.483,102.217,251.411628451017,105.494764518361,251.411628451017,10.4426780821918,33.500345890411,1026.11024959033,"","","","","",""
"W19","TR","MbD",3,4,"1",2019-03-11 19:09:50,2019-03-11 12:09:50,2019-03-11 19:14:42,2019-03-11 12:14:42,-124.44098,41.05823,-124.44361,41.05815,72.483,102.217,1005.64651380407,420.934796829608,1005.64651380407,10.4426780821918,33.500345890411,1026.11024959033,"","","","","",""
"W19","TR","MbD",3,1,"2",2019-03-11 19:14:42,2019-03-11 12:14:42,2019-03-11 19:18:12,2019-03-11 12:18:12,-124.44361,41.05815,-124.44548,41.05832,50.3,71.4,203.499071937585,70.9802059640905,203.499071937585,11.0820714285714,32.9800857142857,1025.44997935008,"","","","","",""
"W19","TR","MbD",3,4,"2",2019-03-11 19:14:42,2019-03-11 12:14:42,2019-03-11 19:18:12,2019-03-11 12:18:12,-124.44361,41.05815,-124.44548,41.05832,50.3,71.4,813.99628775034,284.398502114543,813.99628775034,11.0820714285714,32.9800857142857,1025.44997935008,"","","","","",""
"W19","TR","MbD",3,1,"3",2019-03-11 19:18:12,2019-03-11 12:18:12,2019-03-11 19:24:33,2019-03-11 12:24:33,-124.44548,41.05832,-124.44893,41.05851,25.061,50.939,385.235963113151,183.292226526028,385.235963113151,11.0789212598425,32.7288320209974,1025.16812379468,"","","","","",""
"W19","TR","MbD",3,4,"3",2019-03-11 19:18:12,2019-03-11 12:18:12,2019-03-11 19:24:33,2019-03-11 12:24:33,-124.44548,41.05832,-124.44893,41.05851,25.061,50.939,1540.9438524526,726.404788618114,1540.9438524526,11.0789212598425,32.7288320209974,1025.16812379468,"","","","","",""
"W19","TR","MbD",3,1,"4",2019-03-11 19:24:33,2019-03-11 12:24:33,2019-03-11 19:31:37,2019-03-11 12:31:37,-124.44895,41.05851,-124.45285,41.05839,0.2,24.3,440.79500833146,235.631813790951,440.79500833146,10.8662423529412,32.1010423529412,1024.59892314448,"","","","","",""
"W19","TR","MbD",3,4,"4",2019-03-11 19:24:33,2019-03-11 12:24:33,2019-03-11 19:31:37,2019-03-11 12:31:37,-124.44895,41.05851,-124.45285,41.05839,0.2,24.3,1763.18003332584,929.780304321417,1763.18003332584,10.8662423529412,32.1010423529412,1024.59892314448,"","","","","",""
"W19","TR","MbD",4,1,"0",2019-03-11 21:02:43,2019-03-11 14:02:43,2019-03-11 21:11:36,2019-03-11 14:11:36,-124.58646,41.05834,-124.59206,41.05798,0.2,101.8,331.145375703987,223.755948442301,331.145375703987,10.9151965973535,32.5457618147448,1025.09647987103,"","","","","",""
"W19","TR","MbD",4,4,"0",2019-03-11 21:02:43,2019-03-11 14:02:43,2019-03-11 21:11:36,2019-03-11 14:11:36,-124.58646,41.05834,-124.59206,41.05798,0.2,101.8,1324.58150281595,894.226471043587,1324.58150281595,10.9151965973535,32.5457618147448,1025.09647987103,"","","","","",""
"W19","TR","MbD",4,1,"1",2019-03-11 21:11:36,2019-03-11 14:11:36,2019-03-11 21:16:26,2019-03-11 14:16:26,-124.59207,41.05798,-124.59467,41.05807,75.558,102.2,279.000045632967,89.4067420145067,279.000045632967,10.7154413793103,33.3497896551724,1025.94518871027,"","","","","",""
"W19","TR","MbD",4,4,"1",2019-03-11 21:11:36,2019-03-11 14:11:36,2019-03-11 21:16:26,2019-03-11 14:16:26,-124.59207,41.05798,-124.59467,41.05807,75.558,102.2,1116.00018253187,358.308768231541,1116.00018253187,10.7154413793103,33.3497896551724,1025.94518871027,"","","","","",""
"W19","TR","MbD",4,1,"2",2019-03-11 21:16:26,2019-03-11 14:16:26,2019-03-11 21:21:18,2019-03-11 14:21:18,-124.59468,41.05807,-124.59731,41.05823,51.1,75.1,293.104819526149,101.071641800215,293.104819526149,11.1084246575342,32.9677636986301,1025.45925157177,"","","","","",""
"W19","TR","MbD",4,4,"2",2019-03-11 21:16:26,2019-03-11 14:16:26,2019-03-11 21:21:18,2019-03-11 14:21:18,-124.59468,41.05807,-124.59731,41.05823,51.1,75.1,1172.4192781046,404.35983474643,1172.4192781046,11.1084246575342,32.9677636986301,1025.45925157177,"","","","","",""
"W19","TR","MbD",4,1,"3",2019-03-11 21:21:18,2019-03-11 14:21:18,2019-03-11 21:26:43,2019-03-11 14:26:43,-124.59732,41.05823,-124.60015,41.05822,24.6,50.6,342.445335768272,118.18518345215,342.445335768272,11.0634923076923,32.6892769230769,1025.1399971261,"","","","","",""
"W19","TR","MbD",4,4,"3",2019-03-11 21:21:18,2019-03-11 14:21:18,2019-03-11 21:26:43,2019-03-11 14:26:43,-124.59732,41.05823,-124.60015,41.05822,24.6,50.6,1369.78134307309,471.240852363858,1369.78134307309,11.0634923076923,32.6892769230769,1025.1399971261,"","","","","",""
"W19","TR","MbD",4,1,"4",2019-03-11 21:26:43,2019-03-11 14:26:43,2019-03-11 21:32:58,2019-03-11 14:32:58,-124.60016,41.05822,-124.6041,41.05822,1.8,23.698,390.31353494923,193.219766238184,390.31353494923,10.8450292553191,31.645875,1024.24091886396,"","","","","",""
"W19","TR","MbD",4,4,"4",2019-03-11 21:26:43,2019-03-11 14:26:43,2019-03-11 21:32:58,2019-03-11 14:32:58,-124.60016,41.05822,-124.6041,41.05822,1.8,23.698,1561.25413979692,765.898912108927,1561.25413979692,10.8450292553191,31.645875,1024.24091886396,"","","","","",""
"W19","TR","MbD",5,1,"0",2019-03-11 23:27:13,2019-03-11 16:27:13,2019-03-11 23:34:18,2019-03-11 16:34:18,-124.75053,41.05783,-124.75404,41.05732,0.1,100.7,192.159729402481,223.180967131337,192.159729402481,10.8532660332542,32.8290641330166,1025.31198301096,"","","","","",""
"W19","TR","MbD",5,4,"0",2019-03-11 23:27:13,2019-03-11 16:27:13,2019-03-11 23:34:18,2019-03-11 16:34:18,-124.75053,41.05783,-124.75404,41.05732,0.1,100.7,768.638917609926,885.209525030494,768.638917609926,10.8532660332542,32.8290641330166,1025.31198301096,"","","","","",""
"W19","TR","MbD",5,1,"1",2019-03-11 23:34:18,2019-03-11 16:34:18,2019-03-11 23:40:29,2019-03-11 16:40:29,-124.75405,41.05732,-124.75684,41.05678,74.3,102.218,283.259492877566,241.978402152298,283.259492877566,10.0323504043127,33.6054555256065,1026.26683122151,"","","","","",""
"W19","TR","MbD",5,4,"1",2019-03-11 23:34:18,2019-03-11 16:34:18,2019-03-11 23:40:29,2019-03-11 16:40:29,-124.75405,41.05732,-124.75684,41.05678,74.3,102.218,1133.03797151026,951.059769149803,1133.03797151026,10.0323504043127,33.6054555256065,1026.26683122151,"","","","","",""
"W19","TR","MbD",5,1,"2",2019-03-11 23:40:29,2019-03-11 16:40:29,2019-03-11 23:44:53,2019-03-11 16:44:53,-124.75685,41.05678,-124.75886,41.05638,50.027,73.473,200.808640804021,123.62369505679,200.808640804021,11.0683977272727,33.1623181818182,1025.60875427249,"","","","","",""
"W19","TR","MbD",5,4,"2",2019-03-11 23:40:29,2019-03-11 16:40:29,2019-03-11 23:44:53,2019-03-11 16:44:53,-124.75685,41.05678,-124.75886,41.05638,50.027,73.473,803.234563216082,492.468888863252,803.234563216082,11.0683977272727,33.1623181818182,1025.60875427249,"","","","","",""
"W19","TR","MbD",5,1,"3",2019-03-11 23:44:53,2019-03-11 16:44:53,2019-03-11 23:48:42,2019-03-11 16:48:42,-124.75886,41.05638,-124.76051,41.05599,25.4,49.5,189.160834006569,87.3912387087637,189.160834006569,11.0663580786026,32.7338733624454,1025.17014826281,"","","","","",""
"W19","TR","MbD",5,4,"3",2019-03-11 23:44:53,2019-03-11 16:44:53,2019-03-11 23:48:42,2019-03-11 16:48:42,-124.75886,41.05638,-124.76051,41.05599,25.4,49.5,756.643336026274,350.152746428541,756.643336026274,11.0663580786026,32.7338733624454,1025.17014826281,"","","","","",""
"W19","TR","MbD",5,1,"4",2019-03-11 23:48:42,2019-03-11 16:48:42,2019-03-11 23:52:50,2019-03-11 16:52:50,-124.76052,41.05599,-124.76249,41.05555,1.316,24.7,271.429017741545,108.4632215253,271.429017741545,10.9554738955823,32.3584578313253,1024.78336888915,"","","","","",""
"W19","TR","MbD",5,4,"4",2019-03-11 23:48:42,2019-03-11 16:48:42,2019-03-11 23:52:50,2019-03-11 16:52:50,-124.76052,41.05599,-124.76265,41.05552,1.316,24.7,1111.80645093773,497.392103162614,1111.80645093773,10.9583582089552,32.3401940298507,1024.76511225374,"","","","","",""
"W19","TR","MbN",5,1,"0",2019-03-12 03:28:37,2019-03-11 20:28:37,2019-03-12 03:36:32,2019-03-11 20:36:32,-124.75009,41.05694,-124.74655,41.05653,0.3,101.614,169.534306347265,294.458429643993,169.534306347265,10.8862351694915,32.7285805084746,1025.24955250051,"","","","","",""
"W19","TR","MbN",5,4,"0",2019-03-12 03:28:37,2019-03-11 20:28:37,2019-03-12 03:36:32,2019-03-11 20:36:32,-124.75009,41.05694,-124.74655,41.05653,0.3,101.614,678.137225389059,1165.64731175208,678.137225389059,10.8862351694915,32.7285805084746,1025.24955250051,"","","","","",""
"W19","TR","MbN",5,1,"1",2019-03-12 03:36:32,2019-03-11 20:36:32,2019-03-12 03:43:29,2019-03-11 20:43:29,-124.74654,41.05653,-124.74365,41.05646,75.6,101.2,346.479017781965,316.007854026341,346.479017781965,10.31448441247,33.5076282973621,1026.13858645396,"","","","","",""
"W19","TR","MbN",5,4,"1",2019-03-12 03:36:32,2019-03-11 20:36:32,2019-03-12 03:43:29,2019-03-11 20:43:29,-124.74654,41.05653,-124.74365,41.05646,75.6,101.2,1385.91607112786,1252.4386263561,1385.91607112786,10.31448441247,33.5076282973621,1026.13858645396,"","","","","",""
"W19","TR","MbN",5,1,"2",2019-03-12 03:43:29,2019-03-11 20:43:29,2019-03-12 03:48:34,2019-03-11 20:48:34,-124.74364,41.05646,-124.74185,41.05658,50.2,75.3,249.247509791767,179.196560494303,249.247509791767,11.0216655737705,33.1506983606557,1025.61583304313,"","","","","",""
"W19","TR","MbN",5,4,"2",2019-03-12 03:43:29,2019-03-11 20:43:29,2019-03-12 03:48:34,2019-03-11 20:48:34,-124.74364,41.05646,-124.74185,41.05658,50.2,75.3,996.990039167066,709.522220756655,996.990039167066,11.0216655737705,33.1506983606557,1025.61583304313,"","","","","",""
"W19","TR","MbN",5,1,"3",2019-03-12 03:48:34,2019-03-11 20:48:34,2019-03-12 03:54:17,2019-03-11 20:54:17,-124.74184,41.05658,-124.73995,41.05676,25.2,50,312.23042414128,196.54058189399,312.23042414128,11.1179125364431,32.7307930029155,1025.15660854096,"","","","","",""
"W19","TR","MbN",5,4,"3",2019-03-12 03:48:34,2019-03-11 20:48:34,2019-03-12 03:54:17,2019-03-11 20:54:17,-124.74184,41.05658,-124.73995,41.05676,25.2,50,1248.92169656512,776.761413448871,1248.92169656512,11.1179125364431,32.7307930029155,1025.15660854096,"","","","","",""
"W19","TR","MbN",5,1,"4",2019-03-12 03:54:17,2019-03-11 20:54:17,2019-03-12 04:00:06,2019-03-11 21:00:06,-124.73994,41.05676,-124.73794,41.05695,1.9,24.7,363.06937735934,243.842924022185,363.06937735934,10.9842057142857,32.4285085714286,1024.83898540364,"","","","","",""
"W19","TR","MbN",5,4,"4",2019-03-12 03:54:17,2019-03-11 20:54:17,2019-03-12 04:00:06,2019-03-11 21:00:06,-124.73994,41.05676,-124.73794,41.05695,1.9,24.7,1452.27750943736,971.646913110893,1452.27750943736,10.9842057142857,32.4285085714286,1024.83898540364,"","","","","",""
"W19","TR","MbN",4,1,"0",2019-03-12 05:24:35,2019-03-11 22:24:35,2019-03-12 05:33:19,2019-03-11 22:33:19,-124.58061,41.05815,-124.5755,41.05771,0.4,99.8,315.060270086503,321.724591989815,315.060270086503,10.9677892720307,32.5766513409962,1025.11822308487,"","","","","",""
"W19","TR","MbN",4,4,"0",2019-03-12 05:24:35,2019-03-11 22:24:35,2019-03-12 05:33:19,2019-03-11 22:33:19,-124.58061,41.05815,-124.5755,41.05771,0.4,99.8,1260.24108034601,1280.73764315249,1260.24108034601,10.9677892720307,32.5766513409962,1025.11822308487,"","","","","",""
"W19","TR","MbN",4,1,"1",2019-03-12 05:33:19,2019-03-11 22:33:19,2019-03-12 05:39:11,2019-03-11 22:39:11,-124.57549,41.0577,-124.57224,41.0575,75.315,102.9,366.997758853546,147.874461884711,366.997758853546,10.5801420454545,33.3848380681818,1026.00137250276,"","","","","",""
"W19","TR","MbN",4,4,"1",2019-03-12 05:33:19,2019-03-11 22:33:19,2019-03-12 05:39:11,2019-03-11 22:39:11,-124.57549,41.0577,-124.57224,41.0575,75.315,102.9,1467.99103541418,588.509078054753,1467.99103541418,10.5801420454545,33.3848380681818,1026.00137250276,"","","","","",""
"W19","TR","MbN",4,1,"2",2019-03-12 05:39:11,2019-03-11 22:39:11,2019-03-12 05:45:03,2019-03-11 22:45:03,-124.57223,41.0575,-124.56897,41.05748,49.909,75.194,363.596203671599,144.927481820913,363.596203671599,11.1868863636364,32.9258835227273,1025.41397273831,"","","","","",""
"W19","TR","MbN",4,4,"2",2019-03-12 05:39:11,2019-03-11 22:39:11,2019-03-12 05:45:03,2019-03-11 22:45:03,-124.57223,41.0575,-124.56897,41.05748,49.909,75.194,1454.3848146864,580.135974960125,1454.3848146864,11.1868863636364,32.9258835227273,1025.41397273831,"","","","","",""
"W19","TR","MbN",4,1,"3",2019-03-12 05:45:03,2019-03-11 22:45:03,2019-03-12 05:50:04,2019-03-11 22:50:04,-124.56896,41.05748,-124.56609,41.05744,24.4,50.3,323.636480355562,111.746425212725,323.636480355562,11.0554485049834,32.682584717608,1025.1318312304,"","","","","",""
"W19","TR","MbN",4,4,"3",2019-03-12 05:45:03,2019-03-11 22:45:03,2019-03-12 05:50:04,2019-03-11 22:50:04,-124.56896,41.05748,-124.56609,41.05744,24.4,50.3,1294.54592142225,446.416579369301,1294.54592142225,11.0554485049834,32.682584717608,1025.1318312304,"","","","","",""
"W19","TR","MbN",4,1,"4",2019-03-12 05:50:04,2019-03-11 22:50:04,2019-03-12 05:55:24,2019-03-11 22:55:24,-124.56607,41.05744,-124.56246,41.05756,0.8,23.5,357.712384411325,165.372903012937,357.712384411325,10.8604735202492,31.7984299065421,1024.35846363891,"","","","","",""
"W19","TR","MbN",4,4,"4",2019-03-12 05:50:04,2019-03-11 22:50:04,2019-03-12 05:55:24,2019-03-11 22:55:24,-124.56607,41.05744,-124.56246,41.05756,0.8,23.5,1430.8495376453,662.615493280304,1430.8495376453,10.8604735202492,31.7984299065421,1024.35846363891,"","","","","",""
"W19","TR","MbN",3,1,"0",2019-03-12 07:12:16,2019-03-12 00:12:16,2019-03-12 07:21:48,2019-03-12 00:21:48,-124.42946,41.05763,-124.42202,41.05771,0.3,99.883,329.671721787978,347.912993869518,329.671721787978,10.7387368421053,32.8438701754386,1025.37128095896,"","","","","",""
"W19","TR","MbN",3,4,"0",2019-03-12 07:12:16,2019-03-12 00:12:16,2019-03-12 07:21:48,2019-03-12 00:21:48,-124.42946,41.05763,-124.42202,41.05771,0.3,99.883,1318.68688715191,1367.22251129143,1318.68688715191,10.7387368421053,32.8438701754386,1025.37128095896,"","","","","",""
"W19","TR","MbN",3,1,"1",2019-03-12 07:21:48,2019-03-12 00:21:48,2019-03-12 07:28:19,2019-03-12 00:28:19,-124.42201,41.05771,-124.41716,41.05789,74.881,101.5,420.427285319383,213.837911930694,420.427285319383,10.0608542199488,33.609104859335,1026.25801368754,"","","","","",""
"W19","TR","MbN",3,4,"1",2019-03-12 07:21:48,2019-03-12 00:21:48,2019-03-12 07:28:19,2019-03-12 00:28:19,-124.42201,41.05771,-124.41716,41.05789,74.881,101.5,1681.70914127753,852.979232598324,1681.70914127753,10.0608542199488,33.609104859335,1026.25801368754,"","","","","",""
"W19","TR","MbN",3,1,"2",2019-03-12 07:28:19,2019-03-12 00:28:19,2019-03-12 07:32:36,2019-03-12 00:32:36,-124.41715,41.05789,-124.41374,41.058,51.113,74.087,281.169364428327,116.698073142767,281.169364428327,10.6811050583658,33.2971712062257,1025.78497377938,"","","","","",""
"W19","TR","MbN",3,4,"2",2019-03-12 07:28:19,2019-03-12 00:28:19,2019-03-12 07:32:36,2019-03-12 00:32:36,-124.41715,41.05789,-124.41374,41.058,51.113,74.087,1124.67745771331,462.543566646667,1124.67745771331,10.6811050583658,33.2971712062257,1025.78497377938,"","","","","",""
"W19","TR","MbN",3,1,"3",2019-03-12 07:32:36,2019-03-12 00:32:36,2019-03-12 07:37:40,2019-03-12 00:37:40,-124.41373,41.058,-124.40956,41.05807,26.6,50.4,330.527516595826,146.515774094472,330.527516595826,11.0859078947368,32.8745625,1025.27837948341,"","","","","",""
"W19","TR","MbN",3,4,"3",2019-03-12 07:32:36,2019-03-12 00:32:36,2019-03-12 07:37:40,2019-03-12 00:37:40,-124.41373,41.058,-124.40956,41.05807,26.6,50.4,1322.1100663833,583.566411726311,1322.1100663833,11.0859078947368,32.8745625,1025.27837948341,"","","","","",""
"W19","TR","MbN",3,1,"4",2019-03-12 07:37:40,2019-03-12 00:37:40,2019-03-12 07:44:52,2019-03-12 00:44:52,-124.40955,41.05807,-124.40359,41.05802,0.8,26.2,478.97567235357,303.112768213868,478.97567235357,10.9675935334873,32.0923879907621,1024.58011358257,"","","","","",""
"W19","TR","MbN",3,4,"4",2019-03-12 07:37:40,2019-03-12 00:37:40,2019-03-12 07:44:52,2019-03-12 00:44:52,-124.40955,41.05807,-124.40359,41.05802,0.8,26.2,1915.90268941428,1201.02883410978,1915.90268941428,10.9675935334873,32.0923879907621,1024.58011358257,"","","","","",""
"W19","TR","MbN",2,1,"0",2019-03-12 09:05:42,2019-03-12 02:05:42,2019-03-12 09:15:27,2019-03-12 02:15:27,-124.33876,41.05837,-124.33122,41.05828,0.4,99.231,366.093039984792,364.480461254127,366.093039984792,10.6625295109612,32.8719662731872,1025.4134073179,"","","","","",""
"W19","TR","MbN",2,4,"0",2019-03-12 09:05:42,2019-03-12 02:05:42,2019-03-12 09:15:27,2019-03-12 02:15:27,-124.33876,41.05837,-124.33122,41.05828,0.4,99.231,1464.38089751804,1446.71771725464,1464.38089751804,10.6625295109612,32.8719662731872,1025.4134073179,"","","","","",""
"W19","TR","MbN",2,1,"1",2019-03-12 09:15:27,2019-03-12 02:15:27,2019-03-12 09:20:47,2019-03-12 02:20:47,-124.3312,41.05828,-124.3272,41.05846,75.4,101.3,356.525991678307,125.731772401456,356.525991678307,9.96543125,33.601215625,1026.26510660385,"","","","","",""
"W19","TR","MbN",2,4,"1",2019-03-12 09:15:27,2019-03-12 02:15:27,2019-03-12 09:20:47,2019-03-12 02:20:47,-124.3312,41.05828,-124.3272,41.05846,75.4,101.3,1426.10396671323,502.172713837841,1426.10396671323,9.96543125,33.601215625,1026.26510660385,"","","","","",""
"W19","TR","MbN",2,1,"2",2019-03-12 09:20:47,2019-03-12 02:20:47,2019-03-12 09:26:34,2019-03-12 02:26:34,-124.32718,41.05846,-124.32293,41.05847,49.7,75.3,366.382337084593,169.683527310505,366.382337084593,10.5550345821326,33.2668011527377,1025.78634344231,"","","","","",""
"W19","TR","MbN",2,4,"2",2019-03-12 09:20:47,2019-03-12 02:20:47,2019-03-12 09:26:34,2019-03-12 02:26:34,-124.32718,41.05846,-124.32293,41.05847,49.7,75.3,1465.52934833837,678.657569581978,1465.52934833837,10.5550345821326,33.2668011527377,1025.78634344231,"","","","","",""
"W19","TR","MbN",2,1,"3",2019-03-12 09:26:34,2019-03-12 02:26:34,2019-03-12 09:31:17,2019-03-12 02:31:17,-124.32292,41.05847,-124.31956,41.05859,25.5,49.1,317.496244289648,109.167277077382,317.496244289648,11.0484240282686,32.7526713780919,1025.18258376648,"","","","","",""
"W19","TR","MbN",2,4,"3",2019-03-12 09:26:34,2019-03-12 02:26:34,2019-03-12 09:31:17,2019-03-12 02:31:17,-124.32292,41.05847,-124.31956,41.05859,25.5,49.1,1269.98497715859,433.350290202748,1269.98497715859,11.0484240282686,32.7526713780919,1025.18258376648,"","","","","",""
"W19","TR","MbN",2,1,"4",2019-03-12 09:31:17,2019-03-12 02:31:17,2019-03-12 09:35:48,2019-03-12 02:35:48,-124.31955,41.05859,-124.31652,41.05861,1.2,25.314,305.845048868535,120.101582330648,305.845048868535,10.9423014705882,31.8630772058824,1024.40457606846,"","","","","",""
"W19","TR","MbN",2,4,"4",2019-03-12 09:31:17,2019-03-12 02:31:17,2019-03-12 09:35:48,2019-03-12 02:35:48,-124.31955,41.05859,-124.31652,41.05861,1.2,25.314,1223.38019547414,480.189491831741,1223.38019547414,10.9423014705882,31.8630772058824,1024.40457606846,"","","","","",""
"W19","TR","MbN",1,1,"0",2019-03-12 10:58:20,2019-03-12 03:58:20,2019-03-12 11:05:25,2019-03-12 04:05:25,-124.28289,41.05863,-124.27828,41.05873,0.4,52,296.949974973916,244.289355985498,296.949974973916,10.8779333333333,32.2324738095238,1024.75901867831,"","","","","",""
"W19","TR","MbN",1,4,"0",2019-03-12 10:58:20,2019-03-12 03:58:20,2019-03-12 11:05:25,2019-03-12 04:05:25,-124.28289,41.05863,-124.27828,41.05873,0.4,52,1187.79989989567,973.132785291008,1187.79989989567,10.8779333333333,32.2324738095238,1024.75901867831,"","","","","",""
"W19","TR","MbN",1,1,"3",2019-03-12 11:05:25,2019-03-12 04:05:25,2019-03-12 11:11:27,2019-03-12 04:11:27,-124.27827,41.05873,-124.27439,41.05879,24.423,51.5,404.257990114123,166.261996839897,404.257990114123,10.8016325966851,32.7571574585635,1025.2419430626,"","","","","",""
"W19","TR","MbN",1,4,"3",2019-03-12 11:05:25,2019-03-12 04:05:25,2019-03-12 11:11:27,2019-03-12 04:11:27,-124.27827,41.05873,-124.27439,41.05879,24.423,51.5,1617.03196045649,664.423793800589,1617.03196045649,10.8016325966851,32.7571574585635,1025.2419430626,"","","","","",""
"W19","TR","MbN",1,1,"4",2019-03-12 11:11:27,2019-03-12 04:11:27,2019-03-12 11:17:42,2019-03-12 04:17:42,-124.27438,41.05879,-124.27018,41.05865,0.251,24.447,409.590292682466,237.04991978472,409.590292682466,10.9604920212766,31.8118191489362,1024.35398742643,"","","","","",""
"W19","TR","MbN",1,4,"4",2019-03-12 11:11:27,2019-03-12 04:11:27,2019-03-12 11:17:42,2019-03-12 04:17:42,-124.27438,41.05879,-124.27018,41.05865,0.251,24.447,1638.36117072986,938.710056619559,1638.36117072986,10.9604920212766,31.8118191489362,1024.35398742643,"","","","","",""
"S19","TR","MaD",1,1,"0",2019-07-17 16:43:35,2019-07-17 09:43:35,2019-07-17 16:59:52,2019-07-17 09:59:52,-124.27026,41.05784,-124.26442,41.06012,0,50,616.800682042676,489.719629054099,616.800682042676,8.454,NA,NA,"","","Yes","","Yes","No software outputs in .PRO or .txt files; sampling log indicates that depth values are inaccurate; salinity values in .mcn and .txt files are inaccurate; mean temperature values can be taken from .txt file"
"S19","TR","MaD",1,4,"0",2019-07-17 16:43:35,2019-07-17 09:43:35,2019-07-17 16:59:52,2019-07-17 09:59:52,-124.27026,41.05784,-124.26442,41.06012,0,50,2467.20272817071,1825.20769948281,2467.20272817071,8.454,NA,NA,"","","Yes","","Yes","No software outputs in .PRO or .txt files; sampling log indicates that depth values are inaccurate; salinity values in .mcn and .txt files are inaccurate; mean temperature values can be taken from .txt file"
"S19","TR","MaD",1,1,"3",2019-07-17 16:59:52,2019-07-17 09:59:52,2019-07-17 17:09:16,2019-07-17 10:09:16,-124.26441,41.06013,-124.26094,41.06183,25,50,476.142302201528,403.940365200687,476.142302201528,9.614,NA,NA,"","","Yes","","Yes","No software outputs in .PRO or .txt files; sampling log indicates that depth values are inaccurate; salinity values in .mcn and .txt files are inaccurate; mean temperature values can be taken from .txt file"
"S19","TR","MaD",1,4,"3",2019-07-17 16:59:52,2019-07-17 09:59:52,2019-07-17 17:09:16,2019-07-17 10:09:16,-124.26441,41.06013,-124.26094,41.06183,25,50,1904.56920880611,1593.32468793067,1904.56920880611,9.614,NA,NA,"","","Yes","","Yes","No software outputs in .PRO or .txt files; sampling log indicates that depth values are inaccurate; salinity values in .mcn and .txt files are inaccurate; mean temperature values can be taken from .txt file"
"S19","TR","MaD",1,1,"4",2019-07-17 17:09:16,2019-07-17 10:09:16,2019-07-17 17:18:18,2019-07-17 10:18:18,-124.26094,41.06183,-124.25747,41.06349,0,25,544.58636535754,372.419644205687,544.58636535754,14.717,NA,NA,"","","Yes","","Yes","No software outputs in .PRO or .txt files; sampling log indicates that depth values are inaccurate; salinity values in .mcn and .txt files are inaccurate; mean temperature values can be taken from .txt file"
"S19","TR","MaD",1,4,"4",2019-07-17 17:09:16,2019-07-17 10:09:16,2019-07-17 17:18:18,2019-07-17 10:18:18,-124.26094,41.06183,-124.25747,41.06349,0,25,2178.34546143016,1473.56998598749,2178.34546143016,14.717,NA,NA,"","","Yes","","Yes","No software outputs in .PRO or .txt files; sampling log indicates that depth values are inaccurate; salinity values in .mcn and .txt files are inaccurate; mean temperature values can be taken from .txt file"
"S19","TR","MaD",2,1,"0",2019-07-17 19:22:25,2019-07-17 12:22:25,2019-07-17 19:32:22,2019-07-17 12:32:22,-124.34319,41.05318,-124.33798,41.05484,1.1,115.907,326.238385472083,361.070616261852,326.238385472083,8.26,NA,NA,"","","Yes","","Yes","No software outputs in .PRO or .txt files; sampling log indicates that depth values are generated using a new CTD calibration, and seem like they are probably ~18 m less than true values; salinity values in .mcn and .txt files are inaccurate; mean temperature values can be taken from .txt file"
"S19","TR","MaD",2,4,"0",2019-07-17 19:22:25,2019-07-17 12:22:25,2019-07-17 19:32:22,2019-07-17 12:32:22,-124.34319,41.05318,-124.33798,41.05484,1.1,115.907,1304.95354188833,1413.07218487998,1304.95354188833,8.26,NA,NA,"","","Yes","","Yes","No software outputs in .PRO or .txt files; sampling log indicates that depth values are generated using a new CTD calibration, and seem like they are probably ~18 m less than true values; salinity values in .mcn and .txt files are inaccurate; mean temperature values can be taken from .txt file"
"S19","TR","MaD",2,1,"2",2019-07-17 19:32:22,2019-07-17 12:32:22,2019-07-17 19:40:55,2019-07-17 12:40:55,-124.33798,41.05484,-124.33392,41.05633,66.1,117.7,474.857754299462,410.324621120839,474.857754299462,8.962,NA,NA,"","","Yes","","Yes","No software outputs in .PRO or .txt files; sampling log indicates that depth values are generated using a new CTD calibration, and seem like they are probably ~18 m less than true values; salinity values in .mcn and .txt files are inaccurate; mean temperature values can be taken from .txt file"
"S19","TR","MaD",2,4,"2",2019-07-17 19:32:22,2019-07-17 12:32:22,2019-07-17 19:40:55,2019-07-17 12:40:55,-124.33798,41.05484,-124.33392,41.05633,66.1,117.7,1899.43101719785,1606.12026613575,1899.43101719785,8.962,NA,NA,"","","Yes","","Yes","No software outputs in .PRO or .txt files; sampling log indicates that depth values are generated using a new CTD calibration, and seem like they are probably ~18 m less than true values; salinity values in .mcn and .txt files are inaccurate; mean temperature values can be taken from .txt file"
"S19","TR","MaD",2,1,"3",2019-07-17 19:40:55,2019-07-17 12:40:55,2019-07-17 19:44:15,2019-07-17 12:44:15,-124.33392,41.05634,-124.33213,41.05729,43.1,65.401,205.159556355566,112.896707675588,205.159556355566,9.204,NA,NA,"","","Yes","","Yes","No software outputs in .PRO or .txt files; sampling log indicates that depth values are generated using a new CTD calibration, and seem like they are probably ~18 m less than true values; salinity values in .mcn and .txt files are inaccurate; mean temperature values can be taken from .txt file"
"S19","TR","MaD",2,4,"3",2019-07-17 19:40:55,2019-07-17 12:40:55,2019-07-17 19:44:15,2019-07-17 12:44:15,-124.33392,41.05634,-124.33213,41.05729,43.1,65.401,820.638225422264,447.73731451401,820.638225422264,9.204,NA,NA,"","","Yes","","Yes","No software outputs in .PRO or .txt files; sampling log indicates that depth values are generated using a new CTD calibration, and seem like they are probably ~18 m less than true values; salinity values in .mcn and .txt files are inaccurate; mean temperature values can be taken from .txt file"
"S19","TR","MaD",2,1,"4",2019-07-17 19:44:15,2019-07-17 12:44:15,2019-07-17 19:56:15,2019-07-17 12:56:15,-124.33212,41.0573,-124.32584,41.06063,0.5,42.8,776.739535951206,457.846881757568,776.739535951206,14.617,NA,NA,"","","Yes","","Yes","No software outputs in .PRO or .txt files; sampling log indicates that depth values are generated using a new CTD calibration, and seem like they are probably ~18 m less than true values; salinity values in .mcn and .txt files are inaccurate; mean temperature values can be taken from .txt file"
"S19","TR","MaD",2,4,"4",2019-07-17 19:44:15,2019-07-17 12:44:15,2019-07-17 19:56:15,2019-07-17 12:56:15,-124.33212,41.0573,-124.32584,41.06063,0.5,42.8,3106.95814380482,1779.07577615764,3106.95814380482,14.617,NA,NA,"","","Yes","","Yes","No software outputs in .PRO or .txt files; sampling log indicates that depth values are generated using a new CTD calibration, and seem like they are probably ~18 m less than true values; salinity values in .mcn and .txt files are inaccurate; mean temperature values can be taken from .txt file"
"S19","TR","MaD",3,1,"0",2019-07-17 22:45:17,2019-07-17 15:45:17,2019-07-17 22:55:09,2019-07-17 15:55:09,-124.43524,41.05566,-124.43043,41.05623,0.199999999999999,143.7,235.884233075359,366.884230120919,235.884233075359,8.241,NA,NA,"","","Yes","","Yes","No software outputs in .PRO or .txt files; sampling log indicates that depth values are generated using a new CTD calibration, and seem like they are probably ~18 m less than true values; salinity values in .mcn and .txt files are inaccurate; mean temperature values can be taken from .txt file"
"S19","TR","MaD",3,4,"0",2019-07-17 22:45:17,2019-07-17 15:45:17,2019-07-17 22:55:09,2019-07-17 15:55:09,-124.43524,41.05566,-124.43043,41.05623,0.199999999999999,143.7,943.536932301435,1455.2636690407,943.536932301435,8.241,NA,NA,"","","Yes","","Yes","No software outputs in .PRO or .txt files; sampling log indicates that depth values are generated using a new CTD calibration, and seem like they are probably ~18 m less than true values; salinity values in .mcn and .txt files are inaccurate; mean temperature values can be taken from .txt file"
"S19","TR","MaD",3,1,"1",2019-07-17 22:55:09,2019-07-17 15:55:09,2019-07-17 23:00:00,2019-07-17 16:00:00,-124.43042,41.05623,-124.42815,41.05677,100.862,143.6,291.349706974518,248.742895112115,291.349706974518,8.737,NA,NA,"","","Yes","","Yes","No software outputs in .PRO or .txt files; sampling log indicates that depth values are generated using a new CTD calibration, and seem like they are probably ~18 m less than true values; salinity values in .mcn and .txt files are inaccurate; mean temperature values can be taken from .txt file"
"S19","TR","MaD",3,4,"1",2019-07-17 22:55:09,2019-07-17 15:55:09,2019-07-17 23:00:00,2019-07-17 16:00:00,-124.43042,41.05623,-124.42815,41.05677,100.862,143.6,1165.3986104638,978.910735504998,1165.3986104638,8.737,NA,NA,"","","Yes","","Yes","No software outputs in .PRO or .txt files; sampling log indicates that depth values are generated using a new CTD calibration, and seem like they are probably ~18 m less than true values; salinity values in .mcn and .txt files are inaccurate; mean temperature values can be taken from .txt file"
"S19","TR","MaD",3,1,"2",2019-07-17 23:00:00,2019-07-17 16:00:00,2019-07-17 23:05:29,2019-07-17 16:05:29,-124.42815,41.05677,-124.42573,41.05706,67.4,100.1,312.093445429101,259.219739974504,312.093445429101,9.154,NA,NA,"","","Yes","","Yes","No software outputs in .PRO or .txt files; sampling log indicates that depth values are generated using a new CTD calibration, and seem like they are probably ~18 m less than true values; salinity values in .mcn and .txt files are inaccurate; mean temperature values can be taken from .txt file"
"S19","TR","MaD",3,4,"2",2019-07-17 23:00:00,2019-07-17 16:00:00,2019-07-17 23:05:29,2019-07-17 16:05:29,-124.42815,41.05677,-124.42573,41.05706,67.4,100.1,1248.3737817164,1027.52264054102,1248.3737817164,9.154,NA,NA,"","","Yes","","Yes","No software outputs in .PRO or .txt files; sampling log indicates that depth values are generated using a new CTD calibration, and seem like they are probably ~18 m less than true values; salinity values in .mcn and .txt files are inaccurate; mean temperature values can be taken from .txt file"
"S19","TR","MaD",3,1,"3",2019-07-17 23:05:29,2019-07-17 16:05:29,2019-07-17 23:10:56,2019-07-17 16:10:56,-124.42572,41.05706,-124.42336,41.05723,31.8,67.1,316.223529606908,233.448172173216,316.223529606908,9.512,NA,NA,"","","Yes","","Yes","No software outputs in .PRO or .txt files; sampling log indicates that depth values are generated using a new CTD calibration, and seem like they are probably ~18 m less than true values; salinity values in .mcn and .txt files are inaccurate; mean temperature values can be taken from .txt file"
"S19","TR","MaD",3,4,"3",2019-07-17 23:05:29,2019-07-17 16:05:29,2019-07-17 23:10:56,2019-07-17 16:10:56,-124.42572,41.05706,-124.42336,41.05723,31.8,67.1,1264.89411842763,916.632836141186,1264.89411842763,9.512,NA,NA,"","","Yes","","Yes","No software outputs in .PRO or .txt files; sampling log indicates that depth values are generated using a new CTD calibration, and seem like they are probably ~18 m less than true values; salinity values in .mcn and .txt files are inaccurate; mean temperature values can be taken from .txt file"
"S19","TR","MaD",3,1,"4",2019-07-17 23:10:56,2019-07-17 16:10:56,2019-07-17 23:15:43,2019-07-17 16:15:43,-124.42335,41.05723,-124.42135,41.05721,0.975000000000001,30.9,299.956870694692,161.129298675064,299.956870694692,15.91,NA,NA,"","","Yes","","Yes","No software outputs in .PRO or .txt files; sampling log indicates that depth values are generated using a new CTD calibration, and seem like they are probably ~18 m less than true values; salinity values in .mcn and .txt files are inaccurate; mean temperature values can be taken from .txt file"
"S19","TR","MaD",3,4,"4",2019-07-17 23:10:56,2019-07-17 16:10:56,2019-07-17 23:15:43,2019-07-17 16:15:43,-124.42335,41.05723,-124.42135,41.05721,0.975000000000001,30.9,1199.82748277877,644.610261081682,1199.82748277877,15.91,NA,NA,"","","Yes","","Yes","No software outputs in .PRO or .txt files; sampling log indicates that depth values are generated using a new CTD calibration, and seem like they are probably ~18 m less than true values; salinity values in .mcn and .txt files are inaccurate; mean temperature values can be taken from .txt file"
"S19","TR","MaD",4,1,"0",2019-07-18 01:07:48,2019-07-17 18:07:48,2019-07-18 01:13:50,2019-07-17 18:13:50,-124.58667,41.06054,-124.58419,41.06021,0.705,105.5,106.823760808284,106.379483037302,106.823760808284,11.6383654390935,32.9500198300283,1025.21445483777,"","","Yes","","","Pressure sensor calibration was slightly off; all depth values are probably ~3 m less than true values"
"S19","TR","MaD",4,4,"0",2019-07-18 01:07:48,2019-07-17 18:07:48,2019-07-18 01:13:50,2019-07-17 18:13:50,-124.58667,41.06054,-124.58419,41.06021,0.705,105.5,427.295043233134,424.88681692579,427.295043233134,11.6383654390935,32.9500198300283,1025.21445483777,"","","Yes","","","Pressure sensor calibration was slightly off; all depth values are probably ~3 m less than true values"
"S19","TR","MaD",4,1,"1",2019-07-18 01:13:50,2019-07-17 18:13:50,2019-07-18 01:18:50,2019-07-17 18:18:50,-124.58419,41.06021,-124.58199,41.05989,65.699,105.701,248.509148411582,241.600333297832,248.509148411582,8.92307666666667,33.8458166666667,1026.62607309203,"","","Yes","","","Pressure sensor calibration was slightly off; all depth values are probably ~3 m less than true values"
"S19","TR","MaD",4,4,"1",2019-07-18 01:13:50,2019-07-17 18:13:50,2019-07-18 01:18:50,2019-07-17 18:18:50,-124.58419,41.06021,-124.58199,41.05989,65.699,105.701,994.036593646327,949.796650001408,994.036593646327,8.92307666666667,33.8458166666667,1026.62607309203,"","","Yes","","","Pressure sensor calibration was slightly off; all depth values are probably ~3 m less than true values"
"S19","TR","MaD",4,1,"2",2019-07-18 01:18:50,2019-07-17 18:18:50,2019-07-18 01:20:32,2019-07-17 18:20:32,-124.58198,41.05989,-124.58126,41.0598,52.6,65.5,81.7581347645109,40.7380057862606,81.7581347645109,9.39995098039216,33.574568627451,1026.20901103763,"","","Yes","","","Pressure sensor calibration was slightly off; all depth values are probably ~3 m less than true values"
"S19","TR","MaD",4,4,"2",2019-07-18 01:18:50,2019-07-17 18:18:50,2019-07-18 01:20:32,2019-07-17 18:20:32,-124.58198,41.05989,-124.58126,41.0598,52.6,65.5,327.032539058043,165.769908004921,327.032539058043,9.39995098039216,33.574568627451,1026.20901103763,"","","Yes","","","Pressure sensor calibration was slightly off; all depth values are probably ~3 m less than true values"
"S19","TR","MaD",4,1,"3",2019-07-18 01:20:32,2019-07-17 18:20:32,2019-07-18 01:23:34,2019-07-17 18:23:34,-124.58126,41.0598,-124.58005,41.05961,29.463,51.874,174.477087095854,70.23281308412,174.477087095854,9.79762087912088,33.2164725274725,1025.7727008197,"","","Yes","","","Pressure sensor calibration was slightly off; all depth values are probably ~3 m less than true values"
"S19","TR","MaD",4,4,"3",2019-07-18 01:20:32,2019-07-17 18:20:32,2019-07-18 01:23:34,2019-07-17 18:23:34,-124.58126,41.0598,-124.58005,41.05961,29.463,51.874,697.908348383418,281.403817776152,697.908348383418,9.79762087912088,33.2164725274725,1025.7727008197,"","","Yes","","","Pressure sensor calibration was slightly off; all depth values are probably ~3 m less than true values"
"S19","TR","MaD",4,1,"4",2019-07-18 01:23:34,2019-07-17 18:23:34,2019-07-18 01:27:40,2019-07-17 18:27:40,-124.58005,41.05961,-124.57888,41.05908,2.6,29,234.142055978549,71.6737230898095,234.142055978549,11.5605384615385,32.674963562753,1024.92613570379,"","","Yes","","","Pressure sensor calibration was slightly off; all depth values are probably ~3 m less than true values"
"S19","TR","MaD",4,4,"4",2019-07-18 01:23:34,2019-07-17 18:23:34,2019-07-18 01:27:40,2019-07-17 18:27:40,-124.58005,41.05961,-124.57888,41.05908,2.6,29,936.568223914198,287.17715001903,936.568223914198,11.5605384615385,32.674963562753,1024.92613570379,"","","Yes","","","Pressure sensor calibration was slightly off; all depth values are probably ~3 m less than true values"
"S19","TR","MaD",5,1,"0",2019-07-18 02:27:17,2019-07-17 19:27:17,2019-07-18 02:34:07,2019-07-17 19:34:07,-124.75032,41.06012,-124.74726,41.06011,2.8,105.6,183.544574889841,215.76230611574,183.544574889841,10.7256024390244,33.1272,1025.56939384982,"","","Yes","","","Pressure sensor calibration was slightly off; all depth values are probably ~3 m less than true values"
"S19","TR","MaD",5,4,"0",2019-07-18 02:27:17,2019-07-17 19:27:17,2019-07-18 02:34:07,2019-07-17 19:34:07,-124.75032,41.06012,-124.74726,41.06011,2.8,105.6,734.178299559365,856.794036823649,734.178299559365,10.7256024390244,33.1272,1025.56939384982,"","","Yes","","","Pressure sensor calibration was slightly off; all depth values are probably ~3 m less than true values"
"S19","TR","MaD",5,1,"1",2019-07-18 02:34:07,2019-07-17 19:34:07,2019-07-18 02:40:02,2019-07-17 19:40:02,-124.74726,41.06011,-124.74522,41.05996,74,105.8,302.750163787575,224.34040617654,302.750163787575,9.00908169014084,33.7467774647887,1026.55708195497,"","","Yes","","","Pressure sensor calibration was slightly off; all depth values are probably ~3 m less than true values"
"S19","TR","MaD",5,4,"1",2019-07-18 02:34:07,2019-07-17 19:34:07,2019-07-18 02:40:02,2019-07-17 19:40:02,-124.74726,41.06011,-124.74522,41.05996,74,105.8,1211.0006551503,895.565132787061,1211.0006551503,9.00908169014084,33.7467774647887,1026.55708195497,"","","Yes","","","Pressure sensor calibration was slightly off; all depth values are probably ~3 m less than true values"
"S19","TR","MaD",5,1,"2",2019-07-18 02:40:02,2019-07-17 19:40:02,2019-07-18 02:42:06,2019-07-17 19:42:06,-124.74521,41.05996,-124.74424,41.06002,51.7,73.5,107.584572255575,56.647012865673,107.584572255575,9.47991129032258,33.4001612903226,1026.07807833874,"","","Yes","","","Pressure sensor calibration was slightly off; all depth values are probably ~3 m less than true values"
"S19","TR","MaD",5,4,"2",2019-07-18 02:40:02,2019-07-17 19:40:02,2019-07-18 02:42:06,2019-07-17 19:42:06,-124.74521,41.05996,-124.74424,41.06002,51.7,73.5,430.338289022299,226.968594430268,430.338289022299,9.47991129032258,33.4001612903226,1026.07807833874,"","","Yes","","","Pressure sensor calibration was slightly off; all depth values are probably ~3 m less than true values"
"S19","TR","MaD",5,1,"3",2019-07-18 02:42:06,2019-07-17 19:42:06,2019-07-18 02:44:15,2019-07-17 19:44:15,-124.74423,41.06002,-124.74311,41.06013,28.7,51.2,135.356657018733,59.1621333586645,135.356657018733,10.0435891472868,32.9378062015504,1025.50885945291,"","","Yes","","","Pressure sensor calibration was slightly off; all depth values are probably ~3 m less than true values"
"S19","TR","MaD",5,4,"3",2019-07-18 02:42:06,2019-07-17 19:42:06,2019-07-18 02:44:15,2019-07-17 19:44:15,-124.74423,41.06002,-124.74311,41.06013,28.7,51.2,541.426628074933,237.046018608046,541.426628074933,10.0435891472868,32.9378062015504,1025.50885945291,"","","Yes","","","Pressure sensor calibration was slightly off; all depth values are probably ~3 m less than true values"
"S19","TR","MaD",5,1,"4",2019-07-18 02:44:15,2019-07-17 19:44:15,2019-07-18 02:49:33,2019-07-17 19:49:33,-124.7431,41.06013,-124.74075,41.06026,3.9,28.6,337.069777677255,183.575877326027,337.069777677255,12.5390250783699,32.4976457680251,1024.60620736745,"","","Yes","","","Pressure sensor calibration was slightly off; all depth values are probably ~3 m less than true values"
"S19","TR","MaD",5,4,"4",2019-07-18 02:44:15,2019-07-17 19:44:15,2019-07-18 02:49:33,2019-07-17 19:49:33,-124.7431,41.06013,-124.74075,41.06026,3.9,28.6,1348.27911070902,729.125466888869,1348.27911070902,12.5390250783699,32.4976457680251,1024.60620736745,"","","Yes","","","Pressure sensor calibration was slightly off; all depth values are probably ~3 m less than true values"
"S19","TR","MaN",5,1,"0",2019-07-18 05:49:38,2019-07-17 22:49:38,2019-07-18 05:57:06,2019-07-17 22:57:06,-124.75217,41.05759,-124.74887,41.05766,2.4,104.4,176.548661840387,276.11016294541,176.548661840387,10.8637124183007,33.192917211329,1025.60311111811,"","","Yes","","","Pressure sensor calibration was slightly off; all depth values are probably ~3 m less than true values"
"S19","TR","MaN",5,4,"0",2019-07-18 05:49:38,2019-07-17 22:49:38,2019-07-18 05:57:06,2019-07-17 22:57:06,-124.75217,41.05759,-124.74887,41.05766,2.4,104.4,706.195309826538,1095.24160822046,706.195309826538,10.8637124183007,33.192917211329,1025.60311111811,"","","Yes","","","Pressure sensor calibration was slightly off; all depth values are probably ~3 m less than true values"
"S19","TR","MaN",5,1,"1",2019-07-18 05:57:06,2019-07-17 22:57:06,2019-07-18 06:01:38,2019-07-17 23:01:38,-124.74886,41.05766,-124.74668,41.05769,78.386,103.571,250.672397277532,190.306709329814,250.672397277532,9.02598936170213,33.8257695035461,1026.60872061501,"","","Yes","","","Pressure sensor calibration was slightly off; all depth values are probably ~3 m less than true values"
"S19","TR","MaN",5,4,"1",2019-07-18 05:57:06,2019-07-17 22:57:06,2019-07-18 06:01:38,2019-07-17 23:01:38,-124.74886,41.05766,-124.74668,41.05769,78.386,103.571,1004.04361008879,752.491885631939,1004.04361008879,9.02598936170213,33.8257695035461,1026.60872061501,"","","Yes","","","Pressure sensor calibration was slightly off; all depth values are probably ~3 m less than true values"
"S19","TR","MaN",5,1,"2",2019-07-18 06:01:38,2019-07-17 23:01:38,2019-07-18 06:05:21,2019-07-17 23:05:21,-124.74668,41.05769,-124.74503,41.05767,53.2,78.2,211.556147822675,125.520355179954,211.556147822675,9.37729694323144,33.4458733624454,1026.14404035307,"","","Yes","","","Pressure sensor calibration was slightly off; all depth values are probably ~3 m less than true values"
"S19","TR","MaN",5,4,"2",2019-07-18 06:01:38,2019-07-17 23:01:38,2019-07-18 06:05:21,2019-07-17 23:05:21,-124.74668,41.05769,-124.74503,41.05767,53.2,78.2,846.224591290699,501.876562246569,846.224591290699,9.37729694323144,33.4458733624454,1026.14404035307,"","","Yes","","","Pressure sensor calibration was slightly off; all depth values are probably ~3 m less than true values"
"S19","TR","MaN",5,1,"3",2019-07-18 06:05:21,2019-07-17 23:05:21,2019-07-18 06:08:47,2019-07-17 23:08:47,-124.74503,41.05767,-124.74352,41.05767,28.1,52.5,207.371905866473,99.1660606481304,207.371905866473,10.0741990291262,32.9387621359223,1025.50854675297,"","","Yes","","","Pressure sensor calibration was slightly off; all depth values are probably ~3 m less than true values"
"S19","TR","MaN",5,4,"3",2019-07-18 06:05:21,2019-07-17 23:05:21,2019-07-18 06:08:47,2019-07-17 23:08:47,-124.74503,41.05767,-124.74352,41.05767,28.1,52.5,829.487623465894,396.757514508976,829.487623465894,10.0741990291262,32.9387621359223,1025.50854675297,"","","Yes","","","Pressure sensor calibration was slightly off; all depth values are probably ~3 m less than true values"
"S19","TR","MaN",5,1,"4",2019-07-18 06:08:47,2019-07-17 23:08:47,2019-07-18 06:13:47,2019-07-17 23:13:47,-124.74351,41.05767,-124.74138,41.05769,2.9,27.3,301.210585070527,163.019782533247,301.210585070527,13.5730561056106,32.4921518151815,1024.38969215468,"","","Yes","","","Pressure sensor calibration was slightly off; all depth values are probably ~3 m less than true values"
"S19","TR","MaN",5,4,"4",2019-07-18 06:08:47,2019-07-17 23:08:47,2019-07-18 06:13:47,2019-07-17 23:13:47,-124.74351,41.05767,-124.74138,41.05769,2.9,27.3,1204.86632070215,652.095477725102,1204.86632070215,13.5730561056106,32.4921518151815,1024.38969215468,"","","Yes","","","Pressure sensor calibration was slightly off; all depth values are probably ~3 m less than true values"
"S19","TR","MaN",3,1,"0",2019-07-18 08:31:03,2019-07-18 01:31:03,2019-07-18 08:37:59,2019-07-18 01:37:59,-124.43623,41.06029,-124.4328,41.05838,2,105,199.671824461413,193.309699097017,199.671824461413,10.8626899038462,33.2742163461538,1025.64478161981,"","","Yes","","","Pressure sensor calibration was slightly off; all depth values are probably ~3 m less than true values"
"S19","TR","MaN",3,4,"0",2019-07-18 08:31:03,2019-07-18 01:31:03,2019-07-18 08:37:59,2019-07-18 01:37:59,-124.43623,41.06029,-124.4328,41.05838,2,105,798.687297845651,768.92611832214,798.687297845651,10.8626899038462,33.2742163461538,1025.64478161981,"","","Yes","","","Pressure sensor calibration was slightly off; all depth values are probably ~3 m less than true values"
"S19","TR","MaN",3,1,"1",2019-07-18 08:37:59,2019-07-18 01:37:59,2019-07-18 08:40:57,2019-07-18 01:40:57,-124.4328,41.05837,-124.43131,41.05756,77.855,105,182.188144863426,73.667331208429,182.188144863426,8.90373033707865,33.7788314606742,1026.60170282616,"","","Yes","","","Pressure sensor calibration was slightly off; all depth values are probably ~3 m less than true values"
"S19","TR","MaN",3,4,"1",2019-07-18 08:37:59,2019-07-18 01:37:59,2019-07-18 08:40:57,2019-07-18 01:40:57,-124.4328,41.05837,-124.43131,41.05756,77.855,105,728.752579453703,295.164853116277,728.752579453703,8.90373033707865,33.7788314606742,1026.60170282616,"","","Yes","","","Pressure sensor calibration was slightly off; all depth values are probably ~3 m less than true values"
"S19","TR","MaN",3,1,"2",2019-07-18 08:40:57,2019-07-18 01:40:57,2019-07-18 08:43:10,2019-07-18 01:43:10,-124.4313,41.05756,-124.42999,41.05698,59.5,77.3,140.079468321396,61.4426920929996,140.079468321396,9.19412781954887,33.6430526315789,1026.33540781197,"","","Yes","","","Pressure sensor calibration was slightly off; all depth values are probably ~3 m less than true values"
"S19","TR","MaN",3,4,"2",2019-07-18 08:40:57,2019-07-18 01:40:57,2019-07-18 08:43:10,2019-07-18 01:43:10,-124.4313,41.05756,-124.42999,41.05698,59.5,77.3,560.317873285583,246.183959592738,560.317873285583,9.19412781954887,33.6430526315789,1026.33540781197,"","","Yes","","","Pressure sensor calibration was slightly off; all depth values are probably ~3 m less than true values"
"S19","TR","MaN",3,1,"3",2019-07-18 08:43:10,2019-07-18 01:43:10,2019-07-18 08:48:50,2019-07-18 01:48:50,-124.42998,41.05697,-124.42705,41.05543,30.8,59,351.593400427671,237.623840979667,351.593400427671,9.48059705882353,33.3695176470588,1025.96816111403,"","","Yes","","","Pressure sensor calibration was slightly off; all depth values are probably ~3 m less than true values"
"S19","TR","MaN",3,4,"3",2019-07-18 08:43:10,2019-07-18 01:43:10,2019-07-18 08:48:50,2019-07-18 01:48:50,-124.42998,41.05697,-124.42705,41.05543,30.8,59,1406.37360171068,945.635770731568,1406.37360171068,9.48059705882353,33.3695176470588,1025.96816111403,"","","Yes","","","Pressure sensor calibration was slightly off; all depth values are probably ~3 m less than true values"
"S19","TR","MaN",3,1,"4",2019-07-18 08:48:50,2019-07-18 01:48:50,2019-07-18 08:53:04,2019-07-18 01:53:04,-124.42705,41.05542,-124.42483,41.05426,4.409,30.4,288.177539578401,139.194919095144,288.177539578401,11.7370583657588,32.6668988326848,1024.87991896026,"","","Yes","","","Pressure sensor calibration was slightly off; all depth values are probably ~3 m less than true values"
"S19","TR","MaN",3,4,"4",2019-07-18 08:48:50,2019-07-18 01:48:50,2019-07-18 08:53:04,2019-07-18 01:53:04,-124.42705,41.05542,-124.42483,41.05426,4.409,30.4,1152.7101583136,551.88010454452,1152.7101583136,11.7370583657588,32.6668988326848,1024.87991896026,"","","Yes","","","Pressure sensor calibration was slightly off; all depth values are probably ~3 m less than true values"
"S19","TR","MaN",1,1,"0",2019-07-18 10:25:30,2019-07-18 03:25:30,2019-07-18 10:30:56,2019-07-18 03:30:56,-124.27092,41.05985,-124.26833,41.05921,2.6,55.1,191.091334928507,169.493898134548,191.091334928507,11.2968527607362,33.565963190184,1025.69988298701,"","","Yes","","","Pressure sensor calibration was slightly off; all depth values are probably ~3 m less than true values"
"S19","TR","MaN",1,4,"0",2019-07-18 10:25:30,2019-07-18 03:25:30,2019-07-18 10:30:56,2019-07-18 03:30:56,-124.27092,41.05985,-124.26833,41.05921,2.6,55.1,764.36533971403,678.174875192117,764.36533971403,11.2968527607362,33.565963190184,1025.69988298701,"","","Yes","","","Pressure sensor calibration was slightly off; all depth values are probably ~3 m less than true values"
"S19","TR","MaN",1,1,"3",2019-07-18 10:30:56,2019-07-18 03:30:56,2019-07-18 10:34:46,2019-07-18 03:34:46,-124.26833,41.05921,-124.26638,41.05878,29.6,53.7,212.923088369627,105.119885982351,212.923088369627,9.25115217391304,33.7697260869565,1026.30099226233,"","","Yes","","","Pressure sensor calibration was slightly off; all depth values are probably ~3 m less than true values"
"S19","TR","MaN",1,4,"3",2019-07-18 10:30:56,2019-07-18 03:30:56,2019-07-18 10:34:46,2019-07-18 03:34:46,-124.26833,41.05921,-124.26638,41.05878,29.6,53.7,851.692353478507,419.239982754957,851.692353478507,9.25115217391304,33.7697260869565,1026.30099226233,"","","Yes","","","Pressure sensor calibration was slightly off; all depth values are probably ~3 m less than true values"
"S19","TR","MaN",1,1,"4",2019-07-18 10:34:46,2019-07-18 03:34:46,2019-07-18 10:38:47,2019-07-18 03:38:47,-124.26637,41.05878,-124.26429,41.05823,2.7,29.1,255.611791482621,105.666815606744,255.611791482621,12.0570041322314,33.4239834710744,1025.40159878678,"","","Yes","","","Pressure sensor calibration was slightly off; all depth values are probably ~3 m less than true values"
"S19","TR","MaN",1,4,"4",2019-07-18 10:34:46,2019-07-18 03:34:46,2019-07-18 10:38:47,2019-07-18 03:38:47,-124.26637,41.05878,-124.26429,41.05823,2.7,29.1,1022.44716593048,422.688669352443,1022.44716593048,12.0570041322314,33.4239834710744,1025.40159878678,"","","Yes","","","Pressure sensor calibration was slightly off; all depth values are probably ~3 m less than true values"
"S19","TR","MbD",1,1,"0",2019-07-19 15:05:32,2019-07-19 08:05:32,2019-07-19 15:11:35,2019-07-19 08:11:35,-124.26921,41.05706,-124.26977,41.05858,3.6,55.175,137.601808643957,193.568857459125,137.601808643957,10.6595509641873,33.6383553719008,1025.87484798833,"","","Yes","","","Pressure sensor calibration was slightly off; all depth values are probably ~3 m less than true values"
"S19","TR","MbD",1,4,"0",2019-07-19 15:05:32,2019-07-19 08:05:32,2019-07-19 15:11:35,2019-07-19 08:11:35,-124.26921,41.05706,-124.26977,41.05858,3.6,55.175,550.407234575826,771.092112862396,550.407234575826,10.6595509641873,33.6383553719008,1025.87484798833,"","","Yes","","","Pressure sensor calibration was slightly off; all depth values are probably ~3 m less than true values"
"S19","TR","MbD",1,1,"3",2019-07-19 15:11:35,2019-07-19 08:11:35,2019-07-19 15:16:39,2019-07-19 08:16:39,-124.26977,41.05859,-124.27007,41.06018,27.2,53.7,295.289309813383,207.61901825837,295.289309813383,8.84074013157895,33.8614671052632,1026.45037726366,"","","Yes","","","Pressure sensor calibration was slightly off; all depth values are probably ~3 m less than true values"
"S19","TR","MbD",1,4,"3",2019-07-19 15:11:35,2019-07-19 08:11:35,2019-07-19 15:16:39,2019-07-19 08:16:39,-124.26977,41.05859,-124.27007,41.06018,27.2,53.7,1181.15723925353,828.994703973414,1181.15723925353,8.84074013157895,33.8614671052632,1026.45037726366,"","","Yes","","","Pressure sensor calibration was slightly off; all depth values are probably ~3 m less than true values"
"S19","TR","MbD",1,1,"4",2019-07-19 15:16:39,2019-07-19 08:16:39,2019-07-19 15:21:22,2019-07-19 08:21:22,-124.27008,41.06019,-124.27076,41.06226,4,25.9,305.113978268651,189.607580152909,305.113978268651,10.4826408450704,33.5909366197183,1025.83111147387,"","","Yes","","","Pressure sensor calibration was slightly off; all depth values are probably ~3 m less than true values"
"S19","TR","MbD",1,4,"4",2019-07-19 15:16:39,2019-07-19 08:16:39,2019-07-19 15:21:22,2019-07-19 08:21:22,-124.27008,41.06019,-124.27076,41.06226,4,25.9,1220.4559130746,751.037386525714,1220.4559130746,10.4826408450704,33.5909366197183,1025.83111147387,"","","Yes","","","Pressure sensor calibration was slightly off; all depth values are probably ~3 m less than true values"
"S19","TR","MbD",2,1,"0",2019-07-19 16:36:34,2019-07-19 09:36:34,2019-07-19 16:43:20,2019-07-19 09:43:20,-124.34131,41.05797,-124.33944,41.05877,2.8,108.9,145.777063115518,218.100423735447,145.777063115518,9.98216049382716,33.6235901234568,1026.08157877671,"","","Yes","","","Pressure sensor calibration was slightly off; all depth values are probably ~3 m less than true values"
"S19","TR","MbD",2,4,"0",2019-07-19 16:36:34,2019-07-19 09:36:34,2019-07-19 16:43:20,2019-07-19 09:43:20,-124.34131,41.05797,-124.33944,41.05877,2.8,108.9,583.108252462072,864.633313771651,583.108252462072,9.98216049382716,33.6235901234568,1026.08157877671,"","","Yes","","","Pressure sensor calibration was slightly off; all depth values are probably ~3 m less than true values"
"S19","TR","MbD",2,1,"1",2019-07-19 16:43:20,2019-07-19 09:43:20,2019-07-19 16:47:47,2019-07-19 09:47:47,-124.33944,41.05878,-124.33836,41.05974,72.464,109.467,205.8460366,242.50292232875,205.8460366,8.4774531835206,33.8786292134831,1026.75343862134,"","","Yes","","","Pressure sensor calibration was slightly off; all depth values are probably ~3 m less than true values"
"S19","TR","MbD",2,4,"1",2019-07-19 16:43:20,2019-07-19 09:43:20,2019-07-19 16:47:47,2019-07-19 09:47:47,-124.33944,41.05878,-124.33836,41.05974,72.464,109.467,823.384146399998,954.678717487873,823.384146399998,8.4774531835206,33.8786292134831,1026.75343862134,"","","Yes","","","Pressure sensor calibration was slightly off; all depth values are probably ~3 m less than true values"
"S19","TR","MbD",2,1,"2",2019-07-19 16:47:47,2019-07-19 09:47:47,2019-07-19 16:50:26,2019-07-19 09:50:26,-124.33836,41.05975,-124.33771,41.06045,54.6,71.8,138.423941535972,84.4197256844721,138.423941535972,9.02176100628931,33.8018553459119,1026.46173641957,"","","Yes","","","Pressure sensor calibration was slightly off; all depth values are probably ~3 m less than true values"
"S19","TR","MbD",2,4,"2",2019-07-19 16:47:47,2019-07-19 09:47:47,2019-07-19 16:50:26,2019-07-19 09:50:26,-124.33836,41.05975,-124.33771,41.06045,54.6,71.8,553.695766143889,338.246948859071,553.695766143889,9.02176100628931,33.8018553459119,1026.46173641957,"","","Yes","","","Pressure sensor calibration was slightly off; all depth values are probably ~3 m less than true values"
"S19","TR","MbD",2,1,"3",2019-07-19 16:50:26,2019-07-19 09:50:26,2019-07-19 16:57:49,2019-07-19 09:57:49,-124.33771,41.06045,-124.3356,41.06215,29.5,54.1,392.221700408795,376.917833710634,392.221700408795,9.2587855530474,33.7647539503386,1026.3095198213,"","","Yes","","","Pressure sensor calibration was slightly off; all depth values are probably ~3 m less than true values"
"S19","TR","MbD",2,4,"3",2019-07-19 16:50:26,2019-07-19 09:50:26,2019-07-19 16:57:49,2019-07-19 09:57:49,-124.33771,41.06045,-124.3356,41.06215,29.5,54.1,1568.88680163518,1492.18338852334,1568.88680163518,9.2587855530474,33.7647539503386,1026.3095198213,"","","Yes","","","Pressure sensor calibration was slightly off; all depth values are probably ~3 m less than true values"
"S19","TR","MbD",2,1,"4",2019-07-19 16:57:49,2019-07-19 09:57:49,2019-07-19 17:02:40,2019-07-19 10:02:40,-124.33559,41.06215,-124.33425,41.06316,3.8,28.851,307.686937690712,197.423209941456,307.686937690712,10.5646061643836,33.3317328767123,1025.61400011612,"","","Yes","","","Pressure sensor calibration was slightly off; all depth values are probably ~3 m less than true values"
"S19","TR","MbD",2,4,"4",2019-07-19 16:57:49,2019-07-19 09:57:49,2019-07-19 17:02:40,2019-07-19 10:02:40,-124.33559,41.06215,-124.33425,41.06316,3.8,28.851,1230.74775076285,787.538367966671,1230.74775076285,10.5646061643836,33.3317328767123,1025.61400011612,"","","Yes","","","Pressure sensor calibration was slightly off; all depth values are probably ~3 m less than true values"
"S19","TR","MbD",3,1,"0",2019-07-19 19:37:02,2019-07-19 12:37:02,2019-07-19 19:45:09,2019-07-19 12:45:09,-124.43849,41.05685,-124.43568,41.05814,1.6,108.4,220.375125199203,308.851147895179,220.375125199203,10.1473737166324,33.4023593429158,1025.86993211708,"","","Yes","","","Pressure sensor calibration was slightly off; all depth values are probably ~3 m less than true values"
"S19","TR","MbD",3,4,"0",2019-07-19 19:37:02,2019-07-19 12:37:02,2019-07-19 19:45:09,2019-07-19 12:45:09,-124.43849,41.05685,-124.43568,41.05814,1.6,108.4,881.500500796813,1219.11811742129,881.500500796813,10.1473737166324,33.4023593429158,1025.86993211708,"","","Yes","","","Pressure sensor calibration was slightly off; all depth values are probably ~3 m less than true values"
"S19","TR","MbD",3,1,"1",2019-07-19 19:45:09,2019-07-19 12:45:09,2019-07-19 19:50:25,2019-07-19 12:50:25,-124.43567,41.05815,-124.43376,41.05901,77.6,111.6,250.233998754203,294.249120648448,250.233998754203,8.69371518987342,33.9170727848101,1026.78101114093,"","","Yes","","","Pressure sensor calibration was slightly off; all depth values are probably ~3 m less than true values"
"S19","TR","MbD",3,4,"1",2019-07-19 19:45:09,2019-07-19 12:45:09,2019-07-19 19:50:25,2019-07-19 12:50:25,-124.43567,41.05815,-124.43376,41.05901,77.6,111.6,1000.93599501681,1157.63794541626,1000.93599501681,8.69371518987342,33.9170727848101,1026.78101114093,"","","Yes","","","Pressure sensor calibration was slightly off; all depth values are probably ~3 m less than true values"
"S19","TR","MbD",3,1,"2",2019-07-19 19:50:25,2019-07-19 12:50:25,2019-07-19 19:56:26,2019-07-19 12:56:26,-124.43376,41.05902,-124.43124,41.06025,54.619,76.262,345.863056237043,312.345563794299,345.863056237043,9.13824603174603,33.7077248677249,1026.36272194165,"","","Yes","","","Pressure sensor calibration was slightly off; all depth values are probably ~3 m less than true values"
"S19","TR","MbD",3,4,"2",2019-07-19 19:50:25,2019-07-19 12:50:25,2019-07-19 19:56:26,2019-07-19 12:56:26,-124.43376,41.05902,-124.43124,41.06025,54.619,76.262,1383.47416991034,1243.50513668467,1383.47416991034,9.13824603174603,33.7077248677249,1026.36272194165,"","","Yes","","","Pressure sensor calibration was slightly off; all depth values are probably ~3 m less than true values"
"S19","TR","MbD",3,1,"3",2019-07-19 19:56:26,2019-07-19 12:56:26,2019-07-19 20:01:34,2019-07-19 13:01:34,-124.43123,41.06026,-124.42912,41.06091,29.1,54.7,259.071282350638,216.027857462063,259.071282350638,9.42032258064516,33.4929161290323,1026.06224327247,"","","Yes","","","Pressure sensor calibration was slightly off; all depth values are probably ~3 m less than true values"
"S19","TR","MbD",3,4,"3",2019-07-19 19:56:26,2019-07-19 12:56:26,2019-07-19 20:01:34,2019-07-19 13:01:34,-124.43123,41.06026,-124.42912,41.06091,29.1,54.7,1036.28512940255,859.81081421592,1036.28512940255,9.42032258064516,33.4929161290323,1026.06224327247,"","","Yes","","","Pressure sensor calibration was slightly off; all depth values are probably ~3 m less than true values"
"S19","TR","MbD",3,1,"4",2019-07-19 20:01:34,2019-07-19 13:01:34,2019-07-19 20:06:55,2019-07-19 13:06:55,-124.42911,41.06091,-124.42692,41.06172,4.3,28.4,354.028835570004,220.467452792403,354.028835570004,10.7355182926829,32.9458993902439,1025.28428152884,"","","Yes","","","Pressure sensor calibration was slightly off; all depth values are probably ~3 m less than true values"
"S19","TR","MbD",3,4,"4",2019-07-19 20:01:34,2019-07-19 13:01:34,2019-07-19 20:06:55,2019-07-19 13:06:55,-124.42911,41.06091,-124.42692,41.06172,4.3,28.4,1416.11534228002,868.843185470097,1416.11534228002,10.7355182926829,32.9458993902439,1025.28428152884,"","","Yes","","","Pressure sensor calibration was slightly off; all depth values are probably ~3 m less than true values"
"S19","TR","MbD",4,1,"0",2019-07-19 21:38:59,2019-07-19 14:38:59,2019-07-19 21:49:01,2019-07-19 14:49:01,-124.58456,41.05837,-124.58097,41.06231,1.9,104.3,335.887975485577,425.724506379929,335.887975485577,10.2443388704319,33.4029734219269,1025.89407623173,"","","Yes","","","Pressure sensor calibration was slightly off; all depth values are probably ~3 m less than true values"
"S19","TR","MbD",4,4,"0",2019-07-19 21:38:59,2019-07-19 14:38:59,2019-07-19 21:49:01,2019-07-19 14:49:01,-124.58456,41.05837,-124.58097,41.06231,1.9,104.3,1343.55190194231,1658.35995328971,1343.55190194231,10.2443388704319,33.4029734219269,1025.89407623173,"","","Yes","","","Pressure sensor calibration was slightly off; all depth values are probably ~3 m less than true values"
"S19","TR","MbD",4,1,"1",2019-07-19 21:49:01,2019-07-19 14:49:01,2019-07-19 21:57:20,2019-07-19 14:57:20,-124.58097,41.06232,-124.57768,41.06527,78.2,101.912,457.556068056233,371.223623803425,457.556068056233,8.89645490981964,33.8600541082164,1026.66311904539,"","","Yes","","","Pressure sensor calibration was slightly off; all depth values are probably ~3 m less than true values"
"S19","TR","MbD",4,4,"1",2019-07-19 21:49:01,2019-07-19 14:49:01,2019-07-19 21:57:20,2019-07-19 14:57:20,-124.58097,41.06232,-124.57768,41.06527,78.2,101.912,1830.22427222493,1468.21415778747,1830.22427222493,8.89645490981964,33.8600541082164,1026.66311904539,"","","Yes","","","Pressure sensor calibration was slightly off; all depth values are probably ~3 m less than true values"
"S19","TR","MbD",4,1,"2",2019-07-19 21:57:20,2019-07-19 14:57:20,2019-07-19 22:02:46,2019-07-19 15:02:46,-124.57767,41.06527,-124.57542,41.06714,52.9,77.5,301.544647631179,252.658414624017,301.544647631179,9.27867073170732,33.5840609756098,1026.25438506374,"","","Yes","","","Pressure sensor calibration was slightly off; all depth values are probably ~3 m less than true values"
"S19","TR","MbD",4,4,"2",2019-07-19 21:57:20,2019-07-19 14:57:20,2019-07-19 22:02:46,2019-07-19 15:02:46,-124.57767,41.06527,-124.57542,41.06714,52.9,77.5,1206.17456752483,1004.30117114181,1206.17456752483,9.27867073170732,33.5840609756098,1026.25438506374,"","","Yes","","","Pressure sensor calibration was slightly off; all depth values are probably ~3 m less than true values"
"S19","TR","MbD",4,1,"3",2019-07-19 22:02:46,2019-07-19 15:02:46,2019-07-19 22:06:28,2019-07-19 15:06:28,-124.57541,41.06715,-124.57394,41.0683,29.3,52.3,210.968523008094,109.715749236235,210.968523008094,10.0344414414414,33.2190675675676,1025.73032412753,"","","Yes","","","Pressure sensor calibration was slightly off; all depth values are probably ~3 m less than true values"
"S19","TR","MbD",4,4,"3",2019-07-19 22:02:46,2019-07-19 15:02:46,2019-07-19 22:06:28,2019-07-19 15:06:28,-124.57541,41.06715,-124.57394,41.0683,29.3,52.3,843.874092032377,434.585421079281,843.874092032377,10.0344414414414,33.2190675675676,1025.73032412753,"","","Yes","","","Pressure sensor calibration was slightly off; all depth values are probably ~3 m less than true values"
"S19","TR","MbD",4,1,"4",2019-07-19 22:06:28,2019-07-19 15:06:28,2019-07-19 22:10:57,2019-07-19 15:10:57,-124.57393,41.06831,-124.57215,41.06982,2.9,29.1,288.18328343464,148.992756470701,288.18328343464,11.5707851851852,32.8775222222222,1025.0828758197,"","","Yes","","","Pressure sensor calibration was slightly off; all depth values are probably ~3 m less than true values"
"S19","TR","MbD",4,4,"4",2019-07-19 22:06:28,2019-07-19 15:06:28,2019-07-19 22:10:57,2019-07-19 15:10:57,-124.57393,41.06831,-124.57215,41.06982,2.9,29.1,1152.73313373856,592.497606256121,1152.73313373856,11.5707851851852,32.8775222222222,1025.0828758197,"","","Yes","","","Pressure sensor calibration was slightly off; all depth values are probably ~3 m less than true values"
"S19","TR","MbD",5,1,"0",2019-07-20 23:21:41,2019-07-20 16:21:41,2019-07-20 23:29:50,2019-07-20 16:29:50,-124.74853,41.05909,-124.74639,41.06253,3,105.4,215.538391992151,314.899443514962,215.538391992151,10.5025633802817,33.3878692152918,1025.80559006827,"","","Yes","","","Pressure sensor calibration was slightly off; all depth values are probably ~3 m less than true values"
"S19","TR","MbD",5,4,"0",2019-07-20 23:21:41,2019-07-20 16:21:41,2019-07-20 23:29:50,2019-07-20 16:29:50,-124.74853,41.05909,-124.74639,41.06253,3,105.4,862.153567968605,1251.48603012425,862.153567968605,10.5025633802817,33.3878692152918,1025.80559006827,"","","Yes","","","Pressure sensor calibration was slightly off; all depth values are probably ~3 m less than true values"
"S19","TR","MbD",5,1,"1",2019-07-20 23:29:50,2019-07-20 16:29:50,2019-07-20 23:34:42,2019-07-20 16:34:42,-124.74639,41.06254,-124.74499,41.06434,76.498,105.117,256.545639672489,180.142184404111,256.545639672489,8.68847278911565,33.9048605442177,1026.74058677856,"","","Yes","","","Pressure sensor calibration was slightly off; all depth values are probably ~3 m less than true values"
"S19","TR","MbD",5,4,"1",2019-07-20 23:29:50,2019-07-20 16:29:50,2019-07-20 23:34:42,2019-07-20 16:34:42,-124.74639,41.06254,-124.74499,41.06434,76.498,105.117,1026.18255868996,718.992129140003,1026.18255868996,8.68847278911565,33.9048605442177,1026.74058677856,"","","Yes","","","Pressure sensor calibration was slightly off; all depth values are probably ~3 m less than true values"
"S19","TR","MbD",5,1,"2",2019-07-20 23:34:42,2019-07-20 16:34:42,2019-07-20 23:36:58,2019-07-20 16:36:58,-124.74499,41.06435,-124.74446,41.06538,53.9,75.3,142.797975941098,64.0290252708536,142.797975941098,9.04935294117647,33.7474852941176,1026.41765975994,"","","Yes","","","Pressure sensor calibration was slightly off; all depth values are probably ~3 m less than true values"
"S19","TR","MbD",5,4,"2",2019-07-20 23:34:42,2019-07-20 16:34:42,2019-07-20 23:36:58,2019-07-20 16:36:58,-124.74499,41.06435,-124.74446,41.06538,53.9,75.3,571.191903764393,256.546714912305,571.191903764393,9.04935294117647,33.7474852941176,1026.41765975994,"","","Yes","","","Pressure sensor calibration was slightly off; all depth values are probably ~3 m less than true values"
"S19","TR","MbD",5,1,"3",2019-07-20 23:36:58,2019-07-20 16:36:58,2019-07-20 23:42:06,2019-07-20 16:42:06,-124.74446,41.06539,-124.74311,41.06725,27.3,53.7,132.574123374036,187.974785374414,132.574123374036,9.56038961038961,33.4826493506494,1026.03790397933,"","","Yes","","","Pressure sensor calibration was slightly off; all depth values are probably ~3 m less than true values"
"S19","TR","MbD",5,4,"3",2019-07-20 23:36:58,2019-07-20 16:36:58,2019-07-20 23:42:06,2019-07-20 16:42:06,-124.74446,41.06539,-124.74311,41.06725,27.3,53.7,530.296493496146,747.560222106208,530.296493496146,9.56038961038961,33.4826493506494,1026.03790397933,"","","Yes","","","Pressure sensor calibration was slightly off; all depth values are probably ~3 m less than true values"
"S19","TR","MbD",5,1,"4",2019-07-20 23:42:06,2019-07-20 16:42:06,2019-07-20 23:46:16,2019-07-20 16:46:16,-124.74311,41.06725,-124.74207,41.06882,4.201,26.496,274.35703539194,124.47332681998,274.35703539194,12.5483003952569,32.8805494071146,1024.8987642653,"","","Yes","","","Pressure sensor calibration was slightly off; all depth values are probably ~3 m less than true values"
"S19","TR","MbD",5,4,"4",2019-07-20 23:42:06,2019-07-20 16:42:06,2019-07-20 23:46:16,2019-07-20 16:46:16,-124.74311,41.06725,-124.74207,41.06882,4.201,26.496,1097.42814156776,496.77039858864,1097.42814156776,12.5483003952569,32.8805494071146,1024.8987642653,"","","Yes","","","Pressure sensor calibration was slightly off; all depth values are probably ~3 m less than true values"
"S19","TR","MbN",5,1,"0",2019-07-21 05:30:34,2019-07-20 22:30:34,2019-07-21 05:37:33,2019-07-20 22:37:33,-124.7488,41.05911,-124.74705,41.06187,2.2,104.8,188.643586616032,256.449289307821,188.643586616032,10.8317708830549,33.2861050119332,1025.66392375404,"","","Yes","","","Pressure sensor calibration was slightly off; all depth values are probably ~3 m less than true values"
"S19","TR","MbN",5,4,"0",2019-07-21 05:30:34,2019-07-20 22:30:34,2019-07-21 05:37:33,2019-07-20 22:37:33,-124.7488,41.05911,-124.74705,41.06187,2.2,104.8,754.574346464127,1015.89888796899,754.574346464127,10.8317708830549,33.2861050119332,1025.66392375404,"","","Yes","","","Pressure sensor calibration was slightly off; all depth values are probably ~3 m less than true values"
"S19","TR","MbN",5,1,"1",2019-07-21 05:37:33,2019-07-20 22:37:33,2019-07-21 05:41:07,2019-07-20 22:41:07,-124.74704,41.06188,-124.74611,41.06328,78.5,104.9,186.176708067615,130.523662590983,186.176708067615,8.83436448598131,33.8945373831776,1026.70085463719,"","","Yes","","","Pressure sensor calibration was slightly off; all depth values are probably ~3 m less than true values"
"S19","TR","MbN",5,4,"1",2019-07-21 05:37:33,2019-07-20 22:37:33,2019-07-21 05:41:07,2019-07-20 22:41:07,-124.74704,41.06188,-124.74611,41.06328,78.5,104.9,744.70683227046,520.53433854585,744.70683227046,8.83436448598131,33.8945373831776,1026.70085463719,"","","Yes","","","Pressure sensor calibration was slightly off; all depth values are probably ~3 m less than true values"
"S19","TR","MbN",5,1,"2",2019-07-21 05:41:07,2019-07-20 22:41:07,2019-07-21 05:45:13,2019-07-20 22:45:13,-124.7461,41.06329,-124.74507,41.06489,52.9,77.9,213.888157118829,164.431176224621,213.888157118829,9.1690325203252,33.7215975609756,1026.39113532631,"","","Yes","","","Pressure sensor calibration was slightly off; all depth values are probably ~3 m less than true values"
"S19","TR","MbN",5,4,"2",2019-07-21 05:41:07,2019-07-20 22:41:07,2019-07-21 05:45:13,2019-07-20 22:45:13,-124.7461,41.06329,-124.74507,41.06489,52.9,77.9,855.552628475316,657.717224638662,855.552628475316,9.1690325203252,33.7215975609756,1026.39113532631,"","","Yes","","","Pressure sensor calibration was slightly off; all depth values are probably ~3 m less than true values"
"S19","TR","MbN",5,1,"3",2019-07-21 05:45:13,2019-07-20 22:45:13,2019-07-21 05:48:22,2019-07-20 22:48:22,-124.74507,41.06489,-124.74429,41.06604,30,52.669,147.338813414271,97.7289283931921,147.338813414271,9.67806349206349,33.3423015873016,1025.89851486825,"","","Yes","","","Pressure sensor calibration was slightly off; all depth values are probably ~3 m less than true values"
"S19","TR","MbN",5,4,"3",2019-07-21 05:45:13,2019-07-20 22:45:13,2019-07-21 05:48:22,2019-07-20 22:48:22,-124.74507,41.06489,-124.74429,41.06604,30,52.669,589.355253657083,389.394498600251,589.355253657083,9.67806349206349,33.3423015873016,1025.89851486825,"","","Yes","","","Pressure sensor calibration was slightly off; all depth values are probably ~3 m less than true values"
"S19","TR","MbN",5,1,"4",2019-07-21 05:48:22,2019-07-20 22:48:22,2019-07-21 05:51:59,2019-07-20 22:51:59,-124.74428,41.06605,-124.74348,41.06757,4.8,29.6,238.836800267305,101.811477346713,238.836800267305,12.4782431192661,32.8666376146789,1024.90817937169,"","","Yes","","","Pressure sensor calibration was slightly off; all depth values are probably ~3 m less than true values"
"S19","TR","MbN",5,4,"4",2019-07-21 05:48:22,2019-07-20 22:48:22,2019-07-21 05:51:59,2019-07-20 22:51:59,-124.74428,41.06605,-124.74348,41.06757,4.8,29.6,955.347201069219,406.045986557334,955.347201069219,12.4782431192661,32.8666376146789,1024.90817937169,"","","Yes","","","Pressure sensor calibration was slightly off; all depth values are probably ~3 m less than true values"
"S19","TR","MbN",3,1,"0",2019-07-21 07:56:54,2019-07-21 00:56:54,2019-07-21 08:03:44,2019-07-21 01:03:44,-124.4344,41.05658,-124.43307,41.05835,2.5,104.1,168.420278350176,220.928826058868,168.420278350176,10.4140219512195,33.4822268292683,1025.88877475926,"","","Yes","","","Pressure sensor calibration was slightly off; all depth values are probably ~3 m less than true values"
"S19","TR","MbN",3,4,"0",2019-07-21 07:56:54,2019-07-21 00:56:54,2019-07-21 08:03:44,2019-07-21 01:03:44,-124.4344,41.05658,-124.43307,41.05835,2.5,104.1,673.681113400705,873.878599250858,673.681113400705,10.4140219512195,33.4822268292683,1025.88877475926,"","","Yes","","","Pressure sensor calibration was slightly off; all depth values are probably ~3 m less than true values"
"S19","TR","MbN",3,1,"1",2019-07-21 08:03:44,2019-07-21 01:03:44,2019-07-21 08:06:50,2019-07-21 01:06:50,-124.43306,41.05836,-124.4323,41.05928,78.513,104.7,157.671206690617,124.895615448958,157.671206690617,8.82840322580645,33.9094301075269,1026.72059131531,"","","Yes","","","Pressure sensor calibration was slightly off; all depth values are probably ~3 m less than true values"
"S19","TR","MbN",3,4,"1",2019-07-21 08:03:44,2019-07-21 01:03:44,2019-07-21 08:06:50,2019-07-21 01:06:50,-124.43306,41.05836,-124.4323,41.05928,78.513,104.7,630.684826762468,497.935944263018,630.684826762468,8.82840322580645,33.9094301075269,1026.72059131531,"","","Yes","","","Pressure sensor calibration was slightly off; all depth values are probably ~3 m less than true values"
"S19","TR","MbN",3,1,"2",2019-07-21 08:06:50,2019-07-21 01:06:50,2019-07-21 08:10:39,2019-07-21 01:10:39,-124.4323,41.05928,-124.43123,41.06004,55.6,77.7,204.774172008949,131.355856849479,204.774172008949,9.05502183406113,33.7617554585153,1026.44184592779,"","","Yes","","","Pressure sensor calibration was slightly off; all depth values are probably ~3 m less than true values"
"S19","TR","MbN",3,4,"2",2019-07-21 08:06:50,2019-07-21 01:06:50,2019-07-21 08:10:39,2019-07-21 01:10:39,-124.4323,41.05928,-124.43123,41.06004,55.6,77.7,819.096688035795,522.973584076471,819.096688035795,9.05502183406113,33.7617554585153,1026.44184592779,"","","Yes","","","Pressure sensor calibration was slightly off; all depth values are probably ~3 m less than true values"
"S19","TR","MbN",3,1,"3",2019-07-21 08:10:39,2019-07-21 01:10:39,2019-07-21 08:13:52,2019-07-21 01:13:52,-124.43123,41.06004,-124.43021,41.06054,27.8,55.145,173.579244210275,85.0682254609699,173.579244210275,9.24576683937824,33.5235544041451,1026.12138514184,"","","Yes","","","Pressure sensor calibration was slightly off; all depth values are probably ~3 m less than true values"
"S19","TR","MbN",3,4,"3",2019-07-21 08:10:39,2019-07-21 01:10:39,2019-07-21 08:13:52,2019-07-21 01:13:52,-124.43123,41.06004,-124.43021,41.06054,27.8,55.145,694.316976841098,340.847594413111,694.316976841098,9.24576683937824,33.5235544041451,1026.12138514184,"","","Yes","","","Pressure sensor calibration was slightly off; all depth values are probably ~3 m less than true values"
"S19","TR","MbN",3,1,"4",2019-07-21 08:13:52,2019-07-21 01:13:52,2019-07-21 08:18:12,2019-07-21 01:18:12,-124.4302,41.06055,-124.42885,41.06124,4.142,27.7,269.956402460614,123.984023316505,269.956402460614,11.5722337164751,33.1574252873563,1025.29587912066,"","","Yes","","","Pressure sensor calibration was slightly off; all depth values are probably ~3 m less than true values"
"S19","TR","MbN",3,4,"4",2019-07-21 08:13:52,2019-07-21 01:13:52,2019-07-21 08:18:12,2019-07-21 01:18:12,-124.4302,41.06055,-124.42885,41.06124,4.142,27.7,1079.82560984245,493.292938587005,1079.82560984245,11.5722337164751,33.1574252873563,1025.29587912066,"","","Yes","","","Pressure sensor calibration was slightly off; all depth values are probably ~3 m less than true values"
"S19","TR","MbN",1,1,"0",2019-07-21 10:41:49,2019-07-21 03:41:49,2019-07-21 10:48:51,2019-07-21 03:48:51,-124.26962,41.05651,-124.26477,41.05794,2.5,54.7,306.342676938008,322.646020098588,306.342676938008,10.3160593824228,33.6316365795724,1025.94498245277,"","","Yes","","","Pressure sensor calibration was slightly off; all depth values are probably ~3 m less than true values"
"S19","TR","MbN",1,4,"0",2019-07-21 10:41:49,2019-07-21 03:41:49,2019-07-21 10:48:51,2019-07-21 03:48:51,-124.26962,41.05651,-124.26477,41.05794,2.5,54.7,1225.37070775203,1284.06734870545,1225.37070775203,10.3160593824228,33.6316365795724,1025.94498245277,"","","Yes","","","Pressure sensor calibration was slightly off; all depth values are probably ~3 m less than true values"
"S19","TR","MbN",1,1,"3",2019-07-21 10:48:51,2019-07-21 03:48:51,2019-07-21 10:55:38,2019-07-21 03:55:38,-124.26476,41.05794,-124.26041,41.05908,29.2,54.1,417.006079611259,293.09901800788,417.006079611259,9.56186732186732,33.8169312039312,1026.28909672748,"","","Yes","","","Pressure sensor calibration was slightly off; all depth values are probably ~3 m less than true values"
"S19","TR","MbN",1,4,"3",2019-07-21 10:48:51,2019-07-21 03:48:51,2019-07-21 10:55:38,2019-07-21 03:55:38,-124.26476,41.05794,-124.26041,41.05908,29.2,54.1,1668.02431844504,1143.70287953253,1668.02431844504,9.56186732186732,33.8169312039312,1026.28909672748,"","","Yes","","","Pressure sensor calibration was slightly off; all depth values are probably ~3 m less than true values"
"S19","TR","MbN",1,1,"4",2019-07-21 10:55:38,2019-07-21 03:55:38,2019-07-21 11:00:29,2019-07-21 04:00:29,-124.2604,41.05908,-124.25837,41.06092,4.383,29.3,322.684543425756,184.692764099391,322.684543425756,10.7203561643836,33.6929931506849,1025.87934972594,"","","Yes","","","Pressure sensor calibration was slightly off; all depth values are probably ~3 m less than true values"
"S19","TR","MbN",1,4,"4",2019-07-21 10:55:38,2019-07-21 03:55:38,2019-07-21 11:00:29,2019-07-21 04:00:29,-124.2604,41.05908,-124.25837,41.06092,4.383,29.3,1290.73817370302,735.542042609665,1290.73817370302,10.7203561643836,33.6929931506849,1025.87934972594,"","","Yes","","","Pressure sensor calibration was slightly off; all depth values are probably ~3 m less than true values"
"S19","NH","MaN",1,1,"0",2019-07-22 06:09:35,2019-07-21 23:09:35,2019-07-22 06:15:05,2019-07-21 23:15:05,-124.29435,44.65235,-124.29231,44.65384,2.5,55.8,214.880731913012,249.286425588029,214.880731913012,8.8650303030303,33.0848333333333,1025.77549948869,"","","Yes","","","Pressure sensor calibration was slightly off; all depth values are probably ~3 m less than true values"
"S19","NH","MaN",1,4,"0",2019-07-22 06:09:35,2019-07-21 23:09:35,2019-07-22 06:15:05,2019-07-21 23:15:05,-124.29435,44.65235,-124.29231,44.65384,2.5,55.8,859.522927652046,983.134226649086,859.522927652046,8.8650303030303,33.0848333333333,1025.77549948869,"","","Yes","","","Pressure sensor calibration was slightly off; all depth values are probably ~3 m less than true values"
"S19","NH","MaN",1,1,"3",2019-07-22 06:15:05,2019-07-21 23:15:05,2019-07-22 06:19:40,2019-07-21 23:19:40,-124.2923,44.65384,-124.29069,44.65489,28.8,55.151,288.129182213598,225.558241572808,288.129182213598,8.16170545454546,33.4186618181818,1026.20835995469,"","","Yes","","","Pressure sensor calibration was slightly off; all depth values are probably ~3 m less than true values"
"S19","NH","MaN",1,4,"3",2019-07-22 06:15:05,2019-07-21 23:15:05,2019-07-22 06:19:40,2019-07-21 23:19:40,-124.2923,44.65384,-124.29069,44.65489,28.8,55.151,1152.51672885439,899.682440340715,1152.51672885439,8.16170545454546,33.4186618181818,1026.20835995469,"","","Yes","","","Pressure sensor calibration was slightly off; all depth values are probably ~3 m less than true values"
"S19","NH","MaN",1,1,"4",2019-07-22 06:19:40,2019-07-21 23:19:40,2019-07-22 06:25:11,2019-07-21 23:25:11,-124.29068,44.6549,-124.28871,44.65605,3.3,28.1,336.103133307721,247.70376638842,336.103133307721,9.82371385542169,32.6326415662651,1025.18587060415,"","","Yes","","","Pressure sensor calibration was slightly off; all depth values are probably ~3 m less than true values"
"S19","NH","MaN",1,4,"4",2019-07-22 06:19:40,2019-07-21 23:19:40,2019-07-22 06:25:11,2019-07-21 23:25:11,-124.29068,44.6549,-124.28871,44.65605,3.3,28.1,1344.41253323088,977.34640113269,1344.41253323088,9.82371385542169,32.6326415662651,1025.18587060415,"","","Yes","","","Pressure sensor calibration was slightly off; all depth values are probably ~3 m less than true values"
"S19","NH","MaN",3,1,"0",2019-07-22 08:22:21,2019-07-22 01:22:21,2019-07-22 08:29:21,2019-07-22 01:29:21,-124.65128,44.65082,-124.64809,44.65244,2.3,103.4,199.294357655428,257.437102413139,199.294357655428,10.5483686746988,32.8056337349398,1025.32765109282,"","","Yes","","","Pressure sensor calibration was slightly off; all depth values are probably ~3 m less than true values"
"S19","NH","MaN",3,4,"0",2019-07-22 08:22:21,2019-07-22 01:22:21,2019-07-22 08:29:21,2019-07-22 01:29:21,-124.65128,44.65082,-124.64809,44.65244,2.3,103.4,797.177430621713,1017.98327998299,797.177430621713,10.5483686746988,32.8056337349398,1025.32765109282,"","","Yes","","","Pressure sensor calibration was slightly off; all depth values are probably ~3 m less than true values"
"S19","NH","MaN",3,1,"1",2019-07-22 08:29:21,2019-07-22 01:29:21,2019-07-22 08:32:40,2019-07-22 01:32:40,-124.64809,44.65244,-124.64668,44.65314,79.294,103.006,191.880517525347,95.4720012301587,191.880517525347,8.56821105527638,33.4535979899497,1026.39306795896,"","","Yes","","","Pressure sensor calibration was slightly off; all depth values are probably ~3 m less than true values"
"S19","NH","MaN",3,4,"1",2019-07-22 08:29:21,2019-07-22 01:29:21,2019-07-22 08:32:40,2019-07-22 01:32:40,-124.64809,44.65244,-124.64668,44.65314,79.294,103.006,767.522070101389,382.531397849871,767.522070101389,8.56821105527638,33.4535979899497,1026.39306795896,"","","Yes","","","Pressure sensor calibration was slightly off; all depth values are probably ~3 m less than true values"
"S19","NH","MaN",3,1,"2",2019-07-22 08:32:40,2019-07-22 01:32:40,2019-07-22 08:37:32,2019-07-22 01:37:32,-124.64667,44.65314,-124.64472,44.65414,52.1,78.617,260.844823923505,183.896860881259,260.844823923505,8.48047945205479,33.0106780821918,1025.94382385909,"","","Yes","","","Pressure sensor calibration was slightly off; all depth values are probably ~3 m less than true values"
"S19","NH","MaN",3,4,"2",2019-07-22 08:32:40,2019-07-22 01:32:40,2019-07-22 08:37:32,2019-07-22 01:37:32,-124.64667,44.65314,-124.64472,44.65414,52.1,78.617,1043.37929569402,732.63434030068,1043.37929569402,8.48047945205479,33.0106780821918,1025.94382385909,"","","Yes","","","Pressure sensor calibration was slightly off; all depth values are probably ~3 m less than true values"
"S19","NH","MaN",3,1,"3",2019-07-22 08:37:32,2019-07-22 01:37:32,2019-07-22 08:40:34,2019-07-22 01:40:34,-124.64471,44.65415,-124.64347,44.65474,29.2,51.511,170.838475735006,73.8653159905614,170.838475735006,8.6944010989011,32.6142747252747,1025.48341410012,"","","Yes","","","Pressure sensor calibration was slightly off; all depth values are probably ~3 m less than true values"
"S19","NH","MaN",3,4,"3",2019-07-22 08:37:32,2019-07-22 01:37:32,2019-07-22 08:40:34,2019-07-22 01:40:34,-124.64471,44.65415,-124.64347,44.65474,29.2,51.511,683.353902940023,295.958353189056,683.353902940023,8.6944010989011,32.6142747252747,1025.48341410012,"","","Yes","","","Pressure sensor calibration was slightly off; all depth values are probably ~3 m less than true values"
"S19","NH","MaN",3,1,"4",2019-07-22 08:40:34,2019-07-22 01:40:34,2019-07-22 08:44:36,2019-07-22 01:44:36,-124.64346,44.65475,-124.64174,44.65521,3.3,28.9,254.34553841439,99.0226648056493,254.34553841439,11.3377037037037,32.3103991769547,1024.66698780836,"","","Yes","","","Pressure sensor calibration was slightly off; all depth values are probably ~3 m less than true values"
"S19","NH","MaN",3,4,"4",2019-07-22 08:40:34,2019-07-22 01:40:34,2019-07-22 08:44:36,2019-07-22 01:44:36,-124.64346,44.65475,-124.64174,44.65521,3.3,28.9,1017.38215365756,394.890872938865,1017.38215365756,11.3377037037037,32.3103991769547,1024.66698780836,"","","Yes","","","Pressure sensor calibration was slightly off; all depth values are probably ~3 m less than true values"
"S19","NH","MaN",5,1,"0",2019-07-22 11:04:52,2019-07-22 04:04:52,2019-07-22 11:12:47,2019-07-22 04:12:47,-125.12081,44.65137,-125.11622,44.65251,2.1,104.851,211.614554497902,302.802192586869,211.614554497902,11.3185157894737,32.6868,1025.10602113861,"","","Yes","","","Pressure sensor calibration was slightly off; all depth values are probably ~3 m less than true values"
"S19","NH","MaN",5,4,"0",2019-07-22 11:04:52,2019-07-22 04:04:52,2019-07-22 11:12:47,2019-07-22 04:12:47,-125.12081,44.65137,-125.11622,44.65251,2.1,104.851,846.458217991606,1195.88471671777,846.458217991606,11.3185157894737,32.6868,1025.10602113861,"","","Yes","","","Pressure sensor calibration was slightly off; all depth values are probably ~3 m less than true values"
"S19","NH","MaN",5,1,"1",2019-07-22 11:12:47,2019-07-22 04:12:47,2019-07-22 11:17:00,2019-07-22 04:17:00,-125.11621,44.65251,-125.11361,44.65342,77.905,102.795,247.913050929667,173.12642653406,247.913050929667,8.54492490118577,33.2779565217391,1026.25724906818,"","","Yes","","","Pressure sensor calibration was slightly off; all depth values are probably ~3 m less than true values"
"S19","NH","MaN",5,4,"1",2019-07-22 11:12:47,2019-07-22 04:12:47,2019-07-22 11:17:00,2019-07-22 04:17:00,-125.11621,44.65251,-125.11361,44.65342,77.905,102.795,991.652203718666,689.597636409187,991.652203718666,8.54492490118577,33.2779565217391,1026.25724906818,"","","Yes","","","Pressure sensor calibration was slightly off; all depth values are probably ~3 m less than true values"
"S19","NH","MaN",5,1,"2",2019-07-22 11:17:00,2019-07-22 04:17:00,2019-07-22 11:21:34,2019-07-22 04:21:34,-125.1136,44.65342,-125.11084,44.65435,53.8,77.4,278.643311422331,181.295912725458,278.643311422331,8.83348175182482,32.7510656934307,1025.67915205984,"","","Yes","","","Pressure sensor calibration was slightly off; all depth values are probably ~3 m less than true values"
"S19","NH","MaN",5,4,"2",2019-07-22 11:17:00,2019-07-22 04:17:00,2019-07-22 11:21:34,2019-07-22 04:21:34,-125.1136,44.65342,-125.11084,44.65435,53.8,77.4,1114.57324568932,724.063677145604,1114.57324568932,8.83348175182482,32.7510656934307,1025.67915205984,"","","Yes","","","Pressure sensor calibration was slightly off; all depth values are probably ~3 m less than true values"
"S19","NH","MaN",5,1,"3",2019-07-22 11:21:34,2019-07-22 04:21:34,2019-07-22 11:29:11,2019-07-22 04:29:11,-125.11084,44.65435,-125.10663,44.65531,29.613,53.1,427.83790276852,343.134907471611,427.83790276852,9.98950547045952,32.3992035010941,1025.1071805928,"","","Yes","","","Pressure sensor calibration was slightly off; all depth values are probably ~3 m less than true values"
"S19","NH","MaN",5,4,"3",2019-07-22 11:21:34,2019-07-22 04:21:34,2019-07-22 11:29:11,2019-07-22 04:29:11,-125.11084,44.65435,-125.10663,44.65531,29.613,53.1,1711.35161107408,1359.93362209978,1711.35161107408,9.98950547045952,32.3992035010941,1025.1071805928,"","","Yes","","","Pressure sensor calibration was slightly off; all depth values are probably ~3 m less than true values"
"S19","NH","MaN",5,1,"4",2019-07-22 11:29:11,2019-07-22 04:29:11,2019-07-22 11:34:39,2019-07-22 04:34:39,-125.10662,44.65531,-125.10435,44.65518,4.1,29.1,298.105698174518,142.507814801279,298.105698174518,14.9368541033435,32.2390577507599,1023.90525837311,"","","Yes","","","Pressure sensor calibration was slightly off; all depth values are probably ~3 m less than true values"
"S19","NH","MaN",5,4,"4",2019-07-22 11:29:11,2019-07-22 04:29:11,2019-07-22 11:34:39,2019-07-22 04:34:39,-125.10662,44.65531,-125.10435,44.65518,4.1,29.1,1192.42279269807,569.697840863838,1192.42279269807,14.9368541033435,32.2390577507599,1023.90525837311,"","","Yes","","","Pressure sensor calibration was slightly off; all depth values are probably ~3 m less than true values"
"S19","NH","MaD",5,1,"0",2019-07-22 15:51:16,2019-07-22 08:51:16,2019-07-22 16:01:32,2019-07-22 09:01:32,-125.11932,44.6514,-125.11439,44.65307,2.4,104.2,379.142139731505,395.218815780483,379.142139731505,10.452237012987,32.8778084415584,1025.46222544985,"","","Yes","","","Pressure sensor calibration was slightly off; all depth values are probably ~3 m less than true values"
"S19","NH","MaD",5,4,"0",2019-07-22 15:51:16,2019-07-22 08:51:16,2019-07-22 16:01:32,2019-07-22 09:01:32,-125.11932,44.6514,-125.11439,44.65307,2.4,104.2,1516.56855892602,1539.8690933388,1516.56855892602,10.452237012987,32.8778084415584,1025.46222544985,"","","Yes","","","Pressure sensor calibration was slightly off; all depth values are probably ~3 m less than true values"
"S19","NH","MaD",5,1,"1",2019-07-22 16:01:32,2019-07-22 09:01:32,2019-07-22 16:07:33,2019-07-22 09:07:33,-125.11438,44.65307,-125.1125,44.65546,79.563,102.479,387.624505823415,244.043262021446,387.624505823415,8.56984487534626,33.3485484764543,1026.30645019454,"","","Yes","","","Pressure sensor calibration was slightly off; all depth values are probably ~3 m less than true values"
"S19","NH","MaD",5,4,"1",2019-07-22 16:01:32,2019-07-22 09:01:32,2019-07-22 16:07:33,2019-07-22 09:07:33,-125.11438,44.65307,-125.1125,44.65546,79.563,102.479,1550.49802329366,972.764188029423,1550.49802329366,8.56984487534626,33.3485484764543,1026.30645019454,"","","Yes","","","Pressure sensor calibration was slightly off; all depth values are probably ~3 m less than true values"
"S19","NH","MaD",5,1,"2",2019-07-22 16:07:33,2019-07-22 09:07:33,2019-07-22 16:12:20,2019-07-22 09:12:20,-125.1125,44.65547,-125.11298,44.65788,53.746,79.081,301.40636608711,169.3794306289,301.40636608711,8.77816724738676,32.7844320557491,1025.72369577461,"","","Yes","","","Pressure sensor calibration was slightly off; all depth values are probably ~3 m less than true values"
"S19","NH","MaD",5,4,"2",2019-07-22 16:07:33,2019-07-22 09:07:33,2019-07-22 16:12:20,2019-07-22 09:12:20,-125.1125,44.65547,-125.11298,44.65788,53.746,79.081,1205.62546434844,677.334762342567,1205.62546434844,8.77816724738676,32.7844320557491,1025.72369577461,"","","Yes","","","Pressure sensor calibration was slightly off; all depth values are probably ~3 m less than true values"
"S19","NH","MaD",5,1,"3",2019-07-22 16:12:20,2019-07-22 09:12:20,2019-07-22 16:15:55,2019-07-22 09:15:55,-125.11298,44.65789,-125.11402,44.65989,27,53.2,230.592864605173,118.764982111035,230.592864605173,9.81571162790698,32.4274,1025.15052294242,"","","Yes","","","Pressure sensor calibration was slightly off; all depth values are probably ~3 m less than true values"
"S19","NH","MaD",5,4,"3",2019-07-22 16:12:20,2019-07-22 09:12:20,2019-07-22 16:15:55,2019-07-22 09:15:55,-125.11298,44.65789,-125.11402,44.65989,27,53.2,922.371458420691,473.535818412892,922.371458420691,9.81571162790698,32.4274,1025.15052294242,"","","Yes","","","Pressure sensor calibration was slightly off; all depth values are probably ~3 m less than true values"
"S19","NH","MaD",5,1,"4",2019-07-22 16:15:55,2019-07-22 09:15:55,2019-07-22 16:24:15,2019-07-22 09:24:15,-125.11402,44.6599,-125.11737,44.66381,5.8,26.4,497.792704472455,368.221073701517,497.792704472455,15.1426566866267,32.2262594810379,1023.85651488396,"","","Yes","","","Pressure sensor calibration was slightly off; all depth values are probably ~3 m less than true values"
"S19","NH","MaD",5,4,"4",2019-07-22 16:15:55,2019-07-22 09:15:55,2019-07-22 16:24:15,2019-07-22 09:24:15,-125.11402,44.6599,-125.11737,44.66381,5.8,26.4,1991.17081788982,1457.54694212304,1991.17081788982,15.1426566866267,32.2262594810379,1023.85651488396,"","","Yes","","","Pressure sensor calibration was slightly off; all depth values are probably ~3 m less than true values"
"S19","NH","MaD",4,1,"0",2019-07-22 18:09:24,2019-07-22 11:09:24,2019-07-22 18:19:18,2019-07-22 11:19:18,-124.88102,44.65178,-124.87507,44.65081,1.6,105.613,359.558648471306,385.011352377518,359.558648471306,10.764930976431,32.724037037037,1025.23085101981,"","","Yes","","","Pressure sensor calibration was slightly off; all depth values are probably ~3 m less than true values"
"S19","NH","MaD",4,4,"0",2019-07-22 18:09:24,2019-07-22 11:09:24,2019-07-22 18:19:18,2019-07-22 11:19:18,-124.88102,44.65178,-124.87507,44.65081,1.6,105.613,1438.23459388522,1523.60399432313,1438.23459388522,10.764930976431,32.724037037037,1025.23085101981,"","","Yes","","","Pressure sensor calibration was slightly off; all depth values are probably ~3 m less than true values"
"S19","NH","MaD",4,1,"1",2019-07-22 18:19:18,2019-07-22 11:19:18,2019-07-22 18:25:49,2019-07-22 11:25:49,-124.87506,44.65081,-124.87122,44.6502,79.881,106.119,417.182428445532,327.256511172906,417.182428445532,8.54018670076726,33.4893145780051,1026.43418236713,"","","Yes","","","Pressure sensor calibration was slightly off; all depth values are probably ~3 m less than true values"
"S19","NH","MaD",4,4,"1",2019-07-22 18:19:18,2019-07-22 11:19:18,2019-07-22 18:25:49,2019-07-22 11:25:49,-124.87506,44.65081,-124.87122,44.6502,79.881,106.119,1668.72971378213,1294.42609296275,1668.72971378213,8.54018670076726,33.4893145780051,1026.43418236713,"","","Yes","","","Pressure sensor calibration was slightly off; all depth values are probably ~3 m less than true values"
"S19","NH","MaD",4,1,"2",2019-07-22 18:25:49,2019-07-22 11:25:49,2019-07-22 18:29:17,2019-07-22 11:29:17,-124.87122,44.65019,-124.86912,44.64989,53,79.3,245.788316662002,117.342060294507,245.788316662002,8.52457692307692,33.0410096153846,1025.96141061198,"","","Yes","","","Pressure sensor calibration was slightly off; all depth values are probably ~3 m less than true values"
"S19","NH","MaD",4,4,"2",2019-07-22 18:25:49,2019-07-22 11:25:49,2019-07-22 18:29:17,2019-07-22 11:29:17,-124.87122,44.65019,-124.86912,44.64989,53,79.3,983.153266648007,468.494156373685,983.153266648007,8.52457692307692,33.0410096153846,1025.96141061198,"","","Yes","","","Pressure sensor calibration was slightly off; all depth values are probably ~3 m less than true values"
"S19","NH","MaD",4,1,"3",2019-07-22 18:29:17,2019-07-22 11:29:17,2019-07-22 18:32:59,2019-07-22 11:32:59,-124.86911,44.64988,-124.86672,44.64957,28.7,52.5,269.667712492133,123.285891785982,269.667712492133,9.20903153153153,32.4699054054054,1025.28938711883,"","","Yes","","","Pressure sensor calibration was slightly off; all depth values are probably ~3 m less than true values"
"S19","NH","MaD",4,4,"3",2019-07-22 18:29:17,2019-07-22 11:29:17,2019-07-22 18:32:59,2019-07-22 11:32:59,-124.86911,44.64988,-124.86672,44.64957,28.7,52.5,1078.67084996853,491.099237604949,1078.67084996853,9.20903153153153,32.4699054054054,1025.28938711883,"","","Yes","","","Pressure sensor calibration was slightly off; all depth values are probably ~3 m less than true values"
"S19","NH","MaD",4,1,"4",2019-07-22 18:32:59,2019-07-22 11:32:59,2019-07-22 18:38:49,2019-07-22 11:38:49,-124.86671,44.64957,-124.86282,44.64902,4.7,28.499,413.489034608283,261.899011654947,413.489034608283,13.5742763532764,32.2048917378917,1024.16554766997,"","","Yes","","","Pressure sensor calibration was slightly off; all depth values are probably ~3 m less than true values"
"S19","NH","MaD",4,4,"4",2019-07-22 18:32:59,2019-07-22 11:32:59,2019-07-22 18:38:49,2019-07-22 11:38:49,-124.86671,44.64957,-124.86282,44.64902,4.7,28.499,1653.95613843313,1039.84223931178,1653.95613843313,13.5742763532764,32.2048917378917,1024.16554766997,"","","Yes","","","Pressure sensor calibration was slightly off; all depth values are probably ~3 m less than true values"
"S19","NH","MaD",3,1,"0",2019-07-22 21:12:19,2019-07-22 14:12:19,2019-07-22 21:20:18,2019-07-22 14:20:18,-124.64763,44.6523,-124.64427,44.65393,1.414,106.043,178.690629257685,308.35414165987,178.690629257685,10.4452338204593,32.8668413361169,1025.39387975853,"","","Yes","","","Pressure sensor calibration was slightly off; all depth values are probably ~3 m less than true values"
"S19","NH","MaD",3,4,"0",2019-07-22 21:12:19,2019-07-22 14:12:19,2019-07-22 21:20:18,2019-07-22 14:20:18,-124.64763,44.6523,-124.64427,44.65393,1.414,106.043,714.762517030738,1217.40537461081,714.762517030738,10.4452338204593,32.8668413361169,1025.39387975853,"","","Yes","","","Pressure sensor calibration was slightly off; all depth values are probably ~3 m less than true values"
"S19","NH","MaD",3,1,"1",2019-07-22 21:20:18,2019-07-22 14:20:18,2019-07-22 21:23:51,2019-07-22 14:23:51,-124.64427,44.65393,-124.64271,44.65496,77.8,106.1,193.573330329929,153.789923542602,193.573330329929,8.44668544600939,33.5569906103286,1026.50559247363,"","","Yes","","","Pressure sensor calibration was slightly off; all depth values are probably ~3 m less than true values"
"S19","NH","MaD",3,4,"1",2019-07-22 21:20:18,2019-07-22 14:20:18,2019-07-22 21:23:51,2019-07-22 14:23:51,-124.64427,44.65393,-124.64271,44.65496,77.8,106.1,774.293321319715,614.553402854427,774.293321319715,8.44668544600939,33.5569906103286,1026.50559247363,"","","Yes","","","Pressure sensor calibration was slightly off; all depth values are probably ~3 m less than true values"
"S19","NH","MaD",3,1,"2",2019-07-22 21:23:51,2019-07-22 14:23:51,2019-07-22 21:27:23,2019-07-22 14:27:23,-124.64271,44.65496,-124.64118,44.65619,54,77.1,216.535058857471,155.988228264437,216.535058857471,8.57205660377359,33.1172877358491,1026.00825978984,"","","Yes","","","Pressure sensor calibration was slightly off; all depth values are probably ~3 m less than true values"
"S19","NH","MaD",3,4,"2",2019-07-22 21:23:51,2019-07-22 14:23:51,2019-07-22 21:27:23,2019-07-22 14:27:23,-124.64271,44.65496,-124.64118,44.65619,54,77.1,866.140235429883,622.917648552934,866.140235429883,8.57205660377359,33.1172877358491,1026.00825978984,"","","Yes","","","Pressure sensor calibration was slightly off; all depth values are probably ~3 m less than true values"
"S19","NH","MaD",3,1,"3",2019-07-22 21:27:23,2019-07-22 14:27:23,2019-07-22 21:32:45,2019-07-22 14:32:45,-124.64117,44.65619,-124.63891,44.65791,28.7,53.5,342.338785172929,286.574761256277,342.338785172929,8.609,32.7468354037267,1025.60954815564,"","","Yes","","","Pressure sensor calibration was slightly off; all depth values are probably ~3 m less than true values"
"S19","NH","MaD",3,4,"3",2019-07-22 21:27:23,2019-07-22 14:27:23,2019-07-22 21:32:45,2019-07-22 14:32:45,-124.64117,44.65619,-124.63891,44.65791,28.7,53.5,1369.35514069172,1135.82945661252,1369.35514069172,8.609,32.7468354037267,1025.60954815564,"","","Yes","","","Pressure sensor calibration was slightly off; all depth values are probably ~3 m less than true values"
"S19","NH","MaD",3,1,"4",2019-07-22 21:32:45,2019-07-22 14:32:45,2019-07-22 21:40:23,2019-07-22 14:40:23,-124.6389,44.65792,-124.63588,44.65978,4.3,27.8,500.088020361358,339.986785237242,500.088020361358,11.6180784313725,32.2829346405229,1024.59267831664,"","","Yes","","","Pressure sensor calibration was slightly off; all depth values are probably ~3 m less than true values"
"S19","NH","MaD",3,4,"4",2019-07-22 21:32:45,2019-07-22 14:32:45,2019-07-22 21:40:23,2019-07-22 14:40:23,-124.6389,44.65792,-124.63588,44.65978,4.3,27.8,2000.35208144543,1335.77370236709,2000.35208144543,11.6180784313725,32.2829346405229,1024.59267831664,"","","Yes","","","Pressure sensor calibration was slightly off; all depth values are probably ~3 m less than true values"
"S19","NH","MaD",2,1,"0",2019-07-22 23:14:00,2019-07-22 16:14:00,2019-07-22 23:20:07,2019-07-22 16:20:07,-124.41253,44.65148,-124.41147,44.65323,0.833,81.467,202.719437692554,196.914958501392,202.719437692554,11.6987138964578,32.7684305177112,1025.01706797421,"","","Yes","","","Pressure sensor calibration was slightly off; all depth values are probably ~3 m less than true values"
"S19","NH","MaD",2,4,"0",2019-07-22 23:14:00,2019-07-22 16:14:00,2019-07-22 23:20:07,2019-07-22 16:20:07,-124.41253,44.65148,-124.41147,44.65323,0.833,81.467,810.877750770214,778.405445967381,810.877750770214,11.6987138964578,32.7684305177112,1025.01706797421,"","","Yes","","","Pressure sensor calibration was slightly off; all depth values are probably ~3 m less than true values"
"S19","NH","MaD",2,1,"2",2019-07-22 23:20:07,2019-07-22 16:20:07,2019-07-22 23:24:49,2019-07-22 16:24:49,-124.41147,44.65324,-124.41087,44.65453,53.763,80.737,252.494331664326,228.772226029363,252.494331664326,8.15970567375886,33.7188262411347,1026.56296963354,"","","Yes","","","Pressure sensor calibration was slightly off; all depth values are probably ~3 m less than true values"
"S19","NH","MaD",2,4,"2",2019-07-22 23:20:07,2019-07-22 16:20:07,2019-07-22 23:24:49,2019-07-22 16:24:49,-124.41147,44.65324,-124.41087,44.65453,53.763,80.737,1009.9773266573,909.155925031118,1009.9773266573,8.15970567375886,33.7188262411347,1026.56296963354,"","","Yes","","","Pressure sensor calibration was slightly off; all depth values are probably ~3 m less than true values"
"S19","NH","MaD",2,1,"3",2019-07-22 23:24:49,2019-07-22 16:24:49,2019-07-22 23:28:37,2019-07-22 16:28:37,-124.41087,44.65454,-124.41041,44.65578,27.7,53.4,228.781009950203,177.081361690348,228.781009950203,8.45363596491228,32.9519385964912,1025.78388009519,"","","Yes","","","Pressure sensor calibration was slightly off; all depth values are probably ~3 m less than true values"
"S19","NH","MaD",2,4,"3",2019-07-22 23:24:49,2019-07-22 16:24:49,2019-07-22 23:28:37,2019-07-22 16:28:37,-124.41087,44.65454,-124.41041,44.65578,27.7,53.4,915.124039800811,700.152229619307,915.124039800811,8.45363596491228,32.9519385964912,1025.78388009519,"","","Yes","","","Pressure sensor calibration was slightly off; all depth values are probably ~3 m less than true values"
"S19","NH","MaD",2,1,"4",2019-07-22 23:28:37,2019-07-22 16:28:37,2019-07-22 23:33:08,2019-07-22 16:33:08,-124.41041,44.65578,-124.4096,44.65699,3.843,27.114,295.51531286478,158.92011040193,295.51531286478,14.65525,32.0853272058824,1023.82835122387,"","","Yes","","","Pressure sensor calibration was slightly off; all depth values are probably ~3 m less than true values"
"S19","NH","MaD",2,4,"4",2019-07-22 23:28:37,2019-07-22 16:28:37,2019-07-22 23:33:08,2019-07-22 16:33:08,-124.41041,44.65578,-124.4096,44.65699,3.843,27.114,1182.06125145912,636.169045997349,1182.06125145912,14.65525,32.0853272058824,1023.82835122387,"","","Yes","","","Pressure sensor calibration was slightly off; all depth values are probably ~3 m less than true values"
"S19","NH","MaD",1,1,"0",2019-07-23 01:42:28,2019-07-22 18:42:28,2019-07-23 01:46:52,2019-07-22 18:46:52,-124.29934,44.65551,-124.29763,44.65674,0.5,55.775,173.317522270045,121.087675382903,173.317522270045,10.2951939163498,32.9571711026616,1025.39216008737,"","","Yes","","","Pressure sensor calibration was slightly off; all depth values are probably ~3 m less than true values"
"S19","NH","MaD",1,4,"0",2019-07-23 01:42:28,2019-07-22 18:42:28,2019-07-23 01:46:52,2019-07-22 18:46:52,-124.29934,44.65551,-124.29763,44.65674,0.5,55.775,693.270089080178,481.214109560103,693.270089080178,10.2951939163498,32.9571711026616,1025.39216008737,"","","Yes","","","Pressure sensor calibration was slightly off; all depth values are probably ~3 m less than true values"
"S19","NH","MaD",1,1,"3",2019-07-23 01:46:52,2019-07-22 18:46:52,2019-07-23 01:51:29,2019-07-22 18:51:29,-124.29762,44.65674,-124.29583,44.65792,28.906,55.9,287.483384086095,194.273793092229,287.483384086095,8.19328880866426,33.4664151624549,1026.23702341527,"","","Yes","","","Pressure sensor calibration was slightly off; all depth values are probably ~3 m less than true values"
"S19","NH","MaD",1,4,"3",2019-07-23 01:46:52,2019-07-22 18:46:52,2019-07-23 01:51:29,2019-07-22 18:51:29,-124.29762,44.65674,-124.29583,44.65792,28.906,55.9,1149.93353634438,774.180076695814,1149.93353634438,8.19328880866426,33.4664151624549,1026.23702341527,"","","Yes","","","Pressure sensor calibration was slightly off; all depth values are probably ~3 m less than true values"
"S19","NH","MaD",1,1,"4",2019-07-23 01:51:29,2019-07-22 18:51:29,2019-07-23 01:55:24,2019-07-22 18:55:24,-124.29582,44.65793,-124.29428,44.65897,2.5,28.3,269.500266226574,128.40494693918,269.500266226574,9.65525,32.6896398305085,1025.25491538966,"","","Yes","","","Pressure sensor calibration was slightly off; all depth values are probably ~3 m less than true values"
"S19","NH","MaD",1,4,"4",2019-07-23 01:51:29,2019-07-22 18:51:29,2019-07-23 01:55:24,2019-07-22 18:55:24,-124.29582,44.65793,-124.29428,44.65897,2.5,28.3,1078.0010649063,510.073545848144,1078.0010649063,9.65525,32.6896398305085,1025.25491538966,"","","Yes","","","Pressure sensor calibration was slightly off; all depth values are probably ~3 m less than true values"
"S19","NH","MbN",1,1,"0",2019-07-24 06:06:30,2019-07-23 23:06:30,2019-07-24 06:10:40,2019-07-23 23:10:40,-124.29275,44.65246,-124.29135,44.65352,2.7,55.5,147.870347774228,99.8209321655902,147.870347774228,9.493125,32.9400524193548,1025.53064856086,"","","Yes","","","Pressure sensor calibration was slightly off; all depth values are probably ~3 m less than true values"
"S19","NH","MbN",1,4,"0",2019-07-24 06:06:30,2019-07-23 23:06:30,2019-07-24 06:10:40,2019-07-23 23:10:40,-124.29275,44.65246,-124.29135,44.65352,2.7,55.5,591.481391096913,398.462951561705,591.481391096913,9.493125,32.9400524193548,1025.53064856086,"","","Yes","","","Pressure sensor calibration was slightly off; all depth values are probably ~3 m less than true values"
"S19","NH","MbN",1,1,"3",2019-07-24 06:10:40,2019-07-23 23:10:40,2019-07-24 06:15:12,2019-07-23 23:15:12,-124.29134,44.65352,-124.28989,44.65465,28.843,55.857,270.444687054666,190.045089731232,270.444687054666,8.20489338235294,33.4973382352941,1026.27110995701,"","","Yes","","","Pressure sensor calibration was slightly off; all depth values are probably ~3 m less than true values"
"S19","NH","MbN",1,4,"3",2019-07-24 06:10:40,2019-07-23 23:10:40,2019-07-24 06:15:12,2019-07-23 23:15:12,-124.29134,44.65352,-124.28989,44.65465,28.843,55.857,1081.77874821866,751.980898697415,1081.77874821866,8.20489338235294,33.4973382352941,1026.27110995701,"","","Yes","","","Pressure sensor calibration was slightly off; all depth values are probably ~3 m less than true values"
"S19","NH","MbN",1,1,"4",2019-07-24 06:15:12,2019-07-23 23:15:12,2019-07-24 06:20:46,2019-07-23 23:20:46,-124.28988,44.65466,-124.28804,44.65632,2.5,27.8,354.28863691012,223.315737997476,354.28863691012,10.4895253731343,32.5764298507463,1025.00488175216,"","","Yes","","","Pressure sensor calibration was slightly off; all depth values are probably ~3 m less than true values"
"S19","NH","MbN",1,4,"4",2019-07-24 06:15:12,2019-07-23 23:15:12,2019-07-24 06:20:46,2019-07-23 23:20:46,-124.28988,44.65466,-124.28804,44.65632,2.5,27.8,1417.15454764048,887.345616872156,1417.15454764048,10.4895253731343,32.5764298507463,1025.00488175216,"","","Yes","","","Pressure sensor calibration was slightly off; all depth values are probably ~3 m less than true values"
"S19","NH","MbN",3,1,"0",2019-07-24 08:17:24,2019-07-24 01:17:24,2019-07-24 08:26:24,2019-07-24 01:26:24,-124.65258,44.6502,-124.64837,44.65316,6.5,103.6,276.828944557402,423.121273853157,276.828944557402,9.70159133709981,32.9259416195857,1025.62454915312,"","","Yes","","","Pressure sensor calibration was slightly off; all depth values are probably ~3 m less than true values"
"S19","NH","MbN",3,4,"0",2019-07-24 08:17:24,2019-07-24 01:17:24,2019-07-24 08:26:24,2019-07-24 01:26:24,-124.65258,44.6502,-124.64837,44.65316,6.5,103.6,1107.31577822961,1627.91901927229,1107.31577822961,9.70159133709981,32.9259416195857,1025.62454915312,"","","Yes","","","Pressure sensor calibration was slightly off; all depth values are probably ~3 m less than true values"
"S19","NH","MbN",3,1,"1",2019-07-24 08:26:24,2019-07-24 01:26:24,2019-07-24 08:34:03,2019-07-24 01:34:03,-124.64836,44.65316,-124.64424,44.65463,76.934,102.3,474.013490988698,342.336554275584,474.013490988698,8.61125054466231,33.4963551198257,1026.41178855634,"","","Yes","","","Pressure sensor calibration was slightly off; all depth values are probably ~3 m less than true values"
"S19","NH","MbN",3,4,"1",2019-07-24 08:26:24,2019-07-24 01:26:24,2019-07-24 08:34:03,2019-07-24 01:34:03,-124.64836,44.65316,-124.64424,44.65463,76.934,102.3,1896.05396395479,1358.14266199208,1896.05396395479,8.61125054466231,33.4963551198257,1026.41178855634,"","","Yes","","","Pressure sensor calibration was slightly off; all depth values are probably ~3 m less than true values"
"S19","NH","MbN",3,1,"2",2019-07-24 08:34:03,2019-07-24 01:34:03,2019-07-24 08:37:20,2019-07-24 01:37:20,-124.64424,44.65464,-124.64233,44.65543,52.093,76.307,214.636621121603,110.794856577711,214.636621121603,8.52472588832487,33.0223401015228,1025.93935795207,"","","Yes","","","Pressure sensor calibration was slightly off; all depth values are probably ~3 m less than true values"
"S19","NH","MbN",3,4,"2",2019-07-24 08:34:03,2019-07-24 01:34:03,2019-07-24 08:37:20,2019-07-24 01:37:20,-124.64424,44.65464,-124.64233,44.65543,52.093,76.307,858.546484486414,439.601576286865,858.546484486414,8.52472588832487,33.0223401015228,1025.93935795207,"","","Yes","","","Pressure sensor calibration was slightly off; all depth values are probably ~3 m less than true values"
"S19","NH","MbN",3,1,"3",2019-07-24 08:37:20,2019-07-24 01:37:20,2019-07-24 08:40:58,2019-07-24 01:40:58,-124.64232,44.65543,-124.63996,44.65637,27.6,51.7,248.994126072104,139.751074202931,248.994126072104,9.23394036697248,32.4874449541284,1025.29633044654,"","","Yes","","","Pressure sensor calibration was slightly off; all depth values are probably ~3 m less than true values"
"S19","NH","MbN",3,4,"3",2019-07-24 08:37:20,2019-07-24 01:37:20,2019-07-24 08:40:58,2019-07-24 01:40:58,-124.64232,44.65543,-124.63996,44.65637,27.6,51.7,995.976504288414,555.720735987833,995.976504288414,9.23394036697248,32.4874449541284,1025.29633044654,"","","Yes","","","Pressure sensor calibration was slightly off; all depth values are probably ~3 m less than true values"
"S19","NH","MbN",3,1,"4",2019-07-24 08:40:58,2019-07-24 01:40:58,2019-07-24 08:47:56,2019-07-24 01:47:56,-124.63996,44.65638,-124.63629,44.65716,3.7,26.9,409.625119011289,290.921645510712,409.625119011289,13.722723150358,32.304661097852,1024.19685721369,"","","Yes","","","Pressure sensor calibration was slightly off; all depth values are probably ~3 m less than true values"
"S19","NH","MbN",3,4,"4",2019-07-24 08:40:58,2019-07-24 01:40:58,2019-07-24 08:47:56,2019-07-24 01:47:56,-124.63996,44.65638,-124.63629,44.65716,3.7,26.9,1638.50047604516,1138.84081948666,1638.50047604516,13.722723150358,32.304661097852,1024.19685721369,"","","Yes","","","Pressure sensor calibration was slightly off; all depth values are probably ~3 m less than true values"
"S19","NH","MbN",5,1,"0",2019-07-24 11:17:56,2019-07-24 04:17:56,2019-07-24 11:29:40,2019-07-24 04:29:40,-125.11582,44.65028,-125.12309,44.65598,2.9,104.7,517.502929868112,442.743367243576,517.502929868112,11.1512599431818,32.7501491477273,1025.18506096736,"","","Yes","","","Pressure sensor calibration was slightly off; all depth values are probably ~3 m less than true values"
"S19","NH","MbN",5,4,"0",2019-07-24 11:17:56,2019-07-24 04:17:56,2019-07-24 11:29:40,2019-07-24 04:29:40,-125.11582,44.65028,-125.12309,44.65598,2.9,104.7,2070.01171947245,1724.8295043154,2070.01171947245,11.1512599431818,32.7501491477273,1025.18506096736,"","","Yes","","","Pressure sensor calibration was slightly off; all depth values are probably ~3 m less than true values"
"S19","NH","MbN",5,1,"1",2019-07-24 11:29:40,2019-07-24 04:29:40,2019-07-24 11:37:03,2019-07-24 04:37:03,-125.1231,44.65599,-125.1273,44.65935,79.2,105,475.235541764489,310.358804909609,475.235541764489,8.66366139954853,33.3879367945824,1026.34057372831,"","","Yes","","","Pressure sensor calibration was slightly off; all depth values are probably ~3 m less than true values"
"S19","NH","MbN",5,4,"1",2019-07-24 11:29:40,2019-07-24 04:29:40,2019-07-24 11:37:03,2019-07-24 04:37:03,-125.1231,44.65599,-125.1273,44.65935,79.2,105,1900.94216705796,1233.38845374439,1900.94216705796,8.66366139954853,33.3879367945824,1026.34057372831,"","","Yes","","","Pressure sensor calibration was slightly off; all depth values are probably ~3 m less than true values"
"S19","NH","MbN",5,1,"2",2019-07-24 11:37:03,2019-07-24 04:37:03,2019-07-24 11:43:21,2019-07-24 04:43:21,-125.1273,44.65936,-125.13089,44.66208,55,78.7,410.943552431748,259.546055562835,410.943552431748,8.69312169312169,32.8522777777778,1025.79119995353,"","","Yes","","","Pressure sensor calibration was slightly off; all depth values are probably ~3 m less than true values"
"S19","NH","MbN",5,4,"2",2019-07-24 11:37:03,2019-07-24 04:37:03,2019-07-24 11:43:21,2019-07-24 04:43:21,-125.1273,44.65936,-125.13089,44.66208,55,78.7,1643.77420972699,1034.03452433131,1643.77420972699,8.69312169312169,32.8522777777778,1025.79119995353,"","","Yes","","","Pressure sensor calibration was slightly off; all depth values are probably ~3 m less than true values"
"S19","NH","MbN",5,1,"3",2019-07-24 11:43:21,2019-07-24 04:43:21,2019-07-24 11:51:08,2019-07-24 04:51:08,-125.1309,44.66209,-125.13489,44.66483,29.6,54.667,508.921762972892,318.532552052934,508.921762972892,10.2897473233405,32.3253190578158,1024.99417401464,"","","Yes","","","Pressure sensor calibration was slightly off; all depth values are probably ~3 m less than true values"
"S19","NH","MbN",5,4,"3",2019-07-24 11:43:21,2019-07-24 04:43:21,2019-07-24 11:51:08,2019-07-24 04:51:08,-125.1309,44.66209,-125.13489,44.66483,29.6,54.667,2035.68705189157,1268.73422985714,2035.68705189157,10.2897473233405,32.3253190578158,1024.99417401464,"","","Yes","","","Pressure sensor calibration was slightly off; all depth values are probably ~3 m less than true values"
"S19","NH","MbN",5,1,"4",2019-07-24 11:51:08,2019-07-24 04:51:08,2019-07-24 11:56:35,2019-07-24 04:56:35,-125.13489,44.66484,-125.13642,44.6667,3.1,29.1,338.03915209462,161.645309578136,338.03915209462,15.2362957317073,32.1880640243902,1023.81361718435,"","","Yes","","","Pressure sensor calibration was slightly off; all depth values are probably ~3 m less than true values"
"S19","NH","MbN",5,4,"4",2019-07-24 11:51:08,2019-07-24 04:51:08,2019-07-24 11:56:35,2019-07-24 04:56:35,-125.13489,44.66484,-125.13642,44.6667,3.1,29.1,1352.15660837848,645.601983483669,1352.15660837848,15.2362957317073,32.1880640243902,1023.81361718435,"","","Yes","","","Pressure sensor calibration was slightly off; all depth values are probably ~3 m less than true values"
"S19","NH","MbD",5,1,"0",2019-07-24 15:18:53,2019-07-24 08:18:53,2019-07-24 15:27:56,2019-07-24 08:27:56,-125.11736,44.65294,-125.11574,44.65668,2.4,104.6,309.81608044687,342.180448220193,309.81608044687,11.0851027522936,32.765176146789,1025.22104407077,"","","Yes","","","Pressure sensor calibration was slightly off; all depth values are probably ~3 m less than true values"
"S19","NH","MbD",5,4,"0",2019-07-24 15:18:53,2019-07-24 08:18:53,2019-07-24 15:27:56,2019-07-24 08:27:56,-125.11736,44.65294,-125.11574,44.65668,2.4,104.6,1239.26432178748,1355.35842330311,1239.26432178748,11.0851027522936,32.765176146789,1025.22104407077,"","","Yes","","","Pressure sensor calibration was slightly off; all depth values are probably ~3 m less than true values"
"S19","NH","MbD",5,1,"1",2019-07-24 15:27:56,2019-07-24 08:27:56,2019-07-24 15:33:53,2019-07-24 08:33:53,-125.11573,44.65669,-125.114,44.65931,78.2,104,376.736552970354,286.299601978654,376.736552970354,8.67982368421053,33.4268157894737,1026.36230509613,"","","Yes","","","Pressure sensor calibration was slightly off; all depth values are probably ~3 m less than true values"
"S19","NH","MbD",5,4,"1",2019-07-24 15:27:56,2019-07-24 08:27:56,2019-07-24 15:33:53,2019-07-24 08:33:53,-125.11573,44.65669,-125.114,44.65931,78.2,104,1506.38935521192,1133.35928152262,1506.38935521192,8.67982368421053,33.4268157894737,1026.36230509613,"","","Yes","","","Pressure sensor calibration was slightly off; all depth values are probably ~3 m less than true values"
"S19","NH","MbD",5,1,"2",2019-07-24 15:33:53,2019-07-24 08:33:53,2019-07-24 15:38:33,2019-07-24 08:38:33,-125.114,44.65931,-125.11256,44.66137,53.6,77.641,306.090987103962,172.10999108211,306.090987103962,8.8157,32.7370535714286,1025.6713091974,"","","Yes","","","Pressure sensor calibration was slightly off; all depth values are probably ~3 m less than true values"
"S19","NH","MbD",5,4,"2",2019-07-24 15:33:53,2019-07-24 08:33:53,2019-07-24 15:38:33,2019-07-24 08:38:33,-125.114,44.65931,-125.11256,44.66137,53.6,77.641,1224.36394841585,687.350578806055,1224.36394841585,8.8157,32.7370535714286,1025.6713091974,"","","Yes","","","Pressure sensor calibration was slightly off; all depth values are probably ~3 m less than true values"
"S19","NH","MbD",5,1,"3",2019-07-24 15:38:33,2019-07-24 08:38:33,2019-07-24 15:44:30,2019-07-24 08:44:30,-125.11255,44.66138,-125.11054,44.66412,30.4,53.2,403.155566565969,252.339779527552,403.155566565969,9.88084033613445,32.4067226890756,1025.12653239519,"","","Yes","","","Pressure sensor calibration was slightly off; all depth values are probably ~3 m less than true values"
"S19","NH","MbD",5,4,"3",2019-07-24 15:38:33,2019-07-24 08:38:33,2019-07-24 15:44:30,2019-07-24 08:44:30,-125.11255,44.66138,-125.11054,44.66412,30.4,53.2,1612.62226626387,1001.59026400508,1612.62226626387,9.88084033613445,32.4067226890756,1025.12653239519,"","","Yes","","","Pressure sensor calibration was slightly off; all depth values are probably ~3 m less than true values"
"S19","NH","MbD",5,1,"4",2019-07-24 15:44:30,2019-07-24 08:44:30,2019-07-24 15:51:51,2019-07-24 08:51:51,-125.11054,44.66413,-125.10815,44.66639,4.8,30.3,460.69467320377,307.827982972528,460.69467320377,14.2534705882353,32.2312624434389,1024.07393475906,"","","Yes","","","Pressure sensor calibration was slightly off; all depth values are probably ~3 m less than true values"
"S19","NH","MbD",5,4,"4",2019-07-24 15:44:30,2019-07-24 08:44:30,2019-07-24 15:51:51,2019-07-24 08:51:51,-125.11054,44.66413,-125.10815,44.66639,4.8,30.3,1842.77869281508,1215.63175391173,1842.77869281508,14.2534705882353,32.2312624434389,1024.07393475906,"","","Yes","","","Pressure sensor calibration was slightly off; all depth values are probably ~3 m less than true values"
"S19","NH","MbD",4,1,"0",2019-07-24 17:18:08,2019-07-24 10:18:08,2019-07-24 17:25:57,2019-07-24 10:25:57,-124.88266,44.65249,-124.87801,44.65211,2.037,106.1,229.52347654269,296.480511937824,229.52347654269,11.0089850746269,32.5994968017058,1025.07213076504,"","","Yes","","","Pressure sensor calibration was slightly off; all depth values are probably ~3 m less than true values"
"S19","NH","MbD",4,4,"0",2019-07-24 17:18:08,2019-07-24 10:18:08,2019-07-24 17:25:57,2019-07-24 10:25:57,-124.88266,44.65249,-124.87801,44.65211,2.037,106.1,918.09390617076,1169.23047900367,918.09390617076,11.0089850746269,32.5994968017058,1025.07213076504,"","","Yes","","","Pressure sensor calibration was slightly off; all depth values are probably ~3 m less than true values"
"S19","NH","MbD",4,1,"1",2019-07-24 17:25:57,2019-07-24 10:25:57,2019-07-24 17:31:24,2019-07-24 10:31:24,-124.878,44.65211,-124.87477,44.65182,78.3,106.6,294.670150803235,297.341683610275,294.670150803235,8.46425382262997,33.5825810397554,1026.5251540695,"","","Yes","","","Pressure sensor calibration was slightly off; all depth values are probably ~3 m less than true values"
"S19","NH","MbD",4,4,"1",2019-07-24 17:25:57,2019-07-24 10:25:57,2019-07-24 17:31:24,2019-07-24 10:31:24,-124.878,44.65211,-124.87477,44.65182,78.3,106.6,1178.68060321294,1172.52312076121,1178.68060321294,8.46425382262997,33.5825810397554,1026.5251540695,"","","Yes","","","Pressure sensor calibration was slightly off; all depth values are probably ~3 m less than true values"
"S19","NH","MbD",4,1,"2",2019-07-24 17:31:24,2019-07-24 10:31:24,2019-07-24 17:34:24,2019-07-24 10:34:24,-124.87476,44.65182,-124.87297,44.65166,52.818,77.3,185.296527347865,95.8476071713279,185.296527347865,8.58407777777778,32.8448444444444,1025.78808516416,"","","Yes","","","Pressure sensor calibration was slightly off; all depth values are probably ~3 m less than true values"
"S19","NH","MbD",4,4,"2",2019-07-24 17:31:24,2019-07-24 10:31:24,2019-07-24 17:34:24,2019-07-24 10:34:24,-124.87476,44.65182,-124.87297,44.65166,52.818,77.3,741.18610939146,384.03556474398,741.18610939146,8.58407777777778,32.8448444444444,1025.78808516416,"","","Yes","","","Pressure sensor calibration was slightly off; all depth values are probably ~3 m less than true values"
"S19","NH","MbD",4,1,"3",2019-07-24 17:34:24,2019-07-24 10:34:24,2019-07-24 17:39:55,2019-07-24 10:39:55,-124.87296,44.65166,-124.86954,44.65142,30.3,52.4,343.936443695122,258.288592792865,343.936443695122,9.29160120845921,32.4541933534743,1025.25864535547,"","","Yes","","","Pressure sensor calibration was slightly off; all depth values are probably ~3 m less than true values"
"S19","NH","MbD",4,4,"3",2019-07-24 17:34:24,2019-07-24 10:34:24,2019-07-24 17:39:55,2019-07-24 10:39:55,-124.87296,44.65166,-124.86954,44.65142,30.3,52.4,1375.74577478049,1023.17951943376,1375.74577478049,9.29160120845921,32.4541933534743,1025.25864535547,"","","Yes","","","Pressure sensor calibration was slightly off; all depth values are probably ~3 m less than true values"
"S19","NH","MbD",4,1,"4",2019-07-24 17:39:55,2019-07-24 10:39:55,2019-07-24 17:46:50,2019-07-24 10:46:50,-124.86953,44.65142,-124.86524,44.65102,4.4,29.7,465.219096573103,320.8756506824,465.219096573103,13.4656105769231,32.1026177884615,1024.10033757,"","","Yes","","","Pressure sensor calibration was slightly off; all depth values are probably ~3 m less than true values"
"S19","NH","MbD",4,4,"4",2019-07-24 17:39:55,2019-07-24 10:39:55,2019-07-24 17:46:50,2019-07-24 10:46:50,-124.86953,44.65142,-124.86524,44.65102,4.4,29.7,1860.87638629241,1276.27585536686,1860.87638629241,13.4656105769231,32.1026177884615,1024.10033757,"","","Yes","","","Pressure sensor calibration was slightly off; all depth values are probably ~3 m less than true values"
"S19","NH","MbD",3,1,"0",2019-07-24 20:07:01,2019-07-24 13:07:01,2019-07-24 20:16:00,2019-07-24 13:16:00,-124.64834,44.65056,-124.64323,44.64881,1.7,104.3,270.603944143146,344.396016903484,270.603944143146,10.3051391465677,32.9414712430427,1025.48845296592,"","","Yes","","","Pressure sensor calibration was slightly off; all depth values are probably ~3 m less than true values"
"S19","NH","MbD",3,4,"0",2019-07-24 20:07:01,2019-07-24 13:07:01,2019-07-24 20:16:00,2019-07-24 13:16:00,-124.64834,44.65056,-124.64323,44.64881,1.7,104.3,1082.41577657258,1362.23895467039,1082.41577657258,10.3051391465677,32.9414712430427,1025.48845296592,"","","Yes","","","Pressure sensor calibration was slightly off; all depth values are probably ~3 m less than true values"
"S19","NH","MbD",3,1,"1",2019-07-24 20:16:00,2019-07-24 13:16:00,2019-07-24 20:20:38,2019-07-24 13:20:38,-124.64322,44.64881,-124.64039,44.64783,78.3,102.9,289.792076690524,141.779293707115,289.792076690524,8.40846762589928,33.5854748201439,1026.52296919486,"","","Yes","","","Pressure sensor calibration was slightly off; all depth values are probably ~3 m less than true values"
"S19","NH","MbD",3,4,"1",2019-07-24 20:16:00,2019-07-24 13:16:00,2019-07-24 20:20:38,2019-07-24 13:20:38,-124.64322,44.64881,-124.64039,44.64783,78.3,102.9,1159.16830676209,566.049091995763,1159.16830676209,8.40846762589928,33.5854748201439,1026.52296919486,"","","Yes","","","Pressure sensor calibration was slightly off; all depth values are probably ~3 m less than true values"
"S19","NH","MbD",3,1,"2",2019-07-24 20:20:38,2019-07-24 13:20:38,2019-07-24 20:25:26,2019-07-24 13:25:26,-124.64038,44.64783,-124.6372,44.64683,56.175,77.55,24.1204378779516,158.775221872373,24.1204378779516,8.58928819444444,33.3048576388889,1026.16041024149,"","","Yes","","","Pressure sensor calibration was slightly off; all depth values are probably ~3 m less than true values"
"S19","NH","MbD",3,4,"2",2019-07-24 20:20:38,2019-07-24 13:20:38,2019-07-24 20:25:26,2019-07-24 13:25:26,-124.64038,44.64783,-124.6372,44.64683,56.175,77.55,96.4817515118065,632.429719173667,96.4817515118065,8.58928819444444,33.3048576388889,1026.16041024149,"","","Yes","","","Pressure sensor calibration was slightly off; all depth values are probably ~3 m less than true values"
"S19","NH","MbD",3,1,"3",2019-07-24 20:25:26,2019-07-24 13:25:26,2019-07-24 20:32:07,2019-07-24 13:32:07,-124.63719,44.64683,-124.63272,44.64544,30.1,55.5,452.067706217374,276.650281787186,452.067706217374,8.70506234413965,32.7259102244389,1025.57943984119,"","","Yes","","","Pressure sensor calibration was slightly off; all depth values are probably ~3 m less than true values"
"S19","NH","MbD",3,4,"3",2019-07-24 20:25:26,2019-07-24 13:25:26,2019-07-24 20:32:07,2019-07-24 13:32:07,-124.63719,44.64683,-124.63272,44.64544,30.1,55.5,1808.2708248695,1098.64719066803,1808.2708248695,8.70506234413965,32.7259102244389,1025.57943984119,"","","Yes","","","Pressure sensor calibration was slightly off; all depth values are probably ~3 m less than true values"
"S19","NH","MbD",3,1,"4",2019-07-24 20:32:07,2019-07-24 13:32:07,2019-07-24 20:37:25,2019-07-24 13:37:25,-124.63271,44.64544,-124.62921,44.64442,3.2,29.4,351.647673084459,187.679397886532,351.647673084459,12.6853918495298,32.2065862068966,1024.33156477669,"","","Yes","","","Pressure sensor calibration was slightly off; all depth values are probably ~3 m less than true values"
"S19","NH","MbD",3,4,"4",2019-07-24 20:32:07,2019-07-24 13:32:07,2019-07-24 20:37:25,2019-07-24 13:37:25,-124.63271,44.64544,-124.62921,44.64442,3.2,29.4,1406.59069233783,743.562130208575,1406.59069233783,12.6853918495298,32.2065862068966,1024.33156477669,"","","Yes","","","Pressure sensor calibration was slightly off; all depth values are probably ~3 m less than true values"
"S19","NH","MbD",2,1,"0",2019-07-24 22:40:03,2019-07-24 15:40:03,2019-07-24 22:45:33,2019-07-24 15:45:33,-124.41166,44.65049,-124.40942,44.6516,0.3,78.4,184.595571282384,130.122462333282,184.595571282384,11.3329484848485,32.6514333333333,1024.97863511852,"","","Yes","","","Pressure sensor calibration was slightly off; all depth values are probably ~3 m less than true values"
"S19","NH","MbD",2,4,"0",2019-07-24 22:40:03,2019-07-24 15:40:03,2019-07-24 22:45:33,2019-07-24 15:45:33,-124.41166,44.65049,-124.40942,44.6516,0.3,78.4,738.382285129538,519.325678907637,738.382285129538,11.3329484848485,32.6514333333333,1024.97863511852,"","","Yes","","","Pressure sensor calibration was slightly off; all depth values are probably ~3 m less than true values"
"S19","NH","MbD",2,1,"2",2019-07-24 22:45:33,2019-07-24 15:45:33,2019-07-24 22:48:46,2019-07-24 15:48:46,-124.40941,44.6516,-124.40796,44.65236,53.585,78.015,190.72596111095,111.258325881762,190.72596111095,8.23701554404145,33.6806321243523,1026.50680262178,"","","Yes","","","Pressure sensor calibration was slightly off; all depth values are probably ~3 m less than true values"
"S19","NH","MbD",2,4,"2",2019-07-24 22:45:33,2019-07-24 15:45:33,2019-07-24 22:48:46,2019-07-24 15:48:46,-124.40941,44.6516,-124.40796,44.65236,53.585,78.015,762.903844443802,441.618016863344,762.903844443802,8.23701554404145,33.6806321243523,1026.50680262178,"","","Yes","","","Pressure sensor calibration was slightly off; all depth values are probably ~3 m less than true values"
"S19","NH","MbD",2,1,"3",2019-07-24 22:48:46,2019-07-24 15:48:46,2019-07-24 22:51:32,2019-07-24 15:51:32,-124.40795,44.65237,-124.40668,44.65313,29.3,52.769,181.17150063882,80.9111289666917,181.17150063882,8.3365,33.1890602409639,1025.98746257152,"","","Yes","","","Pressure sensor calibration was slightly off; all depth values are probably ~3 m less than true values"
"S19","NH","MbD",2,4,"3",2019-07-24 22:48:46,2019-07-24 15:48:46,2019-07-24 22:51:32,2019-07-24 15:51:32,-124.40795,44.65237,-124.40668,44.65313,29.3,52.769,724.686002555279,324.189639244966,724.686002555279,8.3365,33.1890602409639,1025.98746257152,"","","Yes","","","Pressure sensor calibration was slightly off; all depth values are probably ~3 m less than true values"
"S19","NH","MbD",2,1,"4",2019-07-24 22:51:32,2019-07-24 15:51:32,2019-07-24 22:57:51,2019-07-24 15:57:51,-124.40667,44.65314,-124.40418,44.65471,1.2,28.741,412.601037976639,255.36432806283,412.601037976639,11.3026921052632,32.2582868421053,1024.62052971963,"","","Yes","","","Pressure sensor calibration was slightly off; all depth values are probably ~3 m less than true values"
"S19","NH","MbD",2,4,"4",2019-07-24 22:51:32,2019-07-24 15:51:32,2019-07-24 22:57:51,2019-07-24 15:57:51,-124.40667,44.65314,-124.40418,44.65471,1.2,28.741,1650.40415190656,1011.05751156426,1650.40415190656,11.3026921052632,32.2582868421053,1024.62052971963,"","","Yes","","","Pressure sensor calibration was slightly off; all depth values are probably ~3 m less than true values"
"S19","NH","MbD",1,1,"0",2019-07-25 01:17:07,2019-07-24 18:17:07,2019-07-25 01:22:54,2019-07-24 18:22:54,-124.30203,44.65269,-124.29856,44.65301,0.6,54.6,249.380377741687,211.024361072279,249.380377741687,9.92012427745665,33.0289884393064,1025.51129750622,"","","Yes","","","Pressure sensor calibration was slightly off; all depth values are probably ~3 m less than true values"
"S19","NH","MbD",1,4,"0",2019-07-25 01:17:07,2019-07-24 18:17:07,2019-07-25 01:22:54,2019-07-24 18:22:54,-124.30203,44.65269,-124.29856,44.65301,0.6,54.6,997.521510966746,840.719445139349,997.521510966746,9.92012427745665,33.0289884393064,1025.51129750622,"","","Yes","","","Pressure sensor calibration was slightly off; all depth values are probably ~3 m less than true values"
"S19","NH","MbD",1,1,"3",2019-07-25 01:22:54,2019-07-24 18:22:54,2019-07-25 01:27:00,2019-07-24 18:27:00,-124.29856,44.65301,-124.29608,44.65311,28.5,54.4,249.288907600744,153.380052999305,249.288907600744,8.30760975609756,33.5800731707317,1026.30904751263,"","","Yes","","","Pressure sensor calibration was slightly off; all depth values are probably ~3 m less than true values"
"S19","NH","MbD",1,4,"3",2019-07-25 01:22:54,2019-07-24 18:22:54,2019-07-25 01:27:00,2019-07-24 18:27:00,-124.29856,44.65301,-124.29608,44.65311,28.5,54.4,997.155630402978,612.131335187115,997.155630402978,8.30760975609756,33.5800731707317,1026.30904751263,"","","Yes","","","Pressure sensor calibration was slightly off; all depth values are probably ~3 m less than true values"
"S19","NH","MbD",1,1,"4",2019-07-25 01:27:00,2019-07-24 18:27:00,2019-07-25 01:31:58,2019-07-24 18:31:58,-124.29607,44.65311,-124.29309,44.65318,1.997,27.7,313.11814689104,164.766676083837,313.11814689104,9.43163210702341,32.6726989966555,1025.28274171522,"","","Yes","","","Pressure sensor calibration was slightly off; all depth values are probably ~3 m less than true values"
"S19","NH","MbD",1,4,"4",2019-07-25 01:27:00,2019-07-24 18:27:00,2019-07-25 01:31:58,2019-07-24 18:31:58,-124.29607,44.65311,-124.29309,44.65318,1.997,27.7,1252.47258756416,658.83224745452,1252.47258756416,9.43163210702341,32.6726989966555,1025.28274171522,"","","Yes","","","Pressure sensor calibration was slightly off; all depth values are probably ~3 m less than true values"
"W22","GH",NA,4,1,"0",2022-03-02 17:09:45,2022-03-02 09:09:45,2022-03-02 17:18:52,2022-03-02 09:18:52,-125.19715,47.10507,-125.20384,47.10234,1.7,106.7,326.833331541889,336.225805326788,326.833331541889,8.2972602739726,32.5451017612524,1025.54513259054,"","","","","",""
"W22","GH",NA,4,4,"0",2022-03-02 17:09:45,2022-03-02 09:09:45,2022-03-02 17:18:52,2022-03-02 09:18:52,-125.19715,47.10507,-125.20384,47.10234,1.7,106.7,1307.33332616755,1323.65774927339,1307.33332616755,8.2972602739726,32.5451017612524,1025.54513259054,"","","","","",""
"W22","GH",NA,4,1,"1",2022-03-02 17:18:52,2022-03-02 09:18:52,2022-03-02 17:24:20,2022-03-02 09:24:20,-125.20385,47.10233,-125.20749,47.1009,73.6,107.8,263.372868073188,180.99937157366,263.372868073188,8.0732743902439,33.464012195122,1026.48362715793,"","","","","",""
"W22","GH",NA,4,4,"1",2022-03-02 17:18:52,2022-03-02 09:18:52,2022-03-02 17:24:20,2022-03-02 09:24:20,-125.20385,47.10233,-125.20749,47.1009,73.6,107.8,1053.49147229275,722.986875202885,1053.49147229275,8.0732743902439,33.464012195122,1026.48362715793,"","","","","",""
"W22","GH",NA,4,1,"2",2022-03-02 17:24:20,2022-03-02 09:24:20,2022-03-02 17:28:55,2022-03-02 09:28:55,-125.2075,47.10089,-125.2107,47.09959,51.2,73.9,210.137501682715,132.131476374934,210.137501682715,8.39785818181818,32.5730036363636,1025.59039186496,"","","","","",""
"W22","GH",NA,4,4,"2",2022-03-02 17:24:20,2022-03-02 09:24:20,2022-03-02 17:28:55,2022-03-02 09:28:55,-125.2075,47.10089,-125.2107,47.09959,51.2,73.9,840.550006730861,527.530700721348,840.550006730861,8.39785818181818,32.5730036363636,1025.59039186496,"","","","","",""
"W22","GH",NA,4,1,"3",2022-03-02 17:28:55,2022-03-02 09:28:55,2022-03-02 17:33:45,2022-03-02 09:33:45,-125.2107,47.09959,-125.21401,47.0984,25.437,51.005,253.682971462258,155.467464550381,253.682971462258,8.38001379310345,32.1294379310345,1025.14153750532,"","","","","",""
"W22","GH",NA,4,4,"3",2022-03-02 17:28:55,2022-03-02 09:28:55,2022-03-02 17:33:45,2022-03-02 09:33:45,-125.2107,47.09959,-125.21401,47.0984,25.437,51.005,1014.73188584903,616.19438100638,1014.73188584903,8.38001379310345,32.1294379310345,1025.14153750532,"","","","","",""
"W22","GH",NA,4,1,"4",2022-03-02 17:33:45,2022-03-02 09:33:45,2022-03-02 17:39:28,2022-03-02 09:39:28,-125.21402,47.0984,-125.21748,47.09705,0,26.4,292.070247353162,221.798190025357,292.070247353162,8.39426688102894,31.9998938906752,1024.91863168009,"Yes","","","","","Software output does not have an official closing time for net 4, but it looks like it has outputs for almost the entire time the net was sampling; value in maximum_depth_m_from_sampling_log is actually from software outputs"
"W22","GH",NA,4,4,"4",2022-03-02 17:33:45,2022-03-02 09:33:45,2022-03-02 17:39:28,2022-03-02 09:39:28,-125.21402,47.0984,-125.21748,47.09705,0,26.4,1168.28098941265,883.351362721823,1168.28098941265,8.39426688102894,31.9998938906752,1024.91863168009,"Yes","","","","","Software output does not have an official closing time for net 4, but it looks like it has outputs for almost the entire time the net was sampling; value in maximum_depth_m_from_sampling_log is actually from software outputs"
"W22","GH",NA,5,1,"0",2022-03-02 20:29:28,2022-03-02 12:29:28,2022-03-02 20:40:05,2022-03-02 12:40:05,-125.65585,47.10623,-125.6629,47.10324,1.7,99.1,418.549057400043,399.977409741703,418.549057400043,8.68353689167975,32.9162323390895,1025.80263708632,"","","","","",""
"W22","GH",NA,5,4,"0",2022-03-02 20:29:28,2022-03-02 12:29:28,2022-03-02 20:40:05,2022-03-02 12:40:05,-125.65585,47.10623,-125.6629,47.10324,1.7,99.1,1674.19622960017,1578.25615847768,1674.19622960017,8.68353689167975,32.9162323390895,1025.80263708632,"","","","","",""
"W22","GH",NA,5,1,"1",2022-03-02 20:40:05,2022-03-02 12:40:05,2022-03-02 20:46:04,2022-03-02 12:46:04,-125.66291,47.10323,-125.66724,47.10149,74.917,98.966,331.329633676957,200.518432707474,331.329633676957,8.52789136490251,33.6255821727019,1026.52220674815,"","","","","",""
"W22","GH",NA,5,4,"1",2022-03-02 20:40:05,2022-03-02 12:40:05,2022-03-02 20:46:04,2022-03-02 12:46:04,-125.66291,47.10323,-125.66724,47.10149,74.917,98.966,1325.31853470783,792.132610074288,1325.31853470783,8.52789136490251,33.6255821727019,1026.52220674815,"","","","","",""
"W22","GH",NA,5,1,"2",2022-03-02 20:46:04,2022-03-02 12:46:04,2022-03-02 20:49:58,2022-03-02 12:49:58,-125.66724,47.10149,-125.67011,47.10033,48.7,74.6,239.812507915487,107.454189311029,239.812507915487,8.78441101694915,33.1172669491525,1025.95870535799,"","","","","",""
"W22","GH",NA,5,4,"2",2022-03-02 20:46:04,2022-03-02 12:46:04,2022-03-02 20:49:58,2022-03-02 12:49:58,-125.66724,47.10149,-125.67011,47.10033,48.7,74.6,959.526618426741,426.396847648664,959.526618426741,8.78441101694915,33.1172669491525,1025.95870535799,"","","","","",""
"W22","GH",NA,5,1,"3",2022-03-02 20:49:58,2022-03-02 12:49:58,2022-03-02 20:53:51,2022-03-02 12:53:51,-125.67012,47.10032,-125.67268,47.09925,24.1,48.6,222.242068240996,84.3362712854135,222.242068240996,8.64260944206009,32.2445407725322,1025.18238266149,"","","","","",""
"W22","GH",NA,5,4,"3",2022-03-02 20:49:58,2022-03-02 12:49:58,2022-03-02 20:53:51,2022-03-02 12:53:51,-125.67012,47.10032,-125.67268,47.09925,24.1,48.6,888.968272963985,337.912322516306,888.968272963985,8.64260944206009,32.2445407725322,1025.18238266149,"","","","","",""
"W22","GH",NA,5,1,"4",2022-03-02 20:53:51,2022-03-02 12:53:51,2022-03-02 20:58:37,2022-03-02 12:58:37,-125.67269,47.09925,-125.67599,47.09778,1.5,23.347,280.116417704765,145.645696778454,280.116417704765,8.61916967509025,31.9657870036101,1024.85146313403,"","","","","",""
"W22","GH",NA,5,4,"4",2022-03-02 20:53:51,2022-03-02 12:53:51,2022-03-02 20:58:37,2022-03-02 12:58:37,-125.67269,47.09925,-125.67599,47.09778,1.5,23.347,1120.46567081906,580.823598974947,1120.46567081906,8.61916967509025,31.9657870036101,1024.85146313403,"","","","","",""
"W22","GH",NA,6,1,"0",2022-03-03 01:00:11,2022-03-02 17:00:11,2022-03-03 01:09:17,2022-03-02 17:09:17,-126.45362,47.10149,-126.45918,47.10355,4.1,101.7,331.492937991785,374.648933497808,331.492937991785,8.43370879120879,32.3984194139194,1025.39011471655,"","","","","",""
"W22","GH",NA,6,4,"0",2022-03-03 01:00:11,2022-03-02 17:00:11,2022-03-03 01:09:17,2022-03-02 17:09:17,-126.45362,47.10149,-126.45918,47.10355,4.1,101.7,1325.97175196714,1478.00405377017,1325.97175196714,8.43370879120879,32.3984194139194,1025.39011471655,"","","","","",""
"W22","GH",NA,6,1,"1",2022-03-03 01:09:17,2022-03-02 17:09:17,2022-03-03 01:14:03,2022-03-02 17:14:03,-126.45918,47.10356,-126.462,47.10453,72.713,104.529,282.002963951545,207.551692100435,282.002963951545,8.53315384615385,33.1011818181818,1026.13188321598,"","","","","",""
"W22","GH",NA,6,4,"1",2022-03-03 01:09:17,2022-03-02 17:09:17,2022-03-03 01:14:03,2022-03-02 17:14:03,-126.45918,47.10356,-126.462,47.10453,72.713,104.529,1128.01185580618,826.87209450587,1128.01185580618,8.53315384615385,33.1011818181818,1026.13188321598,"","","","","",""
"W22","GH",NA,6,1,"2",2022-03-03 01:14:03,2022-03-02 17:14:03,2022-03-03 01:16:19,2022-03-02 17:16:19,-126.46202,47.10454,-126.46353,47.10513,50.2,71.8,137.047511680184,63.1857643557687,137.047511680184,8.36481617647059,32.2315808823529,1025.32439821381,"","","","","",""
"W22","GH",NA,6,4,"2",2022-03-03 01:14:03,2022-03-02 17:14:03,2022-03-03 01:16:19,2022-03-02 17:16:19,-126.46202,47.10454,-126.46353,47.10513,50.2,71.8,548.190046720737,253.167959559858,548.190046720737,8.36481617647059,32.2315808823529,1025.32439821381,"","","","","",""
"W22","GH",NA,6,1,"3",2022-03-03 01:16:19,2022-03-02 17:16:19,2022-03-03 01:21:37,2022-03-02 17:21:37,-126.46354,47.10514,-126.46661,47.10627,28.7,49.3,304.123484614223,191.1502703254,304.123484614223,8.29092767295598,32.1803459119497,1025.19536548102,"","","","","",""
"W22","GH",NA,6,4,"3",2022-03-03 01:16:19,2022-03-02 17:16:19,2022-03-03 01:21:37,2022-03-02 17:21:37,-126.46354,47.10514,-126.46661,47.10627,28.7,49.3,1216.49393845689,755.856589473548,1216.49393845689,8.29092767295598,32.1803459119497,1025.19536548102,"","","","","",""
"W22","GH",NA,6,1,"4",2022-03-03 01:21:37,2022-03-02 17:21:37,2022-03-03 01:27:43,2022-03-02 17:27:43,-126.46662,47.10627,-126.47041,47.10757,2.181,28.219,369.581345925229,269.993073095332,369.581345925229,8.30598365122616,32.1691825613079,1025.07344564451,"","","","","","M4N4 was still open upon recovery"
"W22","GH",NA,6,4,"4",2022-03-03 01:21:37,2022-03-02 17:21:37,2022-03-03 01:27:43,2022-03-02 17:27:43,-126.46662,47.10627,-126.47091,47.10772,2.181,28.219,1493.90887772229,1240.9243018085,1493.90887772229,8.30527469879518,32.1694722891566,1025.06744208313,"","","","","","M4N4 was still open upon recovery"
"W22","GH",NA,3,1,"0",2022-03-03 16:19:55,2022-03-03 08:19:55,2022-03-03 16:31:19,2022-03-03 08:31:19,-124.80528,47.10072,-124.79417,47.09874,2.334,99.7,468.950168170461,428.829005989852,468.950168170461,8.55407894736842,32.6483815789474,1025.58799625908,"","","","","",""
"W22","GH",NA,3,4,"0",2022-03-03 16:19:55,2022-03-03 08:19:55,2022-03-03 16:31:19,2022-03-03 08:31:19,-124.80528,47.10072,-124.79417,47.09874,2.334,99.7,1875.80067268184,1697.0785073496,1875.80067268184,8.55407894736842,32.6483815789474,1025.58799625908,"","","","","",""
"W22","GH",NA,3,1,"1",2022-03-03 16:31:19,2022-03-03 08:31:19,2022-03-03 16:40:38,2022-03-03 08:40:38,-124.79415,47.09874,-124.78526,47.09719,72.9,99.2,493.049670001394,340.952832020352,493.049670001394,8.48024329159213,33.3724669051878,1026.31715607009,"","","","","",""
"W22","GH",NA,3,4,"1",2022-03-03 16:31:19,2022-03-03 08:31:19,2022-03-03 16:40:38,2022-03-03 08:40:38,-124.79415,47.09874,-124.78526,47.09719,72.9,99.2,1972.19868000557,1350.39109670088,1972.19868000557,8.48024329159213,33.3724669051878,1026.31715607009,"","","","","",""
"W22","GH",NA,3,1,"2",2022-03-03 16:40:38,2022-03-03 08:40:38,2022-03-03 16:47:34,2022-03-03 08:47:34,-124.78524,47.09718,-124.77864,47.09615,40,72,347.118884341988,263.941959777661,347.118884341988,8.62520673076923,32.6660384615385,1025.61947748764,"","","","Yes","","M4N2 had low sample biovolume"
"W22","GH",NA,3,4,"2",2022-03-03 16:40:38,2022-03-03 08:40:38,2022-03-03 16:47:34,2022-03-03 08:47:34,-124.78524,47.09718,-124.77864,47.09615,40,72,1388.47553736795,1044.02724361072,1388.47553736795,8.62520673076923,32.6660384615385,1025.61947748764,"","","","Yes","","M4N2 had low sample biovolume"
"W22","GH",NA,3,1,"3",2022-03-03 16:47:34,2022-03-03 08:47:34,2022-03-03 16:50:40,2022-03-03 08:50:40,-124.77863,47.09615,-124.77554,47.09566,21.171,39.429,160.202440917823,71.9284755497223,160.202440917823,8.58343010752688,32.088311827957,1025.03958551678,"","","","","",""
"W22","GH",NA,3,4,"3",2022-03-03 16:47:34,2022-03-03 08:47:34,2022-03-03 16:50:40,2022-03-03 08:50:40,-124.77863,47.09615,-124.77554,47.09566,21.171,39.429,640.809763671294,288.19768712302,640.809763671294,8.58343010752688,32.088311827957,1025.03958551678,"","","","","",""
"W22","GH",NA,3,1,"4",2022-03-03 16:50:40,2022-03-03 08:50:40,2022-03-03 16:54:26,2022-03-03 08:54:26,-124.77552,47.09565,-124.77186,47.09506,1.4,21.5,167.279278989127,126.393883728772,167.279278989127,8.5912731277533,32.0163700440529,1024.89901778758,"","","","","",""
"W22","GH",NA,3,4,"4",2022-03-03 16:50:40,2022-03-03 08:50:40,2022-03-03 16:54:26,2022-03-03 08:54:26,-124.77552,47.09565,-124.77186,47.09506,1.4,21.5,669.117115956507,505.406925426242,669.117115956507,8.5912731277533,32.0163700440529,1024.89901778758,"","","","","",""
"W22","GH",NA,2,1,"0",2022-03-03 18:59:20,2022-03-03 10:59:20,2022-03-03 19:04:43,2022-03-03 11:04:43,-124.55268,47.10114,-124.54853,47.10128,5.3,52.6,197.362179936858,225.851846418187,197.362179936858,8.46659442724458,31.6515170278638,1024.715396409,"","","","","",""
"W22","GH",NA,2,4,"0",2022-03-03 18:59:20,2022-03-03 10:59:20,2022-03-03 19:04:43,2022-03-03 11:04:43,-124.55268,47.10114,-124.54853,47.10128,5.3,52.6,789.44871974743,899.96211817434,789.44871974743,8.46659442724458,31.6515170278638,1024.715396409,"","","","","",""
"W22","GH",NA,2,1,"3",2022-03-03 19:04:43,2022-03-03 11:04:43,2022-03-03 19:09:33,2022-03-03 11:09:33,-124.54851,47.10128,-124.54516,47.10173,25.195,52.821,253.411962573939,197.139932348217,253.411962573939,8.55174827586207,31.9800724137931,1025.01266349512,"","","","","",""
"W22","GH",NA,2,4,"3",2022-03-03 19:04:43,2022-03-03 11:04:43,2022-03-03 19:09:33,2022-03-03 11:09:33,-124.54851,47.10128,-124.54516,47.10173,25.195,52.821,1013.64785029576,781.922869191106,1013.64785029576,8.55174827586207,31.9800724137931,1025.01266349512,"","","","","",""
"W22","GH",NA,2,1,"4",2022-03-03 19:09:33,2022-03-03 11:09:33,2022-03-03 19:13:53,2022-03-03 11:13:53,-124.54515,47.10174,-124.54231,47.10222,1.4,25,236.111309333444,160.882025567745,236.111309333444,8.30102620087336,30.9795327510917,1024.13826239583,"","","","","",""
"W22","GH",NA,2,4,"4",2022-03-03 19:09:33,2022-03-03 11:09:33,2022-03-03 19:13:53,2022-03-03 11:13:53,-124.54515,47.10174,-124.54231,47.10222,1.4,25,944.445237333774,643.158505666352,944.445237333774,8.30102620087336,30.9795327510917,1024.13826239583,"","","","","",""
"W22","GH",NA,1,1,"0",2022-03-03 21:00:19,2022-03-03 13:00:19,2022-03-03 21:03:40,2022-03-03 13:03:40,-124.33973,47.10252,-124.34214,47.102,5.3,35.5,120.144318935312,82.3219767208673,120.144318935312,8.29000995024876,29.9590547263682,1023.37868786973,"","","","","",""
"W22","GH",NA,1,4,"0",2022-03-03 21:00:19,2022-03-03 13:00:19,2022-03-03 21:03:40,2022-03-03 13:03:40,-124.33973,47.10252,-124.34214,47.102,5.3,35.5,480.577275741248,329.84532619995,480.577275741248,8.29000995024876,29.9590547263682,1023.37868786973,"","","","","",""
"W22","GH",NA,1,1,"3",2022-03-03 21:03:40,2022-03-03 13:03:40,2022-03-03 21:05:35,2022-03-03 13:05:35,-124.34215,47.102,-124.34364,47.10169,23.7,36,84.6002546251394,42.7573355786309,84.6002546251394,8.28547826086957,30.9823217391304,1024.21877637467,"","","","","",""
"W22","GH",NA,1,4,"3",2022-03-03 21:03:40,2022-03-03 13:03:40,2022-03-03 21:05:35,2022-03-03 13:05:35,-124.34215,47.102,-124.34364,47.10169,23.7,36,338.401018500557,171.316688746143,338.401018500557,8.28547826086957,30.9823217391304,1024.21877637467,"","","","","",""
"W22","GH",NA,1,1,"4",2022-03-03 21:05:35,2022-03-03 13:05:35,2022-03-03 21:10:19,2022-03-03 13:10:19,-124.34366,47.10169,-124.34768,47.10109,0,23.8,239.946432705377,209.826802618642,239.946432705377,8.3101149825784,29.6048118466899,1023.05681498448,"Yes","","","","","Software output does not have an official closing time for net 4, but it looks like it has outputs for almost the entire time the net was sampling; value in maximum_depth_m_from_sampling_log is actually from software outputs"
"W22","GH",NA,1,4,"4",2022-03-03 21:05:35,2022-03-03 13:05:35,2022-03-03 21:10:19,2022-03-03 13:10:19,-124.34366,47.10169,-124.34768,47.10109,0,23.8,959.785730821509,831.784851689506,959.785730821509,8.3101149825784,29.6048118466899,1023.05681498448,"Yes","","","","","Software output does not have an official closing time for net 4, but it looks like it has outputs for almost the entire time the net was sampling; value in maximum_depth_m_from_sampling_log is actually from software outputs"
"W22","CR",NA,4,1,"0",2022-03-04 16:52:39,2022-03-04 08:52:39,2022-03-04 17:01:22,2022-03-04 09:01:22,-125.15167,46.16622,-125.15392,46.17135,3.1,100,310.27167847785,381.533093434482,310.27167847785,9.33632695984704,32.5241988527725,1025.36752826756,"","","","","",""
"W22","CR",NA,4,4,"0",2022-03-04 16:52:39,2022-03-04 08:52:39,2022-03-04 17:01:22,2022-03-04 09:01:22,-125.15167,46.16622,-125.15392,46.17135,3.1,100,1241.0867139114,1509.70507352867,1241.0867139114,9.33632695984704,32.5241988527725,1025.36752826756,"","","","","",""
"W22","CR",NA,4,1,"1",2022-03-04 17:01:22,2022-03-04 09:01:22,2022-03-04 17:06:50,2022-03-04 09:06:50,-125.15392,46.17135,-125.15531,46.17454,75.9,99.4,327.070818818118,270.769479174756,327.070818818118,9.22947289156627,33.2947590361446,1026.1508784173,"","","","","",""
"W22","CR",NA,4,4,"1",2022-03-04 17:01:22,2022-03-04 09:01:22,2022-03-04 17:06:50,2022-03-04 09:06:50,-125.15392,46.17135,-125.15531,46.17454,75.9,99.4,1308.29051620141,1068.64801910961,1308.29051620141,9.22947289156627,33.2947590361446,1026.1508784173,"","","","","",""
"W22","CR",NA,4,1,"2",2022-03-04 17:06:50,2022-03-04 09:06:50,2022-03-04 17:11:28,2022-03-04 09:11:28,-125.15531,46.17455,-125.15639,46.17738,51.4,75.59,286.652848888939,202.373874748849,286.652848888939,9.57661870503597,32.6660755395683,1025.48723125957,"","","","","",""
"W22","CR",NA,4,4,"2",2022-03-04 17:06:50,2022-03-04 09:06:50,2022-03-04 17:11:28,2022-03-04 09:11:28,-125.15531,46.17455,-125.15639,46.17738,51.4,75.59,1146.61139555576,803.429610499572,1146.61139555576,9.57661870503597,32.6660755395683,1025.48723125957,"","","","","",""
"W22","CR",NA,4,1,"3",2022-03-04 17:11:28,2022-03-04 09:11:28,2022-03-04 17:16:28,2022-03-04 09:16:28,-125.15639,46.17739,-125.15752,46.18048,25.399,51.002,286.478116789499,227.368936132505,286.478116789499,9.42752941176471,32.1814281045752,1025.02393339788,"","","","","",""
"W22","CR",NA,4,4,"3",2022-03-04 17:11:28,2022-03-04 09:11:28,2022-03-04 17:16:28,2022-03-04 09:16:28,-125.15639,46.17739,-125.15752,46.18048,25.399,51.002,1145.87428551537,904.180112966202,1145.87428551537,9.42752941176471,32.1814281045752,1025.02393339788,"","","","","",""
"W22","CR",NA,4,1,"4",2022-03-04 17:16:28,2022-03-04 09:16:28,2022-03-04 17:22:57,2022-03-04 09:22:57,-125.15752,46.18049,-125.15893,46.18459,1.579,25,404.997895690969,303.397345351136,404.997895690969,9.26067512690355,31.7678781725888,1024.60469792219,"","","","","",""
"W22","CR",NA,4,4,"4",2022-03-04 17:16:28,2022-03-04 09:16:28,2022-03-04 17:22:57,2022-03-04 09:22:57,-125.15752,46.18049,-125.15893,46.18459,1.579,25,1621.28779741927,1210.73025230126,1621.28779741927,9.26067512690355,31.7678781725888,1024.60469792219,"","","","","",""
"W22","CR",NA,3,1,"0",2022-03-04 20:23:33,2022-03-04 12:23:33,2022-03-04 20:34:31,2022-03-04 12:34:31,-124.69777,46.16931,-124.7032,46.17543,2.615,100.285,502.814767246897,443.68542079989,502.814767246897,8.85652127659574,32.2526337386018,1025.21633925327,"","","","","",""
"W22","CR",NA,3,4,"0",2022-03-04 20:23:33,2022-03-04 12:23:33,2022-03-04 20:34:31,2022-03-04 12:34:31,-124.69777,46.16931,-124.7032,46.17543,2.615,100.285,2011.25906898759,1737.50197663874,2011.25906898759,8.85652127659574,32.2526337386018,1025.21633925327,"","","","","",""
"W22","CR",NA,3,1,"1",2022-03-04 20:34:31,2022-03-04 12:34:31,2022-03-04 20:40:24,2022-03-04 12:40:24,-124.70321,46.17544,-124.70561,46.17882,75.71,100,399.529152602409,281.130069744935,399.529152602409,8.69242776203966,33.3722521246459,1026.29533796169,"","","","","",""
"W22","CR",NA,3,4,"1",2022-03-04 20:34:31,2022-03-04 12:34:31,2022-03-04 20:40:24,2022-03-04 12:40:24,-124.70321,46.17544,-124.70561,46.17882,75.71,100,1598.11661040964,1108.46702974074,1598.11661040964,8.69242776203966,33.3722521246459,1026.29533796169,"","","","","",""
"W22","CR",NA,3,1,"2",2022-03-04 20:40:24,2022-03-04 12:40:24,2022-03-04 20:46:09,2022-03-04 12:46:09,-124.70562,46.17883,-124.70785,46.18206,50.7,75.2,382.965053265734,254.068178746186,382.965053265734,8.91231014492754,32.7420608695652,1025.65309342849,"","","","Yes","","M4N2 had low sample biovolume"
"W22","CR",NA,3,4,"2",2022-03-04 20:40:24,2022-03-04 12:40:24,2022-03-04 20:46:09,2022-03-04 12:46:09,-124.70562,46.17883,-124.70785,46.18206,50.7,75.2,1531.86021306294,1010.18597221306,1531.86021306294,8.91231014492754,32.7420608695652,1025.65309342849,"","","","Yes","","M4N2 had low sample biovolume"
"W22","CR",NA,3,1,"3",2022-03-04 20:46:09,2022-03-04 12:46:09,2022-03-04 20:51:56,2022-03-04 12:51:56,-124.70786,46.18207,-124.71022,46.18534,25.6,50,368.280641650149,266.040637975167,368.280641650149,8.97210086455331,31.8035590778098,1024.79023426389,"","","","","",""
"W22","CR",NA,3,4,"3",2022-03-04 20:46:09,2022-03-04 12:46:09,2022-03-04 20:51:56,2022-03-04 12:51:56,-124.70786,46.18207,-124.71022,46.18534,25.6,50,1473.1225666006,1056.44267575533,1473.1225666006,8.97210086455331,31.8035590778098,1024.79023426389,"","","","","",""
"W22","CR",NA,3,1,"4",2022-03-04 20:51:56,2022-03-04 12:51:56,2022-03-04 20:58:27,2022-03-04 12:58:27,-124.71022,46.18535,-124.71301,46.18912,1.6,25.217,426.956619962142,346.340331390477,426.956619962142,8.79598469387755,31.2527270408163,1024.27852257293,"","","","","",""
"W22","CR",NA,3,4,"4",2022-03-04 20:51:56,2022-03-04 12:51:56,2022-03-04 20:58:27,2022-03-04 12:58:27,-124.71022,46.18535,-124.71301,46.18912,1.6,25.217,1707.82647984857,1364.95693852584,1707.82647984857,8.79598469387755,31.2527270408163,1024.27852257293,"","","","","",""
"W22","CR",NA,1,1,"0",2022-03-05 21:28:10,2022-03-05 13:28:10,2022-03-05 21:31:07,2022-03-05 13:31:07,-124.11309,46.17017,-124.11532,46.1703,3.753,25.288,129.478232020705,87.092078160154,129.478232020705,8.65270621468927,30.5769152542373,1023.77022072573,"","","","","",""
"W22","CR",NA,1,4,"0",2022-03-05 21:28:10,2022-03-05 13:28:10,2022-03-05 21:31:07,2022-03-05 13:31:07,-124.11309,46.17017,-124.11532,46.1703,3.753,25.288,517.912928082819,348.954210099143,517.912928082819,8.65270621468927,30.5769152542373,1023.77022072573,"","","","","",""
"W22","CR",NA,1,1,"4",2022-03-05 21:31:07,2022-03-05 13:31:07,2022-03-05 21:38:36,2022-03-05 13:38:36,-124.11534,46.17031,-124.12154,46.17067,2.1,29,446.81312980363,413.894099881332,446.81312980363,8.74755111111111,31.1596911111111,1024.22711960247,"","","","","",""
"W22","CR",NA,1,4,"4",2022-03-05 21:31:07,2022-03-05 13:31:07,2022-03-05 21:38:36,2022-03-05 13:38:36,-124.11534,46.17031,-124.12154,46.17067,2.1,29,1787.25251921452,1610.28214015714,1787.25251921452,8.74755111111111,31.1596911111111,1024.22711960247,"","","","","",""
"W22","CR",NA,2,1,"0",2022-03-05 23:46:02,2022-03-05 15:46:02,2022-03-05 23:53:46,2022-03-05 15:53:46,-124.30546,46.1689,-124.30755,46.1714,3.4,100,258.673962732916,293.992176632653,258.673962732916,8.54474568965517,31.7423362068966,1024.84271451582,"","","","","",""
"W22","CR",NA,2,4,"0",2022-03-05 23:46:02,2022-03-05 15:46:02,2022-03-05 23:53:46,2022-03-05 15:53:46,-124.30546,46.1689,-124.30755,46.1714,3.4,100,1034.69585093166,1148.22641095707,1034.69585093166,8.54474568965517,31.7423362068966,1024.84271451582,"","","","","",""
"W22","CR",NA,2,1,"1",2022-03-05 23:53:46,2022-03-05 15:53:46,2022-03-05 23:59:36,2022-03-05 15:59:36,-124.30755,46.1714,-124.30853,46.17293,77.5,101.5,262.124673187651,236.5060634861,262.124673187651,8.08137142857143,33.7561714285714,1026.68662681598,"","","","","",""
"W22","CR",NA,2,4,"1",2022-03-05 23:53:46,2022-03-05 15:53:46,2022-03-05 23:59:36,2022-03-05 15:59:36,-124.30755,46.1714,-124.30853,46.17293,77.5,101.5,1048.4986927506,935.365120241796,1048.4986927506,8.08137142857143,33.7561714285714,1026.68662681598,"","","","","",""
"W22","CR",NA,2,1,"2",2022-03-05 23:59:36,2022-03-05 15:59:36,2022-03-06 00:04:03,2022-03-05 16:04:03,-124.30854,46.17293,-124.30948,46.17409,46.565,77.3,215.00587896534,197.737522020941,215.00587896534,8.78111355311355,32.8293736263736,1025.75332363914,"","","","","",""
"W22","CR",NA,2,4,"2",2022-03-05 23:59:36,2022-03-05 15:59:36,2022-03-06 00:04:03,2022-03-05 16:04:03,-124.30854,46.17293,-124.30948,46.17409,46.565,77.3,860.022134110072,788.985872701882,860.022134110072,8.78111355311355,32.8293736263736,1025.75332363914,"","","","","",""
"W22","CR",NA,2,1,"3",2022-03-06 00:04:03,2022-03-05 16:04:03,2022-03-06 00:06:16,2022-03-05 16:06:16,-124.30949,46.1741,-124.31003,46.17476,24.7,45.5,123.354369048089,62.1955696721974,123.354369048089,8.77145185185185,31.2632962962963,1024.3793286367,"","","","","",""
"W22","CR",NA,2,4,"3",2022-03-06 00:04:03,2022-03-05 16:04:03,2022-03-06 00:06:16,2022-03-05 16:06:16,-124.30949,46.1741,-124.31003,46.17476,24.7,45.5,493.417476192358,249.200548444383,493.417476192358,8.77145185185185,31.2632962962963,1024.3793286367,"","","","","",""
"W22","CR",NA,2,1,"4",2022-03-06 00:06:16,2022-03-05 16:06:16,2022-03-06 00:13:38,2022-03-05 16:13:38,-124.31003,46.17476,-124.3115,46.17666,1.7,26.4,486.995451191385,323.539559796278,486.995451191385,8.64353914988814,30.1773199105145,1023.45435643257,"","","","","",""
"W22","CR",NA,2,4,"4",2022-03-06 00:06:16,2022-03-05 16:06:16,2022-03-06 00:13:38,2022-03-05 16:13:38,-124.31003,46.17476,-124.3115,46.17666,1.7,26.4,1947.94459088354,1286.25149240164,1947.94459088354,8.64353914988814,30.1773199105145,1023.45435643257,"","","","","",""
"W22","CM",NA,4,1,"0",2022-03-07 15:17:28,2022-03-07 07:17:28,2022-03-07 15:28:33,2022-03-07 07:28:33,-125.04903,45.48063,-125.05533,45.48589,2.1,102.4,437.58902640499,397.662673362232,437.58902640499,9.27388120300752,32.6159263157895,1025.44003565961,"","","","","","M4M0 was the only M4 net open during this tow"
"W22","CM",NA,4,4,"0",2022-03-07 15:17:28,2022-03-07 07:17:28,2022-03-07 15:28:33,2022-03-07 07:28:33,-125.04903,45.48063,-125.06954,45.49648,2.1,102.4,1779.32209789505,2241.23209456377,1779.32209789505,9.28331485053038,32.583962391514,1025.41360933912,"","","","","","M4M0 was the only M4 net open during this tow"
"W22","CM",NA,4,1,"1",2022-03-07 15:28:33,2022-03-07 07:28:33,2022-03-07 15:34:42,2022-03-07 07:34:42,-125.05534,45.48589,-125.05876,45.4886,74.8,102.532,378.645027396661,222.57245702652,378.645027396661,9.07433604336043,33.4593008130081,1026.31863329839,"","","","","","M4M0 was the only M4 net open during this tow"
"W22","CM",NA,4,1,"2",2022-03-07 15:34:42,2022-03-07 07:34:42,2022-03-07 15:40:02,2022-03-07 07:40:02,-125.05876,45.48861,-125.06192,45.49119,51.019,73.9,321.473283058193,172.918226350718,321.473283058193,9.4996,32.562825,1025.4077447956,"","","","","","M4M0 was the only M4 net open during this tow"
"W22","CM",NA,4,1,"3",2022-03-07 15:40:02,2022-03-07 07:40:02,2022-03-07 15:45:56,2022-03-07 07:45:56,-125.06193,45.4912,-125.06531,45.49404,24.906,50.941,326.608320117777,226.90541868944,326.608320117777,9.28070056497175,32.1770649717514,1025.04263253453,"","","","","","M4M0 was the only M4 net open during this tow"
"W22","CM",NA,4,1,"4",2022-03-07 15:45:56,2022-03-07 07:45:56,2022-03-07 15:52:01,2022-03-07 07:52:01,-125.06532,45.49404,-125.06954,45.49648,1.7,24.3,314.066119259102,253.055678435507,314.066119259102,9.3245737704918,32.0554098360656,1024.81709321524,"","","","","","M4M0 was the only M4 net open during this tow"
"W22","CM",NA,3,1,"0",2022-03-07 18:45:15,2022-03-07 10:45:15,2022-03-07 18:57:39,2022-03-07 10:57:39,-124.60679,45.47952,-124.59486,45.47977,1.789,101.1,586.588550402193,449.654220727775,586.588550402193,9.30712942779292,32.3151730245232,1025.19987673468,"","","","","","M4M0 was the only M4 net open during this tow"
"W22","CM",NA,3,4,"0",2022-03-07 18:45:15,2022-03-07 10:45:15,2022-03-07 18:57:39,2022-03-07 10:57:39,-124.60679,45.47952,-124.56821,45.48024,1.789,101.1,2416.3368358114,2241.23209456377,2416.3368358114,9.30996774193548,32.4485602716469,1025.31430773323,"","","","","","M4M0 was the only M4 net open during this tow"
"W22","CM",NA,3,1,"1",2022-03-07 18:57:39,2022-03-07 10:57:39,2022-03-07 19:06:34,2022-03-07 11:06:34,-124.59484,45.47977,-124.58666,45.47992,75.5,101.2,634.980667211476,356.856035359155,634.980667211476,9.05262990654206,33.2722093457944,1026.1622972493,"","","","","","M4M0 was the only M4 net open during this tow"
"W22","CM",NA,3,1,"2",2022-03-07 19:06:34,2022-03-07 11:06:34,2022-03-07 19:12:10,2022-03-07 11:12:10,-124.58664,45.47992,-124.5812,45.47999,53.6,75.065,390.047690990352,212.260072613007,390.047690990352,9.635125,32.6184821428571,1025.4524713984,"","","","","","M4M0 was the only M4 net open during this tow"
"W22","CM",NA,3,1,"3",2022-03-07 19:12:10,2022-03-07 11:12:10,2022-03-07 19:18:08,2022-03-07 11:18:08,-124.58118,45.47999,-124.57523,45.48018,24.6,52.486,401.813328703465,229.656764913264,401.813328703465,9.37251675977654,32.1345391061453,1024.99239209475,"","","","","","M4M0 was the only M4 net open during this tow"
"W22","CM",NA,3,1,"4",2022-03-07 19:18:08,2022-03-07 11:18:08,2022-03-07 19:24:57,2022-03-07 11:24:57,-124.57521,45.48018,-124.56821,45.48024,1.7,24.2,442.06121565541,298.346684973302,442.06121565541,9.33061323155216,31.7172111959288,1024.54876261596,"","","","","","M4M0 was the only M4 net open during this tow"
"W22","CM",NA,2,1,"0",2022-03-07 21:46:25,2022-03-07 13:46:25,2022-03-07 21:54:54,2022-03-07 13:54:54,-124.21645,45.4798,-124.20973,45.47997,3.2,102.4,341.04661213619,378.523111214154,341.04661213619,8.7572514619883,32.1576062378168,1025.17249224009,"","","","","",""
"W22","CM",NA,2,4,"0",2022-03-07 21:46:25,2022-03-07 13:46:25,2022-03-07 21:54:54,2022-03-07 13:54:54,-124.21645,45.4798,-124.20973,45.47997,3.2,102.4,1364.18644854476,1501.12149018373,1364.18644854476,8.7572514619883,32.1576062378168,1025.17249224009,"","","","","",""
"W22","CM",NA,2,1,"1",2022-03-07 21:54:54,2022-03-07 13:54:54,2022-03-07 22:01:14,2022-03-07 14:01:14,-124.20972,45.47997,-124.20487,45.48011,75.618,102.123,418.192978867394,359.268799510623,418.192978867394,8.58811025641026,33.5686717948718,1026.46536340843,"","","","","",""
"W22","CM",NA,2,4,"1",2022-03-07 21:54:54,2022-03-07 13:54:54,2022-03-07 22:01:14,2022-03-07 14:01:14,-124.20972,45.47997,-124.20487,45.48011,75.618,102.123,1672.75649395143,1409.00922939335,1672.75649395143,8.58811025641026,33.5686717948718,1026.46536340843,"","","","","",""
"W22","CM",NA,2,1,"2",2022-03-07 22:01:14,2022-03-07 14:01:14,2022-03-07 22:06:00,2022-03-07 14:06:00,-124.20485,45.48011,-124.20127,45.48009,51.071,75.3,307.502990251068,268.123747213307,307.502990251068,8.91776223776224,32.8342027972028,1025.72276498141,"","","","","",""
"W22","CM",NA,2,4,"2",2022-03-07 22:01:14,2022-03-07 14:01:14,2022-03-07 22:06:00,2022-03-07 14:06:00,-124.20485,45.48011,-124.20127,45.48009,51.071,75.3,1230.01196100427,1060.85966192641,1230.01196100427,8.91776223776224,32.8342027972028,1025.72276498141,"","","","","",""
"W22","CM",NA,2,1,"3",2022-03-07 22:06:00,2022-03-07 14:06:00,2022-03-07 22:10:59,2022-03-07 14:10:59,-124.20126,45.48009,-124.19734,45.48004,22.197,50.403,349.843246192503,282.474201693718,349.843246192503,8.97021725239617,31.6728083067093,1024.67559779847,"","","","","",""
"W22","CM",NA,2,4,"3",2022-03-07 22:06:00,2022-03-07 14:06:00,2022-03-07 22:10:59,2022-03-07 14:10:59,-124.20126,45.48009,-124.19734,45.48004,22.197,50.403,1399.37298477001,1114.25137097408,1399.37298477001,8.97021725239617,31.6728083067093,1024.67559779847,"","","","","",""
"W22","CM",NA,2,1,"4",2022-03-07 22:10:59,2022-03-07 14:10:59,2022-03-07 22:16:40,2022-03-07 14:16:40,-124.19733,45.48004,-124.19249,45.47986,2.4,21.4,379.818684386746,341.818946917518,379.818684386746,8.7655960591133,30.3284162561576,1023.54277548394,"","","","","",""
"W22","CM",NA,2,4,"4",2022-03-07 22:10:59,2022-03-07 14:10:59,2022-03-07 22:16:40,2022-03-07 14:16:40,-124.19733,45.48004,-124.19288,45.47991,2.4,21.4,1511.5124359531,1242.38429943459,1511.5124359531,8.7700972972973,30.3222513513514,1023.53742198545,"","","","","",""
"W22","CM",NA,1,1,"0",2022-03-08 00:25:55,2022-03-07 16:25:55,2022-03-08 00:27:36,2022-03-07 16:27:36,-124.02081,45.47952,-124.02073,45.48008,21.3,37.5,70.0872477034297,46.4849500249591,70.0872477034297,8.96844554455446,32.6809702970297,1025.44719470866,"","","","","",""
"W22","CM",NA,1,4,"0",2022-03-08 00:25:55,2022-03-07 16:25:55,2022-03-08 00:27:36,2022-03-07 16:27:36,-124.02081,45.47952,-124.02073,45.48008,21.3,37.5,280.348990813719,186.247538292217,280.348990813719,8.96844554455446,32.6809702970297,1025.44719470866,"","","","","",""
"W22","CM",NA,1,1,"3",2022-03-08 00:27:36,2022-03-07 16:27:36,2022-03-08 00:29:59,2022-03-07 16:29:59,-124.02073,45.48009,-124.02067,45.48103,21.9,37.8,159.310695268899,78.2237285278369,159.310695268899,8.93043356643357,32.7948881118881,1025.54073783665,"","","","","",""
"W22","CM",NA,1,4,"3",2022-03-08 00:27:36,2022-03-07 16:27:36,2022-03-08 00:29:59,2022-03-07 16:29:59,-124.02073,45.48009,-124.02067,45.48103,21.9,37.8,637.242781075597,313.421929755913,637.242781075597,8.93043356643357,32.7948881118881,1025.54073783665,"","","","","",""
"W22","CM",NA,1,1,"4",2022-03-08 00:29:59,2022-03-07 16:29:59,2022-03-08 00:37:27,2022-03-07 16:37:27,-124.02067,45.48104,-124.02076,45.48381,2.8,21.5,496.160102981232,369.646889012412,496.160102981232,8.97497327394209,31.695144766147,1024.58278499167,"","","","","",""
"W22","CM",NA,1,4,"4",2022-03-08 00:29:59,2022-03-07 16:29:59,2022-03-08 00:37:27,2022-03-07 16:37:27,-124.02067,45.48104,-124.02076,45.48381,2.8,21.5,1984.64041192493,1465.88281138908,1984.64041192493,8.97497327394209,31.695144766147,1024.58278499167,"","","","","",""
"W22","NH",NA,4,1,"0",2022-03-08 16:20:08,2022-03-08 08:20:08,2022-03-08 16:31:22,2022-03-08 08:31:22,-124.95835,44.65402,-124.96548,44.65825,1.7,102.753,470.319524791886,430.483263528151,470.319524791886,9.31850296735905,32.2782670623145,1025.16334961613,"","","","","",""
"W22","NH",NA,4,4,"0",2022-03-08 16:20:08,2022-03-08 08:20:08,2022-03-08 16:31:22,2022-03-08 08:31:22,-124.95835,44.65402,-124.96548,44.65825,1.7,102.753,1881.27809916754,1705.76202246275,1881.27809916754,9.31850296735905,32.2782670623145,1025.16334961613,"","","","","",""
"W22","NH",NA,4,1,"1",2022-03-08 16:31:22,2022-03-08 08:31:22,2022-03-08 16:37:35,2022-03-08 08:37:35,-124.96549,44.65825,-124.96932,44.66054,75.2,103.3,413.572190932482,244.465029796666,413.572190932482,9.26339678284182,33.0891608579088,1025.99538289142,"","","","","",""
"W22","NH",NA,4,4,"1",2022-03-08 16:31:22,2022-03-08 08:31:22,2022-03-08 16:37:35,2022-03-08 08:37:35,-124.96549,44.65825,-124.96932,44.66054,75.2,103.3,1654.28876372993,973.683119346201,1654.28876372993,9.26339678284182,33.0891608579088,1025.99538289142,"","","","","",""
"W22","NH",NA,4,1,"2",2022-03-08 16:37:35,2022-03-08 08:37:35,2022-03-08 16:43:25,2022-03-08 08:43:25,-124.96933,44.66055,-124.97287,44.6627,50.2,74.9,371.143933811944,215.323352609958,371.143933811944,9.41978857142857,32.4665457142857,1025.34905663462,"","","","","",""
"W22","NH",NA,4,4,"2",2022-03-08 16:37:35,2022-03-08 08:37:35,2022-03-08 16:43:25,2022-03-08 08:43:25,-124.96933,44.66055,-124.97287,44.6627,50.2,74.9,1484.57573524778,855.111467241247,1484.57573524778,9.41978857142857,32.4665457142857,1025.34905663462,"","","","","",""
"W22","NH",NA,4,1,"3",2022-03-08 16:43:25,2022-03-08 08:43:25,2022-03-08 16:47:23,2022-03-08 08:47:23,-124.97288,44.6627,-124.97577,44.66397,24.7,49.6,248.412637200596,142.625908772537,248.412637200596,9.33833193277311,31.885012605042,1024.79894356539,"","","","","",""
"W22","NH",NA,4,4,"3",2022-03-08 16:43:25,2022-03-08 08:43:25,2022-03-08 16:47:23,2022-03-08 08:47:23,-124.97288,44.6627,-124.97577,44.66397,24.7,49.6,993.650548802383,570.990010848469,993.650548802383,9.33833193277311,31.885012605042,1024.79894356539,"","","","","",""
"W22","NH",NA,4,1,"4",2022-03-08 16:47:23,2022-03-08 08:47:23,2022-03-08 16:53:24,2022-03-08 08:53:24,-124.97578,44.66398,-124.98024,44.66617,1.6,23.9,377.809661656806,283.008699141505,377.809661656806,9.29262430939226,31.4219972375691,1024.33187359998,"","","","","",""
"W22","NH",NA,4,4,"4",2022-03-08 16:47:23,2022-03-08 08:47:23,2022-03-08 16:53:24,2022-03-08 08:53:24,-124.97578,44.66398,-124.98024,44.66617,1.6,23.9,1511.23864662722,1117.61656879865,1511.23864662722,9.29262430939226,31.4219972375691,1024.33187359998,"","","","","",""
"W22","NH",NA,5,1,"0",2022-03-08 19:39:05,2022-03-08 11:39:05,2022-03-08 19:51:00,2022-03-08 11:51:00,-125.39584,44.65,-125.40529,44.65187,1.8,101.2,524.441432450193,455.53487529773,524.441432450193,9.6113944055944,32.5838237762238,1025.35656930513,"","","","","",""
"W22","NH",NA,5,4,"0",2022-03-08 19:39:05,2022-03-08 11:39:05,2022-03-08 19:51:00,2022-03-08 11:51:00,-125.39584,44.65,-125.40529,44.65187,1.8,101.2,2097.76572980077,1777.72455858836,2097.76572980077,9.6113944055944,32.5838237762238,1025.35656930513,"","","","","",""
"W22","NH",NA,5,1,"1",2022-03-08 19:51:00,2022-03-08 11:51:00,2022-03-08 19:59:55,2022-03-08 11:59:55,-125.4053,44.65187,-125.41259,44.65191,72.9,101.2,571.574070590284,406.296701651366,571.574070590284,9.53251775700935,33.2122074766355,1026.02096892301,"","","","","",""
"W22","NH",NA,5,4,"1",2022-03-08 19:51:00,2022-03-08 11:51:00,2022-03-08 19:59:55,2022-03-08 11:59:55,-125.4053,44.65187,-125.41259,44.65191,72.9,101.2,2286.29628236114,1601.47346883823,2286.29628236114,9.53251775700935,33.2122074766355,1026.02096892301,"","","","","",""
"W22","NH",NA,5,1,"2",2022-03-08 19:59:55,2022-03-08 11:59:55,2022-03-08 20:06:24,2022-03-08 12:06:24,-125.4126,44.65191,-125.41759,44.65215,49.2,72,433.46207055099,326.621485655981,433.46207055099,9.77315424164524,32.5910642673522,1025.37851203303,"","","","","",""
"W22","NH",NA,5,4,"2",2022-03-08 19:59:55,2022-03-08 11:59:55,2022-03-08 20:06:24,2022-03-08 12:06:24,-125.4126,44.65191,-125.41759,44.65215,49.2,72,1733.84828220396,1292.75808801103,1733.84828220396,9.77315424164524,32.5910642673522,1025.37851203303,"","","","","",""
"W22","NH",NA,5,1,"3",2022-03-08 20:06:24,2022-03-08 12:06:24,2022-03-08 20:11:23,2022-03-08 12:11:23,-125.4176,44.65214,-125.4214,44.6525,23.691,48.412,314.399224563582,211.578643140856,314.399224563582,9.69936789297659,32.3210301003344,1025.07601613549,"","","","","",""
"W22","NH",NA,5,4,"3",2022-03-08 20:06:24,2022-03-08 12:06:24,2022-03-08 20:11:23,2022-03-08 12:11:23,-125.4176,44.65214,-125.4214,44.6525,23.691,48.412,1257.59689825433,845.519478527738,1257.59689825433,9.69936789297659,32.3210301003344,1025.07601613549,"","","","","",""
"W22","NH",NA,5,1,"4",2022-03-08 20:11:23,2022-03-08 12:11:23,2022-03-08 20:20:09,2022-03-08 12:20:09,-125.42141,44.6525,-125.42846,44.65318,0,23.5,507.392596305849,384.320718318971,507.392596305849,9.63181404174573,32.069724857685,1024.76493435594,"Yes","","","","","Closing of net 4 is not shown in software outputs, but outputs extend beyond closing time listed in sampling log and probably capture most of this tow; closing time listed here is final time when software outputs are available for this tow; value in maximum_depth_m_from_sampling_log is actually from software outputs"
"W22","NH",NA,5,4,"4",2022-03-08 20:11:23,2022-03-08 12:11:23,2022-03-08 20:20:09,2022-03-08 12:20:09,-125.42141,44.6525,-125.42846,44.65318,0,23.5,2029.5703852234,1513.90137762144,2029.5703852234,9.63181404174573,32.069724857685,1024.76493435594,"Yes","","","","","Closing of net 4 is not shown in software outputs, but outputs extend beyond closing time listed in sampling log and probably capture most of this tow; closing time listed here is final time when software outputs are available for this tow; value in maximum_depth_m_from_sampling_log is actually from software outputs"
"W22","NH",NA,6,1,"0",2022-03-08 22:48:27,2022-03-08 14:48:27,2022-03-08 22:56:51,2022-03-08 14:56:51,-125.80769,44.65039,-125.81184,44.65355,1.8,101,262.012409714995,325.194819596108,262.012409714995,9.58884523809524,32.8538611111111,1025.63534572598,"","","","","",""
"W22","NH",NA,6,4,"0",2022-03-08 22:48:27,2022-03-08 14:48:27,2022-03-08 22:56:51,2022-03-08 14:56:51,-125.80769,44.65039,-125.81184,44.65355,1.8,101,1048.04963885998,1289.06732577206,1048.04963885998,9.58884523809524,32.8538611111111,1025.63534572598,"","","","","",""
"W22","NH",NA,6,1,"1",2022-03-08 22:56:51,2022-03-08 14:56:51,2022-03-08 23:00:30,2022-03-08 15:00:30,-125.81185,44.65356,-125.81424,44.65522,73.5,99.7,236.660210343082,116.926850059664,236.660210343082,9.49222374429224,33.3102237442922,1026.11352052702,"","","","","",""
"W22","NH",NA,6,4,"1",2022-03-08 22:56:51,2022-03-08 14:56:51,2022-03-08 23:00:30,2022-03-08 15:00:30,-125.81185,44.65356,-125.81424,44.65522,73.5,99.7,946.64084137233,465.492635848476,946.64084137233,9.49222374429224,33.3102237442922,1026.11352052702,"","","","","",""
"W22","NH",NA,6,1,"2",2022-03-08 23:00:30,2022-03-08 15:00:30,2022-03-08 23:04:41,2022-03-08 15:04:41,-125.81425,44.65523,-125.81691,44.65711,51.001,73.497,269.714376234047,127.304060760573,269.714376234047,9.77382470119522,32.7142390438247,1025.48790207465,"","","","","",""
"W22","NH",NA,6,4,"2",2022-03-08 23:00:30,2022-03-08 15:00:30,2022-03-08 23:04:41,2022-03-08 15:04:41,-125.81425,44.65523,-125.81691,44.65711,51.001,73.497,1078.85750493619,508.310350691281,1078.85750493619,9.77382470119522,32.7142390438247,1025.48790207465,"","","","","",""
"W22","NH",NA,6,1,"3",2022-03-08 23:04:41,2022-03-08 15:04:41,2022-03-08 23:10:15,2022-03-08 15:10:15,-125.81693,44.65712,-125.82062,44.65975,23.8,50.4,325.510971592741,179.446253770096,325.510971592741,9.76804491017964,32.379874251497,1025.10722038101,"","","","","",""
"W22","NH",NA,6,4,"3",2022-03-08 23:04:41,2022-03-08 15:04:41,2022-03-08 23:10:15,2022-03-08 15:10:15,-125.81693,44.65712,-125.82062,44.65975,23.8,50.4,1302.04388637096,712.722048359769,1302.04388637096,9.76804491017964,32.379874251497,1025.10722038101,"","","","","",""
"W22","NH",NA,6,1,"4",2022-03-08 23:10:15,2022-03-08 15:10:15,2022-03-08 23:16:26,2022-03-08 15:16:26,-125.82063,44.65975,-125.8247,44.66283,2.7,23.4,395.806470091862,275.149036238317,395.806470091862,9.64493817204301,31.9440376344086,1024.69542203723,"","","","","",""
"W22","NH",NA,6,4,"4",2022-03-08 23:10:15,2022-03-08 15:10:15,2022-03-08 23:16:26,2022-03-08 15:16:26,-125.82063,44.65975,-125.8247,44.66283,2.7,23.4,1583.22588036745,1084.91989994911,1583.22588036745,9.64493817204301,31.9440376344086,1024.69542203723,"","","","","",""
"W22","NH",NA,1,1,"0",2022-03-09 15:24:50,2022-03-09 07:24:50,2022-03-09 15:30:22,2022-03-09 07:30:22,-124.12764,44.65037,-124.13143,44.65198,1.6,38.1,276.792816555379,227.822417150925,276.792816555379,9.09290178571429,32.3336339285714,1025.10823110162,"","","","","",""
"W22","NH",NA,1,4,"0",2022-03-09 15:24:50,2022-03-09 07:24:50,2022-03-09 15:30:22,2022-03-09 07:30:22,-124.12764,44.65037,-124.13143,44.65198,1.6,38.1,1106.76288073824,905.52769925064,1106.76288073824,9.09290178571429,32.3336339285714,1025.10823110162,"","","","","",""
"W22","NH",NA,1,1,"3",2022-03-09 15:30:22,2022-03-09 07:30:22,2022-03-09 15:32:24,2022-03-09 07:32:24,-124.13144,44.65198,-124.13283,44.65261,25.7,37.8,113.432783850452,49.4205513470554,113.432783850452,8.91922950819672,32.8508770491803,1025.59282953576,"","","","","",""
"W22","NH",NA,1,4,"3",2022-03-09 15:30:22,2022-03-09 07:30:22,2022-03-09 15:32:24,2022-03-09 07:32:24,-124.13144,44.65198,-124.13283,44.65261,25.7,37.8,453.731135401807,198.014016709302,453.731135401807,8.91922950819672,32.8508770491803,1025.59282953576,"","","","","",""
"W22","NH",NA,1,1,"4",2022-03-09 15:32:24,2022-03-09 07:32:24,2022-03-09 15:39:47,2022-03-09 07:39:47,-124.13284,44.65261,-124.13798,44.65484,1.5,25.3,482.889798081604,372.081614066364,482.889798081604,9.1363056768559,32.1574978165939,1024.93781580429,"","","","","",""
"W22","NH",NA,1,4,"4",2022-03-09 15:32:24,2022-03-09 07:32:24,2022-03-09 15:39:47,2022-03-09 07:39:47,-124.13284,44.65261,-124.13798,44.65484,1.5,25.3,1931.49282582447,1470.00556568778,1931.49282582447,9.1363056768559,32.1574978165939,1024.93781580429,"","","","","",""
"W22","NH",NA,2,1,"0",2022-03-09 17:35:32,2022-03-09 09:35:32,2022-03-09 17:41:25,2022-03-09 09:41:25,-124.31671,44.64656,-124.31605,44.64783,1.7,75.1,208.465892553673,255.999911028346,208.465892553673,9.01815479876161,32.2871021671827,1025.15569234555,"","","","","",""
"W22","NH",NA,2,4,"0",2022-03-09 17:35:32,2022-03-09 09:35:32,2022-03-09 17:41:25,2022-03-09 09:41:25,-124.31671,44.64656,-124.31605,44.64783,1.7,75.1,833.86357021469,1012.33723192305,833.86357021469,9.01815479876161,32.2871021671827,1025.15569234555,"","","","","",""
"W22","NH",NA,2,1,"2",2022-03-09 17:41:25,2022-03-09 09:41:25,2022-03-09 17:46:45,2022-03-09 09:46:45,-124.31605,44.64784,-124.31565,44.64937,50.2,75.7,288.222234197676,299.749863125251,288.222234197676,8.664325,33.585190625,1026.35575874176,"","","","","",""
"W22","NH",NA,2,4,"2",2022-03-09 17:41:25,2022-03-09 09:41:25,2022-03-09 17:46:45,2022-03-09 09:46:45,-124.31605,44.64784,-124.31565,44.64937,50.2,75.7,1152.8889367907,1187.9238780837,1152.8889367907,8.664325,33.585190625,1026.35575874176,"","","","","",""
"W22","NH",NA,2,1,"3",2022-03-09 17:46:45,2022-03-09 09:46:45,2022-03-09 17:49:32,2022-03-09 09:49:32,-124.31565,44.64938,-124.31514,44.65048,21.133,49.734,165.611461766129,63.5620763834266,165.611461766129,9.32515568862275,32.6155568862275,1025.36012619641,"","","","","",""
"W22","NH",NA,2,4,"3",2022-03-09 17:46:45,2022-03-09 09:46:45,2022-03-09 17:49:32,2022-03-09 09:49:32,-124.31565,44.64938,-124.31514,44.65048,21.133,49.734,662.445847064516,254.675667435028,662.445847064516,9.32515568862275,32.6155568862275,1025.36012619641,"","","","","",""
"W22","NH",NA,2,1,"4",2022-03-09 17:49:32,2022-03-09 09:49:32,2022-03-09 17:55:46,2022-03-09 09:55:46,-124.31514,44.65048,-124.31415,44.65246,1.597,21.803,339.716665709258,292.378084949702,339.716665709258,9.04402341137124,31.6751538461538,1024.57886633557,"","","","","",""
"W22","NH",NA,2,4,"4",2022-03-09 17:49:32,2022-03-09 09:49:32,2022-03-09 17:55:46,2022-03-09 09:55:46,-124.31514,44.65048,-124.31415,44.65246,1.597,21.803,1358.86666283703,1140.46098346172,1358.86666283703,9.04402341137124,31.6751538461538,1024.57886633557,"","","","","",""
"W22","NH",NA,3,1,"0",2022-03-09 19:49:11,2022-03-09 11:49:11,2022-03-09 19:58:41,2022-03-09 11:58:41,-124.5677,44.64362,-124.56641,44.64752,1.619,102.362,367.894232432902,380.259829982019,367.894232432902,9.11075892857143,32.0814,1025.03229639085,"","","","","",""
"W22","NH",NA,3,4,"0",2022-03-09 19:49:11,2022-03-09 11:49:11,2022-03-09 19:58:41,2022-03-09 11:58:41,-124.5677,44.64362,-124.56641,44.64752,1.619,102.362,1471.57692973161,1505.08940395013,1471.57692973161,9.11075892857143,32.0814,1025.03229639085,"","","","","",""
"W22","NH",NA,3,1,"1",2022-03-09 19:58:41,2022-03-09 11:58:41,2022-03-09 20:04:39,2022-03-09 12:04:39,-124.5664,44.64753,-124.56551,44.64959,74.23,105.985,334.216205565177,275.473443104024,334.216205565177,8.83008659217877,33.4384301675978,1026.35400544149,"","","","","",""
"W22","NH",NA,3,4,"1",2022-03-09 19:58:41,2022-03-09 11:58:41,2022-03-09 20:04:39,2022-03-09 12:04:39,-124.5664,44.64753,-124.56551,44.64959,74.23,105.985,1336.86482226071,1087.26930632267,1336.86482226071,8.83008659217877,33.4384301675978,1026.35400544149,"","","","","",""
"W22","NH",NA,3,1,"2",2022-03-09 20:04:39,2022-03-09 12:04:39,2022-03-09 20:08:32,2022-03-09 12:08:32,-124.5655,44.64959,-124.56499,44.651,49.5,73.6,223.683155954897,123.116144068217,223.683155954897,9.20041630901288,32.6685064377682,1025.5420985351,"","","","","",""
"W22","NH",NA,3,4,"2",2022-03-09 20:04:39,2022-03-09 12:04:39,2022-03-09 20:08:32,2022-03-09 12:08:32,-124.5655,44.64959,-124.56499,44.651,49.5,73.6,894.732623819588,489.612760791368,894.732623819588,9.20041630901288,32.6685064377682,1025.5420985351,"","","","","",""
"W22","NH",NA,3,1,"3",2022-03-09 20:08:32,2022-03-09 12:08:32,2022-03-09 20:12:46,2022-03-09 12:12:46,-124.56499,44.65101,-124.56442,44.6525,25.307,48.886,207.948861603879,97.9868396588563,207.948861603879,9.12461811023622,31.9367913385827,1024.86541785256,"","","","Yes","","M4N3 had very small biovolume, possibly because it was wrapped around the frame"
"W22","NH",NA,3,4,"3",2022-03-09 20:08:32,2022-03-09 12:08:32,2022-03-09 20:12:46,2022-03-09 12:12:46,-124.56499,44.65101,-124.56442,44.6525,25.307,48.886,831.795446415516,391.573381953849,831.795446415516,9.12461811023622,31.9367913385827,1024.86541785256,"","","","Yes","","M4N3 had very small biovolume, possibly because it was wrapped around the frame"
"W22","NH",NA,3,1,"4",2022-03-09 20:12:46,2022-03-09 12:12:46,2022-03-09 20:18:54,2022-03-09 12:18:54,-124.56441,44.6525,-124.56331,44.65476,1.5,24.94,380.052183168682,288.280196564968,380.052183168682,9.07508288770054,30.8927352941176,1023.94744430213,"","","","Yes","","M4N4 was wrapped around the frame, so may not have sampled well"
"W22","NH",NA,3,4,"4",2022-03-09 20:12:46,2022-03-09 12:12:46,2022-03-09 20:18:54,2022-03-09 12:18:54,-124.56441,44.6525,-124.56335,44.65466,1.5,24.94,1504.24864343187,1065.95324192486,1504.24864343187,9.06929971988795,30.9066582633053,1023.96101352632,"","","","Yes","","M4N4 was wrapped around the frame, so may not have sampled well"
"W22","HH",NA,4,1,"0",2022-03-10 15:11:54,2022-03-10 07:11:54,2022-03-10 15:21:30,2022-03-10 07:21:30,-125.18788,43.98539,-125.18348,43.98995,1.6,102.1,380.188819756632,381.371529238369,380.188819756632,9.68895863309353,32.7471348920863,1025.48983349707,"","","","","",""
"W22","HH",NA,4,4,"0",2022-03-10 15:11:54,2022-03-10 07:11:54,2022-03-10 15:21:30,2022-03-10 07:21:30,-125.18788,43.98539,-125.18348,43.98995,1.6,102.1,1520.75527902653,1507.64344011904,1520.75527902653,9.68895863309353,32.7471348920863,1025.48983349707,"","","","","",""
"W22","HH",NA,4,1,"1",2022-03-10 15:21:30,2022-03-10 07:21:30,2022-03-10 15:27:09,2022-03-10 07:27:09,-125.18347,43.98996,-125.18089,43.99255,75.9,102.7,366.579193334272,232.050534528277,366.579193334272,8.97390265486726,33.4242359882006,1026.2970163979,"","","","","",""
"W22","HH",NA,4,4,"1",2022-03-10 15:21:30,2022-03-10 07:21:30,2022-03-10 15:27:09,2022-03-10 07:27:09,-125.18347,43.98996,-125.18089,43.99255,75.9,102.7,1466.31677333709,912.829192508332,1466.31677333709,8.97390265486726,33.4242359882006,1026.2970163979,"","","","","",""
"W22","HH",NA,4,1,"2",2022-03-10 15:27:09,2022-03-10 07:27:09,2022-03-10 15:32:38,2022-03-10 07:32:38,-125.18089,43.99256,-125.17847,43.99523,49.9,76.1,351.630083754377,225.013322935959,351.630083754377,9.94580243161094,32.7070911854103,1025.46199765951,"","","","","",""
"W22","HH",NA,4,4,"2",2022-03-10 15:27:09,2022-03-10 07:27:09,2022-03-10 15:32:38,2022-03-10 07:32:38,-125.18089,43.99256,-125.17847,43.99523,49.9,76.1,1406.52033501751,899.437959804755,1406.52033501751,9.94580243161094,32.7070911854103,1025.46199765951,"","","","","",""
"W22","HH",NA,4,1,"3",2022-03-10 15:32:38,2022-03-10 07:32:38,2022-03-10 15:38:13,2022-03-10 07:38:13,-125.17846,43.99524,-125.17591,43.9979,24.9,49.8,333.789154823598,212.532696847912,333.789154823598,10.0488179104478,32.616128358209,1025.25217997546,"","","","","",""
"W22","HH",NA,4,4,"3",2022-03-10 15:32:38,2022-03-10 07:32:38,2022-03-10 15:38:13,2022-03-10 07:38:13,-125.17846,43.99524,-125.17591,43.9979,24.9,49.8,1335.15661929439,847.740264062839,1335.15661929439,10.0488179104478,32.616128358209,1025.25217997546,"","","","","",""
"W22","HH",NA,4,1,"4",2022-03-10 15:38:13,2022-03-10 07:38:13,2022-03-10 15:44:11,2022-03-10 07:44:11,-125.1759,43.99791,-125.17308,44.00088,3,24.566,397.936201639291,275.589639169001,397.936201639291,10.019417827298,32.5198913649025,1025.07941431804,"","","","","",""
"W22","HH",NA,4,4,"4",2022-03-10 15:38:13,2022-03-10 07:38:13,2022-03-10 15:44:11,2022-03-10 07:44:11,-125.1759,43.99791,-125.17308,44.00088,3,24.566,1591.74480655716,1087.84646419666,1591.74480655716,10.019417827298,32.5198913649025,1025.07941431804,"","","","","",""
"W22","HH",NA,3,1,"0",2022-03-10 18:27:10,2022-03-10 10:27:10,2022-03-10 18:38:25,2022-03-10 10:38:25,-124.75461,43.98918,-124.74448,43.98937,1.7,101.3,491.961780157395,396.567589196186,491.961780157395,9.16089481481482,32.6479896296296,1025.4711826493,"","","","","",""
"W22","HH",NA,3,4,"0",2022-03-10 18:27:10,2022-03-10 10:27:10,2022-03-10 18:38:25,2022-03-10 10:38:25,-124.75461,43.98918,-124.74448,43.98937,1.7,101.3,1967.84712062958,1542.63720806607,1967.84712062958,9.16089481481482,32.6479896296296,1025.4711826493,"","","","","",""
"W22","HH",NA,3,1,"1",2022-03-10 18:38:25,2022-03-10 10:38:25,2022-03-10 18:45:16,2022-03-10 10:45:16,-124.74447,43.98937,-124.73858,43.98945,73.5,101,406.961551212268,259.833382843285,406.961551212268,8.71568369829684,33.5828467153285,1026.46002979015,"","","","","",""
"W22","HH",NA,3,4,"1",2022-03-10 18:38:25,2022-03-10 10:38:25,2022-03-10 18:45:16,2022-03-10 10:45:16,-124.74447,43.98937,-124.73858,43.98945,73.5,101,1627.84620484907,1034.89399832899,1627.84620484907,8.71568369829684,33.5828467153285,1026.46002979015,"","","","","",""
"W22","HH",NA,3,1,"2",2022-03-10 18:45:16,2022-03-10 10:45:16,2022-03-10 18:49:26,2022-03-10 10:49:26,-124.73857,43.98945,-124.73488,43.98935,49.1,72,268.230124115285,106.043053942429,268.230124115285,9.244536,33.14476,1025.89662216721,"","","","","",""
"W22","HH",NA,3,4,"2",2022-03-10 18:45:16,2022-03-10 10:45:16,2022-03-10 18:49:26,2022-03-10 10:49:26,-124.73857,43.98945,-124.73488,43.98935,49.1,72,1072.92049646114,423.379523994088,1072.92049646114,9.244536,33.14476,1025.89662216721,"","","","","",""
"W22","HH",NA,3,1,"3",2022-03-10 18:49:26,2022-03-10 10:49:26,2022-03-10 18:56:12,2022-03-10 10:56:12,-124.73487,43.98935,-124.72881,43.98921,24.6,48.3,423.603665116204,261.132240297321,423.603665116204,9.36944334975369,32.359460591133,1025.15579270743,"","","","","",""
"W22","HH",NA,3,4,"3",2022-03-10 18:49:26,2022-03-10 10:49:26,2022-03-10 18:56:12,2022-03-10 10:56:12,-124.73487,43.98935,-124.72881,43.98921,24.6,48.3,1694.41466046482,1038.62826800224,1694.41466046482,9.36944334975369,32.359460591133,1025.15579270743,"","","","","",""
"W22","HH",NA,3,1,"4",2022-03-10 18:56:12,2022-03-10 10:56:12,2022-03-10 19:03:10,2022-03-10 11:03:10,-124.72879,43.98921,-124.72257,43.98925,4.3,33.7,248.346758258202,398.082493079752,248.346758258202,9.44840572792363,31.9642362768496,1024.76411424643,"","","","","",""
"W22","HH",NA,3,4,"4",2022-03-10 18:56:12,2022-03-10 10:56:12,2022-03-10 19:03:10,2022-03-10 11:03:10,-124.72879,43.98921,-124.72257,43.98925,4.3,33.7,993.387033032808,1556.86057205212,993.387033032808,9.44840572792363,31.9642362768496,1024.76411424643,"","","","","",""
"W22","HH",NA,2,1,"0",2022-03-10 21:34:47,2022-03-10 13:34:47,2022-03-10 21:43:34,2022-03-10 13:43:34,-124.37133,43.98497,-124.37118,43.9892,1.7,101,356.187439893415,363.205155382414,356.187439893415,8.82322011385199,32.8177020872865,1025.67339586412,"","","","","",""
"W22","HH",NA,2,4,"0",2022-03-10 21:34:47,2022-03-10 13:34:47,2022-03-10 21:43:34,2022-03-10 13:43:34,-124.37133,43.98497,-124.37118,43.9892,1.7,101,1424.74975957366,1433.99203343175,1424.74975957366,8.82322011385199,32.8177020872865,1025.67339586412,"","","","","",""
"W22","HH",NA,2,1,"1",2022-03-10 21:43:34,2022-03-10 13:43:34,2022-03-10 21:49:08,2022-03-10 13:49:08,-124.37118,43.98921,-124.37069,43.99171,74.5,99.8,366.2244169658,284.37076871988,366.2244169658,8.28801497005988,33.7704700598802,1026.67002220408,"","","","","",""
"W22","HH",NA,2,4,"1",2022-03-10 21:43:34,2022-03-10 13:43:34,2022-03-10 21:49:08,2022-03-10 13:49:08,-124.37118,43.98921,-124.37069,43.99171,74.5,99.8,1464.8976678632,1126.41203450622,1464.8976678632,8.28801497005988,33.7704700598802,1026.67002220408,"","","","","",""
"W22","HH",NA,2,1,"2",2022-03-10 21:49:08,2022-03-10 13:49:08,2022-03-10 21:53:21,2022-03-10 13:53:21,-124.37069,43.99172,-124.37044,43.99363,49.805,73.695,284.805637585695,190.544917329885,284.805637585695,8.68779051383399,33.5752766798419,1026.33435274917,"","","","","",""
"W22","HH",NA,2,4,"2",2022-03-10 21:49:08,2022-03-10 13:49:08,2022-03-10 21:53:21,2022-03-10 13:53:21,-124.37069,43.99172,-124.37044,43.99363,49.805,73.695,1139.22255034278,753.165268161722,1139.22255034278,8.68779051383399,33.5752766798419,1026.33435274917,"","","","","",""
"W22","HH",NA,2,1,"3",2022-03-10 21:53:21,2022-03-10 13:53:21,2022-03-10 21:57:32,2022-03-10 13:57:32,-124.37044,43.99363,-124.37021,43.99551,24.8,49.299,285.0993127896,174.117851319482,285.0993127896,9.11526294820717,32.363203187251,1025.20493987865,"","","","","",""
"W22","HH",NA,2,4,"3",2022-03-10 21:53:21,2022-03-10 13:53:21,2022-03-10 21:57:32,2022-03-10 13:57:32,-124.37044,43.99363,-124.37021,43.99551,24.8,49.299,1140.3972511584,692.83689182361,1140.3972511584,9.11526294820717,32.363203187251,1025.20493987865,"","","","","",""
"W22","HH",NA,2,1,"4",2022-03-10 21:57:32,2022-03-10 13:57:32,2022-03-10 22:02:21,2022-03-10 14:02:21,-124.37021,43.99552,-124.36998,43.99784,2.5,24.3,330.621006002719,239.244290220589,330.621006002719,9.3026050955414,31.6953917197452,1024.54124621429,"","","","","",""
"W22","HH",NA,2,4,"4",2022-03-10 21:57:32,2022-03-10 13:57:32,2022-03-10 22:02:21,2022-03-10 14:02:21,-124.37021,43.99552,-124.36999,43.99765,2.5,24.3,1297.2994818728,816.398959069337,1297.2994818728,9.29592413793103,31.7152655172414,1024.56087316988,"","","","","",""
"W22","HH",NA,1,1,"0",2022-03-10 23:57:22,2022-03-10 15:57:22,2022-03-11 00:01:57,2022-03-10 16:01:57,-124.1823,43.98927,-124.1842,43.98598,1.7,34.8,230.4441386232,153.683570442347,230.4441386232,9.15264,32.1237636363636,1024.93050998972,"","","","","",""
"W22","HH",NA,1,4,"0",2022-03-10 23:57:22,2022-03-10 15:57:22,2022-03-11 00:01:57,2022-03-10 16:01:57,-124.1823,43.98927,-124.1842,43.98598,1.7,34.8,921.776554492798,613.114574420603,921.776554492798,9.15264,32.1237636363636,1024.93050998972,"","","","","",""
"W22","HH",NA,1,1,"3",2022-03-11 00:01:57,2022-03-10 16:01:57,2022-03-11 00:04:12,2022-03-10 16:04:12,-124.1842,43.98597,-124.18498,43.98443,26.5,34.8,112.352750377531,21.0736169998628,112.352750377531,8.97220740740741,33.0809777777778,1025.75876451891,"","","","","",""
"W22","HH",NA,1,4,"3",2022-03-11 00:01:57,2022-03-10 16:01:57,2022-03-11 00:04:12,2022-03-10 16:04:12,-124.1842,43.98597,-124.18498,43.98443,26.5,34.8,449.411001510126,90.42755979803,449.411001510126,8.97220740740741,33.0809777777778,1025.75876451891,"","","","","",""
"W22","HH",NA,1,1,"4",2022-03-11 00:04:12,2022-03-10 16:04:12,2022-03-11 00:11:16,2022-03-10 16:11:16,-124.18499,43.98442,-124.1878,43.97964,2.4,28.3,403.400113946699,319.645843191034,403.400113946699,9.12557411764706,32.2844564705882,1025.04794747822,"","","","","",""
"W22","HH",NA,1,4,"4",2022-03-11 00:04:12,2022-03-10 16:04:12,2022-03-11 00:11:16,2022-03-10 16:11:16,-124.18499,43.98442,-124.1878,43.97964,2.4,28.3,1613.60045578679,1271.40974121539,1613.60045578679,9.12557411764706,32.2844564705882,1025.04794747822,"","","","","",""
"W22","RR",NA,1,1,"0",2022-03-11 14:35:45,2022-03-11 06:35:45,2022-03-11 14:41:31,2022-03-11 06:41:31,-124.52372,42.50072,-124.52799,42.50096,4,35.4,315.847159349854,279.381242580929,315.847159349854,8.35520520231214,33.7653699421965,1026.36695780226,"","","","","",""
"W22","RR",NA,1,4,"0",2022-03-11 14:35:45,2022-03-11 06:35:45,2022-03-11 14:41:31,2022-03-11 06:41:31,-124.52372,42.50072,-124.52799,42.50096,4,35.4,1263.38863739942,1104.98870241296,1263.38863739942,8.35520520231214,33.7653699421965,1026.36695780226,"","","","","",""
"W22","RR",NA,1,1,"3",2022-03-11 14:41:31,2022-03-11 06:41:31,2022-03-11 14:43:46,2022-03-11 06:43:46,-124.528,42.50096,-124.52981,42.50095,25.5,33.3,131.494516614454,62.3426888180547,131.494516614454,8.21571111111111,33.8257407407407,1026.4495398211,"","","","","",""
"W22","RR",NA,1,4,"3",2022-03-11 14:41:31,2022-03-11 06:41:31,2022-03-11 14:43:46,2022-03-11 06:43:46,-124.528,42.50096,-124.52981,42.50095,25.5,33.3,525.978066457816,249.789917017557,525.978066457816,8.21571111111111,33.8257407407407,1026.4495398211,"","","","","",""
"W22","RR",NA,1,1,"4",2022-03-11 14:43:46,2022-03-11 06:43:46,2022-03-11 14:51:20,2022-03-11 06:51:20,-124.52983,42.50095,-124.53507,42.5008,1.4,40.6,116.360613615193,447.790110027756,116.360613615193,8.43367209302326,33.5460604651163,1026.17380725588,"","","","","","MOCNESS was sideways at the surface when recovered, so low flow meter counts for net 4 make sense"
"W22","RR",NA,1,4,"4",2022-03-11 14:43:46,2022-03-11 06:43:46,2022-03-11 14:51:20,2022-03-11 06:51:20,-124.52983,42.50095,-124.53507,42.5008,1.4,40.6,465.442454460772,1763.06118939703,465.442454460772,8.43367209302326,33.5460604651163,1026.17380725588,"","","","","","MOCNESS was sideways at the surface when recovered, so low flow meter counts for net 4 make sense"
"W22","RR",NA,2,1,"0",2022-03-11 16:35:54,2022-03-11 08:35:54,2022-03-11 16:45:47,2022-03-11 08:45:47,-124.71746,42.49914,-124.72527,42.49953,1.7,101.3,406.791316725232,401.894893815533,406.791316725232,8.50807588532884,33.5756593591906,1026.32640410154,"","","","","",""
"W22","RR",NA,2,4,"0",2022-03-11 16:35:54,2022-03-11 08:35:54,2022-03-11 16:45:47,2022-03-11 08:45:47,-124.71746,42.49914,-124.72527,42.49953,1.7,101.3,1627.16526690093,1588.93691434716,1627.16526690093,8.50807588532884,33.5756593591906,1026.32640410154,"","","","","",""
"W22","RR",NA,2,1,"1",2022-03-11 16:45:47,2022-03-11 08:45:47,2022-03-11 16:52:17,2022-03-11 08:52:17,-124.72528,42.49953,-124.73001,42.50008,75.379,100.621,414.272248396896,300.824489581096,414.272248396896,7.85315128205128,33.9529948717949,1026.88849095539,"","","","","",""
"W22","RR",NA,2,4,"1",2022-03-11 16:45:47,2022-03-11 08:45:47,2022-03-11 16:52:17,2022-03-11 08:52:17,-124.72528,42.49953,-124.73001,42.50008,75.379,100.621,1657.08899358758,1191.37265365304,1657.08899358758,7.85315128205128,33.9529948717949,1026.88849095539,"","","","","",""
"W22","RR",NA,2,1,"2",2022-03-11 16:52:17,2022-03-11 08:52:17,2022-03-11 16:58:18,2022-03-11 08:58:18,-124.73002,42.50009,-124.73469,42.50044,49.621,75.179,377.069560997192,303.839868140903,377.069560997192,8.40865650969529,33.824648199446,1026.58204421063,"","","","","",""
"W22","RR",NA,2,4,"2",2022-03-11 16:52:17,2022-03-11 08:52:17,2022-03-11 16:58:18,2022-03-11 08:58:18,-124.73002,42.50009,-124.73469,42.50044,49.621,75.179,1508.27824398877,1207.70034037476,1508.27824398877,8.40865650969529,33.824648199446,1026.58204421063,"","","","","",""
"W22","RR",NA,2,1,"3",2022-03-11 16:58:18,2022-03-11 08:58:18,2022-03-11 17:02:27,2022-03-11 09:02:27,-124.73471,42.50044,-124.73793,42.50067,21.4,49.2,270.613780266601,165.082762139368,270.613780266601,9.1051686746988,33.2419277108434,1025.88433804878,"","","","","",""
"W22","RR",NA,2,4,"3",2022-03-11 16:58:18,2022-03-11 08:58:18,2022-03-11 17:02:27,2022-03-11 09:02:27,-124.73471,42.50044,-124.73793,42.50067,21.4,49.2,1082.4551210664,660.501621931416,1082.4551210664,9.1051686746988,33.2419277108434,1025.88433804878,"","","","","",""
"W22","RR",NA,2,1,"4",2022-03-11 17:02:27,2022-03-11 09:02:27,2022-03-11 17:06:51,2022-03-11 09:06:51,-124.73795,42.50067,-124.74151,42.50101,1.5,20.9,219.877802698775,154.458121906447,219.877802698775,9.22325909090909,32.2362863636364,1024.96856701742,"","","","","",""
"W22","RR",NA,2,4,"4",2022-03-11 17:02:27,2022-03-11 09:02:27,2022-03-11 17:06:51,2022-03-11 09:06:51,-124.73795,42.50067,-124.74151,42.50101,1.5,20.9,879.511210795099,615.768225227081,879.511210795099,9.22325909090909,32.2362863636364,1024.96856701742,"","","","","",""
"W22","RR",NA,3,1,"0",2022-03-11 19:22:11,2022-03-11 11:22:11,2022-03-11 19:32:05,2022-03-11 11:32:05,-125.0659,42.50009,-125.07467,42.50023,1.8,100.4,402.533881881968,388.557823401133,402.533881881968,9.48982705479452,32.5042619863014,1025.30341139735,"","","","","",""
"W22","RR",NA,3,4,"0",2022-03-11 19:22:11,2022-03-11 11:22:11,2022-03-11 19:32:05,2022-03-11 11:32:05,-125.0659,42.50009,-125.07467,42.50023,1.8,100.4,1610.13552752787,1528.05184381411,1610.13552752787,9.48982705479452,32.5042619863014,1025.30341139735,"","","","","",""
"W22","RR",NA,3,1,"1",2022-03-11 19:32:05,2022-03-11 11:32:05,2022-03-11 19:38:01,2022-03-11 11:38:01,-125.07469,42.50023,-125.07962,42.50063,75.6,98.889,374.905545389691,246.634281047552,374.905545389691,9.2915308988764,33.2530224719101,1026.09878201529,"","","","","",""
"W22","RR",NA,3,4,"1",2022-03-11 19:32:05,2022-03-11 11:32:05,2022-03-11 19:38:01,2022-03-11 11:38:01,-125.07469,42.50023,-125.07962,42.50063,75.6,98.889,1499.62218155876,976.157057304465,1499.62218155876,9.2915308988764,33.2530224719101,1026.09878201529,"","","","","",""
"W22","RR",NA,3,1,"2",2022-03-11 19:38:01,2022-03-11 11:38:01,2022-03-11 19:43:31,2022-03-11 11:43:31,-125.07963,42.50063,-125.08415,42.50088,50.4,75.1,353.204517412784,224.025525587975,353.204517412784,9.48596060606061,32.7457545454545,1025.5659849216,"","","","","",""
"W22","RR",NA,3,4,"2",2022-03-11 19:38:01,2022-03-11 11:38:01,2022-03-11 19:43:31,2022-03-11 11:43:31,-125.07963,42.50063,-125.08415,42.50088,50.4,75.1,1412.81806965113,894.765870040723,1412.81806965113,9.48596060606061,32.7457545454545,1025.5659849216,"","","","","",""
"W22","RR",NA,3,1,"3",2022-03-11 19:43:31,2022-03-11 11:43:31,2022-03-11 19:48:44,2022-03-11 11:48:44,-125.08416,42.50088,-125.0885,42.50095,25.3,49.8,331.233103576409,206.369341779726,331.233103576409,9.68265814696486,32.4138434504792,1025.15495894633,"","","","","",""
"W22","RR",NA,3,4,"3",2022-03-11 19:43:31,2022-03-11 11:43:31,2022-03-11 19:48:44,2022-03-11 11:48:44,-125.08416,42.50088,-125.0885,42.50095,25.3,49.8,1324.93241430564,810.859636927369,1324.93241430564,9.68265814696486,32.4138434504792,1025.15495894633,"","","","","",""
"W22","RR",NA,3,1,"4",2022-03-11 19:48:44,2022-03-11 11:48:44,2022-03-11 19:55:05,2022-03-11 11:55:05,-125.08851,42.50095,-125.09393,42.50097,2.463,24.6,401.768224312841,279.193567433928,401.768224312841,9.51399738219895,32.1563612565445,1024.86983118774,"","","","","",""
"W22","RR",NA,3,4,"4",2022-03-11 19:48:44,2022-03-11 11:48:44,2022-03-11 19:55:05,2022-03-11 11:55:05,-125.08851,42.50095,-125.09393,42.50097,2.463,24.6,1607.07289725136,1104.2131934125,1607.07289725136,9.51399738219895,32.1563612565445,1024.86983118774,"","","","","",""
"W22","RR",NA,4,1,"0",2022-03-11 22:13:00,2022-03-11 14:13:00,2022-03-11 22:21:52,2022-03-11 14:21:52,-125.50103,42.50344,-125.50071,42.49994,3.2,102,336.329681917833,354.887191495132,336.329681917833,9.37175187969925,33.050227443609,1025.77431124741,"","","","","",""
"W22","RR",NA,4,4,"0",2022-03-11 22:13:00,2022-03-11 14:13:00,2022-03-11 22:21:52,2022-03-11 14:21:52,-125.50103,42.50344,-125.50071,42.49994,3.2,102,1345.31872767133,1397.80483610791,1345.31872767133,9.37175187969925,33.050227443609,1025.77431124741,"","","","","",""
"W22","RR",NA,4,1,"1",2022-03-11 22:21:52,2022-03-11 14:21:52,2022-03-11 22:27:59,2022-03-11 14:27:59,-125.50071,42.49993,-125.50037,42.49767,73.7,102.967,389.893828645517,284.232082481866,389.893828645517,8.8166621253406,33.7188392370572,1026.56696222165,"","","","","",""
"W22","RR",NA,4,4,"1",2022-03-11 22:21:52,2022-03-11 14:21:52,2022-03-11 22:27:59,2022-03-11 14:27:59,-125.50071,42.49993,-125.50037,42.49767,73.7,102.967,1559.57531458207,1123.34901786392,1559.57531458207,8.8166621253406,33.7188392370572,1026.56696222165,"","","","","",""
"W22","RR",NA,4,1,"2",2022-03-11 22:27:59,2022-03-11 14:27:59,2022-03-11 22:32:42,2022-03-11 14:32:42,-125.50037,42.49766,-125.50027,42.49567,50.8,73.105,309.624940899108,174.744192209139,309.624940899108,9.17333215547703,33.3100424028269,1026.04267255557,"","","","","",""
"W22","RR",NA,4,4,"2",2022-03-11 22:27:59,2022-03-11 14:27:59,2022-03-11 22:32:42,2022-03-11 14:32:42,-125.50037,42.49766,-125.50027,42.49567,50.8,73.105,1238.49976359643,697.643387495449,1238.49976359643,9.17333215547703,33.3100424028269,1026.04267255557,"","","","","",""
"W22","RR",NA,4,1,"3",2022-03-11 22:32:42,2022-03-11 14:32:42,2022-03-11 22:37:27,2022-03-11 14:37:27,-125.50027,42.49567,-125.50018,42.49368,24.869,50.262,305.925722092832,170.824098073352,305.925722092832,9.58163763066202,32.6846167247387,1025.38151507016,"","","","","",""
"W22","RR",NA,4,4,"3",2022-03-11 22:32:42,2022-03-11 14:32:42,2022-03-11 22:37:27,2022-03-11 14:37:27,-125.50027,42.49567,-125.50018,42.49368,24.869,50.262,1223.70288837133,679.876733463606,1223.70288837133,9.58163763066202,32.6846167247387,1025.38151507016,"","","","","",""
"W22","RR",NA,4,1,"4",2022-03-11 22:37:27,2022-03-11 14:37:27,2022-03-11 22:45:03,2022-03-11 14:45:03,-125.50018,42.49367,-125.50003,42.49052,2.4,24.1,470.330232276446,321.022972580334,470.330232276446,9.68837199124727,32.5699846827133,1025.16060562735,"","","","","",""
"W22","RR",NA,4,4,"4",2022-03-11 22:37:27,2022-03-11 14:37:27,2022-03-11 22:45:03,2022-03-11 14:45:03,-125.50018,42.49367,-125.50003,42.49052,2.4,24.1,1881.32092910579,1278.01220247876,1881.32092910579,9.68837199124727,32.5699846827133,1025.16060562735,"","","","","",""
"S22","GH",NA,1,1,"0",2022-07-20 17:26:51,2022-07-20 10:26:51,2022-07-20 17:34:05,2022-07-20 10:34:05,-124.34794,47.10152,-124.35243,47.10135,1.2,35.2,NA,313.091130123924,313.091130123924,10.0298958837772,32.1823292978208,1024.80464834535,"","Yes","","","","Low flow meter counts"
"S22","GH",NA,1,4,"0",2022-07-20 17:26:51,2022-07-20 10:26:51,2022-07-20 17:34:05,2022-07-20 10:34:05,-124.34794,47.10152,-124.35243,47.10135,1.2,35.2,NA,1246.27989760218,1246.27989760218,10.0298958837772,32.1823292978208,1024.80464834535,"","Yes","","","","Low flow meter counts"
"S22","GH",NA,1,1,"3",2022-07-20 17:34:05,2022-07-20 10:34:05,2022-07-20 17:36:09,2022-07-20 10:36:09,-124.35244,47.10135,-124.35341,47.10118,21.3,34.7,NA,20.7107273753709,20.7107273753709,7.63535483870968,33.5538306451613,1026.32324738269,"","Yes","","","","Low flow meter counts"
"S22","GH",NA,1,4,"3",2022-07-20 17:34:05,2022-07-20 10:34:05,2022-07-20 17:36:09,2022-07-20 10:36:09,-124.35244,47.10135,-124.35341,47.10118,21.3,34.7,NA,86.369521359546,86.369521359546,7.63535483870968,33.5538306451613,1026.32324738269,"","Yes","","","","Low flow meter counts"
"S22","GH",NA,1,1,"4",2022-07-20 17:36:09,2022-07-20 10:36:09,2022-07-20 17:39:11,2022-07-20 10:39:11,-124.35342,47.10118,-124.35526,47.10102,0.9,21.246,NA,68.5299536741656,68.5299536741656,10.0630670731707,32.0344085365854,1024.66252787963,"","Yes","","","","Low flow meter counts"
"S22","GH",NA,1,4,"4",2022-07-20 17:36:09,2022-07-20 10:36:09,2022-07-20 17:39:11,2022-07-20 10:39:11,-124.35342,47.10118,-124.35526,47.10102,0.9,21.246,NA,274.580743032104,274.580743032104,10.0630670731707,32.0344085365854,1024.66252787963,"","Yes","","","","Low flow meter counts"
"S22","GH",NA,2,1,"0",2022-07-20 20:26:28,2022-07-20 13:26:28,2022-07-20 20:33:16,2022-07-20 13:33:16,-124.54316,47.10153,-124.54597,47.10054,1.1,66.5,NA,192.175526478018,192.175526478018,10.1766683417085,32.2609623115578,1024.90344744504,"","Yes","","","","Low flow meter counts"
"S22","GH",NA,2,4,"0",2022-07-20 20:26:28,2022-07-20 13:26:28,2022-07-20 20:33:16,2022-07-20 13:33:16,-124.54316,47.10153,-124.54597,47.10054,1.1,66.5,NA,761.459625851736,761.459625851736,10.1766683417085,32.2609623115578,1024.90344744504,"","Yes","","","","Low flow meter counts"
"S22","GH",NA,2,1,"2",2022-07-20 20:33:16,2022-07-20 13:33:16,2022-07-20 20:35:12,2022-07-20 13:35:12,-124.54597,47.10053,-124.54654,47.10017,46.5,67.1,NA,20.7107273753709,20.7107273753709,7.52477586206897,33.6274568965517,1026.53455218785,"","Yes","","","","Low flow meter counts"
"S22","GH",NA,2,4,"2",2022-07-20 20:33:16,2022-07-20 13:33:16,2022-07-20 20:35:12,2022-07-20 13:35:12,-124.54597,47.10053,-124.54654,47.10017,46.5,67.1,NA,86.369521359546,86.369521359546,7.52477586206897,33.6274568965517,1026.53455218785,"","Yes","","","","Low flow meter counts"
"S22","GH",NA,2,1,"3",2022-07-20 20:35:12,2022-07-20 13:35:12,2022-07-20 20:39:41,2022-07-20 13:39:41,-124.54654,47.10017,-124.54807,47.09943,22.574,46,NA,104.829453312788,104.829453312788,8.51439776951673,32.5575762081784,1025.43784276757,"","Yes","","","","Low flow meter counts"
"S22","GH",NA,2,4,"3",2022-07-20 20:35:12,2022-07-20 13:35:12,2022-07-20 20:39:41,2022-07-20 13:39:41,-124.54654,47.10017,-124.54807,47.09943,22.574,46,NA,415.567090764044,415.567090764044,8.51439776951673,32.5575762081784,1025.43784276757,"","Yes","","","","Low flow meter counts"
"S22","GH",NA,2,1,"4",2022-07-20 20:39:41,2022-07-20 13:39:41,2022-07-20 20:43:08,2022-07-20 13:43:08,-124.54808,47.09943,-124.54929,47.09884,0.9,22.086,NA,59.1621333586645,59.1621333586645,12.7996368715084,31.1325698324022,1023.4835435814,"","Yes","","","","Low flow meter counts"
"S22","GH",NA,2,4,"4",2022-07-20 20:39:41,2022-07-20 13:39:41,2022-07-20 20:43:08,2022-07-20 13:43:08,-124.54808,47.09943,-124.54929,47.09884,0.9,22.086,NA,237.046018608046,237.046018608046,12.7996368715084,31.1325698324022,1023.4835435814,"","Yes","","","","Low flow meter counts"
"S22","GH",NA,4,1,"0",2022-07-21 22:55:00,2022-07-21 15:55:00,2022-07-21 23:08:21,2022-07-21 16:08:21,-125.20088,47.10143,-125.20302,47.10145,0,96.4,NA,366.884230120919,366.884230120919,7.95,33.378,1026.00739929708,"Yes","Yes","","","","Software outputs begin at 16:02:41 and 17.8 m depth; low flow meter counts"
"S22","GH",NA,4,4,"0",2022-07-21 22:55:00,2022-07-21 15:55:00,2022-07-21 23:08:21,2022-07-21 16:08:21,-125.20088,47.10143,-125.20302,47.10145,0,96.4,NA,1455.2636690407,1455.2636690407,7.95,33.378,1026.00739929708,"Yes","Yes","","","","Software outputs begin at 16:02:41 and 17.8 m depth; low flow meter counts"
"S22","GH",NA,4,1,"1",2022-07-21 23:08:21,2022-07-21 16:08:21,2022-07-21 23:09:55,2022-07-21 16:09:55,-125.20303,47.10145,-125.20379,47.10152,67.235,96.052,NA,42.7573355786309,42.7573355786309,8.222,32.729,1025.45817091056,"","Yes","","","","Low flow meter counts"
"S22","GH",NA,4,4,"1",2022-07-21 23:08:21,2022-07-21 16:08:21,2022-07-21 23:09:55,2022-07-21 16:09:55,-125.20303,47.10145,-125.20379,47.10152,67.235,96.052,NA,171.316688746143,171.316688746143,8.222,32.729,1025.45817091056,"","Yes","","","","Low flow meter counts"
"S22","GH",NA,4,1,"2",2022-07-21 23:09:55,2022-07-21 16:09:55,2022-07-21 23:11:00,2022-07-21 16:11:00,-125.2038,47.10152,-125.20437,47.1016,47.029,66.442,NA,20.7107273753709,20.7107273753709,8.721,32.189,1024.96036338634,"","Yes","","","","Low flow meter counts"
"S22","GH",NA,4,4,"2",2022-07-21 23:09:55,2022-07-21 16:09:55,2022-07-21 23:11:00,2022-07-21 16:11:00,-125.2038,47.10152,-125.20437,47.1016,47.029,66.442,NA,86.369521359546,86.369521359546,8.721,32.189,1024.96036338634,"","Yes","","","","Low flow meter counts"
"S22","GH",NA,4,1,"3",2022-07-21 23:11:00,2022-07-21 16:11:00,2022-07-21 23:12:44,2022-07-21 16:12:44,-125.20438,47.1016,-125.20529,47.10172,25.1,46.8,NA,21.0736169998628,21.0736169998628,10.852,32.027,1024.48709712621,"","Yes","","","","Low flow meter counts"
"S22","GH",NA,4,4,"3",2022-07-21 23:11:00,2022-07-21 16:11:00,2022-07-21 23:12:44,2022-07-21 16:12:44,-125.20438,47.1016,-125.20529,47.10172,25.1,46.8,NA,90.42755979803,90.42755979803,10.852,32.027,1024.48709712621,"","Yes","","","","Low flow meter counts"
"S22","GH",NA,4,1,"4",2022-07-21 23:12:44,2022-07-21 16:12:44,2022-07-21 23:15:18,2022-07-21 16:15:18,-125.20531,47.10172,-125.20647,47.10182,1.1,24.591,NA,52.531684188723,52.531684188723,17.267,31.566,1022.8181967613,"","Yes","","","","Low flow meter counts"
"S22","GH",NA,4,4,"4",2022-07-21 23:12:44,2022-07-21 16:12:44,2022-07-21 23:15:18,2022-07-21 16:15:18,-125.20531,47.10172,-125.20647,47.10182,1.1,24.591,NA,210.477916493629,210.477916493629,17.267,31.566,1022.8181967613,"","Yes","","","","Low flow meter counts"
"S22","GH",NA,3,1,"0",2022-07-22 02:45:17,2022-07-21 19:45:17,2022-07-22 02:55:26,2022-07-21 19:55:26,-124.80667,47.09975,-124.81288,47.09763,3.9,100.7,NA,362.266663473317,362.266663473317,8.86344827586207,32.5845123152709,1025.47200732176,"","Yes","","","","Low flow meter counts"
"S22","GH",NA,3,4,"0",2022-07-22 02:45:17,2022-07-21 19:45:17,2022-07-22 02:55:26,2022-07-21 19:55:26,-124.80667,47.09975,-124.81288,47.09763,3.9,100.7,NA,1427.33858191707,1427.33858191707,8.86344827586207,32.5845123152709,1025.47200732176,"","Yes","","","","Low flow meter counts"
"S22","GH",NA,3,1,"1",2022-07-22 02:55:26,2022-07-21 19:55:26,2022-07-22 02:58:11,2022-07-21 19:58:11,-124.81289,47.09762,-124.81476,47.09706,76.1,99.586,NA,62.1955696721974,62.1955696721974,7.71096794871795,33.5444423076923,1026.57605942435,"","Yes","","","","Low flow meter counts"
"S22","GH",NA,3,4,"1",2022-07-22 02:55:26,2022-07-21 19:55:26,2022-07-22 02:58:11,2022-07-21 19:58:11,-124.81289,47.09762,-124.81476,47.09706,76.1,99.586,NA,249.200548444383,249.200548444383,7.71096794871795,33.5444423076923,1026.57605942435,"","Yes","","","","Low flow meter counts"
"S22","GH",NA,3,1,"2",2022-07-22 02:58:11,2022-07-21 19:58:11,2022-07-22 03:02:03,2022-07-21 20:02:03,-124.81477,47.09705,-124.81732,47.09622,51.3,75.8,NA,104.829453312788,104.829453312788,7.92148275862069,32.9931551724138,1025.9966026878,"","Yes","","","","Low flow meter counts"
"S22","GH",NA,3,4,"2",2022-07-22 02:58:11,2022-07-21 19:58:11,2022-07-22 03:02:03,2022-07-21 20:02:03,-124.81477,47.09705,-124.81732,47.09622,51.3,75.8,NA,415.567090764044,415.567090764044,7.92148275862069,32.9931551724138,1025.9966026878,"","Yes","","","","Low flow meter counts"
"S22","GH",NA,3,1,"3",2022-07-22 03:02:03,2022-07-21 20:02:03,2022-07-22 03:05:24,2022-07-21 20:05:24,-124.81732,47.09621,-124.81929,47.09546,25.8,51.2,NA,71.4266246686315,71.4266246686315,8.62049751243781,32.1680447761194,1025.13972998223,"","Yes","","","","Low flow meter counts"
"S22","GH",NA,3,4,"3",2022-07-22 03:02:03,2022-07-21 20:02:03,2022-07-22 03:05:24,2022-07-21 20:05:24,-124.81732,47.09621,-124.81929,47.09546,25.8,51.2,NA,286.186972516485,286.186972516485,8.62049751243781,32.1680447761194,1025.13972998223,"","Yes","","","","Low flow meter counts"
"S22","GH",NA,3,1,"4",2022-07-22 03:05:24,2022-07-21 20:05:24,2022-07-22 03:09:44,2022-07-21 20:09:44,-124.8193,47.09545,-124.82229,47.09446,1.3,25.779,NA,123.116144068217,123.116144068217,11.0631647509579,31.364754789272,1023.97182301758,"","Yes","","","","Low flow meter counts"
"S22","GH",NA,3,4,"4",2022-07-22 03:05:24,2022-07-21 20:05:24,2022-07-22 03:09:44,2022-07-21 20:09:44,-124.8193,47.09545,-124.82229,47.09446,1.3,25.779,NA,489.612760791368,489.612760791368,11.0631647509579,31.364754789272,1023.97182301758,"","Yes","","","","Low flow meter counts"
"S22","CR",NA,4,1,"0",2022-07-22 15:54:44,2022-07-22 08:54:44,2022-07-22 16:02:36,2022-07-22 09:02:36,-125.15234,46.16906,-125.15573,46.16959,2.043,101.1,NA,309.71026332693,309.71026332693,10.3784025423729,32.4861822033898,1025.13615236115,"","Yes","","","","Low flow meter counts"
"S22","CR",NA,4,4,"0",2022-07-22 15:54:44,2022-07-22 08:54:44,2022-07-22 16:02:36,2022-07-22 09:02:36,-125.15234,46.16906,-125.15573,46.16959,2.043,101.1,NA,1226.11585200373,1226.11585200373,10.3784025423729,32.4861822033898,1025.13615236115,"","Yes","","","","Low flow meter counts"
"S22","CR",NA,4,1,"1",2022-07-22 16:02:36,2022-07-22 09:02:36,2022-07-22 16:09:08,2022-07-22 09:09:08,-125.15574,46.1696,-125.15813,46.16996,75.066,102.3,NA,269.993073095332,269.993073095332,8.65401020408163,33.3530102040816,1026.30572674404,"","Yes","","","","Low flow meter counts"
"S22","CR",NA,4,4,"1",2022-07-22 16:02:36,2022-07-22 09:02:36,2022-07-22 16:09:08,2022-07-22 09:09:08,-125.15574,46.1696,-125.15813,46.16996,75.066,102.3,NA,1065.95324192486,1065.95324192486,8.65401020408163,33.3530102040816,1026.30572674404,"","Yes","","","","Low flow meter counts"
"S22","CR",NA,4,1,"2",2022-07-22 16:09:08,2022-07-22 09:09:08,2022-07-22 16:15:22,2022-07-22 09:15:22,-125.15814,46.16997,-125.16037,46.17018,49.941,74.706,NA,238.384434010597,238.384434010597,8.46712032085562,32.611192513369,1025.62507772526,"","Yes","","","","Low flow meter counts"
"S22","CR",NA,4,4,"2",2022-07-22 16:09:08,2022-07-22 09:09:08,2022-07-22 16:15:22,2022-07-22 09:15:22,-125.15814,46.16997,-125.16037,46.17018,49.941,74.706,NA,945.635770731568,945.635770731568,8.46712032085562,32.611192513369,1025.62507772526,"","Yes","","","","Low flow meter counts"
"S22","CR",NA,4,1,"3",2022-07-22 16:15:22,2022-07-22 09:15:22,2022-07-22 16:20:02,2022-07-22 09:20:02,-125.16037,46.17018,-125.16186,46.17021,26.359,48.241,NA,109.167277077382,109.167277077382,9.73848571428571,32.1142714285714,1024.91326717027,"","Yes","","","","Low flow meter counts"
"S22","CR",NA,4,4,"3",2022-07-22 16:15:22,2022-07-22 09:15:22,2022-07-22 16:20:02,2022-07-22 09:20:02,-125.16037,46.17018,-125.16186,46.17021,26.359,48.241,NA,433.350290202748,433.350290202748,9.73848571428571,32.1142714285714,1024.91326717027,"","Yes","","","","Low flow meter counts"
"S22","CR",NA,4,1,"4",2022-07-22 16:20:02,2022-07-22 09:20:02,2022-07-22 16:24:25,2022-07-22 09:24:25,-125.16186,46.17022,-125.16315,46.17001,1,26.119,NA,64.0290252708536,64.0290252708536,14.3178901515152,31.6086022727273,1023.54897861527,"","Yes","","","","Low flow meter counts"
"S22","CR",NA,4,4,"4",2022-07-22 16:20:02,2022-07-22 09:20:02,2022-07-22 16:24:25,2022-07-22 09:24:25,-125.16186,46.17022,-125.16315,46.17001,1,26.119,NA,256.546714912305,256.546714912305,14.3178901515152,31.6086022727273,1023.54897861527,"","Yes","","","","Low flow meter counts"
"S22","CR",NA,3,1,"0",2022-07-22 21:09:22,2022-07-22 14:09:22,2022-07-22 21:18:37,2022-07-22 14:18:37,-124.70133,46.16727,-124.7046,46.16701,1.2,104.291,NA,297.689713198069,297.689713198069,9.85238918918919,32.5885063063063,1025.31454279263,"","Yes","","","","Low flow meter counts"
"S22","CR",NA,3,4,"0",2022-07-22 21:09:22,2022-07-22 14:09:22,2022-07-22 21:18:37,2022-07-22 14:18:37,-124.70133,46.16727,-124.7046,46.16701,1.2,104.291,NA,1174.36824851497,1174.36824851497,9.85238918918919,32.5885063063063,1025.31454279263,"","Yes","","","","Low flow meter counts"
"S22","CR",NA,3,1,"1",2022-07-22 21:18:37,2022-07-22 14:18:37,2022-07-22 21:22:21,2022-07-22 14:22:21,-124.7046,46.16701,-124.70606,46.16694,64.9,104.8,NA,93.5287048638293,93.5287048638293,7.84842857142857,33.4016294642857,1026.44619388972,"","Yes","","","","Low flow meter counts"
"S22","CR",NA,3,4,"1",2022-07-22 21:18:37,2022-07-22 14:18:37,2022-07-22 21:22:21,2022-07-22 14:22:21,-124.7046,46.16701,-124.70606,46.16694,64.9,104.8,NA,374.74425847149,374.74425847149,7.84842857142857,33.4016294642857,1026.44619388972,"","Yes","","","","Low flow meter counts"
"S22","CR",NA,3,1,"2",2022-07-22 21:22:21,2022-07-22 14:22:21,2022-07-22 21:25:12,2022-07-22 14:25:12,-124.70607,46.16694,-124.70756,46.16715,47.641,63.977,NA,84.0420581232406,84.0420581232406,8.44845614035088,32.7082456140351,1025.66058879801,"","Yes","","","","Low flow meter counts"
"S22","CR",NA,3,4,"2",2022-07-22 21:22:21,2022-07-22 14:22:21,2022-07-22 21:25:12,2022-07-22 14:25:12,-124.70607,46.16694,-124.70756,46.16715,47.641,63.977,NA,336.734150984395,336.734150984395,8.44845614035088,32.7082456140351,1025.66058879801,"","Yes","","","","Low flow meter counts"
"S22","CR",NA,3,1,"3",2022-07-22 21:25:12,2022-07-22 14:25:12,2022-07-22 21:29:18,2022-07-22 14:29:18,-124.70757,46.16715,-124.70958,46.16731,25.3,47.7,NA,141.779293707115,141.779293707115,9.08878861788618,32.2349837398374,1025.12383666081,"","Yes","","","","Low flow meter counts"
"S22","CR",NA,3,4,"3",2022-07-22 21:25:12,2022-07-22 14:25:12,2022-07-22 21:29:18,2022-07-22 14:29:18,-124.70757,46.16715,-124.70958,46.16731,25.3,47.7,NA,566.049091995763,566.049091995763,9.08878861788618,32.2349837398374,1025.12383666081,"","Yes","","","","Low flow meter counts"
"S22","CR",NA,3,1,"4",2022-07-22 21:29:18,2022-07-22 14:29:18,2022-07-22 21:35:01,2022-07-22 14:35:01,-124.70959,46.16731,-124.71272,46.16763,1.2,24.7,NA,244.043262021446,244.043262021446,14.1853197674419,31.3250813953488,1023.35260533279,"","Yes","","","","Low flow meter counts"
"S22","CR",NA,3,4,"4",2022-07-22 21:29:18,2022-07-22 14:29:18,2022-07-22 21:35:01,2022-07-22 14:35:01,-124.70959,46.16731,-124.71272,46.16763,1.2,24.7,NA,972.764188029423,972.764188029423,14.1853197674419,31.3250813953488,1023.35260533279,"","Yes","","","","Low flow meter counts"
"S22","CR",NA,2,1,"0",2022-07-22 23:55:59,2022-07-22 16:55:59,2022-07-23 00:05:10,2022-07-22 17:05:10,-124.31311,46.17046,-124.31962,46.17131,1.1,94.6,NA,320.8756506824,320.8756506824,8.98104761904762,32.0237301587302,1024.97558134721,"","Yes","","","","Low flow meter counts"
"S22","CR",NA,2,4,"0",2022-07-22 23:55:59,2022-07-22 16:55:59,2022-07-23 00:05:10,2022-07-22 17:05:10,-124.31311,46.17046,-124.31962,46.17131,1.1,94.6,NA,1276.27585536686,1276.27585536686,8.98104761904762,32.0237301587302,1024.97558134721,"","Yes","","","","Low flow meter counts"
"S22","CR",NA,2,1,"1",2022-07-23 00:05:10,2022-07-22 17:05:10,2022-07-23 00:07:31,2022-07-22 17:07:31,-124.31963,46.17132,-124.32146,46.17148,74.3,94.3,NA,54.3109102772126,54.3109102772126,7.24040425531915,33.9462836879433,1026.94860661978,"","Yes","","Yes","","Low flow meter counts; M1N1 was wrapped around frame and had small biovolume"
"S22","CR",NA,2,4,"1",2022-07-23 00:05:10,2022-07-22 17:05:10,2022-07-23 00:07:31,2022-07-22 17:07:31,-124.31963,46.17132,-124.32146,46.17148,74.3,94.3,NA,217.60831101244,217.60831101244,7.24040425531915,33.9462836879433,1026.94860661978,"","Yes","","Yes","","Low flow meter counts; M1N1 was wrapped around frame and had small biovolume"
"S22","CR",NA,2,1,"2",2022-07-23 00:07:31,2022-07-22 17:07:31,2022-07-23 00:13:01,2022-07-22 17:13:01,-124.32147,46.17148,-124.32522,46.17178,50.6,73.6,NA,143.803611772074,143.803611772074,7.52303636363636,33.8560242424242,1026.73642898286,"","Yes","","","","Low flow meter counts"
"S22","CR",NA,2,4,"2",2022-07-23 00:07:31,2022-07-22 17:07:31,2022-07-23 00:13:01,2022-07-22 17:13:01,-124.32147,46.17148,-124.32522,46.17178,50.6,73.6,NA,574.132263958401,574.132263958401,7.52303636363636,33.8560242424242,1026.73642898286,"","Yes","","","","Low flow meter counts"
"S22","CR",NA,2,1,"3",2022-07-23 00:13:01,2022-07-22 17:13:01,2022-07-23 00:19:21,2022-07-22 17:19:21,-124.32523,46.17178,-124.32954,46.17221,24.318,50,NA,165.823275601845,165.823275601845,7.86505526315789,33.1893973684211,1026.0306533311,"","Yes","","","","Low flow meter counts"
"S22","CR",NA,2,4,"3",2022-07-23 00:13:01,2022-07-22 17:13:01,2022-07-23 00:19:21,2022-07-22 17:19:21,-124.32523,46.17178,-124.32954,46.17221,24.318,50,NA,662.615493280304,662.615493280304,7.86505526315789,33.1893973684211,1026.0306533311,"","Yes","","","","Low flow meter counts"
"S22","CR",NA,2,1,"4",2022-07-23 00:19:21,2022-07-22 17:19:21,2022-07-23 00:23:54,2022-07-22 17:23:54,-124.32955,46.17221,-124.33259,46.17269,2.347,23.653,NA,122.568460249896,122.568460249896,12.5962481751825,29.6828175182482,1022.39514916222,"","Yes","","","","Low flow meter counts"
"S22","CR",NA,2,4,"4",2022-07-23 00:19:21,2022-07-22 17:19:21,2022-07-23 00:23:54,2022-07-22 17:23:54,-124.32955,46.17221,-124.33259,46.17269,2.347,23.653,NA,488.664765315816,488.664765315816,12.5962481751825,29.6828175182482,1022.39514916222,"","Yes","","","","Low flow meter counts"
"S22","CR",NA,1,1,"0",2022-07-23 04:00:03,2022-07-22 21:00:03,2022-07-23 04:12:40,2022-07-22 21:12:40,-124.12274,46.16514,-124.1312,46.16406,1.1,5.1,NA,383.127589635199,383.127589635199,8.00378017241379,33.2576379310345,1025.98445662301,"","Yes","","","","Low flow meter counts"
"S22","CR",NA,1,4,"0",2022-07-23 04:00:03,2022-07-22 21:00:03,2022-07-23 04:12:40,2022-07-22 21:12:40,-124.12274,46.16514,-124.1312,46.16406,1.1,5.1,NA,1510.20630180614,1510.20630180614,8.00378017241379,33.2576379310345,1025.98445662301,"","Yes","","","","Low flow meter counts"
"S22","CR",NA,1,1,"3",2022-07-23 04:12:40,2022-07-22 21:12:40,2022-07-23 04:15:35,2022-07-22 21:15:35,-124.13121,46.16406,-124.13313,46.1639,25.049,34.151,NA,49.4205513470554,49.4205513470554,7.66286285714286,33.77412,1026.4997180356,"","Yes","","","","Low flow meter counts"
"S22","CR",NA,1,4,"3",2022-07-23 04:12:40,2022-07-22 21:12:40,2022-07-23 04:15:35,2022-07-22 21:15:35,-124.13121,46.16406,-124.13313,46.1639,25.049,34.151,NA,198.014016709302,198.014016709302,7.66286285714286,33.77412,1026.4997180356,"","Yes","","","","Low flow meter counts"
"S22","CR",NA,1,1,"4",2022-07-23 04:15:35,2022-07-22 21:15:35,2022-07-23 04:21:39,2022-07-22 21:21:39,-124.13314,46.16389,-124.13797,46.16374,1.729,25.442,NA,192.448569894858,192.448569894858,8.57116712328767,32.232098630137,1025.06852913862,"","Yes","","","","Low flow meter counts"
"S22","CR",NA,1,4,"4",2022-07-23 04:15:35,2022-07-22 21:15:35,2022-07-23 04:21:39,2022-07-22 21:21:39,-124.13314,46.16389,-124.13797,46.16374,1.729,25.442,NA,762.511005736936,762.511005736936,8.57116712328767,32.232098630137,1025.06852913862,"","Yes","","","","Low flow meter counts"
"S22","CM",NA,4,1,"0",2022-07-23 17:54:04,2022-07-23 10:54:04,2022-07-23 18:03:06,2022-07-23 11:03:06,-125.04695,45.47909,-125.04924,45.48121,1.2,102.9,NA,356.856035359155,356.856035359155,11.5118724202627,32.0093846153846,1024.56003714002,"","Yes","","","","Low flow meter counts"
"S22","CM",NA,4,4,"0",2022-07-23 17:54:04,2022-07-23 10:54:04,2022-07-23 18:03:06,2022-07-23 11:03:06,-125.04695,45.47909,-125.04924,45.48121,1.2,102.9,NA,1403.7959187105,1403.7959187105,11.5118724202627,32.0093846153846,1024.56003714002,"","Yes","","","","Low flow meter counts"
"S22","CM",NA,4,1,"1",2022-07-23 18:03:06,2022-07-23 11:03:06,2022-07-23 18:10:00,2022-07-23 11:10:00,-125.04925,45.48121,-125.05141,45.48262,72.5,103.3,NA,318.966491782665,318.966491782665,8.54554347826087,33.1777874396135,1026.17673693339,"","Yes","","","","Low flow meter counts"
"S22","CM",NA,4,4,"1",2022-07-23 18:03:06,2022-07-23 11:03:06,2022-07-23 18:10:00,2022-07-23 11:10:00,-125.04925,45.48121,-125.05141,45.48262,72.5,103.3,NA,1268.82486587327,1268.82486587327,8.54554347826087,33.1777874396135,1026.17673693339,"","Yes","","","","Low flow meter counts"
"S22","CM",NA,4,1,"2",2022-07-23 18:10:00,2022-07-23 11:10:00,2022-07-23 18:14:21,2022-07-23 11:14:21,-125.05141,45.48263,-125.05285,45.4837,48.363,71.8,NA,177.881075144719,177.881075144719,9.4818122605364,32.3914214559387,1025.27606031887,"","Yes","","","","Low flow meter counts"
"S22","CM",NA,4,4,"2",2022-07-23 18:10:00,2022-07-23 11:10:00,2022-07-23 18:14:21,2022-07-23 11:14:21,-125.05141,45.48263,-125.05285,45.4837,48.363,71.8,NA,701.238412484465,701.238412484465,9.4818122605364,32.3914214559387,1025.27606031887,"","Yes","","","","Low flow meter counts"
"S22","CM",NA,4,1,"3",2022-07-23 18:14:21,2022-07-23 11:14:21,2022-07-23 18:18:05,2022-07-23 11:18:05,-125.05285,45.48371,-125.05404,45.48441,25.4,48,NA,108.002920600229,108.002920600229,12.0433035714286,31.9041205357143,1024.33683067743,"","Yes","","","","Low flow meter counts"
"S22","CM",NA,4,4,"3",2022-07-23 18:14:21,2022-07-23 11:14:21,2022-07-23 18:18:05,2022-07-23 11:18:05,-125.05285,45.48371,-125.05404,45.48441,25.4,48,NA,428.201006039587,428.201006039587,12.0433035714286,31.9041205357143,1024.33683067743,"","Yes","","","","Low flow meter counts"
"S22","CM",NA,4,1,"4",2022-07-23 18:18:05,2022-07-23 11:18:05,2022-07-23 18:22:42,2022-07-23 11:22:42,-125.05405,45.48441,-125.05547,45.48513,1.1,25,NA,126.139642314553,126.139642314553,16.5652230215827,30.1095467625899,1021.91212431574,"","Yes","","","","Low flow meter counts; software outputs contain no indication that net 4 closed, but time of closing is recorded in sampling log"
"S22","CM",NA,4,4,"4",2022-07-23 18:18:05,2022-07-23 11:18:05,2022-07-23 18:22:42,2022-07-23 11:22:42,-125.05405,45.48441,-125.05547,45.48513,1.1,25,NA,505.156846554888,505.156846554888,16.5652230215827,30.1095467625899,1021.91212431574,"","Yes","","","","Low flow meter counts; software outputs contain no indication that net 4 closed, but time of closing is recorded in sampling log"
"S22","CM",NA,3,1,"0",2022-07-23 22:36:04,2022-07-23 15:36:04,2022-07-23 22:45:35,2022-07-23 15:45:35,-124.59655,45.48114,-124.5996,45.48282,1.4,100.459,NA,328.818503321494,328.818503321494,10.7649684763573,31.9366479859895,1024.60384351433,"","Yes","","","","Low flow meter counts"
"S22","CM",NA,3,4,"0",2022-07-23 22:36:04,2022-07-23 15:36:04,2022-07-23 22:45:35,2022-07-23 15:45:35,-124.59655,45.48114,-124.5996,45.48282,1.4,100.459,NA,1294.42609296275,1294.42609296275,10.7649684763573,31.9366479859895,1024.60384351433,"","Yes","","","","Low flow meter counts"
"S22","CM",NA,3,1,"1",2022-07-23 22:45:35,2022-07-23 15:45:35,2022-07-23 22:50:22,2022-07-23 15:50:22,-124.59961,45.48283,-124.60146,45.48358,73.692,101.727,NA,123.285891785982,123.285891785982,7.91166550522648,33.1902020905923,1026.26890371149,"","Yes","","","","Low flow meter counts"
"S22","CM",NA,3,4,"1",2022-07-23 22:45:35,2022-07-23 15:45:35,2022-07-23 22:50:22,2022-07-23 15:50:22,-124.59961,45.48283,-124.60146,45.48358,73.692,101.727,NA,491.099237604949,491.099237604949,7.91166550522648,33.1902020905923,1026.26890371149,"","Yes","","","","Low flow meter counts"
"S22","CM",NA,3,1,"2",2022-07-23 22:50:22,2022-07-23 15:50:22,2022-07-23 22:52:29,2022-07-23 15:52:29,-124.60147,45.48358,-124.6024,45.48395,50.6,72.7,NA,46.4849500249591,46.4849500249591,8.38105511811024,32.5298897637795,1025.55921511407,"","Yes","","","","Low flow meter counts"
"S22","CM",NA,3,4,"2",2022-07-23 22:50:22,2022-07-23 15:50:22,2022-07-23 22:52:29,2022-07-23 15:52:29,-124.60147,45.48358,-124.6024,45.48395,50.6,72.7,NA,186.247538292217,186.247538292217,8.38105511811024,32.5298897637795,1025.55921511407,"","Yes","","","","Low flow meter counts"
"S22","CM",NA,3,1,"3",2022-07-23 22:52:29,2022-07-23 15:52:29,2022-07-23 22:55:36,2022-07-23 15:55:36,-124.60241,45.48395,-124.60395,45.48464,25.273,49.754,NA,86.3877637431291,86.3877637431291,9.87307486631016,32.0461978609626,1024.83473579077,"","Yes","","","","Low flow meter counts"
"S22","CM",NA,3,4,"3",2022-07-23 22:52:29,2022-07-23 15:52:29,2022-07-23 22:55:36,2022-07-23 15:55:36,-124.60241,45.48395,-124.60395,45.48464,25.273,49.754,NA,346.133948749397,346.133948749397,9.87307486631016,32.0461978609626,1024.83473579077,"","Yes","","","","Low flow meter counts"
"S22","CM",NA,3,1,"4",2022-07-23 22:55:36,2022-07-23 15:55:36,2022-07-23 23:01:44,2022-07-23 16:01:44,-124.60396,45.48464,-124.60625,45.48534,1.5,25.163,NA,153.683570442347,153.683570442347,13.8792357723577,31.1729485094851,1023.30424340613,"","Yes","","","","Low flow meter counts"
"S22","CM",NA,3,4,"4",2022-07-23 22:55:36,2022-07-23 15:55:36,2022-07-23 23:01:44,2022-07-23 16:01:44,-124.60396,45.48464,-124.60625,45.48534,1.5,25.163,NA,613.114574420603,613.114574420603,13.8792357723577,31.1729485094851,1023.30424340613,"","Yes","","","","Low flow meter counts"
"S22","CM",NA,2,1,"0",2022-07-24 02:45:40,2022-07-23 19:45:40,2022-07-24 02:59:51,2022-07-23 19:59:51,-124.23106,45.48027,-124.23872,45.47902,1.1,74.965,NA,423.557488719333,423.557488719333,10.7784145299145,31.2888012820513,1024.03976381881,"","Yes","","","","Low flow meter counts"
"S22","CM",NA,2,4,"0",2022-07-24 02:45:40,2022-07-23 19:45:40,2022-07-24 02:59:51,2022-07-23 19:59:51,-124.23106,45.48027,-124.23872,45.47902,1.1,74.965,NA,1644.05776412238,1644.05776412238,10.7784145299145,31.2888012820513,1024.03976381881,"","Yes","","","","Low flow meter counts"
"S22","CM",NA,2,1,"2",2022-07-24 02:59:51,2022-07-23 19:59:51,2022-07-24 03:03:50,2022-07-23 20:03:50,-124.23873,45.47901,-124.2409,45.47868,50.1,73.3,NA,72.1905390343607,72.1905390343607,7.82738075313808,33.4159163179916,1026.32716809,"","Yes","","","","Low flow meter counts"
"S22","CM",NA,2,4,"2",2022-07-24 02:59:51,2022-07-23 19:59:51,2022-07-24 03:03:50,2022-07-23 20:03:50,-124.23873,45.47901,-124.2409,45.47868,50.1,73.3,NA,289.248121470318,289.248121470318,7.82738075313808,33.4159163179916,1026.32716809,"","Yes","","","","Low flow meter counts"
"S22","CM",NA,2,1,"3",2022-07-24 03:03:50,2022-07-23 20:03:50,2022-07-24 03:08:21,2022-07-23 20:08:21,-124.24091,45.47868,-124.24369,45.47845,24.441,49.659,NA,100.758741738808,100.758741738808,8.43691143911439,32.5152361623616,1025.42068378957,"","Yes","","","","Low flow meter counts"
"S22","CM",NA,2,4,"3",2022-07-24 03:03:50,2022-07-23 20:03:50,2022-07-24 03:08:21,2022-07-23 20:08:21,-124.24091,45.47868,-124.24369,45.47845,24.441,49.659,NA,403.221069955333,403.221069955333,8.43691143911439,32.5152361623616,1025.42068378957,"","Yes","","","","Low flow meter counts"
"S22","CM",NA,2,1,"4",2022-07-24 03:08:21,2022-07-23 20:08:21,2022-07-24 03:12:46,2022-07-23 20:12:46,-124.2437,45.47845,-124.24614,45.47802,1.262,24.269,NA,68.721492587564,68.721492587564,10.828962406015,31.3966466165414,1024.03889577171,"","Yes","","","","Low flow meter counts"
"S22","CM",NA,2,4,"4",2022-07-24 03:08:21,2022-07-23 20:08:21,2022-07-24 03:12:46,2022-07-23 20:12:46,-124.2437,45.47845,-124.24614,45.47802,1.262,24.269,NA,275.348152469687,275.348152469687,10.828962406015,31.3966466165414,1024.03889577171,"","Yes","","","","Low flow meter counts"
"S22","CM",NA,1,1,"0",2022-07-24 05:59:07,2022-07-23 22:59:07,2022-07-24 06:07:49,2022-07-23 23:07:49,-124.03524,45.47876,-124.03887,45.47961,1.3,48.4,NA,280.362332040018,280.362332040018,8.45915076335878,33.1775877862595,1025.89091423356,"","Yes","","","","Low flow meter counts"
"S22","CM",NA,1,4,"0",2022-07-24 05:59:07,2022-07-23 22:59:07,2022-07-24 06:07:49,2022-07-23 23:07:49,-124.03524,45.47876,-124.03887,45.47961,1.3,48.4,NA,1106.30089818432,1106.30089818432,8.45915076335878,33.1775877862595,1025.89091423356,"","Yes","","","","Low flow meter counts"
"S22","CM",NA,1,1,"3",2022-07-24 06:07:49,2022-07-23 23:07:49,2022-07-24 06:11:11,2022-07-23 23:11:11,-124.03888,45.47961,-124.04048,45.48023,25.9,49.7,NA,64.0290252708536,64.0290252708536,7.79806435643564,33.8002178217822,1026.54423030303,"","Yes","","","","Low flow meter counts"
"S22","CM",NA,1,4,"3",2022-07-24 06:07:49,2022-07-23 23:07:49,2022-07-24 06:11:11,2022-07-23 23:11:11,-124.03888,45.47961,-124.04048,45.48023,25.9,49.7,NA,256.546714912305,256.546714912305,7.79806435643564,33.8002178217822,1026.54423030303,"","Yes","","","","Low flow meter counts"
"S22","CM",NA,1,1,"4",2022-07-24 06:11:11,2022-07-23 23:11:11,2022-07-24 06:15:42,2022-07-23 23:15:42,-124.04049,45.48023,-124.04282,45.48115,0.943,26,NA,125.87797659699,125.87797659699,8.98919117647059,32.8359080882353,1025.48369551724,"","Yes","","","","Low flow meter counts"
"S22","CM",NA,1,4,"4",2022-07-24 06:11:11,2022-07-23 23:11:11,2022-07-24 06:15:42,2022-07-23 23:15:42,-124.04049,45.48023,-124.04282,45.48115,0.943,26,NA,503.020271139775,503.020271139775,8.98919117647059,32.8359080882353,1025.48369551724,"","Yes","","","","Low flow meter counts"
"S22","NH",NA,6,1,"0",2022-07-25 17:03:51,2022-07-25 10:03:51,2022-07-25 17:13:11,2022-07-25 10:13:11,-125.82903,44.65848,-125.83307,44.6606,1.2,101.3,NA,376.2798464633,376.2798464633,11.2897109090909,32.01172,1024.59442436114,"","Yes","","","","Low flow meter counts"
"S22","NH",NA,6,4,"0",2022-07-25 17:03:51,2022-07-25 10:03:51,2022-07-25 17:13:11,2022-07-25 10:13:11,-125.82903,44.65848,-125.83307,44.6606,1.2,101.3,NA,1486.61738803744,1486.61738803744,11.2897109090909,32.01172,1024.59442436114,"","Yes","","","","Low flow meter counts"
"S22","NH",NA,6,1,"1",2022-07-25 17:13:11,2022-07-25 10:13:11,2022-07-25 17:17:43,2022-07-25 10:17:43,-125.83307,44.6606,-125.83515,44.66125,73.986,101.8,NA,109.167277077382,109.167277077382,8.61088235294118,33.0697463235294,1026.07688438427,"","Yes","","","","Low flow meter counts"
"S22","NH",NA,6,4,"1",2022-07-25 17:13:11,2022-07-25 10:13:11,2022-07-25 17:17:43,2022-07-25 10:17:43,-125.83307,44.6606,-125.83515,44.66125,73.986,101.8,NA,433.350290202748,433.350290202748,8.61088235294118,33.0697463235294,1026.07688438427,"","Yes","","","","Low flow meter counts"
"S22","NH",NA,6,1,"2",2022-07-25 17:17:43,2022-07-25 10:17:43,2022-07-25 17:19:57,2022-07-25 10:19:57,-125.83515,44.66125,-125.83613,44.66192,49.4,73.7,NA,64.0290252708536,64.0290252708536,9.17862686567164,32.349171641791,1025.30012928392,"","Yes","","","","Low flow meter counts"
"S22","NH",NA,6,4,"2",2022-07-25 17:17:43,2022-07-25 10:17:43,2022-07-25 17:19:57,2022-07-25 10:19:57,-125.83515,44.66125,-125.83613,44.66192,49.4,73.7,NA,256.546714912305,256.546714912305,9.17862686567164,32.349171641791,1025.30012928392,"","Yes","","","","Low flow meter counts"
"S22","NH",NA,6,1,"3",2022-07-25 17:19:57,2022-07-25 10:19:57,2022-07-25 17:24:27,2022-07-25 10:24:27,-125.83614,44.66193,-125.83795,44.66258,24.8,48.622,NA,109.715749236235,109.715749236235,11.568937037037,32.1216074074074,1024.61175052791,"","Yes","","","","Low flow meter counts"
"S22","NH",NA,6,4,"3",2022-07-25 17:19:57,2022-07-25 10:19:57,2022-07-25 17:24:27,2022-07-25 10:24:27,-125.83614,44.66193,-125.83795,44.66258,24.8,48.622,NA,434.585421079281,434.585421079281,11.568937037037,32.1216074074074,1024.61175052791,"","Yes","","","","Low flow meter counts"
"S22","NH",NA,6,1,"4",2022-07-25 17:24:27,2022-07-25 10:24:27,2022-07-25 17:28:46,2022-07-25 10:28:46,-125.83795,44.66259,-125.83996,44.66351,0,24.5,NA,118.18518345215,118.18518345215,16.517704,29.926584,1021.77610450948,"Yes","Yes","","","","Low flow meter counts; net 4 software outputs are missing for about 30 seconds, during which values in net column switch from 4 to 5, although sampling log indicates that net 4 was closed later than this; sampling log times are off by about a minute, so I didn't try to use them to correct volume sampled; value in maximum_depth_m_from_sampling_log is actually from software outputs"
"S22","NH",NA,6,4,"4",2022-07-25 17:24:27,2022-07-25 10:24:27,2022-07-25 17:28:46,2022-07-25 10:28:46,-125.83795,44.66259,-125.83996,44.66351,0,24.5,NA,471.240852363858,471.240852363858,16.517704,29.926584,1021.77610450948,"Yes","Yes","","","","Low flow meter counts; net 4 software outputs are missing for about 30 seconds, during which values in net column switch from 4 to 5, although sampling log indicates that net 4 was closed later than this; sampling log times are off by about a minute, so I didn't try to use them to correct volume sampled; value in maximum_depth_m_from_sampling_log is actually from software outputs"
"S22","NH",NA,5,1,"0",2022-07-25 21:31:12,2022-07-25 14:31:12,2022-07-25 21:39:36,2022-07-25 14:39:36,-125.395,44.64974,-125.39922,44.65141,1.3,101.5,NA,297.689713198069,297.689713198069,11.4623273809524,31.9549662698413,1024.47722037994,"","Yes","","","","Low flow meter counts"
"S22","NH",NA,5,4,"0",2022-07-25 21:31:12,2022-07-25 14:31:12,2022-07-25 21:39:36,2022-07-25 14:39:36,-125.395,44.64974,-125.39922,44.65141,1.3,101.5,NA,1174.36824851497,1174.36824851497,11.4623273809524,31.9549662698413,1024.47722037994,"","Yes","","","","Low flow meter counts"
"S22","NH",NA,5,1,"1",2022-07-25 21:39:36,2022-07-25 14:39:36,2022-07-25 21:42:37,2022-07-25 14:42:37,-125.39923,44.65142,-125.40065,44.65221,75.7,100.739,NA,82.3219767208673,82.3219767208673,8.30050828729282,33.3309889502762,1026.31708167565,"","Yes","","","","Low flow meter counts"
"S22","NH",NA,5,4,"1",2022-07-25 21:39:36,2022-07-25 14:39:36,2022-07-25 21:42:37,2022-07-25 14:42:37,-125.39923,44.65142,-125.40065,44.65221,75.7,100.739,NA,329.84532619995,329.84532619995,8.30050828729282,33.3309889502762,1026.31708167565,"","Yes","","","","Low flow meter counts"
"S22","NH",NA,5,1,"2",2022-07-25 21:42:37,2022-07-25 14:42:37,2022-07-25 21:48:28,2022-07-25 14:48:28,-125.40065,44.65221,-125.40346,44.65401,50.201,76.3,NA,269.993073095332,269.993073095332,9.09887179487179,32.6707293447293,1025.55876662038,"","Yes","","","","Low flow meter counts"
"S22","NH",NA,5,4,"2",2022-07-25 21:42:37,2022-07-25 14:42:37,2022-07-25 21:48:28,2022-07-25 14:48:28,-125.40065,44.65221,-125.40346,44.65401,50.201,76.3,NA,1064.52039695227,1064.52039695227,9.09887179487179,32.6707293447293,1025.55876662038,"","Yes","","","","Low flow meter counts"
"S22","NH",NA,5,1,"3",2022-07-25 21:48:28,2022-07-25 14:48:28,2022-07-25 21:54:03,2022-07-25 14:54:03,-125.40347,44.65402,-125.40585,44.65553,25.5,49.6,NA,245.368244439537,245.368244439537,10.4292149253731,32.1093582089552,1024.79030003481,"","Yes","","","","Low flow meter counts"
"S22","NH",NA,5,4,"3",2022-07-25 21:48:28,2022-07-25 14:48:28,2022-07-25 21:54:03,2022-07-25 14:54:03,-125.40347,44.65402,-125.40585,44.65553,25.5,49.6,NA,975.038626193915,975.038626193915,10.4292149253731,32.1093582089552,1024.79030003481,"","Yes","","","","Low flow meter counts"
"S22","NH",NA,5,1,"4",2022-07-25 21:54:03,2022-07-25 14:54:03,2022-07-25 21:58:41,2022-07-25 14:58:41,-125.40586,44.65553,-125.408,44.65667,1.313,25.2,NA,125.332375576315,125.332375576315,13.9820155642023,30.9498521400778,1023.12119977856,"","Yes","","","","Low flow meter counts"
"S22","NH",NA,5,4,"4",2022-07-25 21:54:03,2022-07-25 14:54:03,2022-07-25 21:58:41,2022-07-25 14:58:41,-125.40586,44.65553,-125.408,44.65667,1.313,25.2,NA,500.42426047278,500.42426047278,13.9820155642023,30.9498521400778,1023.12119977856,"","Yes","","","","Low flow meter counts"
"S22","NH",NA,4,1,"0",2022-07-26 01:30:42,2022-07-25 18:30:42,2022-07-26 01:42:02,2022-07-25 18:42:02,-124.95663,44.65229,-124.96066,44.65597,1.518,98.841,NA,440.934699823837,440.934699823837,9.88041617647059,32.4329617647059,1025.18690262338,"","Yes","","","","Low flow meter counts"
"S22","NH",NA,4,4,"0",2022-07-26 01:30:42,2022-07-25 18:30:42,2022-07-26 01:42:02,2022-07-25 18:42:02,-124.95663,44.65229,-124.96066,44.65597,1.518,98.841,NA,1718.20005168571,1718.20005168571,9.88041617647059,32.4329617647059,1025.18690262338,"","Yes","","","","Low flow meter counts"
"S22","NH",NA,4,1,"1",2022-07-26 01:42:02,2022-07-25 18:42:02,2022-07-26 01:46:12,2022-07-25 18:46:12,-124.96067,44.65597,-124.96267,44.65704,75.4,102.5,NA,117.131589695447,117.131589695447,8.279972,33.583524,1026.55258510162,"","Yes","","","","Low flow meter counts"
"S22","NH",NA,4,4,"1",2022-07-26 01:42:02,2022-07-25 18:42:02,2022-07-26 01:46:12,2022-07-25 18:46:12,-124.96067,44.65597,-124.96267,44.65704,75.4,102.5,NA,467.577542114355,467.577542114355,8.279972,33.583524,1026.55258510162,"","Yes","","","","Low flow meter counts"
"S22","NH",NA,4,1,"2",2022-07-26 01:46:12,2022-07-25 18:46:12,2022-07-26 01:49:09,2022-07-25 18:49:09,-124.96268,44.65705,-124.96421,44.65808,51.5,74.947,NA,75.5740412333713,75.5740412333713,8.47263276836158,32.8872598870056,1025.82996686306,"","Yes","","","","Low flow meter counts"
"S22","NH",NA,4,4,"2",2022-07-26 01:46:12,2022-07-25 18:46:12,2022-07-26 01:49:09,2022-07-25 18:49:09,-124.96268,44.65705,-124.96421,44.65808,51.5,74.947,NA,302.805345809914,302.805345809914,8.47263276836158,32.8872598870056,1025.82996686306,"","Yes","","","","Low flow meter counts"
"S22","NH",NA,4,1,"3",2022-07-26 01:49:09,2022-07-25 18:49:09,2022-07-26 01:54:50,2022-07-25 18:54:50,-124.96422,44.65809,-124.9672,44.65962,25.9,50.6,NA,191.908028001997,191.908028001997,9.19854838709677,32.1561143695015,1025.03647549401,"","Yes","","","","Low flow meter counts"
"S22","NH",NA,4,4,"3",2022-07-26 01:49:09,2022-07-25 18:49:09,2022-07-26 01:54:50,2022-07-25 18:54:50,-124.96422,44.65809,-124.9672,44.65962,25.9,50.6,NA,759.713133023803,759.713133023803,9.19854838709677,32.1561143695015,1025.03647549401,"","Yes","","","","Low flow meter counts"
"S22","NH",NA,4,1,"4",2022-07-26 01:54:50,2022-07-25 18:54:50,2022-07-26 01:59:14,2022-07-25 18:59:14,-124.96721,44.65963,-124.96947,44.66111,1.4,25.513,NA,173.587875022355,173.587875022355,14.8921396226415,30.9238037735849,1022.89212249011,"","Yes","","","","Low flow meter counts"
"S22","NH",NA,4,4,"4",2022-07-26 01:54:50,2022-07-25 18:54:50,2022-07-26 01:59:14,2022-07-25 18:59:14,-124.96721,44.65963,-124.96947,44.66111,1.4,25.513,NA,690.948367389458,690.948367389458,14.8921396226415,30.9238037735849,1022.89212249011,"","Yes","","","","Low flow meter counts"
"S22","NH",NA,1,1,"0",2022-07-26 14:02:29,2022-07-26 07:02:29,2022-07-26 14:06:46,2022-07-26 07:06:46,-124.12781,44.65339,-124.12964,44.65446,2.013,25.287,NA,93.5287048638293,93.5287048638293,7.78683657587549,33.8366070038911,1026.45270426326,"","Yes","","","","Low flow meter counts"
"S22","NH",NA,1,4,"0",2022-07-26 14:02:29,2022-07-26 07:02:29,2022-07-26 14:06:46,2022-07-26 07:06:46,-124.12781,44.65339,-124.12964,44.65446,2.013,25.287,NA,374.74425847149,374.74425847149,7.78683657587549,33.8366070038911,1026.45270426326,"","Yes","","","","Low flow meter counts"
"S22","NH",NA,1,1,"4",2022-07-26 14:06:46,2022-07-26 07:06:46,2022-07-26 14:14:41,2022-07-26 07:14:41,-124.12965,44.65446,-124.13333,44.65677,1,24.247,NA,337.561003766455,337.561003766455,7.90545798319328,33.7973508403361,1026.38447641473,"","Yes","","","","Low flow meter counts"
"S22","NH",NA,1,4,"4",2022-07-26 14:06:46,2022-07-26 07:06:46,2022-07-26 14:14:41,2022-07-26 07:14:41,-124.12965,44.65446,-124.13333,44.65677,1,24.247,NA,1326.23205715614,1326.23205715614,7.90545798319328,33.7973508403361,1026.38447641473,"","Yes","","","","Low flow meter counts"
"S22","NH",NA,2,1,"0",2022-07-26 16:32:29,2022-07-26 09:32:29,2022-07-26 16:39:13,2022-07-26 09:39:13,-124.31682,44.65299,-124.32019,44.65465,1.4,73.6,NA,224.025525587975,224.025525587975,8.19995297029703,33.5180816831683,1026.23854394157,"","Yes","","","","Low flow meter counts"
"S22","NH",NA,2,4,"0",2022-07-26 16:32:29,2022-07-26 09:32:29,2022-07-26 16:39:13,2022-07-26 09:39:13,-124.31682,44.65299,-124.32019,44.65465,1.4,73.6,NA,894.765870040723,894.765870040723,8.19995297029703,33.5180816831683,1026.23854394157,"","Yes","","","","Low flow meter counts"
"S22","NH",NA,2,1,"2",2022-07-26 16:39:13,2022-07-26 09:39:13,2022-07-26 16:42:27,2022-07-26 09:42:27,-124.3202,44.65465,-124.32191,44.65545,49.974,73.6,NA,84.3362712854135,84.3362712854135,7.69262755102041,33.8324285714286,1026.67741092938,"","Yes","","","","Low flow meter counts"
"S22","NH",NA,2,4,"2",2022-07-26 16:39:13,2022-07-26 09:39:13,2022-07-26 16:42:27,2022-07-26 09:42:27,-124.3202,44.65465,-124.32191,44.65545,49.974,73.6,NA,337.912322516306,337.912322516306,7.69262755102041,33.8324285714286,1026.67741092938,"","Yes","","","","Low flow meter counts"
"S22","NH",NA,2,1,"3",2022-07-26 16:42:27,2022-07-26 09:42:27,2022-07-26 16:49:52,2022-07-26 09:49:52,-124.32192,44.65545,-124.32525,44.65704,23.3,49.2,NA,330.058373814821,330.058373814821,8.06074606741573,33.5810831460674,1026.34470744383,"","Yes","","","","Low flow meter counts"
"S22","NH",NA,2,4,"3",2022-07-26 16:42:27,2022-07-26 09:42:27,2022-07-26 16:49:52,2022-07-26 09:49:52,-124.32192,44.65545,-124.32525,44.65704,23.3,49.2,NA,1308.68717909903,1308.68717909903,8.06074606741573,33.5810831460674,1026.34470744383,"","Yes","","","","Low flow meter counts"
"S22","NH",NA,2,1,"4",2022-07-26 16:49:52,2022-07-26 09:49:52,2022-07-26 16:58:05,2022-07-26 09:58:05,-124.32526,44.65704,-124.32907,44.65867,1.2,22.9,NA,329.894551962718,329.894551962718,9.48031174089069,33.0250141700405,1025.54093520819,"","Yes","","","","Low flow meter counts"
"S22","NH",NA,2,4,"4",2022-07-26 16:49:52,2022-07-26 09:49:52,2022-07-26 16:58:05,2022-07-26 09:58:05,-124.32526,44.65704,-124.32907,44.65867,1.2,22.9,NA,1302.9779972483,1302.9779972483,9.48031174089069,33.0250141700405,1025.54093520819,"","Yes","","","","Low flow meter counts"
"S22","NH",NA,3,1,"0",2022-07-26 19:34:12,2022-07-26 12:34:12,2022-07-26 19:53:13,2022-07-26 12:53:13,-124.56822,44.64962,-124.57923,44.64912,0.7,100.6,NA,459.760807186612,459.760807186612,9.88369911504425,32.0992271386431,1024.85301426368,"","Yes","","","","Low flow meter counts"
"S22","NH",NA,3,4,"0",2022-07-26 19:34:12,2022-07-26 12:34:12,2022-07-26 19:53:13,2022-07-26 12:53:13,-124.56822,44.64962,-124.57923,44.64912,0.7,100.6,NA,1786.45914048715,1786.45914048715,9.88369911504425,32.0992271386431,1024.85301426368,"","Yes","","","","Low flow meter counts"
"S22","NH",NA,3,1,"1",2022-07-26 19:53:13,2022-07-26 12:53:13,2022-07-26 20:01:51,2022-07-26 13:01:51,-124.57924,44.64912,-124.58481,44.64877,75.7,100.9,NA,288.280196564968,288.280196564968,7.70621428571429,33.7677644787645,1026.76951246827,"","Yes","","","","Low flow meter counts"
"S22","NH",NA,3,4,"1",2022-07-26 19:53:13,2022-07-26 12:53:13,2022-07-26 20:01:51,2022-07-26 13:01:51,-124.57924,44.64912,-124.58481,44.64877,75.7,100.9,NA,1135.82945661252,1135.82945661252,7.70621428571429,33.7677644787645,1026.76951246827,"","Yes","","","","Low flow meter counts"
"S22","NH",NA,3,1,"2",2022-07-26 20:01:51,2022-07-26 13:01:51,2022-07-26 20:06:14,2022-07-26 13:06:14,-124.58482,44.64877,-124.58791,44.64878,47.85,75.55,NA,109.167277077382,109.167277077382,8.13636501901141,33.3433041825095,1026.2499309828,"","Yes","","","","Low flow meter counts"
"S22","NH",NA,3,4,"2",2022-07-26 20:01:51,2022-07-26 13:01:51,2022-07-26 20:06:14,2022-07-26 13:06:14,-124.58482,44.64877,-124.58791,44.64878,47.85,75.55,NA,433.350290202748,433.350290202748,8.13636501901141,33.3433041825095,1026.2499309828,"","Yes","","","","Low flow meter counts"
"S22","NH",NA,3,1,"3",2022-07-26 20:06:14,2022-07-26 13:06:14,2022-07-26 20:09:44,2022-07-26 13:09:44,-124.58792,44.64878,-124.59062,44.64891,25.6,46.6,NA,63.1857643557687,63.1857643557687,8.17533809523809,32.6435714285714,1025.55784683536,"","Yes","","","","Low flow meter counts"
"S22","NH",NA,3,4,"3",2022-07-26 20:06:14,2022-07-26 13:06:14,2022-07-26 20:09:44,2022-07-26 13:09:44,-124.58792,44.64878,-124.59062,44.64891,25.6,46.6,NA,253.167959559858,253.167959559858,8.17533809523809,32.6435714285714,1025.55784683536,"","Yes","","","","Low flow meter counts"
"S22","NH",NA,3,1,"4",2022-07-26 20:09:44,2022-07-26 13:09:44,2022-07-26 20:17:21,2022-07-26 13:17:21,-124.59063,44.64891,-124.59613,44.64903,1.415,26.2,NA,259.524201981105,259.524201981105,9.82852620087336,32.0476419213974,1024.74016239445,"","Yes","","","","Low flow meter counts"
"S22","NH",NA,3,4,"4",2022-07-26 20:09:44,2022-07-26 13:09:44,2022-07-26 20:17:21,2022-07-26 13:17:21,-124.59063,44.64891,-124.59613,44.64903,1.415,26.2,NA,1031.47301663662,1031.47301663662,9.82852620087336,32.0476419213974,1024.74016239445,"","Yes","","","","Low flow meter counts"
"S22","HH",NA,1,1,"0",2022-07-27 01:49:19,2022-07-26 18:49:19,2022-07-27 01:56:56,2022-07-26 18:56:56,-124.1854,43.99216,-124.18936,43.99431,1.3,33.5,NA,299.749863125251,299.749863125251,8.40803263403263,33.6090303030303,1026.19906881353,"","Yes","","","","Low flow meter counts"
"S22","HH",NA,1,4,"0",2022-07-27 01:49:19,2022-07-26 18:49:19,2022-07-27 01:56:56,2022-07-26 18:56:56,-124.1854,43.99216,-124.18936,43.99431,1.3,33.5,NA,1187.9238780837,1187.9238780837,8.40803263403263,33.6090303030303,1026.19906881353,"","Yes","","","","Low flow meter counts"
"S22","HH",NA,1,1,"3",2022-07-27 01:56:56,2022-07-26 18:56:56,2022-07-27 01:58:35,2022-07-26 18:58:35,-124.18936,43.99431,-124.19027,43.99475,27.297,33.906,NA,20.7107273753709,20.7107273753709,8.10086138613861,33.7944455445545,1026.45061655077,"","Yes","","","","Low flow meter counts"
"S22","HH",NA,1,4,"3",2022-07-27 01:56:56,2022-07-26 18:56:56,2022-07-27 01:58:35,2022-07-26 18:58:35,-124.18936,43.99431,-124.19027,43.99475,27.297,33.906,NA,86.369521359546,86.369521359546,8.10086138613861,33.7944455445545,1026.45061655077,"","Yes","","","","Low flow meter counts"
"S22","HH",NA,1,1,"4",2022-07-27 01:58:35,2022-07-26 18:58:35,2022-07-27 02:06:03,2022-07-26 19:06:03,-124.19028,43.99475,-124.19454,43.99666,1.4,28,NA,301.425166611244,301.425166611244,8.3320868596882,33.738706013363,1026.30823777911,"","Yes","","","","Low flow meter counts"
"S22","HH",NA,1,4,"4",2022-07-27 01:58:35,2022-07-26 18:58:35,2022-07-27 02:06:03,2022-07-26 19:06:03,-124.19028,43.99475,-124.19454,43.99666,1.4,28,NA,1194.04013232769,1194.04013232769,8.3320868596882,33.738706013363,1026.30823777911,"","Yes","","","","Low flow meter counts"
"S22","HH",NA,4,1,"0",2022-07-27 13:40:15,2022-07-27 06:40:15,2022-07-27 13:48:47,2022-07-27 06:48:47,-125.18976,43.98814,-125.19434,43.99013,1.2,101.8,NA,311.804165730757,311.804165730757,9.97812109375,32.607662109375,1025.27261921457,"","Yes","","","","Low flow meter counts"
"S22","HH",NA,4,4,"0",2022-07-27 13:40:15,2022-07-27 06:40:15,2022-07-27 13:48:47,2022-07-27 06:48:47,-125.18976,43.98814,-125.19434,43.99013,1.2,101.8,NA,1242.38429943459,1242.38429943459,9.97812109375,32.607662109375,1025.27261921457,"","Yes","","","","Low flow meter counts"
"S22","HH",NA,4,1,"1",2022-07-27 13:48:47,2022-07-27 06:48:47,2022-07-27 13:54:57,2022-07-27 06:54:57,-125.19435,43.99013,-125.19727,43.99145,72.1,102.4,NA,275.149036238317,275.149036238317,8.15425945945946,33.6915432432432,1026.65208561654,"","Yes","","","","Low flow meter counts"
"S22","HH",NA,4,4,"1",2022-07-27 13:48:47,2022-07-27 06:48:47,2022-07-27 13:54:57,2022-07-27 06:54:57,-125.19435,43.99013,-125.19727,43.99145,72.1,102.4,NA,1084.91989994911,1084.91989994911,8.15425945945946,33.6915432432432,1026.65208561654,"","Yes","","","","Low flow meter counts"
"S22","HH",NA,4,1,"2",2022-07-27 13:54:57,2022-07-27 06:54:57,2022-07-27 14:01:22,2022-07-27 07:01:22,-125.19728,43.99146,-125.20026,43.99273,51.169,70.162,NA,256.449289307821,256.449289307821,8.36001038961039,33.0476805194805,1025.96585997086,"","Yes","","","","Low flow meter counts"
"S22","HH",NA,4,4,"2",2022-07-27 13:54:57,2022-07-27 06:54:57,2022-07-27 14:01:22,2022-07-27 07:01:22,-125.19728,43.99146,-125.20026,43.99273,51.169,70.162,NA,1015.89888796899,1015.89888796899,8.36001038961039,33.0476805194805,1025.96585997086,"","Yes","","","","Low flow meter counts"
"S22","HH",NA,4,1,"3",2022-07-27 14:01:22,2022-07-27 07:01:22,2022-07-27 14:06:22,2022-07-27 07:06:22,-125.20027,43.99273,-125.20249,43.99362,25.699,50.301,NA,191.908028001997,191.908028001997,8.90852,32.3609033333333,1025.24166343464,"","Yes","","","","Low flow meter counts"
"S22","HH",NA,4,4,"3",2022-07-27 14:01:22,2022-07-27 07:01:22,2022-07-27 14:06:22,2022-07-27 07:06:22,-125.20027,43.99273,-125.20249,43.99362,25.699,50.301,NA,759.713133023803,759.713133023803,8.90852,32.3609033333333,1025.24166343464,"","Yes","","","","Low flow meter counts"
"S22","HH",NA,4,1,"4",2022-07-27 14:06:22,2022-07-27 07:06:22,2022-07-27 14:12:42,2022-07-27 07:12:42,-125.2025,43.99363,-125.20565,43.99483,1.1,26.4,NA,241.978402152298,241.978402152298,12.4555984251969,31.650280839895,1023.94749202365,"","Yes","","","","Low flow meter counts"
"S22","HH",NA,4,4,"4",2022-07-27 14:06:22,2022-07-27 07:06:22,2022-07-27 14:12:42,2022-07-27 07:12:42,-125.2025,43.99363,-125.20565,43.99483,1.1,26.4,NA,951.059769149803,951.059769149803,12.4555984251969,31.650280839895,1023.94749202365,"","Yes","","","","Low flow meter counts"
"S22","HH",NA,3,1,"0",2022-07-27 17:44:18,2022-07-27 10:44:18,2022-07-27 17:59:54,2022-07-27 10:59:54,-124.74566,43.99081,-124.75395,43.99419,3.4,100.1,NA,459.760807186612,459.760807186612,8.54420299145299,33.3687777777778,1026.12919651834,"","Yes","","","","Low flow meter counts"
"S22","HH",NA,3,4,"0",2022-07-27 17:44:18,2022-07-27 10:44:18,2022-07-27 17:59:54,2022-07-27 10:59:54,-124.74566,43.99081,-124.75395,43.99419,3.4,100.1,NA,1786.45914048715,1786.45914048715,8.54420299145299,33.3687777777778,1026.12919651834,"","Yes","","","","Low flow meter counts"
"S22","HH",NA,3,1,"1",2022-07-27 17:59:54,2022-07-27 10:59:54,2022-07-27 18:05:19,2022-07-27 11:05:19,-124.75396,43.99419,-124.75694,43.99488,74.7,99.6,NA,177.881075144719,177.881075144719,7.49722769230769,33.9229353846154,1026.90870322709,"","Yes","","","","Low flow meter counts"
"S22","HH",NA,3,4,"1",2022-07-27 17:59:54,2022-07-27 10:59:54,2022-07-27 18:05:19,2022-07-27 11:05:19,-124.75396,43.99419,-124.75694,43.99488,74.7,99.6,NA,701.238412484465,701.238412484465,7.49722769230769,33.9229353846154,1026.90870322709,"","Yes","","","","Low flow meter counts"
"S22","HH",NA,3,1,"2",2022-07-27 18:05:19,2022-07-27 11:05:19,2022-07-27 18:08:56,2022-07-27 11:08:56,-124.75696,43.99488,-124.75898,43.99536,49.1,74.4,NA,75.5740412333713,75.5740412333713,7.68778341013825,33.7649078341014,1026.64107747498,"","Yes","","","","Low flow meter counts"
"S22","HH",NA,3,4,"2",2022-07-27 18:05:19,2022-07-27 11:05:19,2022-07-27 18:08:56,2022-07-27 11:08:56,-124.75696,43.99488,-124.75898,43.99536,49.1,74.4,NA,302.805345809914,302.805345809914,7.68778341013825,33.7649078341014,1026.64107747498,"","Yes","","","","Low flow meter counts"
"S22","HH",NA,3,1,"3",2022-07-27 18:08:56,2022-07-27 11:08:56,2022-07-27 18:11:45,2022-07-27 11:11:45,-124.75899,43.99536,-124.76069,43.99587,24.437,47.9,NA,62.1955696721974,62.1955696721974,8.12292307692308,33.2790355029586,1026.06690144834,"","Yes","","","","Low flow meter counts"
"S22","HH",NA,3,4,"3",2022-07-27 18:08:56,2022-07-27 11:08:56,2022-07-27 18:11:45,2022-07-27 11:11:45,-124.75899,43.99536,-124.76069,43.99587,24.437,47.9,NA,249.200548444383,249.200548444383,8.12292307692308,33.2790355029586,1026.06690144834,"","Yes","","","","Low flow meter counts"
"S22","HH",NA,3,1,"4",2022-07-27 18:11:45,2022-07-27 11:11:45,2022-07-27 18:18:38,2022-07-27 11:18:38,-124.7607,43.99588,-124.76498,43.99717,1.3,24.2,NA,244.043262021446,244.043262021446,9.62555555555556,32.6490048309179,1025.22398360754,"","Yes","","","","Low flow meter counts"
"S22","HH",NA,3,4,"4",2022-07-27 18:11:45,2022-07-27 11:11:45,2022-07-27 18:18:38,2022-07-27 11:18:38,-124.7607,43.99588,-124.76498,43.99717,1.3,24.2,NA,972.764188029423,972.764188029423,9.62555555555556,32.6490048309179,1025.22398360754,"","Yes","","","","Low flow meter counts"
"S22","HH",NA,2,1,"0",2022-07-27 21:48:09,2022-07-27 14:48:09,2022-07-27 21:58:01,2022-07-27 14:58:01,-124.36928,43.99124,-124.37402,43.99381,2.732,103.417,NA,347.912993869518,347.912993869518,9.46647128378378,33.4469543918919,1026.01947461171,"","Yes","","","","Low flow meter counts"
"S22","HH",NA,2,4,"0",2022-07-27 21:48:09,2022-07-27 14:48:09,2022-07-27 21:58:01,2022-07-27 14:58:01,-124.36928,43.99124,-124.37402,43.99381,2.732,103.417,NA,1367.22251129143,1367.22251129143,9.46647128378378,33.4469543918919,1026.01947461171,"","Yes","","","","Low flow meter counts"
"S22","HH",NA,2,1,"1",2022-07-27 21:58:01,2022-07-27 14:58:01,2022-07-27 22:03:48,2022-07-27 15:03:48,-124.37403,43.99381,-124.3768,43.99534,71.4,105.5,NA,243.700021292165,243.700021292165,7.49321325648415,33.9216484149856,1026.91126820245,"","Yes","","","","Low flow meter counts"
"S22","HH",NA,2,4,"1",2022-07-27 21:58:01,2022-07-27 14:58:01,2022-07-27 22:03:48,2022-07-27 15:03:48,-124.37403,43.99381,-124.3768,43.99534,71.4,105.5,NA,969.547340143735,969.547340143735,7.49321325648415,33.9216484149856,1026.91126820245,"","Yes","","","","Low flow meter counts"
"S22","HH",NA,2,1,"2",2022-07-27 22:03:48,2022-07-27 15:03:48,2022-07-27 22:06:13,2022-07-27 15:06:13,-124.37681,43.99534,-124.378,43.99608,49.4,71.2,NA,62.7622390430865,62.7622390430865,7.89613103448276,33.7038068965517,1026.54699263544,"","Yes","","","","Low flow meter counts"
"S22","HH",NA,2,4,"2",2022-07-27 22:03:48,2022-07-27 15:03:48,2022-07-27 22:06:13,2022-07-27 15:06:13,-124.37681,43.99534,-124.378,43.99608,49.4,71.2,NA,251.470907540418,251.470907540418,7.89613103448276,33.7038068965517,1026.54699263544,"","Yes","","","","Low flow meter counts"
"S22","HH",NA,2,1,"3",2022-07-27 22:06:13,2022-07-27 15:06:13,2022-07-27 22:09:16,2022-07-27 15:09:16,-124.37801,43.99609,-124.37935,43.99681,25.865,48.47,NA,62.1955696721974,62.1955696721974,9.0900218579235,33.2264972677596,1025.88475035383,"","Yes","","","","Low flow meter counts"
"S22","HH",NA,2,4,"3",2022-07-27 22:06:13,2022-07-27 15:06:13,2022-07-27 22:09:16,2022-07-27 15:09:16,-124.37801,43.99609,-124.37935,43.99681,25.865,48.47,NA,249.200548444383,249.200548444383,9.0900218579235,33.2264972677596,1025.88475035383,"","Yes","","","","Low flow meter counts"
"S22","HH",NA,2,1,"4",2022-07-27 22:09:16,2022-07-27 15:09:16,2022-07-27 22:14:20,2022-07-27 15:14:20,-124.37936,43.99682,-124.38187,43.99817,1.9,25.7,NA,126.393883728772,126.393883728772,11.2013409836066,33.0896196721311,1025.30603608341,"","Yes","","","","Low flow meter counts"
"S22","HH",NA,2,4,"4",2022-07-27 22:09:16,2022-07-27 15:09:16,2022-07-27 22:14:20,2022-07-27 15:14:20,-124.37936,43.99682,-124.38187,43.99817,1.9,25.7,NA,505.406925426242,505.406925426242,11.2013409836066,33.0896196721311,1025.30603608341,"","Yes","","","","Low flow meter counts"
"S22","RR",NA,3.5,1,"0",2022-07-28 17:10:18,2022-07-28 10:10:18,2022-07-28 17:17:36,2022-07-28 10:17:36,-125.38813,42.49912,-125.39112,42.501,1.6,101.7,NA,265.682389608977,265.682389608977,12.051925,32.3858977272727,1024.74292550783,"","Yes","","","","Low flow meter counts"
"S22","RR",NA,3.5,4,"0",2022-07-28 17:10:18,2022-07-28 10:10:18,2022-07-28 17:17:36,2022-07-28 10:17:36,-125.38813,42.49912,-125.39112,42.501,1.6,101.7,NA,1053.44750972414,1053.44750972414,12.051925,32.3858977272727,1024.74292550783,"","Yes","","","","Low flow meter counts"
"S22","RR",NA,3.5,1,"1",2022-07-28 17:17:36,2022-07-28 10:17:36,2022-07-28 17:23:19,2022-07-28 10:23:19,-125.39112,42.501,-125.39326,42.50221,73.6,105,NA,278.93479747033,278.93479747033,10.1009504373178,33.3435422740525,1026.07356020536,"","Yes","","","","Low flow meter counts"
"S22","RR",NA,3.5,4,"1",2022-07-28 17:17:36,2022-07-28 10:17:36,2022-07-28 17:23:19,2022-07-28 10:23:19,-125.39112,42.501,-125.39326,42.50221,73.6,105,NA,1103.74700233723,1103.74700233723,10.1009504373178,33.3435422740525,1026.07356020536,"","Yes","","","","Low flow meter counts"
"S22","RR",NA,3.5,1,"2",2022-07-28 17:23:19,2022-07-28 10:23:19,2022-07-28 17:26:39,2022-07-28 10:26:39,-125.39327,42.50222,-125.39453,42.50298,50.498,72.402,NA,103.813335969382,103.813335969382,10.063915,32.829765,1025.52687432748,"","Yes","","","","Low flow meter counts"
"S22","RR",NA,3.5,4,"2",2022-07-28 17:23:19,2022-07-28 10:23:19,2022-07-28 17:26:39,2022-07-28 10:26:39,-125.39327,42.50222,-125.39453,42.50298,50.498,72.402,NA,410.919311764023,410.919311764023,10.063915,32.829765,1025.52687432748,"","Yes","","","","Low flow meter counts"
"S22","RR",NA,3.5,1,"3",2022-07-28 17:26:39,2022-07-28 10:26:39,2022-07-28 17:31:02,2022-07-28 10:31:02,-125.39454,42.50298,-125.39633,42.50398,25.425,50.1,NA,156.189240921384,156.189240921384,10.6116452830189,32.2462150943396,1024.86950718452,"","Yes","","","","Low flow meter counts"
"S22","RR",NA,3.5,4,"3",2022-07-28 17:26:39,2022-07-28 10:26:39,2022-07-28 17:31:02,2022-07-28 10:31:02,-125.39454,42.50298,-125.39633,42.50398,25.425,50.1,NA,624.427491251175,624.427491251175,10.6116452830189,32.2462150943396,1024.86950718452,"","Yes","","","","Low flow meter counts"
"S22","RR",NA,3.5,1,"4",2022-07-28 17:31:02,2022-07-28 10:31:02,2022-07-28 17:36:03,2022-07-28 10:36:03,-125.39634,42.50398,-125.39813,42.50499,1,25.3,NA,164.102045414514,164.102045414514,15.1608278145695,31.5379668874172,1023.32009249996,"","Yes","","","","Low flow meter counts"
"S22","RR",NA,3.5,4,"4",2022-07-28 17:31:02,2022-07-28 10:31:02,2022-07-28 17:36:03,2022-07-28 10:36:03,-125.39634,42.50398,-125.39813,42.50499,1,25.3,NA,657.026228078274,657.026228078274,15.1608278145695,31.5379668874172,1023.32009249996,"","Yes","","","","Low flow meter counts"
"S22","RR",NA,3,1,"0",2022-07-28 20:29:46,2022-07-28 13:29:46,2022-07-28 20:36:22,2022-07-28 13:36:22,-125.08006,42.50292,-125.08142,42.50422,2.878,100.522,NA,184.88528668362,184.88528668362,9.50910075566751,33.3254156171285,1025.94388964803,"","Yes","","","","Low flow meter counts"
"S22","RR",NA,3,4,"0",2022-07-28 20:29:46,2022-07-28 13:29:46,2022-07-28 20:36:22,2022-07-28 13:36:22,-125.08006,42.50292,-125.08142,42.50422,2.878,100.522,NA,736.824985522514,736.824985522514,9.50910075566751,33.3254156171285,1025.94388964803,"","Yes","","","","Low flow meter counts"
"S22","RR",NA,3,1,"1",2022-07-28 20:36:22,2022-07-28 13:36:22,2022-07-28 20:38:29,2022-07-28 13:38:29,-125.08143,42.50422,-125.08221,42.50483,72.7,99.1,NA,63.1857643557687,63.1857643557687,8.43683464566929,33.5745196850394,1026.48545121442,"","Yes","","","","Low flow meter counts"
"S22","RR",NA,3,4,"1",2022-07-28 20:36:22,2022-07-28 13:36:22,2022-07-28 20:38:29,2022-07-28 13:38:29,-125.08143,42.50422,-125.08221,42.50483,72.7,99.1,NA,253.167959559858,253.167959559858,8.43683464566929,33.5745196850394,1026.48545121442,"","Yes","","","","Low flow meter counts"
"S22","RR",NA,3,1,"2",2022-07-28 20:38:29,2022-07-28 13:38:29,2022-07-28 20:42:52,2022-07-28 13:42:52,-125.08221,42.50483,-125.08395,42.50586,49.2,72.25,NA,153.683570442347,153.683570442347,9.08552851711027,33.4387604562738,1026.15840318453,"","Yes","","","","Low flow meter counts"
"S22","RR",NA,3,4,"2",2022-07-28 20:38:29,2022-07-28 13:38:29,2022-07-28 20:42:52,2022-07-28 13:42:52,-125.08221,42.50483,-125.08395,42.50586,49.2,72.25,NA,613.114574420603,613.114574420603,9.08552851711027,33.4387604562738,1026.15840318453,"","Yes","","","","Low flow meter counts"
"S22","RR",NA,3,1,"3",2022-07-28 20:42:52,2022-07-28 13:42:52,2022-07-28 20:47:06,2022-07-28 13:47:06,-125.08396,42.50586,-125.08558,42.5069,24.214,48.672,NA,145.645696778454,145.645696778454,9.68301181102362,33.3052283464567,1025.85729952013,"","Yes","","","","Low flow meter counts"
"S22","RR",NA,3,4,"3",2022-07-28 20:42:52,2022-07-28 13:42:52,2022-07-28 20:47:06,2022-07-28 13:47:06,-125.08396,42.50586,-125.08558,42.5069,24.214,48.672,NA,580.823598974947,580.823598974947,9.68301181102362,33.3052283464567,1025.85729952013,"","Yes","","","","Low flow meter counts"
"S22","RR",NA,3,1,"4",2022-07-28 20:47:06,2022-07-28 13:47:06,2022-07-28 20:51:29,2022-07-28 13:51:29,-125.08559,42.5069,-125.0872,42.50782,1,24.473,NA,126.139642314553,126.139642314553,10.5214356060606,32.8186325757576,1025.21625640988,"","Yes","","","","Low flow meter counts"
"S22","RR",NA,3,4,"4",2022-07-28 20:47:06,2022-07-28 13:47:06,2022-07-28 20:51:29,2022-07-28 13:51:29,-125.08559,42.5069,-125.0872,42.50782,1,24.473,NA,505.156846554888,505.156846554888,10.5214356060606,32.8186325757576,1025.21625640988,"","Yes","","","","Low flow meter counts"
"S22","RR",NA,2,1,"0",2022-07-29 00:00:25,2022-07-28 17:00:25,2022-07-29 00:11:33,2022-07-28 17:11:33,-124.71205,42.49936,-124.71726,42.50252,1.535,100.5,NA,361.842218030418,361.842218030418,8.38067065868263,33.8260568862275,1026.50772572961,"","Yes","","","","Low flow meter counts"
"S22","RR",NA,2,4,"0",2022-07-29 00:00:25,2022-07-28 17:00:25,2022-07-29 00:11:33,2022-07-28 17:11:33,-124.71205,42.49936,-124.71726,42.50252,1.535,100.5,NA,1421.94393263297,1421.94393263297,8.38067065868263,33.8260568862275,1026.50772572961,"","Yes","","","","Low flow meter counts"
"S22","RR",NA,2,1,"1",2022-07-29 00:11:33,2022-07-28 17:11:33,2022-07-29 00:15:42,2022-07-28 17:15:42,-124.71727,42.50253,-124.71938,42.50376,75.4,100.5,NA,89.4067420145067,89.4067420145067,8.08267068273092,33.8781967871486,1026.78677294638,"","Yes","","","","Low flow meter counts"
"S22","RR",NA,2,4,"1",2022-07-29 00:11:33,2022-07-28 17:11:33,2022-07-29 00:15:42,2022-07-28 17:15:42,-124.71727,42.50253,-124.71938,42.50376,75.4,100.5,NA,358.308768231541,358.308768231541,8.08267068273092,33.8781967871486,1026.78677294638,"","Yes","","","","Low flow meter counts"
"S22","RR",NA,2,1,"2",2022-07-29 00:15:42,2022-07-28 17:15:42,2022-07-29 00:21:03,2022-07-28 17:21:03,-124.71939,42.50376,-124.72175,42.5051,49.5,74.3,NA,119.84578057098,119.84578057098,8.15441121495327,33.8507943925234,1026.65141996971,"","Yes","","","","Low flow meter counts"
"S22","RR",NA,2,4,"2",2022-07-29 00:15:42,2022-07-28 17:15:42,2022-07-29 00:21:03,2022-07-28 17:21:03,-124.71939,42.50376,-124.72175,42.5051,49.5,74.3,NA,478.099533784912,478.099533784912,8.15441121495327,33.8507943925234,1026.65141996971,"","Yes","","","","Low flow meter counts"
"S22","RR",NA,2,1,"3",2022-07-29 00:21:03,2022-07-28 17:21:03,2022-07-29 00:25:42,2022-07-28 17:25:42,-124.72176,42.50511,-124.72386,42.50624,25.8,48.086,NA,93.9544505447516,93.9544505447516,8.24102867383512,33.8353440860215,1026.49103812713,"","Yes","","","","Low flow meter counts"
"S22","RR",NA,2,4,"3",2022-07-29 00:21:03,2022-07-28 17:21:03,2022-07-29 00:25:42,2022-07-28 17:25:42,-124.72176,42.50511,-124.72386,42.50624,25.8,48.086,NA,376.451852461758,376.451852461758,8.24102867383512,33.8353440860215,1026.49103812713,"","Yes","","","","Low flow meter counts"
"S22","RR",NA,2,1,"4",2022-07-29 00:25:42,2022-07-28 17:25:42,2022-07-29 00:30:02,2022-07-28 17:30:02,-124.72387,42.50625,-124.7259,42.50745,2.5,25.279,NA,109.715749236235,109.715749236235,8.70038783269962,33.7689087452471,1026.26006026223,"","Yes","","","","Low flow meter counts"
"S22","RR",NA,2,4,"4",2022-07-29 00:25:42,2022-07-28 17:25:42,2022-07-29 00:30:02,2022-07-28 17:30:02,-124.72387,42.50625,-124.7259,42.50745,2.5,25.279,NA,434.585421079281,434.585421079281,8.70038783269962,33.7689087452471,1026.26006026223,"","Yes","","","","Low flow meter counts"
"S22","RR",NA,1,1,"0",2022-07-29 02:23:16,2022-07-28 19:23:16,2022-07-29 02:32:41,2022-07-28 19:32:41,-124.53489,42.49648,-124.53973,42.49776,1.329,45,NA,283.008699141505,283.008699141505,10.2926407079646,33.589610619469,1025.85790270599,"","Yes","","","","Low flow meter counts"
"S22","RR",NA,1,4,"0",2022-07-29 02:23:16,2022-07-28 19:23:16,2022-07-29 02:32:41,2022-07-28 19:32:41,-124.53489,42.49648,-124.53973,42.49776,1.329,45,NA,1117.61656879865,1117.61656879865,10.2926407079646,33.589610619469,1025.85790270599,"","Yes","","","","Low flow meter counts"
"S22","RR",NA,1,1,"3",2022-07-29 02:32:41,2022-07-28 19:32:41,2022-07-29 02:36:28,2022-07-28 19:36:28,-124.53974,42.49776,-124.54177,42.49821,26.6,44.9,NA,65.1936268122697,65.1936268122697,8.2145154185022,33.8540881057269,1026.50652119499,"","Yes","","","","Low flow meter counts"
"S22","RR",NA,1,4,"3",2022-07-29 02:32:41,2022-07-28 19:32:41,2022-07-29 02:36:28,2022-07-28 19:36:28,-124.53974,42.49776,-124.54177,42.49821,26.6,44.9,NA,261.212786038305,261.212786038305,8.2145154185022,33.8540881057269,1026.50652119499,"","Yes","","","","Low flow meter counts"
"S22","RR",NA,1,1,"4",2022-07-29 02:36:28,2022-07-28 19:36:28,2022-07-29 02:42:31,2022-07-28 19:42:31,-124.54177,42.49821,-124.54523,42.49903,3.1,26.3,NA,153.683570442347,153.683570442347,9.43682967032967,33.6307967032967,1026.02541557894,"","Yes","","","","Low flow meter counts"
"S22","RR",NA,1,4,"4",2022-07-29 02:36:28,2022-07-28 19:36:28,2022-07-29 02:42:31,2022-07-28 19:42:31,-124.54177,42.49821,-124.54523,42.49903,3.1,26.3,NA,613.114574420603,613.114574420603,9.43682967032967,33.6307967032967,1026.02541557894,"","Yes","","","","Low flow meter counts"
"W23","GH",NA,4,1,"0",2023-02-17 18:02:52,2023-02-17 10:02:52,2023-02-17 18:11:09,2023-02-17 10:11:09,-125.18949,47.10287,-125.1945,47.10229,3.665,100.9,160.602824061601,330.058373814821,160.602824061601,8.89403219315895,32.7554647887324,1025.63628515946,"","","","","",""
"W23","GH",NA,4,4,"0",2023-02-17 18:02:52,2023-02-17 10:02:52,2023-02-17 18:11:09,2023-02-17 10:11:09,-125.18949,47.10287,-125.1945,47.10229,3.665,100.9,642.411296246405,1308.68717909903,642.411296246405,8.89403219315895,32.7554647887324,1025.63628515946,"","","","","",""
"W23","GH",NA,4,1,"1",2023-02-17 18:11:09,2023-02-17 10:11:09,2023-02-17 18:14:08,2023-02-17 10:14:08,-125.19451,47.10229,-125.19629,47.1022,67.656,100.929,NA,74.2090119289793,74.2090119289793,8.77927374301676,33.3962290502793,1026.28708834173,"","","","","",""
"W23","GH",NA,4,4,"1",2023-02-17 18:11:09,2023-02-17 10:11:09,2023-02-17 18:14:08,2023-02-17 10:14:08,-125.19451,47.10229,-125.19629,47.1022,67.656,100.929,NA,297.335432948651,297.335432948651,8.77927374301676,33.3962290502793,1026.28708834173,"","","","","",""
"W23","GH",NA,4,1,"2",2023-02-17 18:14:08,2023-02-17 10:14:08,2023-02-17 18:15:59,2023-02-17 10:15:59,-125.1963,47.1022,-125.19736,47.10215,47.8,67.3,63.3518454002422,43.1495821573151,63.3518454002422,9.04550450450451,32.4029189189189,1025.34321454953,"","","","","",""
"W23","GH",NA,4,4,"2",2023-02-17 18:14:08,2023-02-17 10:14:08,2023-02-17 18:15:59,2023-02-17 10:15:59,-125.1963,47.1022,-125.19736,47.10215,47.8,67.3,253.407381600969,172.887441541695,253.407381600969,9.04550450450451,32.4029189189189,1025.34321454953,"","","","","",""
"W23","GH",NA,4,1,"3",2023-02-17 18:15:59,2023-02-17 10:15:59,2023-02-17 18:18:11,2023-02-17 10:18:11,-125.19737,47.10215,-125.19864,47.10215,24.3,47.4,71.1023173722966,50.9798949446115,71.1023173722966,8.99626515151515,32.2703409090909,1025.14502245356,"","","","","",""
"W23","GH",NA,4,4,"3",2023-02-17 18:15:59,2023-02-17 10:15:59,2023-02-17 18:18:11,2023-02-17 10:18:11,-125.19737,47.10215,-125.19864,47.10215,24.3,47.4,284.409269489186,204.261348107014,284.409269489186,8.99626515151515,32.2703409090909,1025.14502245356,"","","","","",""
"W23","GH",NA,4,1,"4",2023-02-17 18:18:11,2023-02-17 10:18:11,2023-02-17 18:21:19,2023-02-17 10:21:19,-125.19864,47.10216,-125.20039,47.1023,0.9,23.623,105.411041594506,69.9390060530956,105.411041594506,8.94574603174603,32.0163015873016,1024.8373322887,"","","","","",""
"W23","GH",NA,4,4,"4",2023-02-17 18:18:11,2023-02-17 10:18:11,2023-02-17 18:21:19,2023-02-17 10:21:19,-125.19864,47.10216,-125.20039,47.1023,0.9,23.623,421.644166378026,280.226445504305,421.644166378026,8.94574603174603,32.0163015873016,1024.8373322887,"","","","","",""
"W23","GH",NA,5,1,"0",2023-02-17 21:26:14,2023-02-17 13:26:14,2023-02-17 21:33:56,2023-02-17 13:33:56,-125.65443,47.10216,-125.65996,47.10212,1.5,104.4,136.365716339899,213.418186335109,136.365716339899,9.08268281938326,32.2063744493392,1025.11693544152,"","","","","",""
"W23","GH",NA,5,4,"0",2023-02-17 21:26:14,2023-02-17 13:26:14,2023-02-17 21:33:56,2023-02-17 13:33:56,-125.65443,47.10216,-125.65996,47.10212,1.5,104.4,545.462865359598,851.561973238836,545.462865359598,9.08268281938326,32.2063744493392,1025.11693544152,"","","","","",""
"W23","GH",NA,5,1,"1",2023-02-17 21:33:56,2023-02-17 13:33:56,2023-02-17 21:39:19,2023-02-17 13:39:19,-125.65996,47.10212,-125.66296,47.10202,73.9,106.4,138.073782137542,149.689700462427,138.073782137542,8.95362229102167,33.2800340557276,1026.20197795226,"","","","","",""
"W23","GH",NA,5,4,"1",2023-02-17 21:33:56,2023-02-17 13:33:56,2023-02-17 21:39:19,2023-02-17 13:39:19,-125.65996,47.10212,-125.66296,47.10202,73.9,106.4,552.295128550169,598.623568832564,552.295128550169,8.95362229102167,33.2800340557276,1026.20197795226,"","","","","",""
"W23","GH",NA,5,1,"2",2023-02-17 21:39:19,2023-02-17 13:39:19,2023-02-17 21:42:21,2023-02-17 13:42:21,-125.66297,47.10201,-125.66469,47.10194,49.889,73.9,86.5545815369965,54.3109102772126,86.5545815369965,9.11685714285714,32.314021978022,1025.28450610082,"","","","","",""
"W23","GH",NA,5,4,"2",2023-02-17 21:39:19,2023-02-17 13:39:19,2023-02-17 21:42:21,2023-02-17 13:42:21,-125.66297,47.10201,-125.66469,47.10194,49.889,73.9,346.218326147986,217.60831101244,346.218326147986,9.11685714285714,32.314021978022,1025.28450610082,"","","","","",""
"W23","GH",NA,5,1,"3",2023-02-17 21:42:21,2023-02-17 13:42:21,2023-02-17 21:46:58,2023-02-17 13:46:58,-125.6647,47.10194,-125.66749,47.10189,21.7,48.947,156.583829549428,111.590814835956,156.583829549428,9.11028880866426,32.2970252707581,1025.14136456161,"","","","","",""
"W23","GH",NA,5,4,"3",2023-02-17 21:42:21,2023-02-17 13:42:21,2023-02-17 21:46:58,2023-02-17 13:46:58,-125.6647,47.10194,-125.66749,47.10189,21.7,48.947,626.335318197713,444.215581405393,626.335318197713,9.11028880866426,32.2970252707581,1025.14136456161,"","","","","",""
"W23","GH",NA,5,1,"4",2023-02-17 21:46:58,2023-02-17 13:46:58,2023-02-17 21:51:21,2023-02-17 13:51:21,-125.6675,47.1019,-125.67012,47.10177,0.9,20.973,151.36511795503,75.5740412333713,151.36511795503,9.13184848484848,32.2575303030303,1024.99722689023,"","","","","",""
"W23","GH",NA,5,4,"4",2023-02-17 21:46:58,2023-02-17 13:46:58,2023-02-17 21:51:21,2023-02-17 13:51:21,-125.6675,47.1019,-125.67012,47.10177,0.9,20.973,605.460471820119,302.805345809914,605.460471820119,9.13184848484848,32.2575303030303,1024.99722689023,"","","","","",""
"W23","GH",NA,6,1,"0",2023-02-18 00:54:22,2023-02-17 16:54:22,2023-02-18 01:02:54,2023-02-17 17:02:54,-126.08557,47.10374,-126.09288,47.1024,1.6,101.8,154.272646098309,314.084269524944,154.272646098309,9.031470703125,32.502029296875,1025.39198623848,"","","","","",""
"W23","GH",NA,6,4,"0",2023-02-18 00:54:22,2023-02-17 16:54:22,2023-02-18 01:02:54,2023-02-17 17:02:54,-126.08557,47.10374,-126.11138,47.10178,1.6,101.8,827.97205168961,1883.87654227624,827.97205168961,9.09331670533643,32.437403712297,1025.30931621727,"","","","","",""
"W23","GH",NA,6,1,"1",2023-02-18 01:02:54,2023-02-17 17:02:54,2023-02-18 01:07:10,2023-02-17 17:07:10,-126.0929,47.1024,-126.09669,47.10207,72.565,97.79,128.160583870122,97.1846252736661,128.160583870122,9.09200390625,32.80601171875,1025.7726170061,"","","","","","M4N0 was probably the only M4 net open during tow"
"W23","GH",NA,6,1,"2",2023-02-18 01:07:10,2023-02-17 17:07:10,2023-02-18 01:11:21,2023-02-17 17:11:21,-126.09671,47.10207,-126.1005,47.10198,51.45,73.45,123.835237662586,106.806085073665,123.835237662586,9.12482071713147,32.3169920318725,1025.27988593601,"","","","","","M4N0 was probably the only M4 net open during tow"
"W23","GH",NA,6,1,"3",2023-02-18 01:11:21,2023-02-17 17:11:21,2023-02-18 01:16:02,2023-02-17 17:16:02,-126.10051,47.10198,-126.10478,47.10186,25.8,51.1,139.589094047516,127.919658405635,139.589094047516,9.11118861209964,32.2983665480427,1025.15768037081,"","","","","","M4N0 was probably the only M4 net open during tow"
"W23","GH",NA,6,1,"4",2023-02-18 01:16:02,2023-02-17 17:16:02,2023-02-18 01:23:05,2023-02-17 17:23:05,-126.10479,47.10186,-126.11138,47.10178,2.769,25.877,219.265122721417,274.199669249706,219.265122721417,9.13829716981132,32.3002358490566,1025.04767617163,"","","","","","M4N0 was probably the only M4 net open during tow"
"W23","GH",NA,3,1,"0",2023-02-18 16:03:24,2023-02-18 08:03:24,2023-02-18 16:12:46,2023-02-18 08:12:46,-124.78808,47.10095,-124.79356,47.10117,1.3,101.3,193.225637403675,417.533672439934,193.225637403675,8.83456273062731,32.1078653136531,1025.11043642307,"","","","","",""
"W23","GH",NA,3,4,"0",2023-02-18 16:03:24,2023-02-18 08:03:24,2023-02-18 16:12:46,2023-02-18 08:12:46,-124.78808,47.10095,-124.79356,47.10117,1.3,101.3,772.9025496147,1618.47769082389,772.9025496147,8.83456273062731,32.1078653136531,1025.11043642307,"","","","","",""
"W23","GH",NA,3,1,"1",2023-02-18 16:12:46,2023-02-18 08:12:46,2023-02-18 16:18:58,2023-02-18 08:18:58,-124.79357,47.10118,-124.79726,47.10156,74.4,100.957,198.759648539857,309.71026332693,198.759648539857,8.6942123655914,33.1017043010753,1026.07600462803,"","","","","",""
"W23","GH",NA,3,4,"1",2023-02-18 16:12:46,2023-02-18 08:12:46,2023-02-18 16:18:58,2023-02-18 08:18:58,-124.79357,47.10118,-124.79726,47.10156,74.4,100.957,795.038594159426,1226.11585200373,795.038594159426,8.6942123655914,33.1017043010753,1026.07600462803,"","","","","",""
"W23","GH",NA,3,1,"2",2023-02-18 16:18:58,2023-02-18 08:18:58,2023-02-18 16:22:29,2023-02-18 08:22:29,-124.79727,47.10156,-124.7994,47.10177,49.7,74.6,128.693136482974,124.276874205844,128.693136482974,9.3266018957346,32.6520805687204,1025.51264976051,"","","","","",""
"W23","GH",NA,3,4,"2",2023-02-18 16:18:58,2023-02-18 08:18:58,2023-02-18 16:22:29,2023-02-18 08:22:29,-124.79727,47.10156,-124.7994,47.10177,49.7,74.6,514.772545931896,495.327649614727,514.772545931896,9.3266018957346,32.6520805687204,1025.51264976051,"","","","","",""
"W23","GH",NA,3,1,"3",2023-02-18 16:22:29,2023-02-18 08:22:29,2023-02-18 16:27:36,2023-02-18 08:27:36,-124.79941,47.10178,-124.80233,47.10213,24.8,49.4,182.262233133821,216.842740218673,182.262233133821,8.80157654723127,31.9724039087948,1024.94438419171,"","","","","",""
"W23","GH",NA,3,4,"3",2023-02-18 16:22:29,2023-02-18 08:22:29,2023-02-18 16:27:36,2023-02-18 08:27:36,-124.79941,47.10178,-124.80233,47.10213,24.8,49.4,729.048932535284,862.745803460362,729.048932535284,8.80157654723127,31.9724039087948,1024.94438419171,"","","","","",""
"W23","GH",NA,3,1,"4",2023-02-18 16:27:36,2023-02-18 08:27:36,2023-02-18 16:34:09,2023-02-18 08:34:09,-124.80234,47.10214,-124.80626,47.10269,1,25,281.849814306045,312.584035394718,281.849814306045,8.22736752136752,30.7883817663818,1023.99108627356,"","","","","",""
"W23","GH",NA,3,4,"4",2023-02-18 16:27:36,2023-02-18 08:27:36,2023-02-18 16:34:09,2023-02-18 08:34:09,-124.80234,47.10214,-124.80626,47.10269,1,25,1127.39925722418,1243.66767634835,1127.39925722418,8.22736752136752,30.7883817663818,1023.99108627356,"","","","","",""
"W23","GH",NA,2,1,"0",2023-02-18 19:24:44,2023-02-18 11:24:44,2023-02-18 19:35:29,2023-02-18 11:35:29,-124.53235,47.10257,-124.53907,47.09777,3.8,70.7,274.511366898505,351.660855404113,274.511366898505,8.90208217054264,32.0783689922481,1025.01786052717,"","","","","",""
"W23","GH",NA,2,4,"0",2023-02-18 19:24:44,2023-02-18 11:24:44,2023-02-18 19:35:29,2023-02-18 11:35:29,-124.53235,47.10257,-124.53907,47.09777,3.8,70.7,1098.04546759402,1387.69786094017,1098.04546759402,8.90208217054264,32.0783689922481,1025.01786052717,"","","","","",""
"W23","GH",NA,2,1,"2",2023-02-18 19:35:29,2023-02-18 11:35:29,2023-02-18 19:41:39,2023-02-18 11:41:39,-124.53908,47.09776,-124.54325,47.09547,51.539,71.3,136.796564974441,100.920156011867,136.796564974441,8.9676,32.9133756756757,1025.76502917602,"","","","","",""
"W23","GH",NA,2,4,"2",2023-02-18 19:35:29,2023-02-18 11:35:29,2023-02-18 19:41:39,2023-02-18 11:41:39,-124.53908,47.09776,-124.54325,47.09547,51.539,71.3,547.186259897762,403.713229761843,547.186259897762,8.9676,32.9133756756757,1025.76502917602,"","","","","",""
"W23","GH",NA,2,1,"3",2023-02-18 19:41:39,2023-02-18 11:41:39,2023-02-18 19:48:17,2023-02-18 11:48:17,-124.54326,47.09546,-124.54796,47.0931,26.59,51.6,170.601690060189,129.346822352932,170.601690060189,8.99738190954774,32.1739648241206,1025.08040559859,"","","","","",""
"W23","GH",NA,2,4,"3",2023-02-18 19:41:39,2023-02-18 11:41:39,2023-02-18 19:48:17,2023-02-18 11:48:17,-124.54326,47.09546,-124.54796,47.0931,26.59,51.6,682.406760240755,516.906639312169,682.406760240755,8.99738190954774,32.1739648241206,1025.08040559859,"","","","","",""
"W23","GH",NA,2,1,"4",2023-02-18 19:48:17,2023-02-18 11:48:17,2023-02-18 19:56:23,2023-02-18 11:56:23,-124.54798,47.0931,-124.55348,47.09187,0.8,26.4,280.274317617559,310.41064041228,280.274317617559,8.49626834381551,31.2288553459119,1024.31506445897,"","","","","",""
"W23","GH",NA,2,4,"4",2023-02-18 19:48:17,2023-02-18 11:48:17,2023-02-18 19:56:23,2023-02-18 11:56:23,-124.54798,47.0931,-124.55348,47.09187,0.8,26.4,1121.09727047024,1235.49086372021,1121.09727047024,8.49626834381551,31.2288553459119,1024.31506445897,"","","","","",""
"W23","GH",NA,1,1,"0",2023-02-18 22:24:42,2023-02-18 14:24:42,2023-02-18 22:30:01,2023-02-18 14:30:01,-124.3309,47.09716,-124.33323,47.09906,1.5,38.7,120.097480352389,164.102045414514,120.097480352389,9.06936677115987,30.9013448275862,1023.99106293704,"","","","","",""
"W23","GH",NA,1,4,"0",2023-02-18 22:24:42,2023-02-18 14:24:42,2023-02-18 22:30:01,2023-02-18 14:30:01,-124.3309,47.09716,-124.33323,47.09906,1.5,38.7,480.389921409557,657.026228078274,480.389921409557,9.06936677115987,30.9013448275862,1023.99106293704,"","","","","",""
"W23","GH",NA,1,1,"3",2023-02-18 22:30:01,2023-02-18 14:30:01,2023-02-18 22:32:18,2023-02-18 14:32:18,-124.33324,47.09906,-124.33442,47.09977,24.9,34.9,75.5492429313786,49.753198298713,75.5492429313786,9.37461313868613,32.232598540146,1025.03205318071,"","","","","",""
"W23","GH",NA,1,4,"3",2023-02-18 22:30:01,2023-02-18 14:30:01,2023-02-18 22:32:18,2023-02-18 14:32:18,-124.33324,47.09906,-124.33442,47.09977,24.9,34.9,302.196971725515,199.347389417091,302.196971725515,9.37461313868613,32.232598540146,1025.03205318071,"","","","","",""
"W23","GH",NA,1,1,"4",2023-02-18 22:32:18,2023-02-18 14:32:18,2023-02-18 22:37:59,2023-02-18 14:37:59,-124.33443,47.09977,-124.33761,47.10143,0.8,25.1,199.883057126985,211.303647956484,199.883057126985,8.85793883792049,29.9719388379205,1023.25669024649,"","","","","",""
"W23","GH",NA,1,4,"4",2023-02-18 22:32:18,2023-02-18 14:32:18,2023-02-18 22:37:59,2023-02-18 14:37:59,-124.33443,47.09977,-124.33761,47.10143,0.8,25.1,799.532228507942,842.954027674913,799.532228507942,8.85793883792049,29.9719388379205,1023.25669024649,"","","","","",""
"W23","CR",NA,1,1,"0",2023-02-19 15:19:27,2023-02-19 07:19:27,2023-02-19 15:23:26,2023-02-19 07:23:26,-124.11311,46.1708,-124.1148,46.17087,1.6,35.4,75.991186431821,124.140532202594,75.991186431821,9.4037949790795,31.7644811715481,1024.60509059988,"","","","","",""
"W23","CR",NA,1,4,"0",2023-02-19 15:19:27,2023-02-19 07:19:27,2023-02-19 15:23:26,2023-02-19 07:23:26,-124.11311,46.1708,-124.1148,46.17087,1.6,35.4,303.964745727284,493.973351946051,303.964745727284,9.4037949790795,31.7644811715481,1024.60509059988,"","","","","",""
"W23","CR",NA,1,1,"3",2023-02-19 15:23:26,2023-02-19 07:23:26,2023-02-19 15:25:04,2023-02-19 07:25:04,-124.11481,46.17087,-124.11562,46.17081,23.6,34.115,44.9351267307321,20.7107273753709,44.9351267307321,9.464,32.4656326530612,1025.18967674032,"","","","","",""
"W23","CR",NA,1,4,"3",2023-02-19 15:23:26,2023-02-19 07:23:26,2023-02-19 15:25:04,2023-02-19 07:25:04,-124.11481,46.17087,-124.11562,46.17081,23.6,34.115,179.740506922928,86.369521359546,179.740506922928,9.464,32.4656326530612,1025.18967674032,"","","","","",""
"W23","CR",NA,1,1,"4",2023-02-19 15:25:04,2023-02-19 07:25:04,2023-02-19 15:30:29,2023-02-19 07:30:29,-124.11563,46.17081,-124.11831,46.17058,1,23.4,170.716670889257,265.101095655066,170.716670889257,9.4754183006536,31.3603725490196,1024.25386555815,"","","","","",""
"W23","CR",NA,1,4,"4",2023-02-19 15:25:04,2023-02-19 07:25:04,2023-02-19 15:30:29,2023-02-19 07:30:29,-124.11563,46.17081,-124.11831,46.17058,1,23.4,682.866683557026,1049.36484516483,682.866683557026,9.4754183006536,31.3603725490196,1024.25386555815,"","","","","",""
"W23","CR",NA,2,1,"0",2023-02-19 17:27:37,2023-02-19 09:27:37,2023-02-19 17:36:07,2023-02-19 09:36:07,-124.29471,46.17003,-124.29916,46.17014,1.5,101.3,139.062501325464,291.329199683249,139.062501325464,8.972296875,32.1822109375,1025.15238434197,"","","","","",""
"W23","CR",NA,2,4,"0",2023-02-19 17:27:37,2023-02-19 09:27:37,2023-02-19 17:36:07,2023-02-19 09:36:07,-124.29471,46.17003,-124.29916,46.17014,1.5,101.3,556.250005301855,1139.39703241095,556.250005301855,8.972296875,32.1822109375,1025.15238434197,"","","","","",""
"W23","CR",NA,2,1,"1",2023-02-19 17:36:07,2023-02-19 09:36:07,2023-02-19 17:41:11,2023-02-19 09:41:11,-124.29917,46.17014,-124.30189,46.17018,73.8,101.6,158.962142885062,122.197502768558,158.962142885062,8.17975490196078,33.5910620915033,1026.54955040265,"","","","","",""
"W23","CR",NA,2,4,"1",2023-02-19 17:36:07,2023-02-19 09:36:07,2023-02-19 17:41:11,2023-02-19 09:41:11,-124.29917,46.17014,-124.30189,46.17018,73.8,101.6,635.84857154025,485.168536442762,635.84857154025,8.17975490196078,33.5910620915033,1026.54955040265,"","","","","",""
"W23","CR",NA,2,1,"2",2023-02-19 17:41:11,2023-02-19 09:41:11,2023-02-19 17:45:36,2023-02-19 09:45:36,-124.3019,46.17018,-124.30418,46.17021,49.687,74.3,139.233553001353,94.6536081982624,139.233553001353,9.37000374531835,32.5883220973783,1025.45682093409,"","","","","",""
"W23","CR",NA,2,4,"2",2023-02-19 17:41:11,2023-02-19 09:41:11,2023-02-19 17:45:36,2023-02-19 09:45:36,-124.3019,46.17018,-124.30418,46.17021,49.687,74.3,556.934212005413,379.252151190678,556.934212005413,9.37000374531835,32.5883220973783,1025.45682093409,"","","","","",""
"W23","CR",NA,2,1,"3",2023-02-19 17:45:36,2023-02-19 09:45:36,2023-02-19 17:50:13,2023-02-19 09:50:13,-124.30418,46.17021,-124.30664,46.17008,25.453,50.647,155.486891727142,88.8073549208604,155.486891727142,9.34081003584229,32.3482258064516,1025.16119772835,"","","","","",""
"W23","CR",NA,2,4,"3",2023-02-19 17:45:36,2023-02-19 09:45:36,2023-02-19 17:50:13,2023-02-19 09:50:13,-124.30418,46.17021,-124.30664,46.17008,25.453,50.647,621.981029145788,357.066814597421,621.981029145788,9.34081003584229,32.3482258064516,1025.16119772835,"","","","","",""
"W23","CR",NA,2,1,"4",2023-02-19 17:50:13,2023-02-19 09:50:13,2023-02-19 17:56:23,2023-02-19 09:56:23,-124.30665,46.17008,-124.31018,46.16997,1,25,217.915197034782,195.151774526923,217.915197034782,9.20130945558739,31.1303553008596,1024.11486788814,"","","","","",""
"W23","CR",NA,2,4,"4",2023-02-19 17:50:13,2023-02-19 09:50:13,2023-02-19 17:56:23,2023-02-19 09:56:23,-124.30665,46.17008,-124.31018,46.16997,1,25,871.766432159892,774.977791474871,871.766432159892,9.20130945558739,31.1303553008596,1024.11486788814,"","","","","",""
"W23","CR",NA,3,1,"0",2023-02-19 20:58:33,2023-02-19 12:58:33,2023-02-19 21:08:09,2023-02-19 13:08:09,-124.68554,46.16728,-124.69235,46.16785,1.7,101.4,188.224030819508,331.000372103,188.224030819508,9.38872048611111,32.6579375,1025.48229297145,"","","","","",""
"W23","CR",NA,3,4,"0",2023-02-19 20:58:33,2023-02-19 12:58:33,2023-02-19 21:08:09,2023-02-19 13:08:09,-124.68554,46.16728,-124.69235,46.16785,1.7,101.4,752.896123278033,1311.22943114009,752.896123278033,9.38872048611111,32.6579375,1025.48229297145,"","","","","",""
"W23","CR",NA,3,1,"1",2023-02-19 21:08:09,2023-02-19 13:08:09,2023-02-19 21:14:56,2023-02-19 13:14:56,-124.69236,46.16786,-124.69614,46.16981,75.9,102.2,213.279873259524,234.280500527935,213.279873259524,9.18341031941032,33.1382702702703,1026.02892120737,"","","","","",""
"W23","CR",NA,3,4,"1",2023-02-19 21:08:09,2023-02-19 13:08:09,2023-02-19 21:14:56,2023-02-19 13:14:56,-124.69236,46.16786,-124.69614,46.16981,75.9,102.2,853.119493038095,920.181894368647,853.119493038095,9.18341031941032,33.1382702702703,1026.02892120737,"","","","","",""
"W23","CR",NA,3,1,"2",2023-02-19 21:14:56,2023-02-19 13:14:56,2023-02-19 21:19:19,2023-02-19 13:19:19,-124.69615,46.16982,-124.69925,46.17035,50.6,76.1,146.239211539292,96.055402675986,146.239211539292,9.57273003802281,32.4923764258555,1025.36020520989,"","","","","",""
"W23","CR",NA,3,4,"2",2023-02-19 21:14:56,2023-02-19 13:14:56,2023-02-19 21:19:19,2023-02-19 13:19:19,-124.69615,46.16982,-124.69925,46.17035,50.6,76.1,584.956846157169,384.868269525711,584.956846157169,9.57273003802281,32.4923764258555,1025.36020520989,"","","","","",""
"W23","CR",NA,3,1,"3",2023-02-19 21:19:19,2023-02-19 13:19:19,2023-02-19 21:25:55,2023-02-19 13:25:55,-124.69926,46.17035,-124.70395,46.17022,25.782,50.018,208.839950530304,237.194655100906,208.839950530304,9.47457828282828,32.3211035353535,1025.11678018565,"","","","","",""
"W23","CR",NA,3,4,"3",2023-02-19 21:19:19,2023-02-19 13:19:19,2023-02-19 21:25:55,2023-02-19 13:25:55,-124.69926,46.17035,-124.70395,46.17022,25.782,50.018,835.359802121218,941.963793042066,835.359802121218,9.47457828282828,32.3211035353535,1025.11678018565,"","","","","",""
"W23","CR",NA,3,1,"4",2023-02-19 21:25:55,2023-02-19 13:25:55,2023-02-19 21:32:01,2023-02-19 13:32:01,-124.70396,46.17022,-124.70786,46.17021,0,26.3,194.062075751855,207.314796853689,194.062075751855,9.40697878787879,32.1777878787879,1024.90453744509,"Yes","","","","","Software outputs are missing for final ~1 minute of sampling"
"W23","CR",NA,3,4,"4",2023-02-19 21:25:55,2023-02-19 13:25:55,2023-02-19 21:32:01,2023-02-19 13:32:01,-124.70396,46.17022,-124.70786,46.17021,0,26.3,776.24830300742,823.16455498335,776.24830300742,9.40697878787879,32.1777878787879,1024.90453744509,"Yes","","","","","Software outputs are missing for final ~1 minute of sampling"
"W23","CR",NA,4,1,"0",2023-02-20 00:25:35,2023-02-19 16:25:35,2023-02-20 00:33:40,2023-02-19 16:33:40,-125.14014,46.16961,-125.14519,46.17018,1.8,101.931,127.855147482998,313.091130123924,127.855147482998,9.37106391752577,32.6050824742268,1025.41009726908,"","","","","",""
"W23","CR",NA,4,4,"0",2023-02-20 00:25:35,2023-02-19 16:25:35,2023-02-20 00:33:40,2023-02-19 16:33:40,-125.14014,46.16961,-125.14519,46.17018,1.8,101.931,511.420589931994,1246.27989760218,511.420589931994,9.37106391752577,32.6050824742268,1025.41009726908,"","","","","",""
"W23","CR",NA,4,1,"1",2023-02-20 00:33:40,2023-02-19 16:33:40,2023-02-20 00:37:55,2023-02-19 16:37:55,-125.14519,46.17018,-125.14793,46.16999,72.645,101.346,103.785009192032,146.659108641488,103.785009192032,9.14689803921569,33.2330784313725,1026.12099311932,"","","","","",""
"W23","CR",NA,4,4,"1",2023-02-20 00:33:40,2023-02-19 16:33:40,2023-02-20 00:37:55,2023-02-19 16:37:55,-125.14519,46.17018,-125.14793,46.16999,72.645,101.346,415.140036768127,587.238177955056,415.140036768127,9.14689803921569,33.2330784313725,1026.12099311932,"","","","","",""
"W23","CR",NA,4,1,"2",2023-02-20 00:37:55,2023-02-19 16:37:55,2023-02-20 00:41:41,2023-02-19 16:41:41,-125.14795,46.16999,-125.15032,46.16974,49.9,72.4,106.564782561623,92.8430099137118,106.564782561623,9.45726991150442,32.3549557522124,1025.25434582736,"","","","","",""
"W23","CR",NA,4,4,"2",2023-02-20 00:37:55,2023-02-19 16:37:55,2023-02-20 00:41:41,2023-02-19 16:41:41,-125.14795,46.16999,-125.15032,46.16974,49.9,72.4,426.259130246493,371.972432281645,426.259130246493,9.45726991150442,32.3549557522124,1025.25434582736,"","","","","",""
"W23","CR",NA,4,1,"3",2023-02-20 00:41:41,2023-02-19 16:41:41,2023-02-20 00:48:29,2023-02-19 16:48:29,-125.15032,46.16973,-125.15473,46.16998,25.1,49.6,200.789653553715,271.505401951967,200.789653553715,9.47954166666667,32.3442303921569,1025.13506456535,"","","","","",""
"W23","CR",NA,4,4,"3",2023-02-20 00:41:41,2023-02-19 16:41:41,2023-02-20 00:48:29,2023-02-19 16:48:29,-125.15032,46.16973,-125.15473,46.16998,25.1,49.6,803.15861421486,1072.07852862339,803.15861421486,9.47954166666667,32.3442303921569,1025.13506456535,"","","","","",""
"W23","CR",NA,4,1,"4",2023-02-20 00:48:29,2023-02-19 16:48:29,2023-02-20 00:56:14,2023-02-19 16:56:14,-125.15473,46.16998,-125.15948,46.17013,2.5,25.5,246.037362949329,300.993125196726,246.037362949329,9.53203862660944,32.3459334763948,1025.02544897239,"","","","","",""
"W23","CR",NA,4,4,"4",2023-02-20 00:48:29,2023-02-19 16:48:29,2023-02-20 00:56:14,2023-02-19 16:56:14,-125.15473,46.16998,-125.15948,46.17013,2.5,25.5,984.149451797318,1192.76131452503,984.149451797318,9.53203862660944,32.3459334763948,1025.02544897239,"","","","","",""
"W23","NH",NA,1,1,"0",2023-02-24 18:28:41,2023-02-24 10:28:41,2023-02-24 18:32:12,2023-02-24 10:32:12,-124.11722,44.65082,-124.11942,44.6507,2.6,41.2,69.0906697976491,88.258045129772,69.0906697976491,8.908663507109,32.8670521327014,1025.5522654882,"","","","","",""
"W23","NH",NA,1,4,"0",2023-02-24 18:28:41,2023-02-24 10:28:41,2023-02-24 18:32:12,2023-02-24 10:32:12,-124.11722,44.65082,-124.11942,44.6507,2.6,41.2,276.362679190597,353.626221440721,276.362679190597,8.908663507109,32.8670521327014,1025.5522654882,"","","","","",""
"W23","NH",NA,1,1,"3",2023-02-24 18:32:12,2023-02-24 10:32:12,2023-02-24 18:34:07,2023-02-24 10:34:07,-124.11943,44.6507,-124.12052,44.65058,24.6,40.3,65.4329755174647,41.9547976768873,65.4329755174647,8.93894782608696,33.366652173913,1025.99093463133,"","","","","",""
"W23","NH",NA,1,4,"3",2023-02-24 18:32:12,2023-02-24 10:32:12,2023-02-24 18:34:07,2023-02-24 10:34:07,-124.11943,44.6507,-124.12052,44.65058,24.6,40.3,261.731902069859,168.099788648332,261.731902069859,8.93894782608696,33.366652173913,1025.99093463133,"","","","","",""
"W23","NH",NA,1,1,"4",2023-02-24 18:34:07,2023-02-24 10:34:07,2023-02-24 18:40:39,2023-02-24 10:40:39,-124.12052,44.65058,-124.1246,44.65055,1.1,24.515,249.44524761298,280.362332040018,249.44524761298,8.87536386768448,32.5211526717557,1025.2486084823,"","","","","",""
"W23","NH",NA,1,4,"4",2023-02-24 18:34:07,2023-02-24 10:34:07,2023-02-24 18:40:39,2023-02-24 10:40:39,-124.12052,44.65058,-124.1246,44.65055,1.1,24.515,997.78099045192,1106.30089818432,997.78099045192,8.87536386768448,32.5211526717557,1025.2486084823,"","","","","",""
"W23","NH",NA,2,1,"0",2023-02-24 21:08:29,2023-02-24 13:08:29,2023-02-24 21:17:48,2023-02-24 13:17:48,-124.30543,44.64987,-124.31126,44.65059,1.3,79.083,208.62683118996,362.266663473317,208.62683118996,9.22055635062612,32.5284973166369,1025.31638605125,"","","","","",""
"W23","NH",NA,2,4,"0",2023-02-24 21:08:29,2023-02-24 13:08:29,2023-02-24 21:17:48,2023-02-24 13:17:48,-124.30543,44.64987,-124.31126,44.65059,1.3,79.083,834.507324759839,1427.33858191707,834.507324759839,9.22055635062612,32.5284973166369,1025.31638605125,"","","","","",""
"W23","NH",NA,2,1,"2",2023-02-24 21:17:48,2023-02-24 13:17:48,2023-02-24 21:24:18,2023-02-24 13:24:18,-124.31127,44.65059,-124.31486,44.65123,50.358,79.521,218.573156439655,235.094847800884,218.573156439655,8.92332820512821,33.3268282051282,1026.11793482835,"","","","","",""
"W23","NH",NA,2,4,"2",2023-02-24 21:17:48,2023-02-24 13:17:48,2023-02-24 21:24:18,2023-02-24 13:24:18,-124.31127,44.65059,-124.31486,44.65123,50.358,79.521,874.29262575862,924.115348593116,874.29262575862,8.92332820512821,33.3268282051282,1026.11793482835,"","","","","",""
"W23","NH",NA,2,1,"3",2023-02-24 21:24:18,2023-02-24 13:24:18,2023-02-24 21:28:28,2023-02-24 13:28:28,-124.31487,44.65123,-124.31722,44.65163,25.2,50.6,144.215277080114,104.829453312788,144.215277080114,9.65316,32.456504,1025.19873311087,"","","","","",""
"W23","NH",NA,2,4,"3",2023-02-24 21:24:18,2023-02-24 13:24:18,2023-02-24 21:28:28,2023-02-24 13:28:28,-124.31487,44.65123,-124.31722,44.65163,25.2,50.6,576.861108320458,415.567090764044,576.861108320458,9.65316,32.456504,1025.19873311087,"","","","","",""
"W23","NH",NA,2,1,"4",2023-02-24 21:28:28,2023-02-24 13:28:28,2023-02-24 21:34:04,2023-02-24 13:34:04,-124.31723,44.65163,-124.3207,44.65196,0.9,24.5,194.072152012533,171.548817596126,194.072152012533,9.20937388724036,31.9782433234421,1024.77193863936,"","","","","",""
"W23","NH",NA,2,4,"4",2023-02-24 21:28:28,2023-02-24 13:28:28,2023-02-24 21:34:04,2023-02-24 13:34:04,-124.31723,44.65163,-124.3207,44.65196,0.9,24.5,776.288608050133,681.556409760371,776.288608050133,9.20937388724036,31.9782433234421,1024.77193863936,"","","","","",""
"W23","NH",NA,3,1,"0",2023-02-24 23:56:12,2023-02-24 15:56:12,2023-02-25 00:04:22,2023-02-24 16:04:22,-124.56471,44.65432,-124.56881,44.65103,1.679,98.6,143.714897920854,304.267452839908,143.714897920854,9.1391306122449,32.2488326530612,1025.13994585505,"","","","","",""
"W23","NH",NA,3,4,"0",2023-02-24 23:56:12,2023-02-24 15:56:12,2023-02-25 00:04:22,2023-02-24 16:04:22,-124.56471,44.65432,-124.56881,44.65103,1.679,98.6,574.859591683416,1212.44506444891,574.859591683416,9.1391306122449,32.2488326530612,1025.13994585505,"","","","","",""
"W23","NH",NA,3,1,"1",2023-02-25 00:04:22,2023-02-24 16:04:22,2023-02-25 00:07:52,2023-02-24 16:07:52,-124.56882,44.65102,-124.57062,44.64985,73.1,101.7,105.812837734463,67.846600447392,105.812837734463,9.01908095238095,33.2271238095238,1026.12977737059,"","","","","",""
"W23","NH",NA,3,4,"1",2023-02-25 00:04:22,2023-02-24 16:04:22,2023-02-25 00:07:52,2023-02-24 16:07:52,-124.56882,44.65102,-124.57062,44.64985,73.1,101.7,423.251350937852,271.842706744932,423.251350937852,9.01908095238095,33.2271238095238,1026.12977737059,"","","","","",""
"W23","NH",NA,3,1,"2",2023-02-25 00:07:52,2023-02-24 16:07:52,2023-02-25 00:10:55,2023-02-24 16:10:55,-124.57063,44.64985,-124.57307,44.64916,51.1,72.44,103.97620916462,74.7190318921349,103.97620916462,9.40640983606557,32.3436830601093,1025.25549709864,"","","","","",""
"W23","NH",NA,3,4,"2",2023-02-25 00:07:52,2023-02-24 16:07:52,2023-02-25 00:10:55,2023-02-24 16:10:55,-124.57063,44.64985,-124.57307,44.64916,51.1,72.44,415.904836658478,299.379494126439,415.904836658478,9.40640983606557,32.3436830601093,1025.25549709864,"","","","","",""
"W23","NH",NA,3,1,"3",2023-02-25 00:10:55,2023-02-24 16:10:55,2023-02-25 00:17:29,2023-02-24 16:17:29,-124.57308,44.64915,-124.57741,44.64783,25.987,50.7,216.867936476705,170.102650996084,216.867936476705,9.413,32.1401751269036,1024.99771507568,"","","","","",""
"W23","NH",NA,3,4,"3",2023-02-25 00:10:55,2023-02-24 16:10:55,2023-02-25 00:17:29,2023-02-24 16:17:29,-124.57308,44.64915,-124.57741,44.64783,25.987,50.7,867.47174590682,679.115583555135,867.47174590682,9.413,32.1401751269036,1024.99771507568,"","","","","",""
"W23","NH",NA,3,1,"4",2023-02-25 00:17:29,2023-02-24 16:17:29,2023-02-25 00:23:00,2023-02-24 16:23:00,-124.57742,44.64783,-124.58126,44.64698,1.7,25.2,180.893077063442,132.67963770809,180.893077063442,8.87900301204819,31.6652951807229,1024.58631229395,"","","","","",""
"W23","NH",NA,3,4,"4",2023-02-25 00:17:29,2023-02-24 16:17:29,2023-02-25 00:23:00,2023-02-24 16:23:00,-124.57742,44.64783,-124.58126,44.64698,1.7,25.2,723.57230825377,529.415016841954,723.57230825377,8.87900301204819,31.6652951807229,1024.58631229395,"","","","","",""
"W23","NH",NA,6,1,"0",2023-02-25 16:20:23,2023-02-25 08:20:23,2023-02-25 16:29:06,2023-02-25 08:29:06,-125.81877,44.65141,-125.81343,44.65153,1.3,101,160.679672388567,331.869136328358,160.679672388567,9.32912475633528,32.5109766081871,1025.36257762663,"","","","","",""
"W23","NH",NA,6,4,"0",2023-02-25 16:20:23,2023-02-25 08:20:23,2023-02-25 16:29:06,2023-02-25 08:29:06,-125.81877,44.65141,-125.81343,44.65153,1.3,101,642.718689554266,1321.2674616566,642.718689554266,9.32912475633528,32.5109766081871,1025.36257762663,"","","","","",""
"W23","NH",NA,6,1,"1",2023-02-25 16:29:06,2023-02-25 08:29:06,2023-02-25 16:33:36,2023-02-25 08:33:36,-125.81342,44.65153,-125.81072,44.65164,75.4,101.2,146.833778299301,115.128323370177,146.833778299301,8.79536666666667,33.2078962962963,1026.1494444717,"","","","","",""
"W23","NH",NA,6,4,"1",2023-02-25 16:29:06,2023-02-25 08:29:06,2023-02-25 16:33:36,2023-02-25 08:33:36,-125.81342,44.65153,-125.81072,44.65164,75.4,101.2,587.335113197202,448.779872178626,587.335113197202,8.79536666666667,33.2078962962963,1026.1494444717,"","","","","",""
"W23","NH",NA,6,1,"2",2023-02-25 16:33:36,2023-02-25 08:33:36,2023-02-25 16:39:58,2023-02-25 08:39:58,-125.81072,44.65164,-125.80718,44.65166,49.6,75.3,201.177030754798,223.514769784628,201.177030754798,9.47402094240838,32.4051413612565,1025.30803945135,"","","","","",""
"W23","NH",NA,6,4,"2",2023-02-25 16:33:36,2023-02-25 08:33:36,2023-02-25 16:39:58,2023-02-25 08:39:58,-125.81072,44.65164,-125.80718,44.65166,49.6,75.3,804.70812301919,888.688698600624,804.70812301919,9.47402094240838,32.4051413612565,1025.30803945135,"","","","","",""
"W23","NH",NA,6,1,"3",2023-02-25 16:39:58,2023-02-25 08:39:58,2023-02-25 16:44:21,2023-02-25 08:44:21,-125.80717,44.65166,-125.8046,44.65183,24.425,49.775,144.322258210438,114.384946366464,144.322258210438,9.49897718631179,32.3328669201521,1025.11865256291,"","","","","",""
"W23","NH",NA,6,4,"3",2023-02-25 16:39:58,2023-02-25 08:39:58,2023-02-25 16:44:21,2023-02-25 08:44:21,-125.80717,44.65166,-125.8046,44.65183,24.425,49.775,577.289032841751,447.948817013026,577.289032841751,9.49897718631179,32.3328669201521,1025.11865256291,"","","","","",""
"W23","NH",NA,6,1,"4",2023-02-25 16:44:21,2023-02-25 08:44:21,2023-02-25 16:49:40,2023-02-25 08:49:40,-125.80459,44.65183,-125.80146,44.65199,0.9,24.5,182.998602390847,180.441546114693,182.998602390847,9.45634516129032,31.9435548387097,1024.71035476588,"","","","","",""
"W23","NH",NA,6,4,"4",2023-02-25 16:44:21,2023-02-25 08:44:21,2023-02-25 16:49:40,2023-02-25 08:49:40,-125.80459,44.65183,-125.80146,44.65199,0.9,24.5,731.994409563389,719.764372490487,731.994409563389,9.45634516129032,31.9435548387097,1024.71035476588,"","","","","",""
"W23","NH",NA,5,1,"0",2023-02-25 19:32:08,2023-02-25 11:32:08,2023-02-25 19:40:34,2023-02-25 11:40:34,-125.40389,44.65058,-125.39872,44.65015,1.6,100.4,157.253036451666,333.698705876236,157.253036451666,9.32500196850394,32.4989921259843,1025.34851086418,"","","","","",""
"W23","NH",NA,5,4,"0",2023-02-25 19:32:08,2023-02-25 11:32:08,2023-02-25 19:40:34,2023-02-25 11:40:34,-125.40389,44.65058,-125.39872,44.65015,1.6,100.4,629.012145806666,1322.45420393558,629.012145806666,9.32500196850394,32.4989921259843,1025.34851086418,"","","","","",""
"W23","NH",NA,5,1,"1",2023-02-25 19:40:34,2023-02-25 11:40:34,2023-02-25 19:44:36,2023-02-25 11:44:36,-125.39871,44.65015,-125.39627,44.65007,75.2,97.8,136.651309354417,109.632100798094,136.651309354417,9.28067073170732,32.8877926829268,1025.8088362685,"","","","","",""
"W23","NH",NA,5,4,"1",2023-02-25 19:40:34,2023-02-25 11:40:34,2023-02-25 19:44:36,2023-02-25 11:44:36,-125.39871,44.65015,-125.39627,44.65007,75.2,97.8,546.605237417667,433.417749421509,546.605237417667,9.28067073170732,32.8877926829268,1025.8088362685,"","","","","",""
"W23","NH",NA,5,1,"2",2023-02-25 19:44:36,2023-02-25 11:44:36,2023-02-25 19:50:19,2023-02-25 11:50:19,-125.39626,44.65007,-125.3929,44.65016,48,75.2,200.549205471844,237.375165781621,200.549205471844,9.49841310541311,32.3303789173789,1025.23903447551,"","","","","",""
"W23","NH",NA,5,4,"2",2023-02-25 19:44:36,2023-02-25 11:44:36,2023-02-25 19:50:19,2023-02-25 11:50:19,-125.39626,44.65007,-125.3929,44.65016,48,75.2,802.209655425985,944.11852288543,802.209655425985,9.49841310541311,32.3303789173789,1025.23903447551,"","","","","",""
"W23","NH",NA,5,1,"3",2023-02-25 19:50:19,2023-02-25 11:50:19,2023-02-25 19:54:16,2023-02-25 11:54:16,-125.39289,44.65016,-125.3906,44.6503,25.5,47.7,141.769519993074,118.322767167013,141.769519993074,9.37264016736402,32.2253514644351,1025.05437744531,"","","","","",""
"W23","NH",NA,5,4,"3",2023-02-25 19:50:19,2023-02-25 11:50:19,2023-02-25 19:54:16,2023-02-25 11:54:16,-125.39289,44.65016,-125.3906,44.6503,25.5,47.7,567.078079972295,472.53660230556,567.078079972295,9.37264016736402,32.2253514644351,1025.05437744531,"","","","","",""
"W23","NH",NA,5,1,"4",2023-02-25 19:54:16,2023-02-25 11:54:16,2023-02-25 19:59:19,2023-02-25 11:59:19,-125.39059,44.6503,-125.38762,44.65047,0.887,24.913,190.284396629222,164.848163392241,190.284396629222,9.25485034013605,32.0715136054422,1024.84383127692,"","","","","",""
"W23","NH",NA,5,4,"4",2023-02-25 19:54:16,2023-02-25 11:54:16,2023-02-25 19:59:19,2023-02-25 11:59:19,-125.39059,44.6503,-125.38762,44.65047,0.887,24.913,761.137586516889,660.175004717565,761.137586516889,9.25485034013605,32.0715136054422,1024.84383127692,"","","","","",""
"W23","NH",NA,4,1,"0",2023-02-25 22:46:41,2023-02-25 14:46:41,2023-02-25 22:54:36,2023-02-25 14:54:36,-124.94481,44.6512,-124.94998,44.65131,1.4,102.771,158.346966983458,306.014278548866,158.346966983458,9.22403655913979,32.2921591397849,1025.18292050836,"","","","","",""
"W23","NH",NA,4,4,"0",2023-02-25 22:46:41,2023-02-25 14:46:41,2023-02-25 22:54:36,2023-02-25 14:54:36,-124.94481,44.6512,-124.94998,44.65131,1.4,102.771,633.387867933831,1213.91670427611,633.387867933831,9.22403655913979,32.2921591397849,1025.18292050836,"","","","","",""
"W23","NH",NA,4,1,"1",2023-02-25 22:54:36,2023-02-25 14:54:36,2023-02-25 23:00:18,2023-02-25 15:00:18,-124.94998,44.65131,-124.95312,44.65129,75.1,103.2,182.927377597715,197.323377396779,182.927377597715,9.14597368421053,33.1764356725146,1026.0773466597,"","","","","",""
"W23","NH",NA,4,4,"1",2023-02-25 22:54:36,2023-02-25 14:54:36,2023-02-25 23:00:18,2023-02-25 15:00:18,-124.94998,44.65131,-124.95312,44.65129,75.1,103.2,731.70951039086,784.460429412231,731.70951039086,9.14597368421053,33.1764356725146,1026.0773466597,"","","","","",""
"W23","NH",NA,4,1,"2",2023-02-25 23:00:18,2023-02-25 15:00:18,2023-02-25 23:03:53,2023-02-25 15:03:53,-124.95313,44.65129,-124.95521,44.65125,48.4,74.8,120.902760428647,95.0640647209507,120.902760428647,9.45450232558139,32.361111627907,1025.25952589045,"","","","","",""
"W23","NH",NA,4,4,"2",2023-02-25 23:00:18,2023-02-25 15:00:18,2023-02-25 23:03:53,2023-02-25 15:03:53,-124.95313,44.65129,-124.95521,44.65125,48.4,74.8,483.611041714587,380.896555605808,483.611041714587,9.45450232558139,32.361111627907,1025.25952589045,"","","","","",""
"W23","NH",NA,4,1,"3",2023-02-25 23:03:53,2023-02-25 15:03:53,2023-02-25 23:07:46,2023-02-25 15:07:46,-124.95522,44.65125,-124.95745,44.6512,25.1,47.6,131.316261420899,88.4860173141842,131.316261420899,9.12275107296137,32.0203090128755,1024.9341216464,"","","","","",""
"W23","NH",NA,4,4,"3",2023-02-25 23:03:53,2023-02-25 15:03:53,2023-02-25 23:07:46,2023-02-25 15:07:46,-124.95522,44.65125,-124.95745,44.6512,25.1,47.6,525.265045683594,355.239486834935,525.265045683594,9.12275107296137,32.0203090128755,1024.9341216464,"","","","","",""
"W23","NH",NA,4,1,"4",2023-02-25 23:07:46,2023-02-25 15:07:46,2023-02-25 23:12:29,2023-02-25 15:12:29,-124.95747,44.6512,-124.96023,44.65121,1.567,25.233,173.126125624844,126.077197229518,173.126125624844,9.04619718309859,31.9480528169014,1024.78037303105,"","","","","",""
"W23","NH",NA,4,4,"4",2023-02-25 23:07:46,2023-02-25 15:07:46,2023-02-25 23:12:29,2023-02-25 15:12:29,-124.95747,44.6512,-124.96023,44.65121,1.567,25.233,692.504502499375,504.358897535369,692.504502499375,9.04619718309859,31.9480528169014,1024.78037303105,"","","","","",""
"W23","HH",NA,4,1,"0",2023-02-26 15:39:01,2023-02-26 07:39:01,2023-02-26 15:46:36,2023-02-26 07:46:36,-125.17467,43.98664,-125.17985,43.98536,2.518,100.191,124.63079135375,305.32469807151,124.63079135375,10.0861010989011,32.2940637362637,1025.07709464147,"","","","","",""
"W23","HH",NA,4,4,"0",2023-02-26 15:39:01,2023-02-26 07:39:01,2023-02-26 15:46:36,2023-02-26 07:46:36,-125.17467,43.98664,-125.17985,43.98536,2.518,100.191,498.523165415,1213.2462100542,498.523165415,10.0861010989011,32.2940637362637,1025.07709464147,"","","","","",""
"W23","HH",NA,4,1,"1",2023-02-26 15:46:36,2023-02-26 07:46:36,2023-02-26 15:52:35,2023-02-26 07:52:35,-125.17986,43.98536,-125.18359,43.9843,74.551,98.666,137.947762369248,201.68480218643,137.947762369248,10.1075674931129,32.3358484848485,1025.25025523982,"","","","","",""
"W23","HH",NA,4,4,"1",2023-02-26 15:46:36,2023-02-26 07:46:36,2023-02-26 15:52:35,2023-02-26 07:52:35,-125.17986,43.98536,-125.18359,43.9843,74.551,98.666,551.776551330102,795.989267163701,551.776551330102,10.1075674931129,32.3358484848485,1025.25025523982,"","","","","",""
"W23","HH",NA,4,1,"2",2023-02-26 15:52:35,2023-02-26 07:52:35,2023-02-26 15:56:05,2023-02-26 07:56:05,-125.1836,43.98429,-125.18586,43.98403,49.3,75.1,106.3511142981,87.4162767063903,106.3511142981,10.1366476190476,32.2702952380952,1025.07880376612,"","","","","",""
"W23","HH",NA,4,4,"2",2023-02-26 15:52:35,2023-02-26 07:52:35,2023-02-26 15:56:05,2023-02-26 07:56:05,-125.1836,43.98429,-125.18586,43.98403,49.3,75.1,425.404457192399,350.253040000829,425.404457192399,10.1366476190476,32.2702952380952,1025.07880376612,"","","","","",""
"W23","HH",NA,4,1,"3",2023-02-26 15:56:05,2023-02-26 07:56:05,2023-02-26 16:01:17,2023-02-26 08:01:17,-125.18587,43.98404,-125.18911,43.98324,24.6,48.2,139.955367504901,144.251339233045,139.955367504901,10.1388814102564,32.2705576923077,1024.96669351724,"","","","","",""
"W23","HH",NA,4,4,"3",2023-02-26 15:56:05,2023-02-26 07:56:05,2023-02-26 16:01:17,2023-02-26 08:01:17,-125.18587,43.98404,-125.18911,43.98324,24.6,48.2,559.821470019602,576.183330905698,559.821470019602,10.1388814102564,32.2705576923077,1024.96669351724,"","","","","",""
"W23","HH",NA,4,1,"4",2023-02-26 16:01:17,2023-02-26 08:01:17,2023-02-26 16:06:46,2023-02-26 08:06:46,-125.18912,43.98324,-125.19282,43.98232,0.867,25.133,143.175076109194,173.587875022355,143.175076109194,10.1385316901408,32.1116478873239,1024.73632926152,"","","","","",""
"W23","HH",NA,4,4,"4",2023-02-26 16:01:17,2023-02-26 08:01:17,2023-02-26 16:06:46,2023-02-26 08:06:46,-125.18912,43.98324,-125.19282,43.98232,0.867,25.133,572.700304436776,690.948367389458,572.700304436776,10.1385316901408,32.1116478873239,1024.73632926152,"","","","","",""
"W23","HH",NA,3,1,"0",2023-02-26 19:53:38,2023-02-26 11:53:38,2023-02-26 20:02:27,2023-02-26 12:02:27,-124.74118,43.98985,-124.74693,43.99152,1.3,101.1,160.963738848414,311.050870190568,160.963738848414,9.0910546875,32.4833515625,1025.38033571798,"","","","","",""
"W23","HH",NA,3,4,"0",2023-02-26 19:53:38,2023-02-26 11:53:38,2023-02-26 20:02:27,2023-02-26 12:02:27,-124.74118,43.98985,-124.74693,43.99152,1.3,101.1,643.854955393655,1237.48593007657,643.854955393655,9.0910546875,32.4833515625,1025.38033571798,"","","","","",""
"W23","HH",NA,3,1,"1",2023-02-26 20:02:27,2023-02-26 12:02:27,2023-02-26 20:07:49,2023-02-26 12:07:49,-124.74695,43.99152,-124.74997,43.9924,74.3,101,153.301944580172,121.961032062674,153.301944580172,8.76029192546584,33.378251552795,1026.30537960867,"","","","","",""
"W23","HH",NA,3,4,"1",2023-02-26 20:02:27,2023-02-26 12:02:27,2023-02-26 20:07:49,2023-02-26 12:07:49,-124.74695,43.99152,-124.74997,43.9924,74.3,101,613.207778320686,481.954809563584,613.207778320686,8.76029192546584,33.378251552795,1026.30537960867,"","","","","",""
"W23","HH",NA,3,1,"2",2023-02-26 20:07:49,2023-02-26 12:07:49,2023-02-26 20:12:08,2023-02-26 12:12:08,-124.74997,43.99241,-124.75262,43.99353,46.417,73.883,133.183745290847,108.155725755924,133.183745290847,9.51389961389961,32.7463281853282,1025.54250107403,"","","","","",""
"W23","HH",NA,3,4,"2",2023-02-26 20:07:49,2023-02-26 12:07:49,2023-02-26 20:12:08,2023-02-26 12:12:08,-124.74997,43.99241,-124.75262,43.99353,46.417,73.883,532.734981163388,430.54259988984,532.734981163388,9.51389961389961,32.7463281853282,1025.54250107403,"","","","","",""
"W23","HH",NA,3,1,"3",2023-02-26 20:12:08,2023-02-26 12:12:08,2023-02-26 20:18:48,2023-02-26 12:18:48,-124.75263,43.99353,-124.75655,43.9952,24.298,45.8,176.229301237454,259.502018316881,176.229301237454,9.206545,32.2560325,1025.1100625118,"","","","","",""
"W23","HH",NA,3,4,"3",2023-02-26 20:12:08,2023-02-26 12:12:08,2023-02-26 20:18:48,2023-02-26 12:18:48,-124.75263,43.99353,-124.75655,43.9952,24.298,45.8,704.917204949817,1028.25301633923,704.917204949817,9.206545,32.2560325,1025.1100625118,"","","","","",""
"W23","HH",NA,3,1,"4",2023-02-26 20:18:48,2023-02-26 12:18:48,2023-02-26 20:23:33,2023-02-26 12:23:33,-124.75656,43.9952,-124.75995,43.99621,0.7,23.402,143.616486765854,162.263631684993,143.616486765854,8.94875272727273,31.8953527272727,1024.7429276002,"","","","","",""
"W23","HH",NA,3,4,"4",2023-02-26 20:18:48,2023-02-26 12:18:48,2023-02-26 20:23:33,2023-02-26 12:23:33,-124.75656,43.9952,-124.75995,43.99621,0.7,23.402,574.465947063417,647.669784479826,574.465947063417,8.94875272727273,31.8953527272727,1024.7429276002,"","","","","",""
"W23","HH",NA,2,1,"0",2023-02-26 23:31:44,2023-02-26 15:31:44,2023-02-26 23:40:27,2023-02-26 15:40:27,-124.3615,43.99724,-124.3642,43.99657,1,102.3,124.103434023378,393.055278658484,124.103434023378,8.53141317365269,32.2187864271457,1025.17082718662,"","","","","",""
"W23","HH",NA,2,4,"0",2023-02-26 23:31:44,2023-02-26 15:31:44,2023-02-26 23:40:27,2023-02-26 15:40:27,-124.3615,43.99724,-124.3642,43.99657,1,102.3,496.413736093513,1535.09436140307,496.413736093513,8.53141317365269,32.2187864271457,1025.17082718662,"","","","","",""
"W23","HH",NA,2,1,"1",2023-02-26 23:40:27,2023-02-26 15:40:27,2023-02-26 23:44:11,2023-02-26 15:44:11,-124.3642,43.99656,-124.36501,43.99591,77.3,103.5,79.9166313808115,180.710300910227,79.9166313808115,7.33377232142857,33.9386830357143,1026.95320132374,"","","","","",""
"W23","HH",NA,2,4,"1",2023-02-26 23:40:27,2023-02-26 15:40:27,2023-02-26 23:44:11,2023-02-26 15:44:11,-124.3642,43.99656,-124.36501,43.99591,77.3,103.5,319.666525523246,720.840138504677,319.666525523246,7.33377232142857,33.9386830357143,1026.95320132374,"","","","","",""
"W23","HH",NA,2,1,"2",2023-02-26 23:44:11,2023-02-26 15:44:11,2023-02-26 23:47:54,2023-02-26 15:47:54,-124.365,43.99591,-124.36588,43.9954,49.3,78,79.240675700907,184.51766179557,79.240675700907,8.15703587443946,33.6586412556054,1026.49208113183,"","","","","",""
"W23","HH",NA,2,4,"2",2023-02-26 23:44:11,2023-02-26 15:44:11,2023-02-26 23:47:54,2023-02-26 15:47:54,-124.365,43.99591,-124.36588,43.9954,49.3,78,316.962702803628,734.40204966842,316.962702803628,8.15703587443946,33.6586412556054,1026.49208113183,"","","","","",""
"W23","HH",NA,2,1,"3",2023-02-26 23:47:54,2023-02-26 15:47:54,2023-02-26 23:50:59,2023-02-26 15:50:59,-124.36589,43.9954,-124.36693,43.99523,24.9,49.031,80.6042697526295,110.218195843144,80.6042697526295,9.00751891891892,33.0830378378378,1025.78817351646,"","","","","",""
"W23","HH",NA,2,4,"3",2023-02-26 23:47:54,2023-02-26 15:47:54,2023-02-26 23:50:59,2023-02-26 15:50:59,-124.36589,43.9954,-124.36693,43.99523,24.9,49.031,322.417079010518,439.265897732269,322.417079010518,9.00751891891892,33.0830378378378,1025.78817351646,"","","","","",""
"W23","HH",NA,2,1,"4",2023-02-26 23:50:59,2023-02-26 15:50:59,2023-02-26 23:56:11,2023-02-26 15:56:11,-124.36694,43.99523,-124.36913,43.99537,0.8,24.259,204.261994101447,187.80684279248,204.261994101447,8.87510283687943,31.6066773049645,1024.52009741911,"","","","","",""
"W23","HH",NA,2,4,"4",2023-02-26 23:50:59,2023-02-26 15:50:59,2023-02-26 23:56:11,2023-02-26 15:56:11,-124.36694,43.99523,-124.36913,43.99537,0.8,24.259,817.04797640579,745.62223911943,817.04797640579,8.87510283687943,31.6066773049645,1024.52009741911,"","","","","",""
"W23","HH",NA,1,1,"0",2023-02-27 01:55:14,2023-02-26 17:55:14,2023-02-27 02:01:57,2023-02-26 18:01:57,-124.18657,43.99855,-124.19066,43.99943,1.6,38.2,160.975294230027,298.469118101833,160.975294230027,8.78221836228288,32.354905707196,1025.16399935173,"","","","","",""
"W23","HH",NA,1,4,"0",2023-02-27 01:55:14,2023-02-26 17:55:14,2023-02-27 02:01:57,2023-02-26 18:01:57,-124.18657,43.99855,-124.19066,43.99943,1.6,38.2,643.901176920108,1183.36094598892,643.901176920108,8.78221836228288,32.354905707196,1025.16399935173,"","","","","",""
"W23","HH",NA,1,1,"3",2023-02-27 02:01:57,2023-02-26 18:01:57,2023-02-27 02:05:54,2023-02-26 18:05:54,-124.19067,43.99943,-124.19359,43.99973,22.3,40.7,102.89678957003,125.332375576315,102.89678957003,8.83853138075314,32.7999874476987,1025.57444972932,"","","","","",""
"W23","HH",NA,1,4,"3",2023-02-27 02:01:57,2023-02-26 18:01:57,2023-02-27 02:05:54,2023-02-26 18:05:54,-124.19067,43.99943,-124.19359,43.99973,22.3,40.7,411.542791028445,500.42426047278,411.542791028445,8.83853138075314,32.7999874476987,1025.57444972932,"","","","","",""
"W23","HH",NA,1,1,"4",2023-02-27 02:05:54,2023-02-26 18:05:54,2023-02-27 02:12:23,2023-02-26 18:12:23,-124.19359,43.99973,-124.19824,44.00081,0.8,23.2,182.298796251112,251.110768568033,182.298796251112,8.77745142857143,32.1315114285714,1024.96097966084,"","","","","",""
"W23","HH",NA,1,4,"4",2023-02-27 02:05:54,2023-02-26 18:05:54,2023-02-27 02:12:23,2023-02-26 18:12:23,-124.19359,43.99973,-124.19824,44.00081,0.8,23.2,729.195185004447,992.487232651685,729.195185004447,8.77745142857143,32.1315114285714,1024.96097966084,"","","","","",""
"S23","GH",NA,4,1,"0",2023-08-10 17:38:36,2023-08-10 10:38:36,2023-08-10 17:48:00,2023-08-10 10:48:00,-125.21312,47.10674,-125.22007,47.10847,2.521,133.586,328.573940895751,362.859645165,328.573940895751,12.2589115523466,32.484523465704,1024.81212145402,"","","Yes","","","Depth is probably about 50 m greater than values in depth_m column, but may be completely inaccurate"
"S23","GH",NA,4,4,"0",2023-08-10 17:38:36,2023-08-10 10:38:36,2023-08-10 17:48:00,2023-08-10 10:48:00,-125.21312,47.10674,-125.22007,47.10847,2.521,133.586,1314.295763583,1429.82623826223,1314.295763583,12.2589115523466,32.484523465704,1024.81212145402,"","","Yes","","","Depth is probably about 50 m greater than values in depth_m column, but may be completely inaccurate"
"S23","GH",NA,4,1,"1",2023-08-10 17:48:00,2023-08-10 10:48:00,2023-08-10 17:53:47,2023-08-10 10:53:47,-125.22008,47.10847,-125.22422,47.1095,90.2,131.8,297.240469782214,206.899795828603,297.240469782214,8.76650720461095,33.0904899135447,1026.17616880632,"","","Yes","","","Depth is probably about 50 m greater than values in depth_m column, but may be completely inaccurate"
"S23","GH",NA,4,4,"1",2023-08-10 17:48:00,2023-08-10 10:48:00,2023-08-10 17:53:47,2023-08-10 10:53:47,-125.22008,47.10847,-125.22422,47.1095,90.2,131.8,1188.96187912886,811.702414855807,1188.96187912886,8.76650720461095,33.0904899135447,1026.17616880632,"","","Yes","","","Depth is probably about 50 m greater than values in depth_m column, but may be completely inaccurate"
"S23","GH",NA,4,1,"2",2023-08-10 17:53:47,2023-08-10 10:53:47,2023-08-10 17:58:14,2023-08-10 10:58:14,-125.22423,47.1095,-125.22751,47.11032,57.999,89.4,237.185647441928,128.921290847581,237.185647441928,9.071265917603,32.4173520599251,1025.42481526292,"","","Yes","","","Depth is probably about 50 m greater than values in depth_m column, but may be completely inaccurate"
"S23","GH",NA,4,4,"2",2023-08-10 17:53:47,2023-08-10 10:53:47,2023-08-10 17:58:14,2023-08-10 10:58:14,-125.22423,47.1095,-125.22751,47.11032,57.999,89.4,948.742589767712,514.483986920709,948.742589767712,9.071265917603,32.4173520599251,1025.42481526292,"","","Yes","","","Depth is probably about 50 m greater than values in depth_m column, but may be completely inaccurate"
"S23","GH",NA,4,1,"3",2023-08-10 17:58:14,2023-08-10 10:58:14,2023-08-10 18:03:05,2023-08-10 11:03:05,-125.22752,47.11032,-125.23119,47.11124,24.681,57,265.926488236749,153.021125851732,265.926488236749,12.9987800687285,32.2210446735395,1024.39630510289,"","","Yes","","","Depth is probably about 50 m greater than values in depth_m column, but may be completely inaccurate"
"S23","GH",NA,4,4,"3",2023-08-10 17:58:14,2023-08-10 10:58:14,2023-08-10 18:03:05,2023-08-10 11:03:05,-125.22752,47.11032,-125.23119,47.11124,24.681,57,1063.70595294699,610.137938543326,1063.70595294699,12.9987800687285,32.2210446735395,1024.39630510289,"","","Yes","","","Depth is probably about 50 m greater than values in depth_m column, but may be completely inaccurate"
"S23","GH",NA,4,1,"4",2023-08-10 18:03:05,2023-08-10 11:03:05,2023-08-10 18:08:12,2023-08-10 11:08:12,-125.23121,47.11124,-125.23551,47.11231,1,23.736,273.285072387144,202.58471148643,273.285072387144,18.9395472972973,31.4221722972973,1022.35345906389,"","","Yes","","","Depth is probably about 50 m greater than values in depth_m column, but may be completely inaccurate"
"S23","GH",NA,4,4,"4",2023-08-10 18:03:05,2023-08-10 11:03:05,2023-08-10 18:08:12,2023-08-10 11:08:12,-125.23121,47.11124,-125.23551,47.11231,1,23.736,1093.14028954857,806.026967341791,1093.14028954857,18.9395472972973,31.4221722972973,1022.35345906389,"","","Yes","","","Depth is probably about 50 m greater than values in depth_m column, but may be completely inaccurate"
"S23","GH",NA,5,1,"0",2023-08-10 21:24:57,2023-08-10 14:24:57,2023-08-10 21:32:53,2023-08-10 14:32:53,-125.66679,47.10236,-125.67101,47.10245,2.2,131.549,242.752827598389,351.209717180717,242.752827598389,11.616018907563,32.6184600840336,1025.05159697673,"","","Yes","","","Depth is probably about 50 m greater than values in depth_m column, but may be completely inaccurate; "
"S23","GH",NA,5,4,"0",2023-08-10 21:24:57,2023-08-10 14:24:57,2023-08-10 21:32:53,2023-08-10 14:32:53,-125.66679,47.10236,-125.67101,47.10245,2.2,131.549,971.011310393555,1379.90612456937,971.011310393555,11.616018907563,32.6184600840336,1025.05159697673,"","","Yes","","","Depth is probably about 50 m greater than values in depth_m column, but may be completely inaccurate; "
"S23","GH",NA,5,1,"1",2023-08-10 21:32:53,2023-08-10 14:32:53,2023-08-10 21:36:41,2023-08-10 14:36:41,-125.67102,47.10245,-125.67322,47.10259,95.8,131.4,192.33661283078,132.891242229666,192.33661283078,8.49726315789474,33.0095219298246,1026.15228144764,"","","Yes","","","Depth is probably about 50 m greater than values in depth_m column, but may be completely inaccurate"
"S23","GH",NA,5,4,"1",2023-08-10 21:32:53,2023-08-10 14:32:53,2023-08-10 21:36:41,2023-08-10 14:36:41,-125.67102,47.10245,-125.67322,47.10259,95.8,131.4,769.346451323121,530.5719160146,769.346451323121,8.49726315789474,33.0095219298246,1026.15228144764,"","","Yes","","","Depth is probably about 50 m greater than values in depth_m column, but may be completely inaccurate"
"S23","GH",NA,5,1,"2",2023-08-10 21:36:41,2023-08-10 14:36:41,2023-08-10 21:44:43,2023-08-10 14:44:43,-125.67323,47.10259,-125.67729,47.10267,58.5,95.337,407.645642368412,365.747933762151,407.645642368412,8.91175933609959,32.4561929460581,1025.51515951338,"","","Yes","","","Depth is probably about 50 m greater than values in depth_m column, but may be completely inaccurate"
"S23","GH",NA,5,4,"2",2023-08-10 21:36:41,2023-08-10 14:36:41,2023-08-10 21:44:43,2023-08-10 14:44:43,-125.67323,47.10259,-125.67729,47.10267,58.5,95.337,1630.58256947365,1451.4440759762,1630.58256947365,8.91175933609959,32.4561929460581,1025.51515951338,"","","Yes","","","Depth is probably about 50 m greater than values in depth_m column, but may be completely inaccurate"
"S23","GH",NA,5,1,"3",2023-08-10 21:44:43,2023-08-10 14:44:43,2023-08-10 21:48:57,2023-08-10 14:48:57,-125.67729,47.10267,-125.6794,47.10275,31.114,56.893,214.673568798036,133.354274224035,214.673568798036,12.4814173228346,32.2851023622047,1024.57405725756,"","","Yes","","","Depth is probably about 50 m greater than values in depth_m column, but may be completely inaccurate"
"S23","GH",NA,5,4,"3",2023-08-10 21:44:43,2023-08-10 14:44:43,2023-08-10 21:48:57,2023-08-10 14:48:57,-125.67729,47.10267,-125.6794,47.10275,31.114,56.893,858.694275192145,532.46010651139,858.694275192145,12.4814173228346,32.2851023622047,1024.57405725756,"","","Yes","","","Depth is probably about 50 m greater than values in depth_m column, but may be completely inaccurate"
"S23","GH",NA,5,1,"4",2023-08-10 21:48:57,2023-08-10 14:48:57,2023-08-10 21:53:31,2023-08-10 14:53:31,-125.67941,47.10275,-125.68198,47.10269,2.549,30.851,282.219574881304,156.6837257889,282.219574881304,18.8856836363636,31.9756436363636,1022.79005441706,"","","Yes","","","Depth is probably about 50 m greater than values in depth_m column, but may be completely inaccurate"
"S23","GH",NA,5,4,"4",2023-08-10 21:48:57,2023-08-10 14:48:57,2023-08-10 21:53:31,2023-08-10 14:53:31,-125.67941,47.10275,-125.68198,47.10269,2.549,30.851,1128.87829952521,625.002651458072,1128.87829952521,18.8856836363636,31.9756436363636,1022.79005441706,"","","Yes","","","Depth is probably about 50 m greater than values in depth_m column, but may be completely inaccurate"
"S23","GH",NA,6,1,"0",2023-08-11 00:37:03,2023-08-10 17:37:03,2023-08-11 00:47:36,2023-08-10 17:47:36,-126.09386,47.10488,-126.09871,47.10805,3.5,125.4,368.659335797896,437.86054527203,368.659335797896,11.4807077922078,32.2999902597403,1024.81277739706,"","","Yes","","","Depth is probably about 50 m greater than values in depth_m column, but may be completely inaccurate"
"S23","GH",NA,6,4,"0",2023-08-11 00:37:03,2023-08-10 17:37:03,2023-08-11 00:47:36,2023-08-10 17:47:36,-126.09386,47.10488,-126.09871,47.10805,3.5,125.4,1474.63734319158,1716.9308935385,1474.63734319158,11.4807077922078,32.2999902597403,1024.81277739706,"","","Yes","","","Depth is probably about 50 m greater than values in depth_m column, but may be completely inaccurate"
"S23","GH",NA,6,1,"1",2023-08-11 00:47:36,2023-08-10 17:47:36,2023-08-11 00:52:09,2023-08-10 17:52:09,-126.09872,47.10806,-126.10091,47.10951,91.99,123.51,214.475545502563,181.973347922822,214.475545502563,7.82062637362637,32.5961611721612,1025.91391486693,"","","Yes","","","Depth is probably about 50 m greater than values in depth_m column, but may be completely inaccurate"
"S23","GH",NA,6,4,"1",2023-08-11 00:47:36,2023-08-10 17:47:36,2023-08-11 00:52:09,2023-08-10 17:52:09,-126.09872,47.10806,-126.10091,47.10951,91.99,123.51,857.902182010251,724.541942201476,857.902182010251,7.82062637362637,32.5961611721612,1025.91391486693,"","","Yes","","","Depth is probably about 50 m greater than values in depth_m column, but may be completely inaccurate"
"S23","GH",NA,6,1,"2",2023-08-11 00:52:09,2023-08-10 17:52:09,2023-08-11 00:57:13,2023-08-10 17:57:13,-126.10092,47.10952,-126.10329,47.11118,61.8,91.4,271.483816325916,210.382679834221,271.483816325916,8.89871052631579,32.376625,1025.42057754074,"","","Yes","","","Depth is probably about 50 m greater than values in depth_m column, but may be completely inaccurate"
"S23","GH",NA,6,4,"2",2023-08-11 00:52:09,2023-08-10 17:52:09,2023-08-11 00:57:13,2023-08-10 17:57:13,-126.10092,47.10952,-126.10329,47.11118,61.8,91.4,1085.93526530366,836.341036055602,1085.93526530366,8.89871052631579,32.376625,1025.42057754074,"","","Yes","","","Depth is probably about 50 m greater than values in depth_m column, but may be completely inaccurate"
"S23","GH",NA,6,1,"3",2023-08-11 00:57:13,2023-08-10 17:57:13,2023-08-11 01:02:01,2023-08-10 18:02:01,-126.10329,47.11118,-126.10555,47.11272,30.7,61.725,280.78900703755,202.072769510639,280.78900703755,13.4919513888889,32.2610208333333,1024.35646863326,"","","Yes","","","Depth is probably about 50 m greater than values in depth_m column, but may be completely inaccurate"
"S23","GH",NA,6,4,"3",2023-08-11 00:57:13,2023-08-10 17:57:13,2023-08-11 01:02:01,2023-08-10 18:02:01,-126.10329,47.11118,-126.10555,47.11272,30.7,61.725,1123.1560281502,799.372544340243,1123.1560281502,13.4919513888889,32.2610208333333,1024.35646863326,"","","Yes","","","Depth is probably about 50 m greater than values in depth_m column, but may be completely inaccurate"
"S23","GH",NA,6,1,"4",2023-08-11 01:02:01,2023-08-10 18:02:01,2023-08-11 01:06:45,2023-08-10 18:06:45,-126.10555,47.11273,-126.1079,47.1143,3,29.997,336.487558234018,172.446459818483,336.487558234018,18.5902261904762,31.7245714285714,1022.68588272965,"","","Yes","","","Depth is probably about 50 m greater than values in depth_m column, but may be completely inaccurate"
"S23","GH",NA,6,4,"4",2023-08-11 01:02:01,2023-08-10 18:02:01,2023-08-11 01:06:45,2023-08-10 18:06:45,-126.10555,47.11273,-126.1079,47.1143,3,29.997,1345.95023293607,688.815500714643,1345.95023293607,18.5902261904762,31.7245714285714,1022.68588272965,"","","Yes","","","Depth is probably about 50 m greater than values in depth_m column, but may be completely inaccurate"
"S23","GH",NA,3,1,"0",2023-08-11 15:25:38,2023-08-11 08:25:38,2023-08-11 15:33:27,2023-08-11 08:33:27,-124.80821,47.10644,-124.81195,47.10908,1.517,119.583,263.958842731825,351.411507078739,263.958842731825,9.21801518438178,33.0535553145336,1025.82694618684,"","","Yes","","","Closing depth from transducer was 100 m; can be used to estimate closing depths for GH 4-6"
"S23","GH",NA,3,4,"0",2023-08-11 15:25:38,2023-08-11 08:25:38,2023-08-11 15:33:27,2023-08-11 08:33:27,-124.80821,47.10644,-124.81195,47.10908,1.517,119.583,1067.79535612521,1383.05691873393,1067.79535612521,9.21801518438178,33.0535553145336,1025.82694618684,"","","Yes","","","Closing depth from transducer was 100 m; can be used to estimate closing depths for GH 4-6"
"S23","GH",NA,3,1,"1",2023-08-11 15:33:27,2023-08-11 08:33:27,2023-08-11 15:37:43,2023-08-11 08:37:43,-124.81195,47.10909,-124.81412,47.11062,89.2,118.789,225.015641200038,219.565276216515,225.015641200038,7.98136328125,33.75066796875,1026.76798080883,"","","Yes","","","Closing depth from transducer was 74.72 m; can be used to estimate closing depths for GH 4-6"
"S23","GH",NA,3,4,"1",2023-08-11 15:33:27,2023-08-11 08:33:27,2023-08-11 15:37:43,2023-08-11 08:37:43,-124.81195,47.10909,-124.81412,47.11062,89.2,118.789,900.062564800154,865.685707331477,900.062564800154,7.98136328125,33.75066796875,1026.76798080883,"","","Yes","","","Closing depth from transducer was 74.72 m; can be used to estimate closing depths for GH 4-6"
"S23","GH",NA,3,1,"2",2023-08-11 15:37:43,2023-08-11 08:37:43,2023-08-11 15:41:21,2023-08-11 08:41:21,-124.81413,47.11063,-124.81601,47.11195,59.8,89.3,201.46356796416,182.850050829434,201.46356796416,8.21025229357798,33.3663990825688,1026.30612432818,"","","Yes","","","Closing depth from transducer was 50.02 m; can be used to estimate closing depths for GH 4-6"
"S23","GH",NA,3,4,"2",2023-08-11 15:37:43,2023-08-11 08:37:43,2023-08-11 15:41:21,2023-08-11 08:41:21,-124.81413,47.11063,-124.81601,47.11195,59.8,89.3,805.854271856639,724.635061210107,805.854271856639,8.21025229357798,33.3663990825688,1026.30612432818,"","","Yes","","","Closing depth from transducer was 50.02 m; can be used to estimate closing depths for GH 4-6"
"S23","GH",NA,3,1,"3",2023-08-11 15:41:21,2023-08-11 08:41:21,2023-08-11 15:46:48,2023-08-11 08:46:48,-124.81602,47.11195,-124.81895,47.11404,31,59.2,304.743852415084,293.524996622723,304.743852415084,8.69633639143731,32.6805382262997,1025.55199551701,"","","Yes","","","Closing depth from transducer was 25.77 m; can be used to estimate closing depths for GH 4-6"
"S23","GH",NA,3,4,"3",2023-08-11 15:41:21,2023-08-11 08:41:21,2023-08-11 15:46:48,2023-08-11 08:46:48,-124.81602,47.11195,-124.81895,47.11404,31,59.2,1218.97540966033,1147.12981592264,1218.97540966033,8.69633639143731,32.6805382262997,1025.55199551701,"","","Yes","","","Closing depth from transducer was 25.77 m; can be used to estimate closing depths for GH 4-6"
"S23","GH",NA,3,1,"4",2023-08-11 15:46:48,2023-08-11 08:46:48,2023-08-11 15:55:40,2023-08-11 08:55:40,-124.81895,47.11405,-124.82354,47.11727,0.5,30.5,423.264821026752,423.557488719333,423.264821026752,12.6210379241517,32.1695409181637,1024.31259285405,"","","Yes","","","Closing depth from transducer was ~0 m; can be used to estimate closing depths for GH 4-6"
"S23","GH",NA,3,4,"4",2023-08-11 15:46:48,2023-08-11 08:46:48,2023-08-11 15:55:40,2023-08-11 08:55:40,-124.81895,47.11405,-124.82354,47.11727,0.5,30.5,1693.05928410701,1644.05776412238,1693.05928410701,12.6210379241517,32.1695409181637,1024.31259285405,"","","Yes","","","Closing depth from transducer was ~0 m; can be used to estimate closing depths for GH 4-6"
"S23","GH",NA,2,1,"0",2023-08-11 19:06:56,2023-08-11 12:06:56,2023-08-11 19:16:44,2023-08-11 12:16:44,-124.54438,47.10657,-124.55017,47.11125,3.156,81.844,484.708933217461,421.145032808215,484.708933217461,9.05407823129252,33.5957278911565,1026.18367239733,"","","Yes","","","Closing depth from transducer was 69.01 m; can be used to estimate closing depths for GH 4-6"
"S23","GH",NA,2,4,"0",2023-08-11 19:06:56,2023-08-11 12:06:56,2023-08-11 19:16:44,2023-08-11 12:16:44,-124.54438,47.10657,-124.55789,47.1187,3.156,81.844,1957.8610012326,2032.17434253644,1957.8610012326,9.12264818355641,33.5218253664755,1026.11599597242,"","","Yes","","","Closing depth from transducer was 69.01 m; can be used to estimate closing depths for GH 4-6"
"S23","GH",NA,2,1,"2",2023-08-11 19:16:44,2023-08-11 12:16:44,2023-08-11 19:20:36,2023-08-11 12:20:36,-124.55018,47.11126,-124.55217,47.11309,64.131,80.3,230.494045686377,111.799158554063,230.494045686377,7.65711206896552,33.8754827586207,1026.7750074765,"","","Yes","","","Closing depth from transducer was 51.06 m; can be used to estimate closing depths for GH 4-6"
"S23","GH",NA,2,1,"3",2023-08-11 19:20:36,2023-08-11 12:20:36,2023-08-11 19:27:25,2023-08-11 12:27:25,-124.55218,47.1131,-124.55536,47.11619,32.308,63.792,434.395054539166,330.358478110106,434.395054539166,8.02769926650367,33.6796674816626,1026.46753002137,"","","Yes","","","Closing depth from transducer was 23.69 m; can be used to estimate closing depths for GH 4-6"
"S23","GH",NA,2,1,"4",2023-08-11 19:27:25,2023-08-11 12:27:25,2023-08-11 19:33:04,2023-08-11 12:33:04,-124.55537,47.1162,-124.55789,47.1187,3.439,31.261,348.020873361445,267.30823123687,348.020873361445,11.5584058823529,32.9628235294118,1025.12640234649,"","","Yes","","","Closing depth from transducer was ~0 m; can be used to estimate closing depths for GH 4-6"
"S23","GH",NA,1,1,"0",2023-08-11 21:43:15,2023-08-11 14:43:15,2023-08-11 21:48:33,2023-08-11 14:48:33,-124.34151,47.10395,-124.34329,47.10523,2.2,46.7,205.017877535154,183.210768473924,205.017877535154,10.5413018867925,33.2780094339623,1025.58296078023,"","","Yes","","","Closing depth from transducer was 33.5 m; can be used to estimate closing depths for GH 4-6"
"S23","GH",NA,1,4,"0",2023-08-11 21:43:15,2023-08-11 14:43:15,2023-08-11 21:48:33,2023-08-11 14:48:33,-124.34151,47.10395,-124.34329,47.10523,2.2,46.7,820.071510140618,725.279217234369,820.071510140618,10.5413018867925,33.2780094339623,1025.58296078023,"","","Yes","","","Closing depth from transducer was 33.5 m; can be used to estimate closing depths for GH 4-6"
"S23","GH",NA,1,1,"3",2023-08-11 21:48:33,2023-08-11 14:48:33,2023-08-11 21:50:14,2023-08-11 14:50:14,-124.34329,47.10523,-124.34385,47.10562,31.8,43.4,83.573357283314,22.5699815308306,83.573357283314,8.15066336633663,33.5564554455446,1026.290585281,"","","Yes","","","Closing depth from transducer was 23.7 m; can be used to estimate closing depths for GH 4-6"
"S23","GH",NA,1,4,"3",2023-08-11 21:48:33,2023-08-11 14:48:33,2023-08-11 21:50:14,2023-08-11 14:50:14,-124.34329,47.10523,-124.34385,47.10562,31.8,43.4,334.293429133256,115.653933010635,334.293429133256,8.15066336633663,33.5564554455446,1026.290585281,"","","Yes","","","Closing depth from transducer was 23.7 m; can be used to estimate closing depths for GH 4-6"
"S23","GH",NA,1,1,"4",2023-08-11 21:50:14,2023-08-11 14:50:14,2023-08-11 21:54:58,2023-08-11 14:54:58,-124.34385,47.10563,-124.34545,47.1067,3.269,31.2,284.71761168279,187.003640423619,284.71761168279,10.4850561403509,33.1033263157895,1025.43558709498,"","","Yes","","","Closing depth from transducer was ~0 m; can be used to estimate closing depths for GH 4-6"
"S23","GH",NA,1,4,"4",2023-08-11 21:50:14,2023-08-11 14:50:14,2023-08-11 21:54:58,2023-08-11 14:54:58,-124.34385,47.10563,-124.34545,47.1067,3.269,31.2,1138.87044673116,740.786588038505,1138.87044673116,10.4850561403509,33.1033263157895,1025.43558709498,"","","Yes","","","Closing depth from transducer was ~0 m; can be used to estimate closing depths for GH 4-6"
"S23","CR",NA,4,1,"0",2023-08-12 14:41:22,2023-08-12 07:41:22,2023-08-12 14:49:59,2023-08-12 07:49:59,-125.15474,46.17574,-125.15657,46.18015,0.5,120.5,289.117341220709,328.818503321494,289.117341220709,11.4490134874759,32.6793776493256,1025.10902566571,"","","Yes","","","Closing depth from transducer was 99.04 m; can be used to estimate closing depths for GH 4-6"
"S23","CR",NA,4,4,"0",2023-08-12 14:41:22,2023-08-12 07:41:22,2023-08-12 14:49:59,2023-08-12 07:49:59,-125.15474,46.17574,-125.16045,46.1907,0.5,120.5,1254.73188066471,1962.17505425318,1254.73188066471,11.5141261363636,32.5668454545455,1024.99672048041,"","","Yes","","","Closing depth from transducer was 99.04 m; can be used to estimate closing depths for GH 4-6"
"S23","CR",NA,4,1,"1",2023-08-12 14:49:59,2023-08-12 07:49:59,2023-08-12 14:55:16,2023-08-12 07:55:16,-125.15657,46.18015,-125.15749,46.18283,91.916,119.784,290.103493917383,151.915472868519,290.103493917383,8.56724764890282,33.3000564263323,1026.33821351412,"","","Yes","","","Closing depth from transducer was 75.13 m; can be used to estimate closing depths for GH 4-6"
"S23","CR",NA,4,1,"2",2023-08-12 14:55:16,2023-08-12 07:55:16,2023-08-12 14:59:40,2023-08-12 07:59:40,-125.15749,46.18284,-125.1583,46.18506,60.526,91.737,249.219664774154,122.910391738304,249.219664774154,8.92892424242424,32.7801704545455,1025.75459262284,"","","Yes","","","Closing depth from transducer was 48.40 m; can be used to estimate closing depths for GH 4-6"
"S23","CR",NA,4,1,"3",2023-08-12 14:59:40,2023-08-12 07:59:40,2023-08-12 15:05:41,2023-08-12 08:05:41,-125.15831,46.18507,-125.15941,46.18801,30.46,59.3,334.237245557794,185.577700982535,334.237245557794,10.7436592797784,32.3222132963989,1024.93622446457,"","","Yes","","","Closing depth from transducer was 24.45 m; can be used to estimate closing depths for GH 4-6"
"S23","CR",NA,4,1,"4",2023-08-12 15:05:41,2023-08-12 08:05:41,2023-08-12 15:10:35,2023-08-12 08:10:35,-125.15941,46.18802,-125.16045,46.1907,0.5,29.124,270.898724084163,167.795298805017,270.898724084163,18.0275252525253,31.6904006734007,1022.75947518475,"","","Yes","","","Closing depth from transducer was ~0 m; can be used to estimate closing depths for GH 4-6"
"S23","CR",NA,3,1,"0",2023-08-12 18:25:45,2023-08-12 11:25:45,2023-08-12 18:36:43,2023-08-12 11:36:43,-124.69279,46.17225,-124.68815,46.17733,1.8,123.7,476.200083740783,451.978387761862,476.200083740783,10.0485420560748,32.9853130841121,1025.62916827519,"","","Yes","","","Closing depth from transducer was 100.59 m; can be used to estimate closing depths for GH 4-6"
"S23","CR",NA,3,4,"0",2023-08-12 18:25:45,2023-08-12 11:25:45,2023-08-12 18:36:43,2023-08-12 11:36:43,-124.69279,46.17225,-124.68815,46.17733,1.8,123.7,1904.80033496313,1772.05208989249,1904.80033496313,10.0485420560748,32.9853130841121,1025.62916827519,"","","Yes","","","Closing depth from transducer was 100.59 m; can be used to estimate closing depths for GH 4-6"
"S23","CR",NA,3,1,"1",2023-08-12 18:36:43,2023-08-12 11:36:43,2023-08-12 18:43:28,2023-08-12 11:43:28,-124.68814,46.17734,-124.68534,46.1803,89.7,124.4,378.528231882461,366.437364239796,378.528231882461,8.00820740740741,33.7629925925926,1026.80872837976,"","","Yes","","","Closing depth from transducer was 72.41 m; can be used to estimate closing depths for GH 4-6"
"S23","CR",NA,3,4,"1",2023-08-12 18:36:43,2023-08-12 11:36:43,2023-08-12 18:43:28,2023-08-12 11:43:28,-124.68814,46.17734,-124.68534,46.1803,89.7,124.4,1514.11292752984,1453.87986773569,1514.11292752984,8.00820740740741,33.7629925925926,1026.80872837976,"","","Yes","","","Closing depth from transducer was 72.41 m; can be used to estimate closing depths for GH 4-6"
"S23","CR",NA,3,1,"2",2023-08-12 18:43:28,2023-08-12 11:43:28,2023-08-12 18:47:56,2023-08-12 11:47:56,-124.68534,46.18031,-124.68349,46.18233,61.435,88.6,252.453250897561,236.011890509495,252.453250897561,8.51109328358209,33.3420895522388,1026.23766536467,"","","Yes","","","Closing depth from transducer was 48.37 m; can be used to estimate closing depths for GH 4-6"
"S23","CR",NA,3,4,"2",2023-08-12 18:43:28,2023-08-12 11:43:28,2023-08-12 18:47:56,2023-08-12 11:47:56,-124.68534,46.18031,-124.68349,46.18233,61.435,88.6,1009.81300359024,934.136573784613,1009.81300359024,8.51109328358209,33.3420895522388,1026.23766536467,"","","Yes","","","Closing depth from transducer was 48.37 m; can be used to estimate closing depths for GH 4-6"
"S23","CR",NA,3,1,"3",2023-08-12 18:47:56,2023-08-12 11:47:56,2023-08-12 18:52:52,2023-08-12 11:52:52,-124.68349,46.18234,-124.68159,46.18437,32.482,60.609,283.806976250072,258.87143711839,283.806976250072,8.76693243243243,32.6071621621622,1025.49347087112,"","","Yes","","","Closing depth from transducer was 24.82 m; can be used to estimate closing depths for GH 4-6"
"S23","CR",NA,3,4,"3",2023-08-12 18:47:56,2023-08-12 11:47:56,2023-08-12 18:52:52,2023-08-12 11:52:52,-124.68349,46.18234,-124.68159,46.18437,32.482,60.609,1135.22790500029,1027.2226420974,1135.22790500029,8.76693243243243,32.6071621621622,1025.49347087112,"","","Yes","","","Closing depth from transducer was 24.82 m; can be used to estimate closing depths for GH 4-6"
"S23","CR",NA,3,1,"4",2023-08-12 18:52:52,2023-08-12 11:52:52,2023-08-12 18:58:36,2023-08-12 11:58:36,-124.68159,46.18438,-124.67943,46.18661,1.5,32.1,292.418860659744,243.011641336339,292.418860659744,15.0054434782609,32.0381275362319,1023.70477032343,"","","Yes","","","Closing depth from transducer was ~0 m; can be used to estimate closing depths for GH 4-6"
"S23","CR",NA,3,4,"4",2023-08-12 18:52:52,2023-08-12 11:52:52,2023-08-12 18:58:36,2023-08-12 11:58:36,-124.68159,46.18438,-124.67943,46.18661,1.5,32.1,1169.67544263898,961.528282394569,1169.67544263898,15.0054434782609,32.0381275362319,1023.70477032343,"","","Yes","","","Closing depth from transducer was ~0 m; can be used to estimate closing depths for GH 4-6"
"S23","CR",NA,2,1,"0",2023-08-12 21:46:35,2023-08-12 14:46:35,2023-08-12 21:53:41,2023-08-12 14:53:41,-124.30445,46.17046,-124.30033,46.17087,1.7,120.2,195.978240194357,302.173584548292,195.978240194357,9.06315962441315,33.0688568075117,1025.85440565792,"","","Yes","","","Closing depth from transducer was 100 m; can be used to estimate closing depths for GH 4-6"
"S23","CR",NA,2,4,"0",2023-08-12 21:46:35,2023-08-12 14:46:35,2023-08-12 21:53:41,2023-08-12 14:53:41,-124.30445,46.17046,-124.30033,46.17087,1.7,120.2,783.912960777427,1195.05830238612,783.912960777427,9.06315962441315,33.0688568075117,1025.85440565792,"","","Yes","","","Closing depth from transducer was 100 m; can be used to estimate closing depths for GH 4-6"
"S23","CR",NA,2,1,"1",2023-08-12 21:53:41,2023-08-12 14:53:41,2023-08-12 21:57:21,2023-08-12 14:57:21,-124.30033,46.17087,-124.29808,46.17101,90.3,119.5,183.111592796214,144.962164485257,183.111592796214,7.55383636363636,33.8909545454545,1026.94465616543,"","","Yes","","","Closing depth from transducer was 74.75 m; can be used to estimate closing depths for GH 4-6"
"S23","CR",NA,2,4,"1",2023-08-12 21:53:41,2023-08-12 14:53:41,2023-08-12 21:57:21,2023-08-12 14:57:21,-124.30033,46.17087,-124.29808,46.17101,90.3,119.5,732.446371184858,580.684745469355,732.446371184858,7.55383636363636,33.8909545454545,1026.94465616543,"","","Yes","","","Closing depth from transducer was 74.75 m; can be used to estimate closing depths for GH 4-6"
"S23","CR",NA,2,1,"2",2023-08-12 21:57:21,2023-08-12 14:57:21,2023-08-12 22:02:51,2023-08-12 15:02:51,-124.29807,46.171,-124.29524,46.17122,57.3,89.9,290.139394302927,253.898717660449,290.139394302927,7.83241212121212,33.8347,1026.73138198258,"","","Yes","","","Closing depth from transducer was 45.91 m; can be used to estimate closing depths for GH 4-6"
"S23","CR",NA,2,4,"2",2023-08-12 21:57:21,2023-08-12 14:57:21,2023-08-12 22:02:51,2023-08-12 15:02:51,-124.29807,46.171,-124.29524,46.17122,57.3,89.9,1160.55757721171,1008.41110503789,1160.55757721171,7.83241212121212,33.8347,1026.73138198258,"","","Yes","","","Closing depth from transducer was 45.91 m; can be used to estimate closing depths for GH 4-6"
"S23","CR",NA,2,1,"3",2023-08-12 22:02:51,2023-08-12 15:02:51,2023-08-12 22:05:45,2023-08-12 15:05:45,-124.29522,46.17123,-124.29349,46.17136,31.029,56.1,162.799804911376,96.6477842933348,162.799804911376,8.21985632183908,33.5953965517241,1026.33865799634,"","","Yes","","","Closing depth from transducer was 24.77 m; can be used to estimate closing depths for GH 4-6"
"S23","CR",NA,2,4,"3",2023-08-12 22:02:51,2023-08-12 15:02:51,2023-08-12 22:05:45,2023-08-12 15:05:45,-124.29522,46.17123,-124.29349,46.17136,31.029,56.1,651.199219645505,387.242261572479,651.199219645505,8.21985632183908,33.5953965517241,1026.33865799634,"","","Yes","","","Closing depth from transducer was 24.77 m; can be used to estimate closing depths for GH 4-6"
"S23","CR",NA,2,1,"4",2023-08-12 22:05:45,2023-08-12 15:05:45,2023-08-12 22:10:12,2023-08-12 15:10:12,-124.29348,46.17136,-124.29086,46.17163,1.9,30.8,263.750904580526,150.174765125025,263.750904580526,10.208593220339,32.3550508474576,1024.90850294036,"","","Yes","","","Closing depth from transducer was ~0 m; can be used to estimate closing depths for GH 4-6"
"S23","CR",NA,2,4,"4",2023-08-12 22:05:45,2023-08-12 15:05:45,2023-08-12 22:10:12,2023-08-12 15:10:12,-124.29348,46.17136,-124.29086,46.17163,1.9,30.8,1055.0036183221,600.054803511578,1055.0036183221,10.208593220339,32.3550508474576,1024.90850294036,"","","Yes","","","Closing depth from transducer was ~0 m; can be used to estimate closing depths for GH 4-6"
"S23","CR",NA,1,1,"0",2023-08-13 00:12:56,2023-08-12 17:12:56,2023-08-13 00:18:33,2023-08-12 17:18:33,-124.11057,46.16339,-124.11041,46.16044,2.5,41.6,261.238019734966,258.078136616011,261.238019734966,8.91605341246291,33.3112818991098,1025.90884106118,"","","Yes","","","Closing depth from transducer was 36.6 m; can be used to estimate closing depths for GH 4-6"
"S23","CR",NA,1,4,"0",2023-08-13 00:12:56,2023-08-12 17:12:56,2023-08-13 00:18:33,2023-08-12 17:18:33,-124.11057,46.16339,-124.11041,46.16044,2.5,41.6,1044.95207893986,1020.40999288377,1044.95207893986,8.91605341246291,33.3112818991098,1025.90884106118,"","","Yes","","","Closing depth from transducer was 36.6 m; can be used to estimate closing depths for GH 4-6"
"S23","CR",NA,1,1,"4",2023-08-13 00:18:33,2023-08-12 17:18:33,2023-08-13 00:26:27,2023-08-12 17:26:27,-124.11041,46.16043,-124.11035,46.15612,3.4,38.05,490.997246045675,370.418954725196,490.997246045675,9.3995852631579,33.0809578947368,1025.62181595881,"","","Yes","","","Closing depth from transducer was ~0 m; can be used to estimate closing depths for GH 4-6"
"S23","CR",NA,1,4,"4",2023-08-13 00:18:33,2023-08-12 17:18:33,2023-08-13 00:26:27,2023-08-12 17:26:27,-124.11041,46.16043,-124.11035,46.15579,3.4,38.05,1972.20761758623,1516.63888585377,1972.20761758623,9.52202195608782,33.0306107784431,1025.55890049523,"","","Yes","","","Closing depth from transducer was ~0 m; can be used to estimate closing depths for GH 4-6"
"S23","CM",NA,4,1,"0",2023-08-13 17:24:41,2023-08-13 10:24:41,2023-08-13 17:33:09,2023-08-13 10:33:09,-125.04746,45.48272,-125.04744,45.48706,2,123.707,263.396661584141,259.524201981105,263.396661584141,12.9362324649299,32.4509879759519,1024.63881026102,"","","Yes","","","Depth is probably about 50 m greater than values in depth_m column, but may be completely inaccurate"
"S23","CM",NA,4,4,"0",2023-08-13 17:24:41,2023-08-13 10:24:41,2023-08-13 17:33:09,2023-08-13 10:33:09,-125.04746,45.48272,-125.04744,45.48706,2,123.707,1061.16964913028,1031.47301663662,1061.16964913028,12.9362324649299,32.4509879759519,1024.63881026102,"","","Yes","","","Depth is probably about 50 m greater than values in depth_m column, but may be completely inaccurate"
"S23","CM",NA,4,1,"1",2023-08-13 17:33:09,2023-08-13 10:33:09,2023-08-13 17:36:36,2023-08-13 10:36:36,-125.04744,45.48707,-125.04751,45.48896,91.4,117,147.982981475557,57.6977529527897,147.982981475557,8.94326570048309,32.7661449275362,1025.84866360804,"","","Yes","","","Depth is probably about 50 m greater than values in depth_m column, but may be completely inaccurate"
"S23","CM",NA,4,4,"1",2023-08-13 17:33:09,2023-08-13 10:33:09,2023-08-13 17:36:36,2023-08-13 10:36:36,-125.04744,45.48707,-125.04751,45.48896,91.4,117,591.931925902226,231.177856066047,591.931925902226,8.94326570048309,32.7661449275362,1025.84866360804,"","","Yes","","","Depth is probably about 50 m greater than values in depth_m column, but may be completely inaccurate"
"S23","CM",NA,4,1,"2",2023-08-13 17:36:36,2023-08-13 10:36:36,2023-08-13 17:41:11,2023-08-13 10:41:11,-125.04751,45.48897,-125.04763,45.49139,60.249,90.951,235.502553247815,90.936760716159,235.502553247815,9.81678909090909,32.3532763636364,1025.25043703477,"","","Yes","","","Depth is probably about 50 m greater than values in depth_m column, but may be completely inaccurate"
"S23","CM",NA,4,4,"2",2023-08-13 17:36:36,2023-08-13 10:36:36,2023-08-13 17:41:11,2023-08-13 10:41:11,-125.04751,45.48897,-125.04763,45.49139,60.249,90.951,942.010212991258,364.350197057732,942.010212991258,9.81678909090909,32.3532763636364,1025.25043703477,"","","Yes","","","Depth is probably about 50 m greater than values in depth_m column, but may be completely inaccurate"
"S23","CM",NA,4,1,"3",2023-08-13 17:41:11,2023-08-13 10:41:11,2023-08-13 17:46:29,2023-08-13 10:46:29,-125.04763,45.49139,-125.04763,45.49407,28.6,59.6,275.510368461629,100.635987288522,275.510368461629,15.5395031446541,32.0856477987421,1023.77144588111,"","","Yes","","","Depth is probably about 50 m greater than values in depth_m column, but may be completely inaccurate"
"S23","CM",NA,4,4,"3",2023-08-13 17:41:11,2023-08-13 10:41:11,2023-08-13 17:46:29,2023-08-13 10:46:29,-125.04763,45.49139,-125.04763,45.49407,28.6,59.6,1102.04147384652,402.292345507415,1102.04147384652,15.5395031446541,32.0856477987421,1023.77144588111,"","","Yes","","","Depth is probably about 50 m greater than values in depth_m column, but may be completely inaccurate"
"S23","CM",NA,4,1,"4",2023-08-13 17:46:29,2023-08-13 10:46:29,2023-08-13 17:50:50,2023-08-13 10:50:50,-125.04763,45.49408,-125.0477,45.4965,1.7,27.9,306.789176436959,99.4484114531971,306.789176436959,19.7328318965517,31.4661594827586,1022.18934621333,"","","Yes","","","Depth is probably about 50 m greater than values in depth_m column, but may be completely inaccurate"
"S23","CM",NA,4,4,"4",2023-08-13 17:46:29,2023-08-13 10:46:29,2023-08-13 17:50:50,2023-08-13 10:50:50,-125.04763,45.49408,-125.0477,45.4965,1.7,27.9,1227.15670574784,397.333800688096,1227.15670574784,19.7328318965517,31.4661594827586,1022.18934621333,"","","Yes","","","Depth is probably about 50 m greater than values in depth_m column, but may be completely inaccurate"
"S23","CM",NA,3,1,"0",2023-08-13 20:52:11,2023-08-13 13:52:11,2023-08-13 20:59:09,2023-08-13 13:59:09,-124.60148,45.48132,-124.60411,45.48291,3.5,123,124.031836230767,266.711676773966,124.031836230767,9.88623923444976,32.9791866028708,1025.68790081559,"","","Yes","","","Depth is probably about 50 m greater than values in depth_m column, but may be completely inaccurate"
"S23","CM",NA,3,4,"0",2023-08-13 20:52:11,2023-08-13 13:52:11,2023-08-13 20:59:09,2023-08-13 13:59:09,-124.60148,45.48132,-124.60411,45.48291,3.5,123,496.12734492307,1057.54319755236,496.12734492307,9.88623923444976,32.9791866028708,1025.68790081559,"","","Yes","","","Depth is probably about 50 m greater than values in depth_m column, but may be completely inaccurate"
"S23","CM",NA,3,1,"1",2023-08-13 20:59:09,2023-08-13 13:59:09,2023-08-13 21:03:48,2023-08-13 14:03:48,-124.60411,45.48292,-124.60566,45.48395,90.5,122.643,184.649649490491,146.563064786517,184.649649490491,8.29087900355872,33.5535551601424,1026.59981015216,"","","Yes","","","Depth is probably about 50 m greater than values in depth_m column, but may be completely inaccurate"
"S23","CM",NA,3,4,"1",2023-08-13 20:59:09,2023-08-13 13:59:09,2023-08-13 21:03:48,2023-08-13 14:03:48,-124.60411,45.48292,-124.60566,45.48395,90.5,122.643,738.601674210488,587.048504555242,738.601674210488,8.29087900355872,33.5535551601424,1026.59981015216,"","","Yes","","","Depth is probably about 50 m greater than values in depth_m column, but may be completely inaccurate"
"S23","CM",NA,3,1,"2",2023-08-13 21:03:48,2023-08-13 14:03:48,2023-08-13 21:07:48,2023-08-13 14:07:48,-124.60567,45.48395,-124.60693,45.48473,61.8,89,147.323586560748,87.2359083728639,147.323586560748,8.64982916666667,32.9923041666667,1025.95029454949,"","","Yes","","","Depth is probably about 50 m greater than values in depth_m column, but may be completely inaccurate"
"S23","CM",NA,3,4,"2",2023-08-13 21:03:48,2023-08-13 14:03:48,2023-08-13 21:07:48,2023-08-13 14:07:48,-124.60567,45.48395,-124.60693,45.48473,61.8,89,589.294346242992,349.530757410624,589.294346242992,8.64982916666667,32.9923041666667,1025.95029454949,"","","Yes","","","Depth is probably about 50 m greater than values in depth_m column, but may be completely inaccurate"
"S23","CM",NA,3,1,"3",2023-08-13 21:07:48,2023-08-13 14:07:48,2023-08-13 21:10:35,2023-08-13 14:10:35,-124.60693,45.48473,-124.60799,45.48534,31.833,61.2,NA,64.0290252708536,64.0290252708536,9.21330538922156,32.5306047904192,1025.3658538954,"","","Yes","","","Depth is probably about 50 m greater than values in depth_m column, but may be completely inaccurate"
"S23","CM",NA,3,4,"3",2023-08-13 21:07:48,2023-08-13 14:07:48,2023-08-13 21:10:35,2023-08-13 14:10:35,-124.60693,45.48473,-124.60799,45.48534,31.833,61.2,NA,256.546714912305,256.546714912305,9.21330538922156,32.5306047904192,1025.3658538954,"","","Yes","","","Depth is probably about 50 m greater than values in depth_m column, but may be completely inaccurate"
"S23","CM",NA,3,1,"4",2023-08-13 21:10:35,2023-08-13 14:10:35,2023-08-13 21:14:53,2023-08-13 14:14:53,-124.608,45.48535,-124.60979,45.48648,2.2,31.175,259.361630491241,129.915098607827,259.361630491241,14.7705931558935,31.1868935361217,1023.11239734267,"","","Yes","","","Depth is probably about 50 m greater than values in depth_m column, but may be completely inaccurate"
"S23","CM",NA,3,4,"4",2023-08-13 21:10:35,2023-08-13 14:10:35,2023-08-13 21:14:53,2023-08-13 14:14:53,-124.608,45.48535,-124.60979,45.48648,2.2,31.175,1037.44652196497,518.424018707265,1037.44652196497,14.7705931558935,31.1868935361217,1023.11239734267,"","","Yes","","","Depth is probably about 50 m greater than values in depth_m column, but may be completely inaccurate"
"S23","CM",NA,2,1,"0",2023-08-14 00:23:43,2023-08-13 17:23:43,2023-08-14 00:29:11,2023-08-13 17:29:11,-124.21355,45.48028,-124.21329,45.48101,2.7,124,133.351914837093,133.918765504994,133.351914837093,8.99446646341463,33.2920182926829,1026.05962687948,"","","Yes","","","Closing depth from transducer was 98.92 m; can be used to estimate closing depths for GH 4-6"
"S23","CM",NA,2,4,"0",2023-08-14 00:23:43,2023-08-13 17:23:43,2023-08-14 00:29:11,2023-08-13 17:29:11,-124.21355,45.48028,-124.21329,45.48101,2.7,124,533.407659348374,533.733839383508,533.407659348374,8.99446646341463,33.2920182926829,1026.05962687948,"","","Yes","","","Closing depth from transducer was 98.92 m; can be used to estimate closing depths for GH 4-6"
"S23","CM",NA,2,1,"1",2023-08-14 00:29:11,2023-08-13 17:29:11,2023-08-14 00:33:18,2023-08-13 17:33:18,-124.21329,45.48101,-124.21347,45.48228,88.3,120.4,135.53210763561,211.911810319948,135.53210763561,7.75870850202429,33.8586963562753,1026.87862918263,"","","Yes","","","Closing depth from transducer was 72 m; can be used to estimate closing depths for GH 4-7"
"S23","CM",NA,2,4,"1",2023-08-14 00:29:11,2023-08-13 17:29:11,2023-08-14 00:33:18,2023-08-13 17:33:18,-124.21329,45.48101,-124.21347,45.48228,88.3,120.4,542.128430542441,846.637742403062,542.128430542441,7.75870850202429,33.8586963562753,1026.87862918263,"","","Yes","","","Closing depth from transducer was 72 m; can be used to estimate closing depths for GH 4-7"
"S23","CM",NA,2,1,"2",2023-08-14 00:33:18,2023-08-13 17:33:18,2023-08-14 00:38:14,2023-08-13 17:38:14,-124.21347,45.48229,-124.21382,45.48431,60.491,88.036,236.770831825328,357.895211958522,236.770831825328,8.01319932432432,33.7687466216216,1026.65614017038,"","","Yes","","","Closing depth from transducer was 51.31 m; can be used to estimate closing depths for GH 4-8"
"S23","CM",NA,2,4,"2",2023-08-14 00:33:18,2023-08-13 17:33:18,2023-08-14 00:38:14,2023-08-13 17:38:14,-124.21347,45.48229,-124.21382,45.48431,60.491,88.036,947.083327301312,1407.80306355041,947.083327301312,8.01319932432432,33.7687466216216,1026.65614017038,"","","Yes","","","Closing depth from transducer was 51.31 m; can be used to estimate closing depths for GH 4-8"
"S23","CM",NA,2,1,"3",2023-08-14 00:38:14,2023-08-13 17:38:14,2023-08-14 00:41:03,2023-08-13 17:41:03,-124.21382,45.48431,-124.21404,45.48551,32.374,59.363,165.311785361895,119.324198063647,165.311785361895,8.45147337278106,33.3018106508876,1026.084309453,"","","Yes","","","Closing depth from transducer was 26.44 m; can be used to estimate closing depths for GH 4-9"
"S23","CM",NA,2,4,"3",2023-08-14 00:38:14,2023-08-13 17:38:14,2023-08-14 00:41:03,2023-08-13 17:41:03,-124.21382,45.48431,-124.21404,45.48551,32.374,59.363,661.247141447578,474.087167126915,661.247141447578,8.45147337278106,33.3018106508876,1026.084309453,"","","Yes","","","Closing depth from transducer was 26.44 m; can be used to estimate closing depths for GH 4-9"
"S23","CM",NA,2,1,"4",2023-08-14 00:41:03,2023-08-13 17:41:03,2023-08-14 00:45:52,2023-08-13 17:45:52,-124.21404,45.48551,-124.21441,45.48742,2.2,31.685,296.661234329693,194.721871482176,296.661234329693,10.622625,31.8868125,1024.47257913529,"","","Yes","","","Closing depth from transducer was ~0 m; can be used to estimate closing depths for GH 4-10"
"S23","CM",NA,2,4,"4",2023-08-14 00:41:03,2023-08-13 17:41:03,2023-08-14 00:45:52,2023-08-13 17:45:52,-124.21404,45.48551,-124.21441,45.48742,2.2,31.685,1186.64493731877,774.539219353968,1186.64493731877,10.622625,31.8868125,1024.47257913529,"","","Yes","","","Closing depth from transducer was ~0 m; can be used to estimate closing depths for GH 4-10"
"S23","CM",NA,1,1,"0",2023-08-14 02:06:19,2023-08-13 19:06:19,2023-08-14 02:09:33,2023-08-13 19:09:33,-124.02277,45.48499,-124.023,45.48627,2.009,42.526,121.764834765188,55.3118226589929,121.764834765188,9.027,33.5207113402062,1026.05931143769,"","","Yes","","","Closing depth from transducer was 34 m; can be used to estimate closing depths for GH 4-11"
"S23","CM",NA,1,4,"0",2023-08-14 02:06:19,2023-08-13 19:06:19,2023-08-14 02:09:33,2023-08-13 19:09:33,-124.02277,45.48499,-124.023,45.48627,2.009,42.526,487.05933906075,221.618015555664,487.05933906075,9.027,33.5207113402062,1026.05931143769,"","","Yes","","","Closing depth from transducer was 34 m; can be used to estimate closing depths for GH 4-11"
"S23","CM",NA,1,1,"4",2023-08-14 02:09:33,2023-08-13 19:09:33,2023-08-14 02:16:14,2023-08-13 19:16:14,-124.023,45.48628,-124.02339,45.4893,0.899999999999999,40.595,542.239357266817,271.358415367161,542.239357266817,9.25690084985836,33.3170311614731,1025.84630912395,"","","Yes","","","Closing depth from transducer was ~0 m; can be used to estimate closing depths for GH 4-12"
"S23","CM",NA,1,4,"4",2023-08-14 02:09:33,2023-08-13 19:09:33,2023-08-14 02:16:14,2023-08-13 19:16:14,-124.023,45.48628,-124.02339,45.4893,0.899999999999999,40.595,2168.95742906727,1071.03258044603,2168.95742906727,9.25690084985836,33.3170311614731,1025.84630912395,"","","Yes","","","Closing depth from transducer was ~0 m; can be used to estimate closing depths for GH 4-12"
"S23","NH",NA,4,1,"0",2023-08-14 18:05:21,2023-08-14 11:05:21,2023-08-14 18:14:47,2023-08-14 11:14:47,-124.95576,44.65365,-124.95787,44.65866,0.0109999999999999,100.189,356.383174641925,310.073940066013,356.383174641925,11.8710629496403,32.5812212230216,1024.90195192222,"","","","","",""
"S23","NH",NA,4,4,"0",2023-08-14 18:05:21,2023-08-14 11:05:21,2023-08-14 18:14:47,2023-08-14 11:14:47,-124.95576,44.65365,-124.95787,44.65866,0.0109999999999999,100.189,1425.5326985677,1228.88193279554,1425.5326985677,11.8710629496403,32.5812212230216,1024.90195192222,"","","","","",""
"S23","NH",NA,4,1,"1",2023-08-14 18:14:47,2023-08-14 11:14:47,2023-08-14 18:20:27,2023-08-14 11:20:27,-124.95787,44.65867,-124.95927,44.66143,73.6,95.4,271.068030736438,167.028730553971,271.068030736438,8.61420175438596,33.2917485380117,1026.23371443251,"","","","","",""
"S23","NH",NA,4,4,"1",2023-08-14 18:14:47,2023-08-14 11:14:47,2023-08-14 18:20:27,2023-08-14 11:20:27,-124.95787,44.65867,-124.95927,44.66143,73.6,95.4,1084.27212294575,667.354489225641,1084.27212294575,8.61420175438596,33.2917485380117,1026.23371443251,"","","","","",""
"S23","NH",NA,4,1,"2",2023-08-14 18:20:27,2023-08-14 11:20:27,2023-08-14 18:26:05,2023-08-14 11:26:05,-124.95927,44.66143,-124.96091,44.66405,46.6,73.4,287.421496289793,152.277842249998,287.421496289793,9.13102058823529,32.6079382352941,1025.49949064967,"","","","","",""
"S23","NH",NA,4,4,"2",2023-08-14 18:20:27,2023-08-14 11:20:27,2023-08-14 18:26:05,2023-08-14 11:26:05,-124.95927,44.66143,-124.96091,44.66405,46.6,73.4,1149.68598515917,608.085438108765,1149.68598515917,9.13102058823529,32.6079382352941,1025.49949064967,"","","","","",""
"S23","NH",NA,4,1,"3",2023-08-14 18:26:05,2023-08-14 11:26:05,2023-08-14 18:28:26,2023-08-14 11:28:26,-124.96091,44.66406,-124.96164,44.66531,23.8,45.6,121.932878841119,44.1692540053072,121.932878841119,11.1525957446809,32.317695035461,1024.81372594484,"","","","","",""
"S23","NH",NA,4,4,"3",2023-08-14 18:26:05,2023-08-14 11:26:05,2023-08-14 18:28:26,2023-08-14 11:28:26,-124.96091,44.66406,-124.96164,44.66531,23.8,45.6,487.731515364476,176.972420188971,487.731515364476,11.1525957446809,32.317695035461,1024.81372594484,"","","","","",""
"S23","NH",NA,4,1,"4",2023-08-14 18:28:26,2023-08-14 11:28:26,2023-08-14 18:35:44,2023-08-14 11:35:44,-124.96164,44.66531,-124.96416,44.66919,-0.1,23.4,411.536077034695,238.384434010597,411.536077034695,17.1201313559322,32.0603559322034,1023.26295915341,"","","","","",""
"S23","NH",NA,4,4,"4",2023-08-14 18:28:26,2023-08-14 11:28:26,2023-08-14 18:35:44,2023-08-14 11:35:44,-124.96164,44.66531,-124.96387,44.66876,-0.1,23.4,1635.22967397832,739.313266115901,1635.22967397832,16.9441842105263,32.0582033492823,1023.30658176423,"","","","","",""
"S23","NH",NA,5,1,"0",2023-08-14 21:33:24,2023-08-14 14:33:24,2023-08-14 21:40:19,2023-08-14 14:40:19,-125.3955,44.65443,-125.39696,44.65781,2,102.9,187.919030223128,120.001249720873,187.919030223128,12.638962962963,32.7530765432099,1024.88646444636,"","","","","",""
"S23","NH",NA,5,4,"0",2023-08-14 21:33:24,2023-08-14 14:33:24,2023-08-14 21:40:19,2023-08-14 14:40:19,-125.3955,44.65443,-125.39696,44.65781,2,102.9,751.67612089251,478.999692394236,751.67612089251,12.638962962963,32.7530765432099,1024.88646444636,"","","","","",""
"S23","NH",NA,5,1,"1",2023-08-14 21:40:19,2023-08-14 14:40:19,2023-08-14 21:46:31,2023-08-14 14:46:31,-125.39696,44.65782,-125.3978,44.66016,72.158,105.657,244.824645426714,93.5287048638293,244.824645426714,8.94786021505376,33.5908978494624,1026.44853207392,"","","","","",""
"S23","NH",NA,5,4,"1",2023-08-14 21:40:19,2023-08-14 14:40:19,2023-08-14 21:46:31,2023-08-14 14:46:31,-125.39696,44.65782,-125.3978,44.66016,72.158,105.657,979.298581706854,374.74425847149,979.298581706854,8.94786021505376,33.5908978494624,1026.44853207392,"","","","","",""
"S23","NH",NA,5,1,"2",2023-08-14 21:46:31,2023-08-14 14:46:31,2023-08-14 21:48:22,2023-08-14 14:48:22,-125.3978,44.66017,-125.39818,44.6612,47.5,71.7,87.9424484299429,20.7107273753709,87.9424484299429,10.1327477477477,33.0201801801802,1025.65420831503,"","","","","",""
"S23","NH",NA,5,4,"2",2023-08-14 21:46:31,2023-08-14 14:46:31,2023-08-14 21:48:22,2023-08-14 14:48:22,-125.3978,44.66017,-125.39818,44.6612,47.5,71.7,351.769793719772,86.369521359546,351.769793719772,10.1327477477477,33.0201801801802,1025.65420831503,"","","","","",""
"S23","NH",NA,5,1,"3",2023-08-14 21:48:22,2023-08-14 14:48:22,2023-08-14 21:51:30,2023-08-14 14:51:30,-125.39818,44.66121,-125.39889,44.66311,25.875,46.65,185.675321236189,56.3833283582729,185.675321236189,14.0853191489362,32.3422712765957,1024.25491412006,"","","","","",""
"S23","NH",NA,5,4,"3",2023-08-14 21:48:22,2023-08-14 14:48:22,2023-08-14 21:51:30,2023-08-14 14:51:30,-125.39818,44.66121,-125.39889,44.66311,25.875,46.65,742.701284944758,225.912450277947,742.701284944758,14.0853191489362,32.3422712765957,1024.25491412006,"","","","","",""
"S23","NH",NA,5,1,"4",2023-08-14 21:51:30,2023-08-14 14:51:30,2023-08-14 21:58:33,2023-08-14 14:58:33,-125.3989,44.66312,-125.40046,44.6671,0.2,25.7,439.555043169504,134.926634260969,439.555043169504,18.816141509434,31.9257452830189,1022.78401362032,"","","","","",""
"S23","NH",NA,5,4,"4",2023-08-14 21:51:30,2023-08-14 14:51:30,2023-08-14 21:58:33,2023-08-14 14:58:33,-125.3989,44.66312,-125.40046,44.6671,0.2,25.7,1758.22017267802,534.314561720059,1758.22017267802,18.816141509434,31.9257452830189,1022.78401362032,"","","","","",""
"S23","NH",NA,6,1,"0",2023-08-15 00:47:23,2023-08-14 17:47:23,2023-08-15 00:54:59,2023-08-14 17:54:59,-125.80767,44.65239,-125.80913,44.65568,1.355,100.789,237.699871104364,224.48198443502,237.699871104364,11.3311315789474,32.9129780701754,1025.26458165383,"","","","","",""
"S23","NH",NA,6,4,"0",2023-08-15 00:47:23,2023-08-14 17:47:23,2023-08-15 00:54:59,2023-08-14 17:54:59,-125.80767,44.65239,-125.80913,44.65568,1.355,100.789,950.799484417455,896.529498329559,950.799484417455,11.3311315789474,32.9129780701754,1025.26458165383,"","","","","",""
"S23","NH",NA,6,1,"1",2023-08-15 00:54:59,2023-08-14 17:54:59,2023-08-15 00:59:25,2023-08-14 17:59:25,-125.80914,44.65569,-125.80978,44.65757,76.093,100.438,206.305589804021,68.721492587564,206.305589804021,8.86859398496241,33.4852556390977,1026.35368950479,"","","","","",""
"S23","NH",NA,6,4,"1",2023-08-15 00:54:59,2023-08-14 17:54:59,2023-08-15 00:59:25,2023-08-14 17:59:25,-125.80914,44.65569,-125.80978,44.65757,76.093,100.438,825.222359216084,275.348152469687,825.222359216084,8.86859398496241,33.4852556390977,1026.35368950479,"","","","","",""
"S23","NH",NA,6,1,"2",2023-08-15 00:59:25,2023-08-14 17:59:25,2023-08-15 01:03:00,2023-08-14 18:03:00,-125.80978,44.65758,-125.81052,44.65916,50.8,75.7,191.140270569296,70.6466239664023,191.140270569296,9.04201860465116,33.024711627907,1025.8561487039,"","","","","",""
"S23","NH",NA,6,4,"2",2023-08-15 00:59:25,2023-08-14 17:59:25,2023-08-15 01:03:00,2023-08-14 18:03:00,-125.80978,44.65758,-125.81052,44.65916,50.8,75.7,764.561082277183,283.061708059152,764.561082277183,9.04201860465116,33.024711627907,1025.8561487039,"","","","","",""
"S23","NH",NA,6,1,"3",2023-08-15 01:03:00,2023-08-14 18:03:00,2023-08-15 01:09:39,2023-08-14 18:09:39,-125.81053,44.65917,-125.81174,44.66187,24.597,50.7,344.563212664008,174.510255690634,344.563212664008,10.7412556390977,32.7192781954887,1025.21340714901,"","","","","",""
"S23","NH",NA,6,4,"3",2023-08-15 01:03:00,2023-08-14 18:03:00,2023-08-15 01:09:39,2023-08-14 18:09:39,-125.81053,44.65917,-125.81174,44.66187,24.597,50.7,1378.25285065603,695.522389794902,1378.25285065603,10.7412556390977,32.7192781954887,1025.21340714901,"","","","","",""
"S23","NH",NA,6,1,"4",2023-08-15 01:09:39,2023-08-14 18:09:39,2023-08-15 01:13:34,2023-08-14 18:13:34,-125.81174,44.66187,-125.81255,44.66362,-0.1,23.5,224.891300626024,68.5299536741656,224.891300626024,18.579093220339,31.9687076271186,1022.83972381181,"","","","","",""
"S23","NH",NA,6,4,"4",2023-08-15 01:09:39,2023-08-14 18:09:39,2023-08-15 01:13:34,2023-08-14 18:13:34,-125.81174,44.66187,-125.81255,44.66362,-0.1,23.5,899.565202504096,274.580743032104,899.565202504096,18.579093220339,31.9687076271186,1022.83972381181,"","","","","",""
"S23","NH",NA,3,1,"0",2023-08-15 17:41:14,2023-08-15 10:41:14,2023-08-15 17:50:33,2023-08-15 10:50:33,-124.56811,44.65263,-124.57371,44.65554,0.7,100.583,318.221480348845,329.894551962718,318.221480348845,9.15531663685152,33.0341198568873,1025.76610660217,"","","","","",""
"S23","NH",NA,3,4,"0",2023-08-15 17:41:14,2023-08-15 10:41:14,2023-08-15 17:50:33,2023-08-15 10:50:33,-124.56811,44.65263,-124.57371,44.65554,0.7,100.583,1272.88592139538,1302.9779972483,1272.88592139538,9.15531663685152,33.0341198568873,1025.76610660217,"","","","","",""
"S23","NH",NA,3,1,"1",2023-08-15 17:50:33,2023-08-15 10:50:33,2023-08-15 17:54:36,2023-08-15 10:54:36,-124.57372,44.65554,-124.5762,44.6568,73,99.9,219.180089625071,67.4913186347585,219.180089625071,8.18919183673469,33.6450612244898,1026.58421705541,"","","","","",""
"S23","NH",NA,3,4,"1",2023-08-15 17:50:33,2023-08-15 10:50:33,2023-08-15 17:54:36,2023-08-15 10:54:36,-124.57372,44.65554,-124.5762,44.6568,73,99.9,876.720358500285,270.419174821015,876.720358500285,8.18919183673469,33.6450612244898,1026.58421705541,"","","","","",""
"S23","NH",NA,3,1,"2",2023-08-15 17:54:36,2023-08-15 10:54:36,2023-08-15 18:01:03,2023-08-15 11:01:03,-124.57621,44.6568,-124.58008,44.65864,50.8,72.027,344.695376267805,96.238393805492,344.695376267805,8.50388746803069,33.3203248081841,1026.15816034435,"","","","","",""
"S23","NH",NA,3,4,"2",2023-08-15 17:54:36,2023-08-15 10:54:36,2023-08-15 18:01:03,2023-08-15 11:01:03,-124.57621,44.6568,-124.58008,44.65864,50.8,72.027,1378.6550092693,385.601091519904,1378.6550092693,8.50388746803069,33.3203248081841,1026.15816034435,"","","","","",""
"S23","NH",NA,3,1,"3",2023-08-15 18:01:03,2023-08-15 11:01:03,2023-08-15 18:06:58,2023-08-15 11:06:58,-124.58009,44.65865,-124.58395,44.66039,25.718,50,352.816342190368,120.286199792794,352.816342190368,8.73149019607843,32.7161428571429,1025.54211490199,"","","","","",""
"S23","NH",NA,3,4,"3",2023-08-15 18:01:03,2023-08-15 11:01:03,2023-08-15 18:06:58,2023-08-15 11:06:58,-124.58009,44.65865,-124.58395,44.66039,25.718,50,1411.26536876147,480.812406502345,1411.26536876147,8.73149019607843,32.7161428571429,1025.54211490199,"","","","","",""
"S23","NH",NA,3,1,"4",2023-08-15 18:06:58,2023-08-15 11:06:58,2023-08-15 18:15:48,2023-08-15 11:15:48,-124.58395,44.6604,-124.58893,44.66298,0,25.2,546.649610823629,263.666339672394,546.649610823629,11.2197005870841,32.2334540117417,1024.62941839873,"","","","","",""
"S23","NH",NA,3,4,"4",2023-08-15 18:06:58,2023-08-15 11:06:58,2023-08-15 18:15:48,2023-08-15 11:15:48,-124.58395,44.6604,-124.58893,44.66298,0,25.2,2186.59844329452,1041.08609734646,2186.59844329452,11.2197005870841,32.2334540117417,1024.62941839873,"","","","","",""
"S23","NH",NA,2,1,"0",2023-08-15 20:34:03,2023-08-15 13:34:03,2023-08-15 20:40:24,2023-08-15 13:40:24,-124.31667,44.65283,-124.31907,44.65452,0.118,73.482,179.849053249872,122.568460249896,179.849053249872,9.25910769230769,33.2553666666667,1025.87821193921,"","","","","",""
"S23","NH",NA,2,4,"0",2023-08-15 20:34:03,2023-08-15 13:34:03,2023-08-15 20:40:24,2023-08-15 13:40:24,-124.31667,44.65283,-124.31907,44.65452,0.118,73.482,719.396032299586,488.664765315816,719.396032299586,9.25910769230769,33.2553666666667,1025.87821193921,"","","","","",""
"S23","NH",NA,2,1,"2",2023-08-15 20:40:24,2023-08-15 13:40:24,2023-08-15 20:42:52,2023-08-15 13:42:52,-124.31907,44.65452,-124.32023,44.65535,46.9,70.5,11.4529697948596,41.3730232772744,11.4529697948596,8.10465497076023,33.6704619883041,1026.49149969857,"","","","","",""
"S23","NH",NA,2,4,"2",2023-08-15 20:40:24,2023-08-15 13:40:24,2023-08-15 20:42:52,2023-08-15 13:42:52,-124.31907,44.65452,-124.32023,44.65535,46.9,70.5,NA,165.769908004921,165.769908004921,8.10465497076023,33.6704619883041,1026.49149969857,"","","","","",""
"S23","NH",NA,2,1,"3",2023-08-15 20:42:52,2023-08-15 13:42:52,2023-08-15 20:47:17,2023-08-15 13:47:17,-124.32024,44.65535,-124.32241,44.65689,24.308,46.773,293.991441899623,71.4266246686315,293.991441899623,8.52517091836735,33.2022270408163,1025.94352106162,"","","","","",""
"S23","NH",NA,2,4,"3",2023-08-15 20:42:52,2023-08-15 13:42:52,2023-08-15 20:47:17,2023-08-15 13:47:17,-124.32024,44.65535,-124.32241,44.65689,24.308,46.773,1172.57427026545,286.186972516485,1172.57427026545,8.52517091836735,33.2022270408163,1025.94352106162,"","","","","",""
"S23","NH",NA,2,1,"4",2023-08-15 20:47:17,2023-08-15 13:47:17,2023-08-15 20:54:11,2023-08-15 13:54:11,-124.32242,44.6569,-124.3258,44.65943,0,24.2,176.054958120166,152.775774395754,176.054958120166,10.1145572815534,32.8004388349515,1025.2716917211,"","","","","",""
"S23","NH",NA,2,4,"4",2023-08-15 20:47:17,2023-08-15 13:47:17,2023-08-15 20:54:11,2023-08-15 13:54:11,-124.32243,44.6569,-124.3258,44.65943,0,24.2,803.367186111298,608.683819054002,803.367186111298,10.1145572815534,32.8004388349515,1025.2716917211,"","","","","",""
"S23","NH",NA,1,1,"0",2023-08-15 22:51:49,2023-08-15 15:51:49,2023-08-15 22:55:15,2023-08-15 15:55:15,-124.13325,44.65324,-124.13535,44.65397,5.8,38.1,143.143549013093,69.5677841540852,143.143549013093,8.66940566037736,33.5863679245283,1026.16577401035,"","","","","",""
"S23","NH",NA,1,4,"0",2023-08-15 22:51:49,2023-08-15 15:51:49,2023-08-15 22:55:15,2023-08-15 15:55:15,-124.13325,44.65324,-124.13535,44.65397,5.8,38.1,572.698500279742,278.739156757748,572.698500279742,8.66940566037736,33.5863679245283,1026.16577401035,"","","","","",""
"S23","NH",NA,1,1,"3",2023-08-15 22:55:15,2023-08-15 15:55:15,2023-08-15 22:57:39,2023-08-15 15:57:39,-124.13537,44.65397,-124.13687,44.65453,26.1,37.2,130.192379615381,60.2356013406315,130.192379615381,8.29898611111111,33.6165208333333,1026.28406507664,"","","","","",""
"S23","NH",NA,1,4,"3",2023-08-15 22:55:15,2023-08-15 15:55:15,2023-08-15 22:57:39,2023-08-15 15:57:39,-124.13537,44.65397,-124.13687,44.65453,26.1,37.2,520.769518461525,241.346549756893,520.769518461525,8.29898611111111,33.6165208333333,1026.28406507664,"","","","","",""
"S23","NH",NA,1,1,"4",2023-08-15 22:57:39,2023-08-15 15:57:39,2023-08-15 23:04:19,2023-08-15 16:04:19,-124.13688,44.65453,-124.14111,44.65607,-0.1,26,420.12677395168,207.314796853689,420.12677395168,9.26507444168734,33.4993796526055,1025.95103036781,"","","","","",""
"S23","NH",NA,1,4,"4",2023-08-15 22:57:39,2023-08-15 15:57:39,2023-08-15 23:04:19,2023-08-15 16:04:19,-124.13688,44.65453,-124.14111,44.65607,-0.1,26,1680.50709580672,823.16455498335,1680.50709580672,9.26507444168734,33.4993796526055,1025.95103036781,"","","","","",""
"S23","HH",NA,4,1,"0",2023-08-16 15:27:30,2023-08-16 08:27:30,2023-08-16 15:35:16,2023-08-16 08:35:16,-125.1854,43.99103,-125.18577,43.99411,1.1,104.038,248.030521238419,295.34031093071,248.030521238419,13.0186716738197,32.7404656652361,1024.79924596448,"","","","","",""
"S23","HH",NA,4,4,"0",2023-08-16 15:27:30,2023-08-16 08:27:30,2023-08-16 15:35:16,2023-08-16 08:35:16,-125.1854,43.99103,-125.18577,43.99411,1.1,104.038,992.122084953676,1167.27834501373,992.122084953676,13.0186716738197,32.7404656652361,1024.79924596448,"","","","","",""
"S23","HH",NA,4,1,"1",2023-08-16 15:35:16,2023-08-16 08:35:16,2023-08-16 15:40:35,2023-08-16 08:40:35,-125.18577,43.99411,-125.18592,43.99622,73.9,105.2,241.574317096534,267.569272981157,241.574317096534,9.1973605015674,33.2034952978056,1026.10758428572,"","","","","",""
"S23","HH",NA,4,4,"1",2023-08-16 15:35:16,2023-08-16 08:35:16,2023-08-16 15:40:35,2023-08-16 08:40:35,-125.18577,43.99411,-125.18592,43.99622,73.9,105.2,966.297268386135,1057.68860875516,966.297268386135,9.1973605015674,33.2034952978056,1026.10758428572,"","","","","",""
"S23","HH",NA,4,1,"2",2023-08-16 15:40:35,2023-08-16 08:40:35,2023-08-16 15:43:59,2023-08-16 08:43:59,-125.18592,43.99622,-125.18601,43.99749,52,73.7,170.084653198349,100.403998613239,170.084653198349,9.90948529411765,32.6971470588235,1025.46086365493,"","","","","",""
"S23","HH",NA,4,4,"2",2023-08-16 15:40:35,2023-08-16 08:40:35,2023-08-16 15:43:59,2023-08-16 08:43:59,-125.18592,43.99622,-125.18601,43.99749,52,73.7,680.338612793398,399.957587688709,680.338612793398,9.90948529411765,32.6971470588235,1025.46086365493,"","","","","",""
"S23","HH",NA,4,1,"3",2023-08-16 15:43:59,2023-08-16 08:43:59,2023-08-16 15:47:32,2023-08-16 08:47:32,-125.18601,43.9975,-125.18612,43.99898,24,51.4,188.196487503037,110.9762848729,188.196487503037,12.6350751173709,32.5391314553991,1024.71774149415,"","","","","",""
"S23","HH",NA,4,4,"3",2023-08-16 15:43:59,2023-08-16 08:43:59,2023-08-16 15:47:32,2023-08-16 08:47:32,-125.18601,43.9975,-125.18612,43.99898,24,51.4,752.785950012149,440.102680922867,752.785950012149,12.6350751173709,32.5391314553991,1024.71774149415,"","","","","",""
"S23","HH",NA,4,1,"4",2023-08-16 15:47:32,2023-08-16 08:47:32,2023-08-16 15:53:16,2023-08-16 08:53:16,-125.18612,43.99899,-125.18624,44.00125,0,24.2,339.863535060315,144.662885286437,339.863535060315,18.5043731343284,32.2664865671642,1023.11419202021,"Yes","","","","","Software outputs end without net 4 officially closing, but very little of record is probably missing; sampling log times are off by about a minute, so I didn't try to use them to correct volume sampled; value in maximum_depth_m_from_sampling_log is actually from software outputs"
"S23","HH",NA,4,4,"4",2023-08-16 15:47:32,2023-08-16 08:47:32,2023-08-16 15:53:16,2023-08-16 08:53:16,-125.18612,43.99899,-125.18624,44.00125,0,24.2,1359.45414024126,578.6913899516,1359.45414024126,18.5043731343284,32.2664865671642,1023.11419202021,"Yes","","","","","Software outputs end without net 4 officially closing, but very little of record is probably missing; sampling log times are off by about a minute, so I didn't try to use them to correct volume sampled; value in maximum_depth_m_from_sampling_log is actually from software outputs"
"S23","HH",NA,3,1,"0",2023-08-16 18:48:28,2023-08-16 11:48:28,2023-08-16 18:55:23,2023-08-16 11:55:23,-124.74502,43.99185,-124.74552,43.99474,3.5,101.4,156.467092841043,301.425166611244,156.467092841043,9.25035662650602,33.4762337349398,1026.12408915177,"","","","","",""
"S23","HH",NA,3,4,"0",2023-08-16 18:48:28,2023-08-16 11:48:28,2023-08-16 18:55:23,2023-08-16 11:55:23,-124.74502,43.99185,-124.74552,43.99474,3.5,101.4,625.868371364173,1194.04013232769,625.868371364173,9.25035662650602,33.4762337349398,1026.12408915177,"","","","","",""
"S23","HH",NA,3,1,"1",2023-08-16 18:55:23,2023-08-16 11:55:23,2023-08-16 18:58:19,2023-08-16 11:58:19,-124.74552,43.99475,-124.74575,43.99623,74.853,100.4,146.169908415011,80.2678130765172,146.169908415011,7.95979775280899,33.830893258427,1026.77071036757,"","","","","",""
"S23","HH",NA,3,4,"1",2023-08-16 18:55:23,2023-08-16 11:55:23,2023-08-16 18:58:19,2023-08-16 11:58:19,-124.74552,43.99475,-124.74575,43.99623,74.853,100.4,584.679633660045,321.611941591446,584.679633660045,7.95979775280899,33.830893258427,1026.77071036757,"","","","","",""
"S23","HH",NA,3,1,"2",2023-08-16 18:58:19,2023-08-16 11:58:19,2023-08-16 19:03:38,2023-08-16 12:03:38,-124.74575,43.99624,-124.74612,43.99888,51.8,74,279.855445096728,243.700021292165,279.855445096728,8.63483385579937,33.5991285266458,1026.35727429337,"","","","","",""
"S23","HH",NA,3,4,"2",2023-08-16 18:58:19,2023-08-16 11:58:19,2023-08-16 19:03:38,2023-08-16 12:03:38,-124.74575,43.99624,-124.74612,43.99888,51.8,74,1119.42178038691,969.547340143735,1119.42178038691,8.63483385579937,33.5991285266458,1026.35727429337,"","","","","",""
"S23","HH",NA,3,1,"3",2023-08-16 19:03:38,2023-08-16 12:03:38,2023-08-16 19:11:16,2023-08-16 12:11:16,-124.74612,43.99889,-124.74641,44.00214,24.7,51.485,396.52775784824,352.673943576739,396.52775784824,8.87770742358079,33.3834366812227,1026.07155331854,"","","","","",""
"S23","HH",NA,3,4,"3",2023-08-16 19:03:38,2023-08-16 12:03:38,2023-08-16 19:11:16,2023-08-16 12:11:16,-124.74612,43.99889,-124.74641,44.00214,24.7,51.485,1586.11103139296,1393.99923189282,1586.11103139296,8.87770742358079,33.3834366812227,1026.07155331854,"","","","","",""
"S23","HH",NA,3,1,"4",2023-08-16 19:11:16,2023-08-16 12:11:16,2023-08-16 19:15:55,2023-08-16 12:15:55,-124.74641,44.00215,-124.74668,44.00443,0.1,23.8,239.346812355704,162.750042975897,239.346812355704,12.54185,32.6287785714286,1024.66479926911,"","","","","",""
"S23","HH",NA,3,4,"4",2023-08-16 19:11:16,2023-08-16 12:11:16,2023-08-16 19:15:55,2023-08-16 12:15:55,-124.74641,44.00215,-124.74668,44.00443,0.1,23.8,957.387249422817,650.147425016512,957.387249422817,12.54185,32.6287785714286,1024.66479926911,"","","","","",""
"S23","HH",NA,2,1,"0",2023-08-16 21:47:20,2023-08-16 14:47:20,2023-08-16 21:53:15,2023-08-16 14:53:15,-124.37112,43.99141,-124.37227,43.9931,0.209,102.7,107.159925628646,197.005278626691,107.159925628646,10.1604509803922,33.4418963585434,1025.89653464471,"","","","","",""
"S23","HH",NA,2,4,"0",2023-08-16 21:47:20,2023-08-16 14:47:20,2023-08-16 21:53:15,2023-08-16 14:53:15,-124.37112,43.99141,-124.37227,43.9931,0.209,102.7,428.639702514585,780.203190417237,428.639702514585,10.1604509803922,33.4418963585434,1025.89653464471,"","","","","",""
"S23","HH",NA,2,1,"1",2023-08-16 21:53:15,2023-08-16 14:53:15,2023-08-16 21:58:39,2023-08-16 14:58:39,-124.37227,43.99311,-124.37334,43.99432,74.3,104,203.386773121144,192.448569894858,203.386773121144,8.09553048780488,33.7931920731707,1026.72969533143,"","","","","",""
"S23","HH",NA,2,4,"1",2023-08-16 21:53:15,2023-08-16 14:53:15,2023-08-16 21:58:39,2023-08-16 14:58:39,-124.37227,43.99311,-124.37334,43.99432,74.3,104,813.547092484574,762.511005736936,813.547092484574,8.09553048780488,33.7931920731707,1026.72969533143,"","","","","",""
"S23","HH",NA,2,1,"2",2023-08-16 21:58:39,2023-08-16 14:58:39,2023-08-16 22:02:26,2023-08-16 15:02:26,-124.37334,43.99433,-124.37394,43.99501,50,74.3,146.638558631912,76.1500580961483,146.638558631912,8.63346255506608,33.6510044052863,1026.40435381009,"","","","","",""
"S23","HH",NA,2,4,"2",2023-08-16 21:58:39,2023-08-16 14:58:39,2023-08-16 22:02:26,2023-08-16 15:02:26,-124.37334,43.99433,-124.37394,43.99501,50,74.3,586.554234527648,305.112429929382,586.554234527648,8.63346255506608,33.6510044052863,1026.40435381009,"","","","","",""
"S23","HH",NA,2,1,"3",2023-08-16 22:02:26,2023-08-16 15:02:26,2023-08-16 22:05:42,2023-08-16 15:05:42,-124.37394,43.99501,-124.37448,43.99561,23.655,50.2,118.34574926235,78.8880359689725,118.34574926235,8.72376767676768,33.2774242424242,1025.98606187594,"","","","","",""
"S23","HH",NA,2,4,"3",2023-08-16 22:02:26,2023-08-16 15:02:26,2023-08-16 22:05:42,2023-08-16 15:05:42,-124.37394,43.99501,-124.37448,43.99561,23.655,50.2,473.846567891044,316.083308627167,473.846567891044,8.72376767676768,33.2774242424242,1025.98606187594,"","","","","",""
"S23","HH",NA,2,1,"4",2023-08-16 22:05:42,2023-08-16 15:05:42,2023-08-16 22:08:06,2023-08-16 15:08:06,-124.37449,43.99561,-124.37496,43.99623,1.7,23,167.475519278205,50.0426045121369,167.475519278205,13.375524137931,32.9921448275862,1024.77220137011,"","","","","",""
"S23","HH",NA,2,4,"4",2023-08-16 22:05:42,2023-08-16 15:05:42,2023-08-16 22:08:06,2023-08-16 15:08:06,-124.37449,43.99561,-124.37496,43.99623,1.7,23,669.90207711282,200.506131537068,669.90207711282,13.375524137931,32.9921448275862,1024.77220137011,"","","","","",""
"S23","HH",NA,1,1,"0",2023-08-16 23:40:44,2023-08-16 16:40:44,2023-08-16 23:44:45,2023-08-16 16:44:45,-124.18422,43.99092,-124.1852,43.99244,-0.1,36.8,145.22989287353,72.9599684868589,145.22989287353,9.98833744855967,33.3228971193416,1025.71646992957,"","","","","",""
"S23","HH",NA,1,4,"0",2023-08-16 23:40:44,2023-08-16 16:40:44,2023-08-16 23:44:45,2023-08-16 16:44:45,-124.18422,43.99092,-124.1852,43.99244,-0.1,36.8,580.919571494122,292.331382680598,580.919571494122,9.98833744855967,33.3228971193416,1025.71646992957,"","","","","",""
"S23","HH",NA,1,1,"3",2023-08-16 23:44:45,2023-08-16 16:44:45,2023-08-16 23:46:44,2023-08-16 16:46:44,-124.1852,43.99244,-124.18569,43.9932,24.1,35.3,111.809638605997,20.7107273753709,111.809638605997,8.82705042016807,33.5729663865546,1026.16481737922,"","","","","",""
"S23","HH",NA,1,4,"3",2023-08-16 23:44:45,2023-08-16 16:44:45,2023-08-16 23:46:44,2023-08-16 16:46:44,-124.1852,43.99244,-124.18569,43.9932,24.1,35.3,447.238554423988,86.369521359546,447.238554423988,8.82705042016807,33.5729663865546,1026.16481737922,"","","","","",""
"S23","HH",NA,1,1,"4",2023-08-16 23:46:44,2023-08-16 16:46:44,2023-08-16 23:51:19,2023-08-16 16:51:19,-124.18569,43.9932,-124.18682,43.99497,-0.3,24.3,299.607848577737,142.874703815595,299.607848577737,9.98848496240602,33.1746766917293,1025.58781491891,"","","","","",""
"S23","HH",NA,1,4,"4",2023-08-16 23:46:44,2023-08-16 16:46:44,2023-08-16 23:51:19,2023-08-16 16:51:19,-124.18569,43.9932,-124.18682,43.99497,-0.3,24.3,1198.43139431095,571.46295912742,1198.43139431095,9.98848496240602,33.1746766917293,1025.58781491891,"","","","","",""
"S23","RR",NA,4,1,"0",2023-08-18 14:38:34,2023-08-18 07:38:34,2023-08-18 14:46:56,2023-08-18 07:46:56,-125.50203,42.50435,-125.50196,42.50897,0.2,100,246.522499529553,316.651127842318,246.522499529553,10.7286155378486,33.0512988047809,1025.51860417092,"","","","","",""
"S23","RR",NA,4,4,"0",2023-08-18 14:38:34,2023-08-18 07:38:34,2023-08-18 14:46:56,2023-08-18 07:46:56,-125.50203,42.50435,-125.50196,42.50897,0.2,100,986.08999811821,1257.16583739653,986.08999811821,10.7286155378486,33.0512988047809,1025.51860417092,"","","","","",""
"S23","RR",NA,4,1,"1",2023-08-18 14:46:56,2023-08-18 07:46:56,2023-08-18 14:50:17,2023-08-18 07:50:17,-125.50196,42.50898,-125.50195,42.5108,74.2,98.3,160.161685834573,68.1763438599296,160.161685834573,8.63295024875622,33.4547611940298,1026.36431555311,"","","","","",""
"S23","RR",NA,4,4,"1",2023-08-18 14:46:56,2023-08-18 07:46:56,2023-08-18 14:50:17,2023-08-18 07:50:17,-125.50196,42.50898,-125.50195,42.5108,74.2,98.3,640.646743338293,273.163925051064,640.646743338293,8.63295024875622,33.4547611940298,1026.36431555311,"","","","","",""
"S23","RR",NA,4,1,"2",2023-08-18 14:50:17,2023-08-18 07:50:17,2023-08-18 14:58:22,2023-08-18 07:58:22,-125.50195,42.51081,-125.50206,42.51503,49.538,73.762,426.397338361884,261.273864205417,426.397338361884,9.37781649484536,33.1517463917526,1025.90129701706,"","","","","",""
"S23","RR",NA,4,4,"2",2023-08-18 14:50:17,2023-08-18 07:50:17,2023-08-18 14:58:22,2023-08-18 07:58:22,-125.50195,42.51081,-125.50206,42.51503,49.538,73.762,1705.58935344754,1039.75375169323,1705.58935344754,9.37781649484536,33.1517463917526,1025.90129701706,"","","","","",""
"S23","RR",NA,4,1,"3",2023-08-18 14:58:22,2023-08-18 07:58:22,2023-08-18 15:04:59,2023-08-18 08:04:59,-125.50206,42.51504,-125.50228,42.5188,25.593,48.621,374.71911970029,298.022049360987,374.71911970029,10.1766624685139,32.7429974811083,1025.33742399325,"","","","","",""
"S23","RR",NA,4,4,"3",2023-08-18 14:58:22,2023-08-18 07:58:22,2023-08-18 15:04:59,2023-08-18 08:04:59,-125.50206,42.51504,-125.50228,42.5188,25.593,48.621,1498.87647880116,1178.42573688914,1498.87647880116,10.1766624685139,32.7429974811083,1025.33742399325,"","","","","",""
"S23","RR",NA,4,1,"4",2023-08-18 15:04:59,2023-08-18 08:04:59,2023-08-18 15:12:35,2023-08-18 08:12:35,-125.50228,42.5188,-125.50225,42.52263,0.3,30,511.352153849597,318.966491782665,511.352153849597,13.2983623529412,32.6178094117647,1024.55997837116,"","","","","",""
"S23","RR",NA,4,4,"4",2023-08-18 15:04:59,2023-08-18 08:04:59,2023-08-18 15:12:35,2023-08-18 08:12:35,-125.50228,42.5188,-125.50225,42.52263,0.3,30,2045.40861539839,1268.82486587327,2045.40861539839,13.2983623529412,32.6178094117647,1024.55997837116,"","","","","",""
"S23","RR",NA,3,1,"0",2023-08-18 18:11:30,2023-08-18 11:11:30,2023-08-18 18:19:20,2023-08-18 11:19:20,-125.07292,42.50205,-125.07377,42.50581,0.0390000000000001,100.361,232.924624636793,306.703390394057,232.924624636793,11.0351042553191,33.0364446808511,1025.44348173277,"","","","","",""
"S23","RR",NA,3,4,"0",2023-08-18 18:11:30,2023-08-18 11:11:30,2023-08-18 18:19:20,2023-08-18 11:19:20,-125.07292,42.50205,-125.07377,42.50581,0.0390000000000001,100.361,931.698498547171,1214.49031961843,931.698498547171,11.0351042553191,33.0364446808511,1025.44348173277,"","","","","",""
"S23","RR",NA,3,1,"1",2023-08-18 18:19:20,2023-08-18 11:19:20,2023-08-18 18:25:18,2023-08-18 11:25:18,-125.07377,42.50581,-125.07443,42.50856,75.4,97.57,286.933685820254,201.167163408539,286.933685820254,9.37261731843575,33.6361033519553,1026.38877461322,"","","","","",""
"S23","RR",NA,3,4,"1",2023-08-18 18:19:20,2023-08-18 11:19:20,2023-08-18 18:25:18,2023-08-18 11:25:18,-125.07377,42.50581,-125.07443,42.50856,75.4,97.57,1147.73474328101,794.287591996831,1147.73474328101,9.37261731843575,33.6361033519553,1026.38877461322,"","","","","",""
"S23","RR",NA,3,1,"2",2023-08-18 18:25:18,2023-08-18 11:25:18,2023-08-18 18:29:26,2023-08-18 11:29:26,-125.07443,42.50856,-125.07499,42.51055,50.6,74.4,223.073626608219,131.849653770197,223.073626608219,9.47966129032258,33.1632822580645,1025.88400636434,"","","","","",""
"S23","RR",NA,3,4,"2",2023-08-18 18:25:18,2023-08-18 11:25:18,2023-08-18 18:29:26,2023-08-18 11:29:26,-125.07443,42.50856,-125.07499,42.51055,50.6,74.4,892.294506432876,527.016491256102,892.294506432876,9.47966129032258,33.1632822580645,1025.88400636434,"","","","","",""
"S23","RR",NA,3,1,"3",2023-08-18 18:29:26,2023-08-18 11:29:26,2023-08-18 18:36:47,2023-08-18 11:36:47,-125.07499,42.51056,-125.07559,42.51388,25.1,50.8,390.596791326301,260.707405342433,390.596791326301,9.82843537414966,32.8589954648526,1025.49045649687,"","","","","",""
"S23","RR",NA,3,4,"3",2023-08-18 18:29:26,2023-08-18 11:29:26,2023-08-18 18:36:47,2023-08-18 11:36:47,-125.07499,42.51056,-125.07559,42.51388,25.1,50.8,1562.3871653052,1037.22730602461,1562.3871653052,9.82843537414966,32.8589954648526,1025.49045649687,"","","","","",""
"S23","RR",NA,3,1,"4",2023-08-18 18:36:47,2023-08-18 11:36:47,2023-08-18 18:44:07,2023-08-18 11:44:07,-125.0756,42.51389,-125.07658,42.51722,0,24.9,449.480682816562,254.672042156232,449.480682816562,13.3082630385488,32.5931292517007,1024.52099845222,"Yes","","","","","Software outputs skip final ~30 s of net 4 and show some of net 5; net 4 closing time is from last net 4 record in software output; sampling log times are off by about a minute, so I didn't try to use them to correct volume sampled; value in maximum_depth_m_from_sampling_log is actually from software outputs"
"S23","RR",NA,3,4,"4",2023-08-18 18:36:47,2023-08-18 11:36:47,2023-08-18 18:44:07,2023-08-18 11:44:07,-125.0756,42.51389,-125.07658,42.51722,0,24.9,1797.92273126625,1010.63425290846,1797.92273126625,13.3082630385488,32.5931292517007,1024.52099845222,"Yes","","","","","Software outputs skip final ~30 s of net 4 and show some of net 5; net 4 closing time is from last net 4 record in software output; sampling log times are off by about a minute, so I didn't try to use them to correct volume sampled; value in maximum_depth_m_from_sampling_log is actually from software outputs"
"S23","RR",NA,2,1,"0",2023-08-18 21:27:23,2023-08-18 14:27:23,2023-08-18 21:33:42,2023-08-18 14:33:42,-124.7075,42.50193,-124.70857,42.50391,0.128,102.6,150.430011272458,131.661268225795,150.430011272458,9.91514775725594,33.4341688654354,1025.96255576837,"","","","","",""
"S23","RR",NA,2,4,"0",2023-08-18 21:27:23,2023-08-18 14:27:23,2023-08-18 21:33:42,2023-08-18 14:33:42,-124.7075,42.50193,-124.70857,42.50391,0.128,102.6,601.720045089833,526.307288339092,601.720045089833,9.91514775725594,33.4341688654354,1025.96255576837,"","","","","",""
"S23","RR",NA,2,1,"1",2023-08-18 21:33:42,2023-08-18 14:33:42,2023-08-18 21:38:37,2023-08-18 14:38:37,-124.70857,42.5039,-124.70983,42.50521,75.745,102.311,194.00994696785,133.209415837988,194.00994696785,9.02322372881356,33.7671152542373,1026.55396766242,"","","","","",""
"S23","RR",NA,2,4,"1",2023-08-18 21:33:42,2023-08-18 14:33:42,2023-08-18 21:38:37,2023-08-18 14:38:37,-124.70857,42.5039,-124.70983,42.50521,75.745,102.311,776.039787871401,531.610900472453,776.039787871401,9.02322372881356,33.7671152542373,1026.55396766242,"","","","","",""
"S23","RR",NA,2,1,"2",2023-08-18 21:38:37,2023-08-18 14:38:37,2023-08-18 21:44:01,2023-08-18 14:44:01,-124.70983,42.50522,-124.71026,42.50712,49.8,76.5,203.565909191653,129.009663231246,203.565909191653,9.39292901234568,33.536487654321,1026.21036129684,"","","","","",""
"S23","RR",NA,2,4,"2",2023-08-18 21:38:37,2023-08-18 14:38:37,2023-08-18 21:44:01,2023-08-18 14:44:01,-124.70983,42.50522,-124.71026,42.50712,49.8,76.5,814.263636766611,515.825482629279,814.263636766611,9.39292901234568,33.536487654321,1026.21036129684,"","","","","",""
"S23","RR",NA,2,1,"3",2023-08-18 21:44:01,2023-08-18 14:44:01,2023-08-18 21:48:33,2023-08-18 14:48:33,-124.71026,42.50713,-124.71062,42.50885,23.786,49.499,227.46007443592,98.5564186699318,227.46007443592,10.3226029411765,33.4394816176471,1025.85598210312,"","","","","",""
"S23","RR",NA,2,4,"3",2023-08-18 21:44:01,2023-08-18 14:44:01,2023-08-18 21:48:33,2023-08-18 14:48:33,-124.71026,42.50713,-124.71062,42.50885,23.786,49.499,909.840297743678,392.607801975664,909.840297743678,10.3226029411765,33.4394816176471,1025.85598210312,"","","","","",""
"S23","RR",NA,2,1,"4",2023-08-18 21:48:33,2023-08-18 14:48:33,2023-08-18 21:54:27,2023-08-18 14:54:27,-124.71062,42.50885,-124.71144,42.51087,-0.2,23.291,347.069939299068,129.20411366981,347.069939299068,10.485014084507,33.3651154929577,1025.65066143296,"","","","","",""
"S23","RR",NA,2,4,"4",2023-08-18 21:48:33,2023-08-18 14:48:33,2023-08-18 21:54:27,2023-08-18 14:54:27,-124.71062,42.50885,-124.71144,42.51087,-0.2,23.291,1388.27975719627,516.617491538919,1388.27975719627,10.485014084507,33.3651154929577,1025.65066143296,"","","","","",""
"S23","RR",NA,1,1,"0",2023-08-18 23:51:35,2023-08-18 16:51:35,2023-08-18 23:53:48,2023-08-18 16:53:48,-124.52633,42.50386,-124.52667,42.50446,3.4,32.9,75.2243022329927,38.8298774673896,75.2243022329927,9.80047368421053,33.6639172932331,1026.02825667862,"","","","","",""
"S23","RR",NA,1,4,"0",2023-08-18 23:51:35,2023-08-18 16:51:35,2023-08-18 23:53:48,2023-08-18 16:53:48,-124.52633,42.50386,-124.52667,42.50446,3.4,32.9,300.897208931971,163.224803060486,300.897208931971,9.80047368421053,33.6639172932331,1026.02825667862,"","","","","",""
"S23","RR",NA,1,1,"4",2023-08-18 23:53:48,2023-08-18 16:53:48,2023-08-18 23:59:59,2023-08-18 16:59:59,-124.52667,42.50447,-124.52805,42.50645,1.072,33.971,358.630347029724,212.885759545784,358.630347029724,9.80913440860215,33.6320510752688,1025.99802783228,"","","","","",""
"S23","RR",NA,1,4,"4",2023-08-18 23:53:48,2023-08-18 16:53:48,2023-08-18 23:59:59,2023-08-18 16:59:59,-124.52667,42.50447,-124.52805,42.50645,1.072,33.971,1434.5213881189,849.075547317538,1434.5213881189,9.80913440860215,33.6320510752688,1025.99802783228,"","","","","",""
