"transect","replicate","station","cast_start_date_time_utc","cast_start_date_time_pt","date_time_closed_utc","date_time_closed_pt","depth_closed_m","volume_filtered_m3","temperature_c","salinity","net","date_pt"
"NH","MaD","3",2018-02-17 22:46:40,2018-02-17 14:46:40,2018-02-17 23:12:21,2018-02-17 15:12:21,90.8,418.16,9.578,33.489,"0",2018-02-17
"NH","MaD","3",2018-02-17 22:46:40,2018-02-17 14:46:40,2018-02-17 23:15:31,2018-02-17 15:15:31,73.9,117.61,10.187,33.165,"1",2018-02-17
"NH","MaD","3",2018-02-17 22:46:40,2018-02-17 14:46:40,2018-02-17 23:22:03,2018-02-17 15:22:03,46.7,212.84,10.605,32.67,"2",2018-02-17
"NH","MaD","3",2018-02-17 22:46:40,2018-02-17 14:46:40,2018-02-17 23:27:54,2018-02-17 15:27:54,23.8,172.18,10.555,32.592,"3",2018-02-17
"NH","MaD","3",2018-02-17 22:46:40,2018-02-17 14:46:40,2018-02-17 23:32:40,2018-02-17 15:32:40,5.6,203.48,10.362,32.402,"4",2018-02-17
"NH","MaD","5",2018-02-17 18:09:08,2018-02-17 10:09:08,2018-02-17 18:20:50,2018-02-17 10:20:50,100.2,332.31,9.431,33.596,"0",2018-02-17
"NH","MaD","5",2018-02-17 18:09:08,2018-02-17 10:09:08,2018-02-17 18:24:25,2018-02-17 10:24:25,65.7,152.69,10.292,33.212,"1",2018-02-17
"NH","MaD","5",2018-02-17 18:09:08,2018-02-17 10:09:08,2018-02-17 18:29:21,2018-02-17 10:29:21,51.2,226.46,10.729,32.722,"2",2018-02-17
"NH","MaD","5",2018-02-17 18:09:08,2018-02-17 10:09:08,2018-02-17 18:32:19,2018-02-17 10:32:19,24,138.92,10.69,32.69,"3",2018-02-17
"NH","MaD","5",2018-02-17 18:09:08,2018-02-17 10:09:08,2018-02-17 18:36:03,2018-02-17 10:36:03,0.8,168.81,10.698,32.698,"4",2018-02-17
"NH","MaN","1",2018-02-17 05:54:31,2018-02-16 21:54:31,2018-02-17 06:10:04,2018-02-16 22:10:04,20.9,189.94,10.454,32.559,"0",2018-02-16
"NH","MaN","1",2018-02-17 05:54:31,2018-02-16 21:54:31,2018-02-17 06:14:52,2018-02-16 22:14:52,0.3,209.9,10.167,32.164,"4",2018-02-16
"NH","MaN","3",2018-02-17 10:20:51,2018-02-17 02:20:51,2018-02-17 10:30:22,2018-02-17 02:30:22,100.7,215.46,9.281,33.686,"0",2018-02-17
"NH","MaN","3",2018-02-17 10:20:51,2018-02-17 02:20:51,2018-02-17 10:34:48,2018-02-17 02:34:48,70.9,177.76,10.216,33.117,"1",2018-02-17
"NH","MaN","3",2018-02-17 10:20:51,2018-02-17 02:20:51,2018-02-17 10:36:56,2018-02-17 02:36:56,51.4,99.83,10.569,32.689,"2",2018-02-17
"NH","MaN","3",2018-02-17 10:20:51,2018-02-17 02:20:51,2018-02-17 10:42:56,2018-02-17 02:42:56,25.1,255.59,10.547,32.548,"3",2018-02-17
"NH","MaN","3",2018-02-17 10:20:51,2018-02-17 02:20:51,2018-02-17 10:47:19,2018-02-17 02:47:19,6.2,202.67,10.414,32.313,"4",2018-02-17
"NH","MaN","5",2018-02-17 14:07:14,2018-02-17 06:07:14,2018-02-17 14:15:20,2018-02-17 06:15:20,103.2,180.6,9.505,33.575,"0",2018-02-17
"NH","MaN","5",2018-02-17 14:07:14,2018-02-17 06:07:14,2018-02-17 14:19:54,2018-02-17 06:19:54,75.5,172.53,10.02,33.37,"1",2018-02-17
"NH","MaN","5",2018-02-17 14:07:14,2018-02-17 06:07:14,2018-02-17 14:24:53,2018-02-17 06:24:53,50.9,1785.58,10.779,32.735,"2",2018-02-17
"NH","MaN","5",2018-02-17 14:07:14,2018-02-17 06:07:14,2018-02-17 14:29:28,2018-02-17 06:29:28,26.8,199.92,10.708,32.692,"3",2018-02-17
"NH","MaN","5",2018-02-17 14:07:14,2018-02-17 06:07:14,2018-02-17 14:36:14,2018-02-17 06:36:14,2.7,405.08,10.711,32.694,"4",2018-02-17
"NH","MbD","1",2018-02-23 23:26:43,2018-02-23 15:26:43,2018-02-23 23:32:43,2018-02-23 15:32:43,48.5,106.89,9.707,33.31,"0",2018-02-23
"NH","MbD","1",2018-02-23 23:26:43,2018-02-23 15:26:43,2018-02-23 23:36:33,2018-02-23 15:36:33,22.1,60.79,10.113,32.338,"3",2018-02-23
"NH","MbD","1",2018-02-23 23:26:43,2018-02-23 15:26:43,2018-02-23 23:40:16,2018-02-23 15:40:16,1.4,72.82,9.235,31.246,"4",2018-02-23
"NH","MbD","2",2018-02-23 21:51:36,2018-02-23 13:51:36,2018-02-23 21:57:27,2018-02-23 13:57:27,50.3,86.42,10.51,32.639,"0",2018-02-23
"NH","MbD","2",2018-02-23 21:51:36,2018-02-23 13:51:36,2018-02-23 22:02:55,2018-02-23 14:02:55,26.5,199.92,10.433,32.61,"2",2018-02-23
"NH","MbD","2",2018-02-23 21:51:36,2018-02-23 13:51:36,2018-02-23 22:06:26,2018-02-23 14:06:26,9.4,85.81,10.328,32.506,"3",2018-02-23
"NH","MbD","2",2018-02-23 21:51:36,2018-02-23 13:51:36,2018-02-23 22:07:41,2018-02-23 14:07:41,5.6,6.65,9.947,31.934,"4",2018-02-23
"NH","MbD","3",2018-02-23 19:34:31,2018-02-23 11:34:31,2018-02-23 19:42:54,2018-02-23 11:42:54,99.4,155.23,9.231,33.643,"0",2018-02-23
"NH","MbD","3",2018-02-23 19:34:31,2018-02-23 11:34:31,2018-02-23 19:48:10,2018-02-23 11:48:10,72.4,173.81,9.817,33.296,"1",2018-02-23
"NH","MbD","3",2018-02-23 19:34:31,2018-02-23 11:34:31,2018-02-23 19:52:28,2018-02-23 11:52:28,50.3,129.25,10.352,32.653,"2",2018-02-23
"NH","MbD","3",2018-02-23 19:34:31,2018-02-23 11:34:31,2018-02-23 19:57:18,2018-02-23 11:57:18,26.6,151.56,10.341,32.6,"3",2018-02-23
"NH","MbD","3",2018-02-23 19:34:31,2018-02-23 11:34:31,2018-02-23 20:05:36,2018-02-23 12:05:36,1.7,5.99,9.009,30.798,"4",2018-02-23
"NH","MbD","5",2018-02-23 16:02:07,2018-02-23 08:02:07,2018-02-23 16:15:05,2018-02-23 08:15:05,98.5,276.9,9.344,33.607,"0",2018-02-23
"NH","MbD","5",2018-02-23 16:02:07,2018-02-23 08:02:07,2018-02-23 16:18:41,2018-02-23 08:18:41,75.2,154.57,9.592,33.389,"1",2018-02-23
"NH","MbD","5",2018-02-23 16:02:07,2018-02-23 08:02:07,2018-02-23 16:25:21,2018-02-23 08:25:21,47.5,278.01,10.343,32.81,"2",2018-02-23
"NH","MbD","5",2018-02-23 16:02:07,2018-02-23 08:02:07,2018-02-23 16:29:16,2018-02-23 08:29:16,23.7,189.26,10.252,32.529,"3",2018-02-23
"NH","MbD","5",2018-02-23 16:02:07,2018-02-23 08:02:07,2018-02-23 16:33:17,2018-02-23 08:33:17,0.6,152.04,9.185,31.112,"4",2018-02-23
"NH","MbN","1",2018-02-18 04:15:37,2018-02-17 20:15:37,2018-02-18 04:24:54,2018-02-17 20:24:54,51.8,269.02,10.453,32.883,"0",2018-02-17
"NH","MbN","1",2018-02-18 04:15:37,2018-02-17 20:15:37,2018-02-18 04:28:36,2018-02-17 20:28:36,26,144.69,10.428,32.451,"3",2018-02-17
"NH","MbN","1",2018-02-18 04:15:37,2018-02-17 20:15:37,2018-02-18 04:34:49,2018-02-17 20:34:49,2,275.39,10.286,32.276,"4",2018-02-17
"TR","MaD","1",2018-02-20 22:24:56,2018-02-20 14:24:56,2018-02-20 22:31:46,2018-02-20 14:31:46,51.6,143.24,8.493,33.863,"0",2018-02-20
"TR","MaD","1",2018-02-20 22:24:56,2018-02-20 14:24:56,2018-02-20 22:35:57,2018-02-20 14:35:57,25.6,151.11,8.991,33.761,"3",2018-02-20
"TR","MaD","1",2018-02-20 22:24:56,2018-02-20 14:24:56,2018-02-20 22:41:46,2018-02-20 14:41:46,7.2,265.57,9.525,33.422,"4",2018-02-20
"TR","MaD","2",2018-02-20 20:53:44,2018-02-20 12:53:44,2018-02-20 21:02:27,2018-02-20 13:02:27,98,203.28,8.031,33.931,"0",2018-02-20
"TR","MaD","2",2018-02-20 20:53:44,2018-02-20 12:53:44,2018-02-20 21:07:04,2018-02-20 13:07:04,71.1,187.94,8.823,33.796,"1",2018-02-20
"TR","MaD","2",2018-02-20 20:53:44,2018-02-20 12:53:44,2018-02-20 21:11:03,2018-02-20 13:11:03,48.9,171.12,9.617,33.418,"2",2018-02-20
"TR","MaD","2",2018-02-20 20:53:44,2018-02-20 12:53:44,2018-02-20 21:16:32,2018-02-20 13:16:32,27,222.57,9.847,33.311,"3",2018-02-20
"TR","MaD","2",2018-02-20 20:53:44,2018-02-20 12:53:44,2018-02-20 21:20:45,2018-02-20 13:20:45,1.3,199.18,9.908,33.269,"4",2018-02-20
"TR","MaD","3",2018-02-20 18:46:14,2018-02-20 10:46:14,2018-02-20 18:56:33,2018-02-20 10:56:33,102.1,0,8.649,33.841,"0",2018-02-20
"TR","MaD","3",2018-02-20 18:46:14,2018-02-20 10:46:14,2018-02-20 19:03:16,2018-02-20 11:03:16,70.4,0,9.3,33.597,"1",2018-02-20
"TR","MaD","3",2018-02-20 18:46:14,2018-02-20 10:46:14,2018-02-20 19:05:42,2018-02-20 11:05:42,48.7,0,9.86,33.327,"2",2018-02-20
"TR","MaD","3",2018-02-20 18:46:14,2018-02-20 10:46:14,2018-02-20 19:11:29,2018-02-20 11:11:29,25,0,10.334,33.014,"3",2018-02-20
"TR","MaD","3",2018-02-20 18:46:14,2018-02-20 10:46:14,2018-02-20 19:18:17,2018-02-20 11:18:17,3.6,0,10.326,33.011,"4",2018-02-20
"TR","MaD","5",2018-02-20 15:13:38,2018-02-20 07:13:38,2018-02-20 15:27:18,2018-02-20 07:27:18,102.8,217.46,8.965,33.787,"0",2018-02-20
"TR","MaD","5",2018-02-20 15:13:38,2018-02-20 07:13:38,2018-02-20 15:32:37,2018-02-20 07:32:37,73.3,145.22,9.422,33.611,"1",2018-02-20
"TR","MaD","5",2018-02-20 15:13:38,2018-02-20 07:13:38,2018-02-20 15:35:01,2018-02-20 07:35:01,46.5,96.63,10.269,33.316,"2",2018-02-20
"TR","MaD","5",2018-02-20 15:13:38,2018-02-20 07:13:38,2018-02-20 15:40:59,2018-02-20 07:40:59,26.3,271.58,10.103,33.08,"3",2018-02-20
"TR","MaD","5",2018-02-20 15:13:38,2018-02-20 07:13:38,2018-02-20 15:46:59,2018-02-20 07:46:59,1.4,317.2,10.129,33.034,"4",2018-02-20
"TR","MaN","1",2018-02-20 03:52:37,2018-02-19 19:52:37,2018-02-20 04:00:58,2018-02-19 20:00:58,48.4,261.13,9.742,33.437,"0",2018-02-19
"TR","MaN","1",2018-02-20 03:52:37,2018-02-19 19:52:37,2018-02-20 04:05:36,2018-02-19 20:05:36,25.4,229.56,9.781,33.38,"3",2018-02-19
"TR","MaN","1",2018-02-20 03:52:37,2018-02-19 19:52:37,2018-02-20 04:11:11,2018-02-19 20:11:11,2.4,267.57,9.804,33.364,"4",2018-02-19
"TR","MaN","3",2018-02-20 06:04:02,2018-02-19 22:04:02,2018-02-20 06:19:00,2018-02-19 22:19:00,103.1,439.56,8.597,33.867,"0",2018-02-19
"TR","MaN","3",2018-02-20 06:04:02,2018-02-19 22:04:02,2018-02-20 06:23:22,2018-02-19 22:23:22,75.2,161.99,9.021,33.699,"1",2018-02-19
"TR","MaN","3",2018-02-20 06:04:02,2018-02-19 22:04:02,2018-02-20 06:27:21,2018-02-19 22:27:21,48.7,161.03,9.875,33.299,"2",2018-02-19
"TR","MaN","3",2018-02-20 06:04:02,2018-02-19 22:04:02,2018-02-20 06:31:41,2018-02-19 22:31:41,24.9,205.89,10.448,32.989,"3",2018-02-19
"TR","MaN","3",2018-02-20 06:04:02,2018-02-19 22:04:02,2018-02-20 06:38:07,2018-02-19 22:38:07,3.2,409.13,10.437,32.99,"4",2018-02-19
"TR","MaN","5",2018-02-20 09:54:10,2018-02-20 01:54:10,2018-02-20 10:10:45,2018-02-20 02:10:45,97.7,518.99,9.537,33.565,"0",2018-02-20
"TR","MaN","5",2018-02-20 09:54:10,2018-02-20 01:54:10,2018-02-20 10:14:41,2018-02-20 02:14:41,73.9,162.24,9.726,33.409,"1",2018-02-20
"TR","MaN","5",2018-02-20 09:54:10,2018-02-20 01:54:10,2018-02-20 10:20:16,2018-02-20 02:20:16,51.7,242.26,9.682,33.388,"2",2018-02-20
"TR","MaN","5",2018-02-20 09:54:10,2018-02-20 01:54:10,2018-02-20 10:26:48,2018-02-20 02:26:48,24.8,316.02,9.801,33.24,"3",2018-02-20
"TR","MaN","5",2018-02-20 09:54:10,2018-02-20 01:54:10,2018-02-20 10:32:37,2018-02-20 02:32:37,6.1,295.7,9.981,33.123,"4",2018-02-20
"NH","MaD","1",2018-07-09 14:57:50,2018-07-09 07:57:50,2018-07-09 15:02:27,2018-07-09 08:02:27,49.7,76.3,8.395,33.697,"0",2018-07-09
"NH","MaD","1",2018-07-09 14:57:50,2018-07-09 07:57:50,2018-07-09 15:06:04,2018-07-09 08:06:04,24.9,95.21,8.806,33.068,"3",2018-07-09
"NH","MaD","1",2018-07-09 14:57:50,2018-07-09 07:57:50,2018-07-09 15:09:52,2018-07-09 08:09:52,1.7,109.27,15.947,31.191,"4",2018-07-09
"NH","MaD","2",2018-07-09 16:15:53,2018-07-09 09:15:53,2018-07-09 16:22:33,2018-07-09 09:22:33,75.6,110.33,8.088,33.852,"0",2018-07-09
"NH","MaD","2",2018-07-09 16:15:53,2018-07-09 09:15:53,2018-07-09 16:26:13,2018-07-09 09:26:13,49.9,102.76,8.732,33.294,"2",2018-07-09
"NH","MaD","2",2018-07-09 16:15:53,2018-07-09 09:15:53,2018-07-09 16:29:50,2018-07-09 09:29:50,23.9,109.36,10.159,32.3,"3",2018-07-09
"NH","MaD","2",2018-07-09 16:15:53,2018-07-09 09:15:53,2018-07-09 16:35:06,2018-07-09 09:35:06,1.6,164.28,16.12,31.373,"4",2018-07-09
"NH","MaD","3",2018-07-09 18:46:36,2018-07-09 11:46:36,2018-07-09 18:55:27,2018-07-09 11:55:27,99.3,164.65,8.185,33.8,"0",2018-07-09
"NH","MaD","3",2018-07-09 18:46:36,2018-07-09 11:46:36,2018-07-09 19:01:37,2018-07-09 12:01:37,74.5,201.37,8.743,33.517,"1",2018-07-09
"NH","MaD","3",2018-07-09 18:46:36,2018-07-09 11:46:36,2018-07-09 19:05:03,2018-07-09 12:05:03,48.5,107.1,8.951,32.946,"2",2018-07-09
"NH","MaD","3",2018-07-09 18:46:36,2018-07-09 11:46:36,2018-07-09 19:10:18,2018-07-09 12:10:18,25.6,161.02,9.864,32.26,"3",2018-07-09
"NH","MaD","3",2018-07-09 18:46:36,2018-07-09 11:46:36,2018-07-09 19:15:10,2018-07-09 12:15:10,2.4,146.7,17.064,29.419,"4",2018-07-09
"NH","MaD","4",2018-07-09 20:47:41,2018-07-09 13:47:41,2018-07-09 20:54:56,2018-07-09 13:54:56,101.2,137.61,8.565,33.742,"0",2018-07-09
"NH","MaD","4",2018-07-09 20:47:41,2018-07-09 13:47:41,2018-07-09 20:59:35,2018-07-09 13:59:35,73.8,143.62,8.899,33.415,"2",2018-07-09
"NH","MaD","4",2018-07-09 20:47:41,2018-07-09 13:47:41,2018-07-09 21:02:09,2018-07-09 14:02:09,49.7,80.3,9.05,32.622,"3",2018-07-09
"NH","MaD","4",2018-07-09 20:47:41,2018-07-09 13:47:41,2018-07-09 21:09:13,2018-07-09 14:09:13,1.2,121.11,17.349,30.776,"4",2018-07-09
"NH","MaD","5",2018-07-09 22:54:24,2018-07-09 15:54:24,2018-07-09 23:05:10,2018-07-09 16:05:10,100.6,175.4,8.591,33.729,"0",2018-07-09
"NH","MaD","5",2018-07-09 22:54:24,2018-07-09 15:54:24,2018-07-09 23:09:44,2018-07-09 16:09:44,74.2,158.94,8.904,33.324,"1",2018-07-09
"NH","MaD","5",2018-07-09 22:54:24,2018-07-09 15:54:24,2018-07-09 23:14:49,2018-07-09 16:14:49,49.8,187.24,9.129,32.822,"2",2018-07-09
"NH","MaD","5",2018-07-09 22:54:24,2018-07-09 15:54:24,2018-07-09 23:21:01,2018-07-09 16:21:01,25.2,240.72,9.816,32.304,"3",2018-07-09
"NH","MaD","5",2018-07-09 22:54:24,2018-07-09 15:54:24,2018-07-09 23:25:53,2018-07-09 16:25:53,0.6,171.6,17.055,30.186,"4",2018-07-09
"NH","MaN","1",2018-07-10 10:32:55,2018-07-10 03:32:55,2018-07-10 10:37:36,2018-07-10 03:37:36,51.5,43.99,8.249,33.765,"0",2018-07-10
"NH","MaN","1",2018-07-10 10:32:55,2018-07-10 03:32:55,2018-07-10 10:42:10,2018-07-10 03:42:10,20.9,135.75,8.864,32.727,"3",2018-07-10
"NH","MaN","1",2018-07-10 10:32:55,2018-07-10 03:32:55,2018-07-10 10:46:14,2018-07-10 03:46:14,0.4,115.21,16.785,29.688,"4",2018-07-10
"NH","MaN","3",2018-07-10 08:01:03,2018-07-10 01:01:03,2018-07-10 08:13:26,2018-07-10 01:13:26,102.3,199.84,8.189,33.795,"0",2018-07-10
"NH","MaN","3",2018-07-10 08:01:03,2018-07-10 01:01:03,2018-07-10 08:20:06,2018-07-10 01:20:06,74.5,246.85,8.656,33.557,"1",2018-07-10
"NH","MaN","3",2018-07-10 08:01:03,2018-07-10 01:01:03,2018-07-10 08:23:37,2018-07-10 01:23:37,49.5,139.88,8.927,32.888,"2",2018-07-10
"NH","MaN","3",2018-07-10 08:01:03,2018-07-10 01:01:03,2018-07-10 08:27:52,2018-07-10 01:27:52,24.8,171.34,9.745,32.301,"3",2018-07-10
"NH","MaN","3",2018-07-10 08:01:03,2018-07-10 01:01:03,2018-07-10 08:32:32,2018-07-10 01:32:32,0.6,173.15,16.685,31.147,"4",2018-07-10
"NH","MaN","5",2018-07-10 05:07:07,2018-07-09 22:07:07,2018-07-10 05:18:35,2018-07-09 22:18:35,102.4,151.98,8.618,33.714,"0",2018-07-09
"NH","MaN","5",2018-07-10 05:07:07,2018-07-09 22:07:07,2018-07-10 05:26:29,2018-07-09 22:26:29,72.2,256,8.887,33.185,"1",2018-07-09
"NH","MaN","5",2018-07-10 05:07:07,2018-07-09 22:07:07,2018-07-10 05:28:20,2018-07-09 22:28:20,53.5,72.98,9.171,32.752,"2",2018-07-09
"NH","MaN","5",2018-07-10 05:07:07,2018-07-09 22:07:07,2018-07-10 05:31:58,2018-07-09 22:31:58,24.2,140.15,11.815,31.956,"3",2018-07-09
"NH","MaN","5",2018-07-10 05:07:07,2018-07-09 22:07:07,2018-07-10 05:35:36,2018-07-09 22:35:36,1.1,124.75,16.617,30.571,"4",2018-07-09
"NH","MbD","1",2018-07-11 14:40:57,2018-07-11 07:40:57,2018-07-11 14:55:27,2018-07-11 07:55:27,50.5,252.52,8.191,33.775,"0",2018-07-11
"NH","MbD","1",2018-07-11 14:40:57,2018-07-11 07:40:57,2018-07-11 15:02:24,2018-07-11 08:02:24,26.1,137.54,8.679,33.263,"3",2018-07-11
"NH","MbD","1",2018-07-11 14:40:57,2018-07-11 07:40:57,2018-07-11 15:07:53,2018-07-11 08:07:53,0,60.79,13.673,4.242,"4",2018-07-11
"NH","MbD","2",2018-07-11 17:00:43,2018-07-11 10:00:43,2018-07-11 17:09:05,2018-07-11 10:09:05,74.2,168.76,8.036,33.849,"0",2018-07-11
"NH","MbD","2",2018-07-11 17:00:43,2018-07-11 10:00:43,2018-07-11 17:15:43,2018-07-11 10:15:43,50.5,169.07,8.711,33.382,"3",2018-07-11
"NH","MbD","2",2018-07-11 17:00:43,2018-07-11 10:00:43,2018-07-11 17:21:56,2018-07-11 10:21:56,26.7,124.78,8.973,32.58,"4",2018-07-11
"NH","MbD","3",2018-07-11 19:59:34,2018-07-11 12:59:34,2018-07-11 20:11:02,2018-07-11 13:11:02,101.5,198.17,8.067,33.825,"0",2018-07-11
"NH","MbD","3",2018-07-11 19:59:34,2018-07-11 12:59:34,2018-07-11 20:16:27,2018-07-11 13:16:27,76.7,152.11,8.689,33.477,"1",2018-07-11
"NH","MbD","3",2018-07-11 19:59:34,2018-07-11 12:59:34,2018-07-11 20:23:24,2018-07-11 13:23:24,49.7,194.06,8.941,32.88,"2",2018-07-11
"NH","MbD","3",2018-07-11 19:59:34,2018-07-11 12:59:34,2018-07-11 20:34:01,2018-07-11 13:34:01,23,296.09,10.785,32.093,"3",2018-07-11
"NH","MbD","3",2018-07-11 19:59:34,2018-07-11 12:59:34,2018-07-11 20:40:39,2018-07-11 13:40:39,4,177.75,15.917,31.584,"4",2018-07-11
"NH","MbD","4",2018-07-11 22:58:16,2018-07-11 15:58:16,2018-07-11 23:09:31,2018-07-11 16:09:31,101.9,173.95,8.521,33.75,"0",2018-07-11
"NH","MbD","4",2018-07-11 22:58:16,2018-07-11 15:58:16,2018-07-11 23:14:08,2018-07-11 16:14:08,74.3,110.12,8.937,33.398,"1",2018-07-11
"NH","MbD","4",2018-07-11 22:58:16,2018-07-11 15:58:16,2018-07-11 23:21:33,2018-07-11 16:21:33,49.4,205.74,8.974,32.678,"2",2018-07-11
"NH","MbD","4",2018-07-11 22:58:16,2018-07-11 15:58:16,2018-07-11 23:28:10,2018-07-11 16:28:10,20.4,105.71,11.189,32.032,"3",2018-07-11
"NH","MbD","4",2018-07-11 22:58:16,2018-07-11 15:58:16,2018-07-11 23:32:05,2018-07-11 16:32:05,5.8,35.15,15.582,31.763,"4",2018-07-11
"TR","MaD","1",2018-07-06 15:58:20,2018-07-06 08:58:20,2018-07-06 16:04:12,2018-07-06 09:04:12,47.3,85.46,8.329,33.892,"0",2018-07-06
"TR","MaD","1",2018-07-06 15:58:20,2018-07-06 08:58:20,2018-07-06 16:08:22,2018-07-06 09:08:22,26.6,118.54,8.541,33.86,"3",2018-07-06
"TR","MaD","1",2018-07-06 15:58:20,2018-07-06 08:58:20,2018-07-06 16:15:11,2018-07-06 09:15:11,0.4,208.23,9.847,33.782,"4",2018-07-06
"TR","MaD","2",2018-07-06 17:18:22,2018-07-06 10:18:22,2018-07-06 17:30:56,2018-07-06 10:30:56,100.2,166.74,8.154,33.909,"0",2018-07-06
"TR","MaD","2",2018-07-06 17:18:22,2018-07-06 10:18:22,2018-07-06 17:35:49,2018-07-06 10:35:49,76,127.36,8.371,33.87,"1",2018-07-06
"TR","MaD","2",2018-07-06 17:18:22,2018-07-06 10:18:22,2018-07-06 17:40:56,2018-07-06 10:40:56,55.3,160.49,8.716,33.805,"2",2018-07-06
"TR","MaD","2",2018-07-06 17:18:22,2018-07-06 10:18:22,2018-07-06 17:47:09,2018-07-06 10:47:09,25,203.01,10.185,33.767,"3",2018-07-06
"TR","MaD","2",2018-07-06 17:18:22,2018-07-06 10:18:22,2018-07-06 17:52:07,2018-07-06 10:52:07,0.3,156.77,11.121,33.728,"4",2018-07-06
"TR","MaD","3",2018-07-06 19:18:30,2018-07-06 12:18:30,2018-07-06 19:26:17,2018-07-06 12:26:17,101,124.64,8.273,33.885,"0",2018-07-06
"TR","MaD","3",2018-07-06 19:18:30,2018-07-06 12:18:30,2018-07-06 19:34:00,2018-07-06 12:34:00,77.5,209.39,8.509,33.836,"1",2018-07-06
"TR","MaD","3",2018-07-06 19:18:30,2018-07-06 12:18:30,2018-07-06 19:39:53,2018-07-06 12:39:53,49.7,189.64,9.159,33.716,"2",2018-07-06
"TR","MaD","3",2018-07-06 19:18:30,2018-07-06 12:18:30,2018-07-06 19:45:17,2018-07-06 12:45:17,25.4,193.25,10.214,33.67,"3",2018-07-06
"TR","MaD","3",2018-07-06 19:18:30,2018-07-06 12:18:30,2018-07-06 19:50:40,2018-07-06 12:50:40,0.7,165.38,11.48,33.586,"4",2018-07-06
"TR","MaD","4",2018-07-06 21:09:38,2018-07-06 14:09:38,2018-07-06 21:16:09,2018-07-06 14:16:09,100.6,91.79,8.528,33.883,"0",2018-07-06
"TR","MaD","4",2018-07-06 21:09:38,2018-07-06 14:09:38,2018-07-06 21:19:18,2018-07-06 14:19:18,71.9,68.88,8.777,33.685,"2",2018-07-06
"TR","MaD","4",2018-07-06 21:09:38,2018-07-06 14:09:38,2018-07-06 21:22:49,2018-07-06 14:22:49,49.8,901.76,10.107,33.687,"3",2018-07-06
"TR","MaD","4",2018-07-06 21:09:38,2018-07-06 14:09:38,2018-07-06 21:26:24,2018-07-06 14:26:24,25,115.53,10.509,33.626,"4",2018-07-06
"TR","MaD","5",2018-07-06 23:02:11,2018-07-06 16:02:11,2018-07-06 23:10:44,2018-07-06 16:10:44,104,109.99,8.719,33.891,"0",2018-07-06
"TR","MaD","5",2018-07-06 23:02:11,2018-07-06 16:02:11,2018-07-06 23:17:43,2018-07-06 16:17:43,74,249.25,9.186,33.73,"1",2018-07-06
"TR","MaD","5",2018-07-06 23:02:11,2018-07-06 16:02:11,2018-07-06 23:20:59,2018-07-06 16:20:59,49.6,126.23,10.346,33.671,"2",2018-07-06
"TR","MaD","5",2018-07-06 23:02:11,2018-07-06 16:02:11,2018-07-06 23:25:07,2018-07-06 16:25:07,25.1,161.11,10.165,33.538,"3",2018-07-06
"TR","MaD","5",2018-07-06 23:02:11,2018-07-06 16:02:11,2018-07-06 23:30:19,2018-07-06 16:30:19,0.4,191.63,11.292,33.355,"4",2018-07-06
"TR","MaN","3",2018-07-07 12:01:42,2018-07-07 05:01:42,2018-07-07 12:11:52,2018-07-07 05:11:52,98.1,188.41,8.299,33.897,"0",2018-07-07
"TR","MaN","3",2018-07-07 12:01:42,2018-07-07 05:01:42,2018-07-07 12:16:48,2018-07-07 05:16:48,75.1,113.14,8.517,33.819,"1",2018-07-07
"TR","MaN","3",2018-07-07 12:01:42,2018-07-07 05:01:42,2018-07-07 12:21:10,2018-07-07 05:21:10,50,133.4,8.849,33.734,"2",2018-07-07
"TR","MaN","3",2018-07-07 12:01:42,2018-07-07 05:01:42,2018-07-07 12:25:42,2018-07-07 05:25:42,25.4,162.12,10.292,33.687,"3",2018-07-07
"TR","MaN","3",2018-07-07 12:01:42,2018-07-07 05:01:42,2018-07-07 12:30:19,2018-07-07 05:30:19,1.9,144.46,11.744,33.732,"4",2018-07-07
"TR","MaN","5",2018-07-07 09:36:47,2018-07-07 02:36:47,2018-07-07 09:45:54,2018-07-07 02:45:54,100.6,99.46,8.475,33.936,"0",2018-07-07
"TR","MaN","5",2018-07-07 09:36:47,2018-07-07 02:36:47,2018-07-07 09:50:16,2018-07-07 02:50:16,74.9,118.42,8.83,33.86,"1",2018-07-07
"TR","MaN","5",2018-07-07 09:36:47,2018-07-07 02:36:47,2018-07-07 09:54:39,2018-07-07 02:54:39,49.3,147.04,9.699,33.674,"2",2018-07-07
"TR","MaN","5",2018-07-07 09:36:47,2018-07-07 02:36:47,2018-07-07 09:58:17,2018-07-07 02:58:17,25.3,115.27,9.953,33.491,"3",2018-07-07
"TR","MaN","5",2018-07-07 09:36:47,2018-07-07 02:36:47,2018-07-07 10:02:08,2018-07-07 03:02:08,0.4,123.23,12.399,33.422,"4",2018-07-07
"TR","MbD","1",2018-07-07 14:06:46,2018-07-07 07:06:46,2018-07-07 14:13:24,2018-07-07 07:13:24,49.5,112.41,8.523,33.88,"0",2018-07-07
"TR","MbD","1",2018-07-07 14:06:46,2018-07-07 07:06:46,2018-07-07 14:19:57,2018-07-07 07:19:57,24.2,231.35,9.106,33.854,"3",2018-07-07
"TR","MbD","1",2018-07-07 14:06:46,2018-07-07 07:06:46,2018-07-07 14:23:33,2018-07-07 07:23:33,2.1,107.58,10.444,33.863,"4",2018-07-07
"TR","MbD","2",2018-07-07 15:29:51,2018-07-07 08:29:51,2018-07-07 15:38:29,2018-07-07 08:38:29,79.4,126.89,8.033,33.984,"0",2018-07-07
"TR","MbD","2",2018-07-07 15:29:51,2018-07-07 08:29:51,2018-07-07 15:46:08,2018-07-07 08:46:08,72.1,226.63,8.404,33.891,"1",2018-07-07
"TR","MbD","2",2018-07-07 15:29:51,2018-07-07 08:29:51,2018-07-07 15:48:58,2018-07-07 08:48:58,48.3,88.7,9.062,33.838,"2",2018-07-07
"TR","MbD","2",2018-07-07 15:29:51,2018-07-07 08:29:51,2018-07-07 15:51:45,2018-07-07 08:51:45,25.8,101.67,10.703,33.725,"3",2018-07-07
"TR","MbD","2",2018-07-07 15:29:51,2018-07-07 08:29:51,2018-07-07 15:56:01,2018-07-07 08:56:01,2.6,123.79,10.839,33.727,"4",2018-07-07
"TR","MbD","3",2018-07-07 17:13:26,2018-07-07 10:13:26,2018-07-07 17:25:00,2018-07-07 10:25:00,100.1,196.87,8.061,33.934,"0",2018-07-07
"TR","MbD","3",2018-07-07 17:13:26,2018-07-07 10:13:26,2018-07-07 17:32:16,2018-07-07 10:32:16,74.8,262.84,8.438,33.85,"1",2018-07-07
"TR","MbD","3",2018-07-07 17:13:26,2018-07-07 10:13:26,2018-07-07 17:36:35,2018-07-07 10:36:35,49.5,158.49,8.746,33.789,"2",2018-07-07
"TR","MbD","3",2018-07-07 17:13:26,2018-07-07 10:13:26,2018-07-07 17:40:27,2018-07-07 10:40:27,25.4,152.79,9.903,33.749,"3",2018-07-07
"TR","MbD","3",2018-07-07 17:13:26,2018-07-07 10:13:26,2018-07-07 17:44:47,2018-07-07 10:44:47,0.9,156.3,11.894,33.683,"4",2018-07-07
"TR","MbD","4",2018-07-07 19:09:35,2018-07-07 12:09:35,2018-07-07 19:20:19,2018-07-07 12:20:19,92.7,195.62,8.299,33.91,"0",2018-07-07
"TR","MbD","4",2018-07-07 19:09:35,2018-07-07 12:09:35,2018-07-07 19:22:28,2018-07-07 12:22:28,75.1,85.87,8.396,33.902,"1",2018-07-07
"TR","MbD","4",2018-07-07 19:09:35,2018-07-07 12:09:35,2018-07-07 19:28:04,2018-07-07 12:28:04,52,237.66,9.803,33.689,"2",2018-07-07
"TR","MbD","4",2018-07-07 19:09:35,2018-07-07 12:09:35,2018-07-07 19:36:44,2018-07-07 12:36:44,25.2,363.35,10.396,33.683,"3",2018-07-07
"TR","MbD","4",2018-07-07 19:09:35,2018-07-07 12:09:35,2018-07-07 19:42:55,2018-07-07 12:42:55,0.7,246.46,12.454,33.138,"4",2018-07-07
"TR","MbD","5",2018-07-07 21:05:15,2018-07-07 14:05:15,2018-07-07 21:13:54,2018-07-07 14:13:54,99.3,150.93,8.468,33.905,"0",2018-07-07
"TR","MbD","5",2018-07-07 21:05:15,2018-07-07 14:05:15,2018-07-07 21:17:11,2018-07-07 14:17:11,74.8,82.96,8.733,33.81,"1",2018-07-07
"TR","MbD","5",2018-07-07 21:05:15,2018-07-07 14:05:15,2018-07-07 21:20:01,2018-07-07 14:20:01,50.4,85.4,9.69,33.71,"2",2018-07-07
"TR","MbD","5",2018-07-07 21:05:15,2018-07-07 14:05:15,2018-07-07 21:23:13,2018-07-07 14:23:13,25.9,120.82,10.294,33.641,"3",2018-07-07
"TR","MbD","5",2018-07-07 21:05:15,2018-07-07 14:05:15,2018-07-07 21:28:07,2018-07-07 14:28:07,0,162.55,13.129,19.424,"4",2018-07-07
"TR","MaN","1",2018-07-08 10:21:20,2018-07-08 03:21:20,2018-07-08 10:28:14,2018-07-08 03:28:14,47.6,104.9,8.959,33.831,"0",2018-07-08
"TR","MaN","1",2018-07-08 10:21:20,2018-07-08 03:21:20,2018-07-08 10:34:39,2018-07-08 03:34:39,25.5,216.31,9.365,33.807,"3",2018-07-08
"TR","MaN","1",2018-07-08 10:21:20,2018-07-08 03:21:20,2018-07-08 10:39:44,2018-07-08 03:39:44,0.1,146.05,10.598,3.465,"4",2018-07-08
"TR","MbN","3",2018-07-08 09:00:10,2018-07-08 02:00:10,2018-07-08 09:12:14,2018-07-08 02:12:14,101.8,107.63,8.016,33.95,"0",2018-07-08
"TR","MbN","3",2018-07-08 09:00:10,2018-07-08 02:00:10,2018-07-08 09:16:25,2018-07-08 02:16:25,74.4,98.68,8.335,33.878,"1",2018-07-08
"TR","MbN","3",2018-07-08 09:00:10,2018-07-08 02:00:10,2018-07-08 09:21:01,2018-07-08 02:21:01,47.8,138.82,8.838,33.849,"2",2018-07-08
"TR","MbN","3",2018-07-08 09:00:10,2018-07-08 02:00:10,2018-07-08 09:24:45,2018-07-08 02:24:45,25.3,119.91,10.685,33.758,"3",2018-07-08
"TR","MbN","3",2018-07-08 09:00:10,2018-07-08 02:00:10,2018-07-08 09:29:05,2018-07-08 02:29:05,1.6,123.17,11.755,33.747,"4",2018-07-08
"NH","MaD","1",2019-03-06 00:26:15,2019-03-05 16:26:15,2019-03-06 00:31:34,2019-03-05 16:31:34,50.3,20.95,10.671,32.593,"0",2019-03-05
"NH","MaD","1",2019-03-06 00:26:15,2019-03-05 16:26:15,2019-03-06 00:36:26,2019-03-05 16:36:26,25.3,76.49,9.97,32.328,"3",2019-03-05
"NH","MaD","1",2019-03-06 00:26:15,2019-03-05 16:26:15,2019-03-06 00:42:41,2019-03-05 16:42:41,1.4,99.24,9.141,31.288,"4",2019-03-05
"NH","MaD","2",2019-03-05 22:44:40,2019-03-05 14:44:40,2019-03-05 22:52:05,2019-03-05 14:52:05,75.2,60.82,10.611,32.698,"0",2019-03-05
"NH","MaD","2",2019-03-05 22:44:40,2019-03-05 14:44:40,2019-03-05 22:57:35,2019-03-05 14:57:35,50.2,124.2,10.595,32.56,"2",2019-03-05
"NH","MaD","2",2019-03-05 22:44:40,2019-03-05 14:44:40,2019-03-05 23:04:13,2019-03-05 15:04:13,24.6,129.79,9.645,32.255,"3",2019-03-05
"NH","MaD","2",2019-03-05 22:44:40,2019-03-05 14:44:40,2019-03-05 23:10:52,2019-03-05 15:10:52,4.7,145.45,9.599,32.182,"4",2019-03-05
"NH","MaD","3",2019-03-05 20:38:35,2019-03-05 12:38:35,2019-03-05 20:46:20,2019-03-05 12:46:20,99.7,29.37,9.62,33.424,"0",2019-03-05
"NH","MaD","3",2019-03-05 20:38:35,2019-03-05 12:38:35,2019-03-05 20:52:14,2019-03-05 12:52:14,73.1,59.89,10.437,33.003,"1",2019-03-05
"NH","MaD","3",2019-03-05 20:38:35,2019-03-05 12:38:35,2019-03-05 20:56:19,2019-03-05 12:56:19,46.8,55.65,10.388,32.609,"2",2019-03-05
"NH","MaD","3",2019-03-05 20:38:35,2019-03-05 12:38:35,2019-03-05 21:01:50,2019-03-05 13:01:50,23.6,84.49,10.075,32.404,"3",2019-03-05
"NH","MaD","3",2019-03-05 20:38:35,2019-03-05 12:38:35,2019-03-05 21:07:15,2019-03-05 13:07:15,0.7,123.25,9.918,32.299,"4",2019-03-05
"NH","MaD","4",2019-03-05 18:15:26,2019-03-05 10:15:26,2019-03-05 18:22:43,2019-03-05 10:22:43,100.1,47.51,9.072,33.272,"0",2019-03-05
"NH","MaD","4",2019-03-05 18:15:26,2019-03-05 10:15:26,2019-03-05 18:28:02,2019-03-05 10:28:02,73.2,61.1,9.95,32.691,"1",2019-03-05
"NH","MaD","4",2019-03-05 18:15:26,2019-03-05 10:15:26,2019-03-05 18:32:15,2019-03-05 10:32:15,50,58.52,10.051,32.583,"2",2019-03-05
"NH","MaD","4",2019-03-05 18:15:26,2019-03-05 10:15:26,2019-03-05 18:37:11,2019-03-05 10:37:11,25.3,64.51,10.11,32.571,"3",2019-03-05
"NH","MaD","4",2019-03-05 18:15:26,2019-03-05 10:15:26,2019-03-05 18:43:10,2019-03-05 10:43:10,0.5,74.62,10.104,32.461,"4",2019-03-05
"NH","MaD","5",2019-03-05 16:14:42,2019-03-05 08:14:42,2019-03-05 16:22:39,2019-03-05 08:22:39,100.1,38.73,9.29,33.423,"0",2019-03-05
"NH","MaD","5",2019-03-05 16:14:42,2019-03-05 08:14:42,2019-03-05 16:29:19,2019-03-05 08:29:19,74.5,116.33,9.817,33.108,"1",2019-03-05
"NH","MaD","5",2019-03-05 16:14:42,2019-03-05 08:14:42,2019-03-05 16:35:10,2019-03-05 08:35:10,50.3,127.78,10.05,32.624,"2",2019-03-05
"NH","MaD","5",2019-03-05 16:14:42,2019-03-05 08:14:42,2019-03-05 16:41:11,2019-03-05 08:41:11,24.4,116.48,10.044,32.623,"3",2019-03-05
"NH","MaD","5",2019-03-05 16:14:42,2019-03-05 08:14:42,2019-03-05 16:47:00,2019-03-05 08:47:00,1.9,86.49,10.031,32.62,"4",2019-03-05
"NH","MaN","1",2019-03-05 04:19:43,2019-03-04 20:19:43,2019-03-05 04:24:13,2019-03-04 20:24:13,47.9,75.24,10.468,32.563,"0",2019-03-04
"NH","MaN","1",2019-03-05 04:19:43,2019-03-04 20:19:43,2019-03-05 04:27:27,2019-03-04 20:27:27,25.9,101.64,10.439,32.466,"3",2019-03-04
"NH","MaN","1",2019-03-05 04:19:43,2019-03-04 20:19:43,2019-03-05 04:31:42,2019-03-04 20:31:42,-0.1,112.05,9.233,31.248,"4",2019-03-04
"NH","MaN","2",2019-03-05 06:09:24,2019-03-04 22:09:24,2019-03-05 06:16:43,2019-03-04 22:16:43,76.1,160.09,10.368,32.971,"0",2019-03-04
"NH","MaN","2",2019-03-05 06:09:24,2019-03-04 22:09:24,2019-03-05 06:20:54,2019-03-04 22:20:54,48.7,93.58,10.583,32.555,"2",2019-03-04
"NH","MaN","2",2019-03-05 06:09:24,2019-03-04 22:09:24,2019-03-05 06:23:57,2019-03-04 22:23:57,25.7,67,9.827,32.213,"3",2019-03-04
"NH","MaN","2",2019-03-05 06:09:24,2019-03-04 22:09:24,2019-03-05 06:28:28,2019-03-04 22:28:28,2.9,108.36,9.688,32.089,"4",2019-03-04
"NH","MaN","3",2019-03-05 08:17:32,2019-03-05 00:17:32,2019-03-05 08:25:46,2019-03-05 00:25:46,90.7,95.79,10.087,33.157,"0",2019-03-05
"NH","MaN","3",2019-03-05 08:17:32,2019-03-05 00:17:32,2019-03-05 08:27:39,2019-03-05 00:27:39,66.3,36.79,10.527,32.863,"1",2019-03-05
"NH","MaN","3",2019-03-05 08:17:32,2019-03-05 00:17:32,2019-03-05 08:30:58,2019-03-05 00:30:58,49.5,68.62,10.647,32.728,"2",2019-03-05
"NH","MaN","3",2019-03-05 08:17:32,2019-03-05 00:17:32,2019-03-05 08:37:18,2019-03-05 00:37:18,25.2,149.22,10.915,32.582,"3",2019-03-05
"NH","MaN","3",2019-03-05 08:17:32,2019-03-05 00:17:32,2019-03-05 08:43:53,2019-03-05 00:43:53,6,140.3,9.948,32.212,"4",2019-03-05
"NH","MaN","4",2019-03-05 10:33:55,2019-03-05 02:33:55,2019-03-05 10:44:33,2019-03-05 02:44:33,100.4,123.77,8.714,33.377,"0",2019-03-05
"NH","MaN","4",2019-03-05 10:33:55,2019-03-05 02:33:55,2019-03-05 10:49:17,2019-03-05 02:49:17,75,150.15,9.131,33.093,"1",2019-03-05
"NH","MaN","4",2019-03-05 10:33:55,2019-03-05 02:33:55,2019-03-05 10:53:10,2019-03-05 02:53:10,50.2,118.8,10.03,32.572,"2",2019-03-05
"NH","MaN","4",2019-03-05 10:33:55,2019-03-05 02:33:55,2019-03-05 11:00:49,2019-03-05 03:00:49,26.4,188.2,9.958,32.557,"3",2019-03-05
"NH","MaN","4",2019-03-05 10:33:55,2019-03-05 02:33:55,2019-03-05 11:07:36,2019-03-05 03:07:36,3.2,110.16,10.044,32.571,"4",2019-03-05
"NH","MaN","5",2019-03-05 12:46:32,2019-03-05 04:46:32,2019-03-05 12:55:24,2019-03-05 04:55:24,95.8,51.87,9.43,33.334,"0",2019-03-05
"NH","MaN","5",2019-03-05 12:46:32,2019-03-05 04:46:32,2019-03-05 12:59:09,2019-03-05 04:59:09,75,64.11,10.077,32.881,"1",2019-03-05
"NH","MaN","5",2019-03-05 12:46:32,2019-03-05 04:46:32,2019-03-05 13:04:41,2019-03-05 05:04:41,49.7,95.49,10.098,32.628,"2",2019-03-05
"NH","MaN","5",2019-03-05 12:46:32,2019-03-05 04:46:32,2019-03-05 13:07:15,2019-03-05 05:07:15,23.4,72.62,10.093,32.627,"3",2019-03-05
"NH","MaN","5",2019-03-05 12:46:32,2019-03-05 04:46:32,2019-03-05 13:16:12,2019-03-05 05:16:12,2.2,217.73,10.086,32.626,"4",2019-03-05
"NH","MbD","1",2019-03-08 23:56:34,2019-03-08 15:56:34,2019-03-08 00:03:36,2019-03-07 16:03:36,51.4,377.24,10.632,32.615,"0",2019-03-08
"NH","MbD","1",2019-03-08 23:56:34,2019-03-08 15:56:34,2019-03-08 00:09:49,2019-03-07 16:09:49,24.1,516.85,10.303,32.369,"3",2019-03-08
"NH","MbD","1",2019-03-08 23:56:34,2019-03-08 15:56:34,2019-03-08 00:15:34,2019-03-07 16:15:34,1.8,454.95,9.177,31.369,"4",2019-03-08
"NH","MbD","2",2019-03-07 22:19:20,2019-03-07 14:19:20,2019-03-07 22:25:48,2019-03-07 14:25:48,75.6,282.6,10.165,33.072,"0",2019-03-07
"NH","MbD","2",2019-03-07 22:19:20,2019-03-07 14:19:20,2019-03-07 22:28:55,2019-03-07 14:28:55,48,216.77,10.568,32.623,"2",2019-03-07
"NH","MbD","2",2019-03-07 22:19:20,2019-03-07 14:19:20,2019-03-07 22:32:15,2019-03-07 14:32:15,24.6,278.77,10.708,32.503,"3",2019-03-07
"NH","MbD","2",2019-03-07 22:19:20,2019-03-07 14:19:20,2019-03-07 22:38:28,2019-03-07 14:38:28,1.5,474.58,9.406,31.937,"4",2019-03-07
"NH","MbD","3",2019-03-07 20:14:56,2019-03-07 12:14:56,2019-03-07 20:22:05,2019-03-07 12:22:05,100.3,0,9.389,33.556,"0",2019-03-07
"NH","MbD","3",2019-03-07 20:14:56,2019-03-07 12:14:56,2019-03-07 20:26:42,2019-03-07 12:26:42,74.3,0,10.451,32.855,"1",2019-03-07
"NH","MbD","3",2019-03-07 20:14:56,2019-03-07 12:14:56,2019-03-07 20:29:48,2019-03-07 12:29:48,49.2,0,10.572,32.568,"2",2019-03-07
"NH","MbD","3",2019-03-07 20:14:56,2019-03-07 12:14:56,2019-03-07 20:33:28,2019-03-07 12:33:28,24.1,0,10.344,32.413,"3",2019-03-07
"NH","MbD","3",2019-03-07 20:14:56,2019-03-07 12:14:56,2019-03-07 20:37:36,2019-03-07 12:37:36,2,0,9.227,31.911,"4",2019-03-07
"NH","MbD","4",2019-03-07 17:59:19,2019-03-07 09:59:19,2019-03-07 18:08:09,2019-03-07 10:08:09,101.5,0,9.521,33.411,"0",2019-03-07
"NH","MbD","4",2019-03-07 17:59:19,2019-03-07 09:59:19,2019-03-07 18:13:21,2019-03-07 10:13:21,74.4,0,10.346,32.949,"1",2019-03-07
"NH","MbD","4",2019-03-07 17:59:19,2019-03-07 09:59:19,2019-03-07 18:17:47,2019-03-07 10:17:47,49.3,0,9.937,32.583,"2",2019-03-07
"NH","MbD","4",2019-03-07 17:59:19,2019-03-07 09:59:19,2019-03-07 18:22:22,2019-03-07 10:22:22,24.9,0,9.9,32.51,"3",2019-03-07
"NH","MbD","4",2019-03-07 17:59:19,2019-03-07 09:59:19,2019-03-07 18:28:16,2019-03-07 10:28:16,0.6,0,9.931,32.489,"4",2019-03-07
"NH","MbD","5",2019-03-07 16:00:47,2019-03-07 08:00:47,2019-03-07 16:10:20,2019-03-07 08:10:20,101.3,0,9.415,33.361,"0",2019-03-07
"NH","MbD","5",2019-03-07 16:00:47,2019-03-07 08:00:47,2019-03-07 16:15:49,2019-03-07 08:15:49,73.4,0,9.949,33.117,"1",2019-03-07
"NH","MbD","5",2019-03-07 16:00:47,2019-03-07 08:00:47,2019-03-07 16:20:21,2019-03-07 08:20:21,54.1,0,10.012,32.638,"2",2019-03-07
"NH","MbD","5",2019-03-07 16:00:47,2019-03-07 08:00:47,2019-03-07 16:25:25,2019-03-07 08:25:25,23.8,0,9.991,32.631,"3",2019-03-07
"NH","MbD","5",2019-03-07 16:00:47,2019-03-07 08:00:47,2019-03-07 16:29:53,2019-03-07 08:29:53,0.6,0,9.984,32.625,"4",2019-03-07
"NH","MbN","1",2019-03-07 03:31:15,2019-03-06 19:31:15,2019-03-07 03:40:05,2019-03-06 19:40:05,49.4,0,10.711,32.599,"0",2019-03-06
"NH","MbN","1",2019-03-07 03:31:15,2019-03-06 19:31:15,2019-03-07 03:45:55,2019-03-06 19:45:55,24.8,0,9.523,32.135,"3",2019-03-06
"NH","MbN","1",2019-03-07 03:31:15,2019-03-06 19:31:15,2019-03-07 03:52:20,2019-03-06 19:52:20,3.6,0,9.314,31.674,"4",2019-03-06
"NH","MbN","2",2019-03-07 05:16:55,2019-03-06 21:16:55,2019-03-07 05:23:33,2019-03-06 21:23:33,74.7,0,9.793,33.326,"0",2019-03-06
"NH","MbN","2",2019-03-07 05:16:55,2019-03-06 21:16:55,2019-03-07 05:30:33,2019-03-06 21:30:33,50.1,0,10.565,32.681,"2",2019-03-06
"NH","MbN","2",2019-03-07 05:16:55,2019-03-06 21:16:55,2019-03-07 05:35:16,2019-03-06 21:35:16,24.4,0,10.43,32.41,"3",2019-03-06
"NH","MbN","2",2019-03-07 05:16:55,2019-03-06 21:16:55,2019-03-07 05:40:10,2019-03-06 21:40:10,3.6,0,9.517,32.101,"4",2019-03-06
"NH","MbN","3",2019-03-07 07:29:15,2019-03-06 23:29:15,2019-03-07 07:37:33,2019-03-06 23:37:33,97,0,9.536,33.479,"0",2019-03-06
"NH","MbN","3",2019-03-07 07:29:15,2019-03-06 23:29:15,2019-03-07 07:42:49,2019-03-06 23:42:49,75.7,0,10.266,33.034,"1",2019-03-06
"NH","MbN","3",2019-03-07 07:29:15,2019-03-06 23:29:15,2019-03-07 07:49:23,2019-03-06 23:49:23,53.9,0,10.344,32.579,"2",2019-03-06
"NH","MbN","3",2019-03-07 07:29:15,2019-03-06 23:29:15,2019-03-07 07:54:24,2019-03-06 23:54:24,26.2,0,10.538,32.466,"3",2019-03-06
"NH","MbN","3",2019-03-07 07:29:15,2019-03-06 23:29:15,2019-03-07 07:59:08,2019-03-06 23:59:08,0.9,0,9.678,31.977,"4",2019-03-06
"NH","MbN","4",2019-03-07 09:44:26,2019-03-07 01:44:26,2019-03-07 09:50:54,2019-03-07 01:50:54,101.6,0,9.204,33.621,"0",2019-03-07
"NH","MbN","4",2019-03-07 09:44:26,2019-03-07 01:44:26,2019-03-07 09:55:58,2019-03-07 01:55:58,76.7,0,9.924,32.728,"1",2019-03-07
"NH","MbN","4",2019-03-07 09:44:26,2019-03-07 01:44:26,2019-03-07 10:00:31,2019-03-07 02:00:31,48.7,0,9.939,32.587,"2",2019-03-07
"NH","MbN","4",2019-03-07 09:44:26,2019-03-07 01:44:26,2019-03-07 10:04:25,2019-03-07 02:04:25,25.2,0,9.942,32.584,"3",2019-03-07
"NH","MbN","4",2019-03-07 09:44:26,2019-03-07 01:44:26,2019-03-07 10:09:07,2019-03-07 02:09:07,2.6,0,9.924,32.494,"4",2019-03-07
"NH","MbN","5",2019-03-07 11:54:05,2019-03-07 03:54:05,2019-03-07 12:03:05,2019-03-07 04:03:05,100.6,0,9.348,33.401,"0",2019-03-07
"NH","MbN","5",2019-03-07 11:54:05,2019-03-07 03:54:05,2019-03-07 12:10:55,2019-03-07 04:10:55,72.3,0,10.049,33.098,"1",2019-03-07
"NH","MbN","5",2019-03-07 11:54:05,2019-03-07 03:54:05,2019-03-07 12:13:46,2019-03-07 04:13:46,53.5,0,9.998,32.632,"2",2019-03-07
"NH","MbN","5",2019-03-07 11:54:05,2019-03-07 03:54:05,2019-03-07 12:20:04,2019-03-07 04:20:04,24.6,0,10.002,32.635,"3",2019-03-07
"NH","MbN","5",2019-03-07 11:54:05,2019-03-07 03:54:05,2019-03-07 12:25:24,2019-03-07 04:25:24,1,0,10.062,32.65,"4",2019-03-07
"TR","MaD","1",2019-03-09 16:10:23,2019-03-09 08:10:23,2019-03-09 16:15:26,2019-03-09 08:15:26,51.8,224.54,10.62,33.248,"0",2019-03-09
"TR","MaD","1",2019-03-09 16:10:23,2019-03-09 08:10:23,2019-03-09 16:21:12,2019-03-09 08:21:12,25.5,233.76,10.947,32.503,"3",2019-03-09
"TR","MaD","1",2019-03-09 16:10:23,2019-03-09 08:10:23,2019-03-09 16:26:23,2019-03-09 08:26:23,3.1,460.26,10.704,31.596,"4",2019-03-09
"TR","MaD","2",2019-03-09 17:24:16,2019-03-09 09:24:16,2019-03-09 17:33:33,2019-03-09 09:33:33,100.9,307.74,9.74,33.709,"0",2019-03-09
"TR","MaD","2",2019-03-09 17:24:16,2019-03-09 09:24:16,2019-03-09 17:39:20,2019-03-09 09:39:20,74.8,404.79,10.433,33.398,"1",2019-03-09
"TR","MaD","2",2019-03-09 17:24:16,2019-03-09 09:24:16,2019-03-09 17:44:00,2019-03-09 09:44:00,49.8,344.94,11.14,33.033,"2",2019-03-09
"TR","MaD","2",2019-03-09 17:24:16,2019-03-09 09:24:16,2019-03-09 17:50:04,2019-03-09 09:50:04,25.4,474.01,11.016,32.624,"3",2019-03-09
"TR","MaD","2",2019-03-09 17:24:16,2019-03-09 09:24:16,2019-03-09 17:56:50,2019-03-09 09:56:50,0.6,518.29,10.759,31.309,"4",2019-03-09
"TR","MaD","3",2019-03-09 19:21:05,2019-03-09 11:21:05,2019-03-09 19:27:47,2019-03-09 11:27:47,103.2,298.23,10.284,33.561,"0",2019-03-09
"TR","MaD","3",2019-03-09 19:21:05,2019-03-09 11:21:05,2019-03-09 19:32:55,2019-03-09 11:32:55,73.3,312.17,11.24,33.188,"1",2019-03-09
"TR","MaD","3",2019-03-09 19:21:05,2019-03-09 11:21:05,2019-03-09 19:36:55,2019-03-09 11:36:55,50,258.56,11.049,32.727,"2",2019-03-09
"TR","MaD","3",2019-03-09 19:21:05,2019-03-09 11:21:05,2019-03-09 19:43:44,2019-03-09 11:43:44,24.9,483.67,10.976,32.61,"3",2019-03-09
"TR","MaD","3",2019-03-09 19:21:05,2019-03-09 11:21:05,2019-03-09 19:49:01,2019-03-09 11:49:01,0.6,397.71,10.767,31.734,"4",2019-03-09
"TR","MaD","4",2019-03-09 21:31:55,2019-03-09 13:31:55,2019-03-09 21:38:57,2019-03-09 13:38:57,102.7,325.65,10.441,33.478,"0",2019-03-09
"TR","MaD","4",2019-03-09 21:31:55,2019-03-09 13:31:55,2019-03-09 21:42:41,2019-03-09 13:42:41,74.2,272.46,11.051,33.02,"2",2019-03-09
"TR","MaD","4",2019-03-09 21:31:55,2019-03-09 13:31:55,2019-03-09 21:49:23,2019-03-09 13:49:23,49.4,526.96,11.069,32.684,"3",2019-03-09
"TR","MaD","4",2019-03-09 21:31:55,2019-03-09 13:31:55,2019-03-09 21:53:02,2019-03-09 13:53:02,22.6,275.27,10.937,32.449,"4",2019-03-09
"TR","MaD","5",2019-03-10 00:02:03,2019-03-09 16:02:03,2019-03-10 00:09:24,2019-03-09 16:09:24,102.2,301.77,10.026,33.596,"0",2019-03-09
"TR","MaD","5",2019-03-10 00:02:03,2019-03-09 16:02:03,2019-03-10 00:14:16,2019-03-09 16:14:16,75.1,319.26,10.621,33.368,"1",2019-03-09
"TR","MaD","5",2019-03-10 00:02:03,2019-03-09 16:02:03,2019-03-10 00:18:04,2019-03-09 16:18:04,53.7,275.61,11.173,32.993,"2",2019-03-09
"TR","MaD","5",2019-03-10 00:02:03,2019-03-09 16:02:03,2019-03-10 00:23:29,2019-03-09 16:23:29,25.8,442.42,10.93,32.538,"3",2019-03-09
"TR","MaD","5",2019-03-10 00:02:03,2019-03-09 16:02:03,2019-03-10 00:29:23,2019-03-09 16:29:23,1.1,484.94,10.879,32.519,"4",2019-03-09
"TR","MaN","1",2019-03-10 11:33:52,2019-03-10 04:33:52,2019-03-10 11:39:57,2019-03-10 04:39:57,51,341.07,10.731,33.182,"0",2019-03-10
"TR","MaN","1",2019-03-10 11:33:52,2019-03-10 04:33:52,2019-03-10 11:46:06,2019-03-10 04:46:06,21.5,499.09,10.949,32.613,"3",2019-03-10
"TR","MaN","1",2019-03-10 11:33:52,2019-03-10 04:33:52,2019-03-10 11:51:46,2019-03-10 04:51:46,0.4,630.47,10.69,31.615,"4",2019-03-10
"TR","MaN","2",2019-03-10 10:19:21,2019-03-10 03:19:21,2019-03-10 10:27:41,2019-03-10 03:27:41,102.6,376.91,9.801,33.706,"0",2019-03-10
"TR","MaN","2",2019-03-10 10:19:21,2019-03-10 03:19:21,2019-03-10 10:32:37,2019-03-10 03:32:37,72.3,323.75,10.317,33.492,"1",2019-03-10
"TR","MaN","2",2019-03-10 10:19:21,2019-03-10 03:19:21,2019-03-10 10:35:40,2019-03-10 03:35:40,48,247.3,10.849,33.109,"2",2019-03-10
"TR","MaN","2",2019-03-10 10:19:21,2019-03-10 03:19:21,2019-03-10 10:42:45,2019-03-10 03:42:45,24.9,651.38,11.051,32.639,"3",2019-03-10
"TR","MaN","2",2019-03-10 10:19:21,2019-03-10 03:19:21,2019-03-10 10:49:46,2019-03-10 03:49:46,0.5,644.73,10.663,31.455,"4",2019-03-10
"TR","MaN","3",2019-03-10 07:55:42,2019-03-09 23:55:42,2019-03-10 08:03:55,2019-03-10 00:03:55,100.8,375.8,10.017,33.621,"0",2019-03-09
"TR","MaN","3",2019-03-10 07:55:42,2019-03-09 23:55:42,2019-03-10 08:07:54,2019-03-10 00:07:54,76,332.77,10.706,33.44,"1",2019-03-09
"TR","MaN","3",2019-03-10 07:55:42,2019-03-09 23:55:42,2019-03-10 08:13:13,2019-03-10 00:13:13,51.2,458.7,11.229,32.883,"2",2019-03-09
"TR","MaN","3",2019-03-10 07:55:42,2019-03-09 23:55:42,2019-03-10 08:17:59,2019-03-10 00:17:59,24.9,417.98,10.999,32.639,"3",2019-03-09
"TR","MaN","3",2019-03-10 07:55:42,2019-03-09 23:55:42,2019-03-10 08:22:21,2019-03-10 00:22:21,1.5,423.72,10.535,31.112,"4",2019-03-09
"TR","MaN","4",2019-03-10 05:50:07,2019-03-09 21:50:07,2019-03-10 05:56:51,2019-03-09 21:56:51,97.4,193.8,10.749,33.334,"0",2019-03-09
"TR","MaN","4",2019-03-10 05:50:07,2019-03-09 21:50:07,2019-03-10 05:59:53,2019-03-09 21:59:53,69.4,248.19,11.068,32.918,"1",2019-03-09
"TR","MaN","4",2019-03-10 05:50:07,2019-03-09 21:50:07,2019-03-10 06:06:09,2019-03-09 22:06:09,49.9,538.6,11.051,32.652,"2",2019-03-09
"TR","MaN","4",2019-03-10 05:50:07,2019-03-09 21:50:07,2019-03-10 06:13:04,2019-03-09 22:13:04,25.4,568.89,11.009,32.427,"3",2019-03-09
"TR","MaN","4",2019-03-10 05:50:07,2019-03-09 21:50:07,2019-03-10 06:17:05,2019-03-09 22:17:05,1,270.49,10.664,31.48,"4",2019-03-09
"TR","MaN","5",2019-03-10 03:52:46,2019-03-09 19:52:46,2019-03-10 03:59:12,2019-03-09 19:59:12,102.4,348.56,10.367,33.509,"0",2019-03-09
"TR","MaN","5",2019-03-10 03:52:46,2019-03-09 19:52:46,2019-03-10 04:03:17,2019-03-09 20:03:17,75.3,202.54,11.02,33.283,"1",2019-03-09
"TR","MaN","5",2019-03-10 03:52:46,2019-03-09 19:52:46,2019-03-10 04:06:13,2019-03-09 20:06:13,47.4,170.13,11.096,32.768,"2",2019-03-09
"TR","MaN","5",2019-03-10 03:52:46,2019-03-09 19:52:46,2019-03-10 04:09:05,2019-03-09 20:09:05,25.9,241.46,10.98,32.517,"3",2019-03-09
"TR","MaN","5",2019-03-10 03:52:46,2019-03-09 19:52:46,2019-03-10 04:14:13,2019-03-09 20:14:13,2,411.75,10.802,32.181,"4",2019-03-09
"TR","MbD","2",2019-03-11 17:15:34,2019-03-11 10:15:34,2019-03-11 17:24:23,2019-03-11 10:24:23,100.6,412.65,9.654,33.704,"0",2019-03-11
"TR","MbD","2",2019-03-11 17:15:34,2019-03-11 10:15:34,2019-03-11 17:30:17,2019-03-11 10:30:17,73.7,482.83,10.29,33.543,"1",2019-03-11
"TR","MbD","2",2019-03-11 17:15:34,2019-03-11 10:15:34,2019-03-11 17:34:01,2019-03-11 10:34:01,50.9,300.77,10.849,33.149,"2",2019-03-11
"TR","MbD","2",2019-03-11 17:15:34,2019-03-11 10:15:34,2019-03-11 17:40:05,2019-03-11 10:40:05,24.5,513.71,11.002,32.572,"3",2019-03-11
"TR","MbD","2",2019-03-11 17:15:34,2019-03-11 10:15:34,2019-03-11 17:45:25,2019-03-11 10:45:25,0.2,457.07,10.656,31.214,"4",2019-03-11
"TR","MbD","3",2019-03-11 19:01:58,2019-03-11 12:01:58,2019-03-11 19:10:10,2019-03-11 12:10:10,102.5,423.61,9.835,33.672,"0",2019-03-11
"TR","MbD","3",2019-03-11 19:01:58,2019-03-11 12:01:58,2019-03-11 19:15:02,2019-03-11 12:15:02,71.5,393.62,11.011,33.333,"1",2019-03-11
"TR","MbD","3",2019-03-11 19:01:58,2019-03-11 12:01:58,2019-03-11 19:18:32,2019-03-11 12:18:32,50.2,275.26,11.078,32.842,"2",2019-03-11
"TR","MbD","3",2019-03-11 19:01:58,2019-03-11 12:01:58,2019-03-11 19:24:53,2019-03-11 12:24:53,25.2,554.48,11.05,32.639,"3",2019-03-11
"TR","MbD","3",2019-03-11 19:01:58,2019-03-11 12:01:58,2019-03-11 19:31:57,2019-03-11 12:31:57,0.2,758.59,10.842,31.374,"4",2019-03-11
"TR","MbD","4",2019-03-11 21:02:53,2019-03-11 14:02:53,2019-03-11 21:11:56,2019-03-11 14:11:56,100.6,568.45,10.437,33.448,"0",2019-03-11
"TR","MbD","4",2019-03-11 21:02:53,2019-03-11 14:02:53,2019-03-11 21:16:47,2019-03-11 14:16:47,75,408.2,10.924,33.271,"1",2019-03-11
"TR","MbD","4",2019-03-11 21:02:53,2019-03-11 14:02:53,2019-03-11 21:21:38,2019-03-11 14:21:38,50.9,407.78,11.089,32.736,"2",2019-03-11
"TR","MbD","4",2019-03-11 21:02:53,2019-03-11 14:02:53,2019-03-11 21:27:03,2019-03-11 14:27:03,24.3,470.3,11.056,32.588,"3",2019-03-11
"TR","MbD","4",2019-03-11 21:02:53,2019-03-11 14:02:53,2019-03-11 21:33:18,2019-03-11 14:33:18,3.6,628.32,10.81,31.431,"4",2019-03-11
"TR","MbD","5",2019-03-11 23:27:26,2019-03-11 16:27:26,2019-03-11 23:34:39,2019-03-11 16:34:39,101.9,313.68,9.832,33.65,"0",2019-03-11
"TR","MbD","5",2019-03-11 23:27:26,2019-03-11 16:27:26,2019-03-11 23:40:50,2019-03-11 16:40:50,74.2,420.57,10.507,33.429,"1",2019-03-11
"TR","MbD","5",2019-03-11 23:27:26,2019-03-11 16:27:26,2019-03-11 23:45:15,2019-03-11 16:45:15,49,300.16,11.101,32.874,"2",2019-03-11
"TR","MbD","5",2019-03-11 23:27:26,2019-03-11 16:27:26,2019-03-11 23:49:03,2019-03-11 16:49:03,24.9,255.17,11.018,32.66,"3",2019-03-11
"TR","MbD","5",2019-03-11 23:27:26,2019-03-11 16:27:26,2019-03-11 23:53:11,2019-03-11 16:53:11,1.5,367.24,10.994,32.1,"4",2019-03-11
"TR","MbN","1",2019-03-11 15:56:32,2019-03-11 08:56:32,2019-03-11 16:02:44,2019-03-11 09:02:44,50.2,330.77,10.763,32.992,"0",2019-03-11
"TR","MbN","1",2019-03-11 15:56:32,2019-03-11 08:56:32,2019-03-11 16:08:15,2019-03-11 09:08:15,27,452.18,10.994,32.555,"3",2019-03-11
"TR","MbN","1",2019-03-11 15:56:32,2019-03-11 08:56:32,2019-03-11 16:14:40,2019-03-11 09:14:40,2.4,651.09,10.716,31.587,"4",2019-03-11
"TR","MbN","2",2019-03-12 09:05:53,2019-03-12 02:05:53,2019-03-12 09:15:49,2019-03-12 02:15:49,99.9,498.9,9.581,33.719,"0",2019-03-12
"TR","MbN","2",2019-03-12 09:05:53,2019-03-12 02:05:53,2019-03-12 09:21:09,2019-03-12 02:21:09,75.1,510.57,10.297,33.472,"1",2019-03-12
"TR","MbN","2",2019-03-12 09:05:53,2019-03-12 02:05:53,2019-03-12 09:26:56,2019-03-12 02:26:56,49.2,530.16,10.935,32.996,"2",2019-03-12
"TR","MbN","2",2019-03-12 09:05:53,2019-03-12 02:05:53,2019-03-12 09:31:39,2019-03-12 02:31:39,25.4,477.25,11.02,32.616,"3",2019-03-12
"TR","MbN","2",2019-03-12 09:05:53,2019-03-12 02:05:53,2019-03-12 09:36:10,2019-03-12 02:36:10,1.5,428.08,10.925,31.537,"4",2019-03-12
"TR","MbN","3",2019-03-12 07:12:25,2019-03-12 00:12:25,2019-03-12 07:22:09,2019-03-12 00:22:09,101.6,437.38,9.744,33.698,"0",2019-03-12
"TR","MbN","3",2019-03-12 07:12:25,2019-03-12 00:12:25,2019-03-12 07:28:40,2019-03-12 00:28:40,73.8,608.93,10.378,33.524,"1",2019-03-12
"TR","MbN","3",2019-03-12 07:12:25,2019-03-12 00:12:25,2019-03-12 07:32:57,2019-03-12 00:32:57,50.7,397.76,10.995,33.067,"2",2019-03-12
"TR","MbN","3",2019-03-12 07:12:25,2019-03-12 00:12:25,2019-03-12 07:38:01,2019-03-12 00:38:01,25.9,439.84,11.095,32.747,"3",2019-03-12
"TR","MbN","3",2019-03-12 07:12:25,2019-03-12 00:12:25,2019-03-12 07:45:13,2019-03-12 00:45:13,1,733.32,11.055,31.464,"4",2019-03-12
"TR","MbN","4",2019-03-12 05:24:49,2019-03-11 22:24:49,2019-03-12 05:33:40,2019-03-11 22:33:40,100.6,460.77,10.194,33.459,"0",2019-03-11
"TR","MbN","4",2019-03-12 05:24:49,2019-03-11 22:24:49,2019-03-12 05:39:32,2019-03-11 22:39:32,76,534.7,11.226,33.158,"1",2019-03-11
"TR","MbN","4",2019-03-12 05:24:49,2019-03-11 22:24:49,2019-03-12 05:45:24,2019-03-11 22:45:24,49.9,539.48,11.1,32.774,"2",2019-03-11
"TR","MbN","4",2019-03-12 05:24:49,2019-03-11 22:24:49,2019-03-12 05:50:25,2019-03-11 22:50:25,24.1,454.43,11.011,32.54,"3",2019-03-11
"TR","MbN","4",2019-03-12 05:24:49,2019-03-11 22:24:49,2019-03-12 05:55:45,2019-03-11 22:55:45,0.1,525.07,10.865,31.186,"4",2019-03-11
"TR","MbN","5",2019-03-12 03:28:42,2019-03-11 20:28:42,2019-03-12 03:36:53,2019-03-11 20:36:53,100.7,265.17,9.964,33.606,"0",2019-03-11
"TR","MbN","5",2019-03-12 03:28:42,2019-03-11 20:28:42,2019-03-12 03:43:50,2019-03-11 20:43:50,75.4,497.4,10.723,33.38,"1",2019-03-11
"TR","MbN","5",2019-03-12 03:28:42,2019-03-11 20:28:42,2019-03-12 03:48:55,2019-03-11 20:48:55,50.1,353.21,11.159,32.827,"2",2019-03-11
"TR","MbN","5",2019-03-12 03:28:42,2019-03-11 20:28:42,2019-03-12 03:54:38,2019-03-11 20:54:38,24.6,446.61,11.086,32.697,"3",2019-03-11
"TR","MbN","5",2019-03-12 03:28:42,2019-03-11 20:28:42,2019-03-12 04:00:27,2019-03-11 21:00:27,1.7,489.84,10.905,32.025,"4",2019-03-11
"NH","MaD","1",2019-07-23 01:42:21,2019-07-22 18:42:21,2019-07-23 01:46:55,2019-07-22 18:46:55,51.7,349.99,8.147,33.707,"0",2019-07-22
"NH","MaD","1",2019-07-23 01:42:21,2019-07-22 18:42:21,2019-07-23 01:51:32,2019-07-22 18:51:32,24.7,422.54,8.164,33.222,"3",2019-07-22
"NH","MaD","1",2019-07-23 01:42:21,2019-07-22 18:42:21,2019-07-23 01:55:27,2019-07-22 18:55:27,-1.7,324.54,14.676,31.536,"4",2019-07-22
"NH","MaD","2",2019-07-22 23:13:52,2019-07-22 16:13:52,2019-07-22 23:20:10,2019-07-22 16:20:10,76.7,374.56,7.863,33.872,"0",2019-07-22
"NH","MaD","2",2019-07-22 23:13:52,2019-07-22 16:13:52,2019-07-22 23:24:52,2019-07-22 16:24:52,49.6,353.51,8.5,33.509,"2",2019-07-22
"NH","MaD","2",2019-07-22 23:13:52,2019-07-22 16:13:52,2019-07-22 23:28:40,2019-07-22 16:28:40,23.2,306.37,8.998,32.442,"3",2019-07-22
"NH","MaD","2",2019-07-22 23:13:52,2019-07-22 16:13:52,2019-07-22 23:33:11,2019-07-22 16:33:11,-0.3,428.36,16.866,31.893,"4",2019-07-22
"NH","MaD","3",2019-07-22 21:12:14,2019-07-22 14:12:14,2019-07-22 21:20:21,2019-07-22 14:20:21,101.5,336.73,8.299,33.638,"0",2019-07-22
"NH","MaD","3",2019-07-22 21:12:14,2019-07-22 14:12:14,2019-07-22 21:23:54,2019-07-22 14:23:54,73.3,267.09,8.583,33.373,"1",2019-07-22
"NH","MaD","3",2019-07-22 21:12:14,2019-07-22 14:12:14,2019-07-22 21:27:26,2019-07-22 14:27:26,49.6,304.08,8.505,32.917,"2",2019-07-22
"NH","MaD","3",2019-07-22 21:12:14,2019-07-22 14:12:14,2019-07-22 21:32:48,2019-07-22 14:32:48,24.3,454.66,8.75,32.584,"3",2019-07-22
"NH","MaD","3",2019-07-22 21:12:14,2019-07-22 14:12:14,2019-07-22 21:40:26,2019-07-22 14:40:26,0.2,804.1,16.49,32.212,"4",2019-07-22
"NH","MaD","4",2019-07-22 18:09:17,2019-07-22 11:09:17,2019-07-22 18:19:20,2019-07-22 11:19:20,101.8,566.24,8.44,33.628,"0",2019-07-22
"NH","MaD","4",2019-07-22 18:09:17,2019-07-22 11:09:17,2019-07-22 18:25:51,2019-07-22 11:25:51,75.3,621.17,8.548,33.304,"1",2019-07-22
"NH","MaD","4",2019-07-22 18:09:17,2019-07-22 11:09:17,2019-07-22 18:29:19,2019-07-22 11:29:19,48.8,332.86,8.604,32.693,"2",2019-07-22
"NH","MaD","4",2019-07-22 18:09:17,2019-07-22 11:09:17,2019-07-22 18:33:01,2019-07-22 11:33:01,24.6,355.69,10.219,32.401,"3",2019-07-22
"NH","MaD","4",2019-07-22 18:09:17,2019-07-22 11:09:17,2019-07-22 18:38:52,2019-07-22 11:38:52,3.5,498.55,16.775,32.267,"4",2019-07-22
"NH","MaD","5",2019-07-22 15:51:11,2019-07-22 08:51:11,2019-07-22 16:01:35,2019-07-22 09:01:35,98.4,506.94,8.501,33.537,"0",2019-07-22
"NH","MaD","5",2019-07-22 15:51:11,2019-07-22 08:51:11,2019-07-22 16:07:36,2019-07-22 09:07:36,75.4,563.01,8.66,33.145,"1",2019-07-22
"NH","MaD","5",2019-07-22 15:51:11,2019-07-22 08:51:11,2019-07-22 16:12:23,2019-07-22 09:12:23,49.5,449.09,9.145,32.494,"2",2019-07-22
"NH","MaD","5",2019-07-22 15:51:11,2019-07-22 08:51:11,2019-07-22 16:15:58,2019-07-22 09:15:58,23,300.36,11.574,32.34,"3",2019-07-22
"NH","MaD","5",2019-07-22 15:51:11,2019-07-22 08:51:11,2019-07-22 16:24:18,2019-07-22 09:24:18,1.7,937.16,17.107,32.24,"4",2019-07-22
"NH","MaN","1",2019-07-22 06:09:30,2019-07-21 23:09:30,2019-07-22 06:15:08,2019-07-21 23:15:08,51.4,334.02,8.099,33.68,"0",2019-07-21
"NH","MaN","1",2019-07-22 06:09:30,2019-07-21 23:09:30,2019-07-22 06:19:43,2019-07-21 23:19:43,24.4,394.02,8.178,32.975,"3",2019-07-21
"NH","MaN","1",2019-07-22 06:09:30,2019-07-21 23:09:30,2019-07-22 06:25:14,2019-07-21 23:25:14,-0.8,565.26,11.402,32.618,"4",2019-07-21
"NH","MaN","3",2019-07-22 08:22:17,2019-07-22 01:22:17,2019-07-22 08:29:24,2019-07-22 01:29:24,99.1,366.05,8.513,33.566,"0",2019-07-22
"NH","MaN","3",2019-07-22 08:22:17,2019-07-22 01:22:17,2019-07-22 08:32:43,2019-07-22 01:32:43,74.8,276.58,8.646,33.303,"1",2019-07-22
"NH","MaN","3",2019-07-22 08:22:17,2019-07-22 01:22:17,2019-07-22 08:37:35,2019-07-22 01:37:35,48,382.66,8.501,32.785,"2",2019-07-22
"NH","MaN","3",2019-07-22 08:22:17,2019-07-22 01:22:17,2019-07-22 08:40:37,2019-07-22 01:40:37,25.1,243.52,9.009,32.461,"3",2019-07-22
"NH","MaN","3",2019-07-22 08:22:17,2019-07-22 01:22:17,2019-07-22 08:44:39,2019-07-22 01:44:39,-0.5,324.65,16.543,32.271,"4",2019-07-22
"NH","MaN","5",2019-07-22 11:04:45,2019-07-22 04:04:45,2019-07-22 11:12:51,2019-07-22 04:12:51,98.7,0,8.531,33.404,"0",2019-07-22
"NH","MaN","5",2019-07-22 11:04:45,2019-07-22 04:04:45,2019-07-22 11:17:03,2019-07-22 04:17:03,73.7,358.43,8.643,33.137,"1",2019-07-22
"NH","MaN","5",2019-07-22 11:04:45,2019-07-22 04:04:45,2019-07-22 11:21:37,2019-07-22 04:21:37,49.8,405.5,9.216,32.461,"2",2019-07-22
"NH","MaN","5",2019-07-22 11:04:45,2019-07-22 04:04:45,2019-07-22 11:29:14,2019-07-22 04:29:14,25.2,704.63,11.31,32.302,"3",2019-07-22
"NH","MaN","5",2019-07-22 11:04:45,2019-07-22 04:04:45,2019-07-22 11:34:42,2019-07-22 04:34:42,0,432.09,16.897,32.239,"4",2019-07-22
"NH","MbD","1",2019-07-25 01:16:59,2019-07-24 18:16:59,2019-07-25 01:22:56,2019-07-24 18:22:56,50.3,443.22,8.357,33.708,"0",2019-07-24
"NH","MbD","1",2019-07-25 01:16:59,2019-07-24 18:16:59,2019-07-25 01:27:02,2019-07-24 18:27:02,24,333.36,8.225,33.274,"3",2019-07-24
"NH","MbD","1",2019-07-25 01:16:59,2019-07-24 18:16:59,2019-07-25 01:32:00,2019-07-24 18:32:00,-0.6,421.81,12.085,32.254,"4",2019-07-24
"NH","MbD","2",2019-07-24 22:39:55,2019-07-24 15:39:55,2019-07-24 22:45:35,2019-07-24 15:45:35,74,394.31,7.887,33.844,"0",2019-07-24
"NH","MbD","2",2019-07-24 22:39:55,2019-07-24 15:39:55,2019-07-24 22:48:48,2019-07-24 15:48:48,48.9,270.55,8.501,33.485,"2",2019-07-24
"NH","MbD","2",2019-07-24 22:39:55,2019-07-24 15:39:55,2019-07-24 22:51:34,2019-07-24 15:51:34,25.2,250.74,8.324,32.735,"3",2019-07-24
"NH","MbD","2",2019-07-24 22:39:55,2019-07-24 15:39:55,2019-07-24 22:57:53,2019-07-24 15:57:53,-2.3,574.87,17.178,31.532,"4",2019-07-24
"NH","MbD","3",2019-07-24 20:06:55,2019-07-24 13:06:55,2019-07-24 20:16:02,2019-07-24 13:16:02,99,411.34,8.184,33.706,"0",2019-07-24
"NH","MbD","3",2019-07-24 20:06:55,2019-07-24 13:06:55,2019-07-24 20:20:41,2019-07-24 13:20:41,73.7,425.64,8.665,33.443,"1",2019-07-24
"NH","MbD","3",2019-07-24 20:06:55,2019-07-24 13:06:55,2019-07-24 20:25:28,2019-07-24 13:25:28,51.6,431.53,8.464,33.14,"2",2019-07-24
"NH","MbD","3",2019-07-24 20:06:55,2019-07-24 13:06:55,2019-07-24 20:32:09,2019-07-24 13:32:09,25.7,629.34,9.569,32.454,"3",2019-07-24
"NH","MbD","3",2019-07-24 20:06:55,2019-07-24 13:06:55,2019-07-24 20:37:27,2019-07-24 13:37:27,-0.6,498.69,17.538,32.108,"4",2019-07-24
"NH","MbD","4",2019-07-24 17:18:02,2019-07-24 10:18:02,2019-07-24 17:25:59,2019-07-24 10:25:59,102.1,437.12,8.37,33.739,"0",2019-07-24
"NH","MbD","4",2019-07-24 17:18:02,2019-07-24 10:18:02,2019-07-24 17:31:26,2019-07-24 10:31:26,73.2,442.51,8.469,33.198,"1",2019-07-24
"NH","MbD","4",2019-07-24 17:18:02,2019-07-24 10:18:02,2019-07-24 17:34:26,2019-07-24 10:34:26,48.5,256.39,8.815,32.609,"2",2019-07-24
"NH","MbD","4",2019-07-24 17:18:02,2019-07-24 10:18:02,2019-07-24 17:39:57,2019-07-24 10:39:57,25.9,495.53,10.087,32.382,"3",2019-07-24
"NH","MbD","4",2019-07-24 17:18:02,2019-07-24 10:18:02,2019-07-24 17:46:52,2019-07-24 10:46:52,0.4,582.97,17.722,31.461,"4",2019-07-24
"NH","MbD","5",2019-07-24 15:18:47,2019-07-24 08:18:47,2019-07-24 15:27:59,2019-07-24 08:27:59,99.6,484.13,8.626,33.582,"0",2019-07-24
"NH","MbD","5",2019-07-24 15:18:47,2019-07-24 08:18:47,2019-07-24 15:33:55,2019-07-24 08:33:55,73.9,533.56,8.619,33.161,"1",2019-07-24
"NH","MbD","5",2019-07-24 15:18:47,2019-07-24 08:18:47,2019-07-24 15:38:35,2019-07-24 08:38:35,49.5,411.41,8.979,32.567,"2",2019-07-24
"NH","MbD","5",2019-07-24 15:18:47,2019-07-24 08:18:47,2019-07-24 15:44:32,2019-07-24 08:44:32,26.3,541.53,11.058,32.324,"3",2019-07-24
"NH","MbD","5",2019-07-24 15:18:47,2019-07-24 08:18:47,2019-07-24 15:51:53,2019-07-24 08:51:53,0.5,693.19,17.529,32.216,"4",2019-07-24
"NH","MbN","1",2019-07-24 06:06:22,2019-07-23 23:06:22,2019-07-24 06:10:43,2019-07-23 23:10:43,51.6,272.8,8.253,33.641,"0",2019-07-23
"NH","MbN","1",2019-07-24 06:06:22,2019-07-23 23:06:22,2019-07-24 06:15:15,2019-07-23 23:15:15,24.5,370.84,8.146,33.151,"3",2019-07-23
"NH","MbN","1",2019-07-24 06:06:22,2019-07-23 23:06:22,2019-07-24 06:20:49,2019-07-23 23:20:49,0.7,428.51,13.872,32.38,"4",2019-07-23
"NH","MbN","3",2019-07-24 08:17:14,2019-07-24 01:17:14,2019-07-24 08:26:27,2019-07-24 01:26:27,98.2,411.93,8.228,33.703,"0",2019-07-24
"NH","MbN","3",2019-07-24 08:17:14,2019-07-24 01:17:14,2019-07-24 08:34:06,2019-07-24 01:34:06,72.6,727.49,8.734,33.364,"1",2019-07-24
"NH","MbN","3",2019-07-24 08:17:14,2019-07-24 01:17:14,2019-07-24 08:37:23,2019-07-24 01:37:23,47.8,292.88,8.672,32.623,"2",2019-07-24
"NH","MbN","3",2019-07-24 08:17:14,2019-07-24 01:17:14,2019-07-24 08:41:01,2019-07-24 01:41:01,23.5,333.69,10.008,32.38,"3",2019-07-24
"NH","MbN","3",2019-07-24 08:17:14,2019-07-24 01:17:14,2019-07-24 08:47:59,2019-07-24 01:47:59,-0.3,848.66,17.193,32.273,"4",2019-07-24
"NH","MbN","5",2019-07-24 11:17:51,2019-07-24 04:17:51,2019-07-24 11:29:43,2019-07-24 04:29:43,100.5,755.64,8.598,33.563,"0",2019-07-24
"NH","MbN","5",2019-07-24 11:17:51,2019-07-24 04:17:51,2019-07-24 11:37:06,2019-07-24 04:37:06,75,660.94,8.523,33.078,"1",2019-07-24
"NH","MbN","5",2019-07-24 11:17:51,2019-07-24 04:17:51,2019-07-24 11:43:24,2019-07-24 04:43:24,50.8,585.27,9.027,32.543,"2",2019-07-24
"NH","MbN","5",2019-07-24 11:17:51,2019-07-24 04:17:51,2019-07-24 11:51:11,2019-07-24 04:51:11,25.3,861.67,12.28,32.097,"3",2019-07-24
"NH","MbN","5",2019-07-24 11:17:51,2019-07-24 04:17:51,2019-07-24 11:56:38,2019-07-24 04:56:38,-0.5,446.87,17.378,32.286,"4",2019-07-24
"TR","MaD","1",2019-07-17 16:43:23,2019-07-17 09:43:23,2019-07-17 16:59:51,2019-07-17 09:59:51,16.4,0,8.454,0.004,"0",2019-07-17
"TR","MaD","1",2019-07-17 16:43:23,2019-07-17 09:43:23,2019-07-17 17:09:15,2019-07-17 10:09:15,6.8,0,9.614,0.005,"3",2019-07-17
"TR","MaD","1",2019-07-17 16:43:23,2019-07-17 09:43:23,2019-07-17 17:18:17,2019-07-17 10:18:17,0.5,0,14.717,0.008,"4",2019-07-17
"TR","MaD","2",2019-07-17 19:22:11,2019-07-17 12:22:11,2019-07-17 19:32:22,2019-07-17 12:32:22,98,0,8.26,0.004,"0",2019-07-17
"TR","MaD","2",2019-07-17 19:22:11,2019-07-17 12:22:11,2019-07-17 19:40:54,2019-07-17 12:40:54,47.3,0,8.962,0.005,"2",2019-07-17
"TR","MaD","2",2019-07-17 19:22:11,2019-07-17 12:22:11,2019-07-17 19:44:14,2019-07-17 12:44:14,24.9,0,9.204,0.005,"3",2019-07-17
"TR","MaD","2",2019-07-17 19:22:11,2019-07-17 12:22:11,2019-07-17 19:56:14,2019-07-17 12:56:14,-16,0,14.617,0.008,"4",2019-07-17
"TR","MaD","3",2019-07-17 22:45:08,2019-07-17 15:45:08,2019-07-17 22:55:08,2019-07-17 15:55:08,125.4,0,8.241,0.004,"0",2019-07-17
"TR","MaD","3",2019-07-17 22:45:08,2019-07-17 15:45:08,2019-07-17 22:59:59,2019-07-17 15:59:59,82.1,0,8.737,0.005,"1",2019-07-17
"TR","MaD","3",2019-07-17 22:45:08,2019-07-17 15:45:08,2019-07-17 23:05:28,2019-07-17 16:05:28,49,0,9.154,0.005,"2",2019-07-17
"TR","MaD","3",2019-07-17 22:45:08,2019-07-17 15:45:08,2019-07-17 23:10:56,2019-07-17 16:10:56,12.9,0,9.512,0.005,"3",2019-07-17
"TR","MaD","3",2019-07-17 22:45:08,2019-07-17 15:45:08,2019-07-17 23:15:42,2019-07-17 16:15:42,-17.2,0,15.91,0.008,"4",2019-07-17
"TR","MaD","4",2019-07-18 01:07:38,2019-07-17 18:07:38,2019-07-18 01:13:50,2019-07-17 18:13:50,101.6,283.01,8.583,33.965,"0",2019-07-17
"TR","MaD","4",2019-07-18 01:07:38,2019-07-17 18:07:38,2019-07-18 01:18:50,2019-07-17 18:18:50,61.3,328.3,9.255,33.648,"1",2019-07-17
"TR","MaD","4",2019-07-18 01:07:38,2019-07-17 18:07:38,2019-07-18 01:20:32,2019-07-17 18:20:32,48.4,127.61,9.558,33.491,"2",2019-07-17
"TR","MaD","4",2019-07-18 01:07:38,2019-07-17 18:07:38,2019-07-18 01:23:34,2019-07-17 18:23:34,25.1,252.15,9.856,32.91,"3",2019-07-17
"TR","MaD","4",2019-07-18 01:07:38,2019-07-17 18:07:38,2019-07-18 01:27:40,2019-07-17 18:27:40,-1.5,312.52,15.748,32.576,"4",2019-07-17
"TR","MaD","5",2019-07-18 02:27:08,2019-07-17 19:27:08,2019-07-18 02:34:07,2019-07-17 19:34:07,101.7,342.89,8.777,33.881,"0",2019-07-17
"TR","MaD","5",2019-07-18 02:27:08,2019-07-17 19:27:08,2019-07-18 02:40:02,2019-07-17 19:40:02,69.5,449.39,9.322,33.578,"1",2019-07-17
"TR","MaD","5",2019-07-18 02:27:08,2019-07-17 19:27:08,2019-07-18 02:42:06,2019-07-17 19:42:06,47.3,167.78,9.892,33.219,"2",2019-07-17
"TR","MaD","5",2019-07-18 02:27:08,2019-07-17 19:27:08,2019-07-18 02:44:15,2019-07-17 19:44:15,24.6,200.38,10.316,32.549,"3",2019-07-17
"TR","MaD","5",2019-07-18 02:27:08,2019-07-17 19:27:08,2019-07-18 02:49:33,2019-07-17 19:49:33,-0.2,531.3,15.381,32.557,"4",2019-07-17
"TR","MaN","1",2019-07-18 10:25:16,2019-07-18 03:25:16,2019-07-18 10:30:55,2019-07-18 03:30:55,49.8,329.46,8.829,33.886,"0",2019-07-18
"TR","MaN","1",2019-07-18 10:25:16,2019-07-18 03:25:16,2019-07-18 10:34:45,2019-07-18 03:34:45,25.2,313.06,9.612,33.735,"3",2019-07-18
"TR","MaN","1",2019-07-18 10:25:16,2019-07-18 03:25:16,2019-07-18 10:38:46,2019-07-18 03:38:46,-0.1,280.03,15.356,33.257,"4",2019-07-18
"TR","MaN","3",2019-07-18 08:30:54,2019-07-18 01:30:54,2019-07-18 08:37:58,2019-07-18 01:37:58,100.8,413.98,8.742,33.836,"0",2019-07-18
"TR","MaN","3",2019-07-18 08:30:54,2019-07-18 01:30:54,2019-07-18 08:40:56,2019-07-18 01:40:56,73.3,256.64,9.048,33.725,"1",2019-07-18
"TR","MaN","3",2019-07-18 08:30:54,2019-07-18 01:30:54,2019-07-18 08:43:09,2019-07-18 01:43:09,55.2,206.95,9.344,33.597,"2",2019-07-18
"TR","MaN","3",2019-07-18 08:30:54,2019-07-18 01:30:54,2019-07-18 08:48:49,2019-07-18 01:48:49,26.4,526.69,9.669,33.107,"3",2019-07-18
"TR","MaN","3",2019-07-18 08:30:54,2019-07-18 01:30:54,2019-07-18 08:53:03,2019-07-18 01:53:03,0.9,365.81,16.001,32.997,"4",2019-07-18
"TR","MaN","5",2019-07-18 05:49:30,2019-07-17 22:49:30,2019-07-18 05:57:05,2019-07-17 22:57:05,100.2,313.89,8.916,33.873,"0",2019-07-17
"TR","MaN","5",2019-07-18 05:49:30,2019-07-17 22:49:30,2019-07-18 06:01:37,2019-07-17 23:01:37,74.1,380.87,8.968,33.697,"1",2019-07-17
"TR","MaN","5",2019-07-18 05:49:30,2019-07-17 22:49:30,2019-07-18 06:05:20,2019-07-17 23:05:20,48.6,298.68,9.864,33.319,"2",2019-07-17
"TR","MaN","5",2019-07-18 05:49:30,2019-07-17 22:49:30,2019-07-18 06:08:46,2019-07-17 23:08:46,24,293.89,10.806,32.614,"3",2019-07-17
"TR","MaN","5",2019-07-18 05:49:30,2019-07-17 22:49:30,2019-07-18 06:13:46,2019-07-17 23:13:46,-0.4,395.11,15.623,32.582,"4",2019-07-17
"TR","MbD","1",2019-07-19 15:05:26,2019-07-19 08:05:26,2019-07-19 15:11:37,2019-07-19 08:11:37,49.6,209.49,8.617,33.897,"0",2019-07-19
"TR","MbD","1",2019-07-19 15:05:26,2019-07-19 08:05:26,2019-07-19 15:16:41,2019-07-19 08:16:41,22.7,395.04,9.338,33.785,"3",2019-07-19
"TR","MbD","1",2019-07-19 15:05:26,2019-07-19 08:05:26,2019-07-19 15:21:24,2019-07-19 08:21:24,4.1,342.56,11.127,33.422,"4",2019-07-19
"TR","MbD","2",2019-07-19 16:36:29,2019-07-19 09:36:29,2019-07-19 16:43:22,2019-07-19 09:43:22,104.7,288.24,8.356,33.919,"0",2019-07-19
"TR","MbD","2",2019-07-19 16:36:29,2019-07-19 09:36:29,2019-07-19 16:47:49,2019-07-19 09:47:49,68.3,261.98,8.745,33.844,"1",2019-07-19
"TR","MbD","2",2019-07-19 16:36:29,2019-07-19 09:36:29,2019-07-19 16:50:29,2019-07-19 09:50:29,50.6,188.87,9.203,33.785,"2",2019-07-19
"TR","MbD","2",2019-07-19 16:36:29,2019-07-19 09:36:29,2019-07-19 16:57:51,2019-07-19 09:57:51,25.1,577.9,9.449,33.683,"3",2019-07-19
"TR","MbD","2",2019-07-19 16:36:29,2019-07-19 09:36:29,2019-07-19 17:02:42,2019-07-19 10:02:42,-0.2,432.09,14.066,33.028,"4",2019-07-19
"TR","MbD","3",2019-07-19 19:36:55,2019-07-19 12:36:55,2019-07-19 19:45:11,2019-07-19 12:45:11,105.2,412.52,8.587,33.949,"0",2019-07-19
"TR","MbD","3",2019-07-19 19:36:55,2019-07-19 12:36:55,2019-07-19 19:50:27,2019-07-19 12:50:27,73.9,324.44,8.974,33.838,"1",2019-07-19
"TR","MbD","3",2019-07-19 19:36:55,2019-07-19 12:36:55,2019-07-19 19:56:27,2019-07-19 12:56:27,50.4,496.92,9.219,33.657,"2",2019-07-19
"TR","MbD","3",2019-07-19 19:36:55,2019-07-19 12:36:55,2019-07-19 20:01:35,2019-07-19 13:01:35,24.9,384.7,9.602,33.196,"3",2019-07-19
"TR","MbD","3",2019-07-19 19:36:55,2019-07-19 12:36:55,2019-07-19 20:06:56,2019-07-19 13:06:56,0.3,455.61,13.469,33.121,"4",2019-07-19
"TR","MbD","4",2019-07-19 21:38:52,2019-07-19 14:38:52,2019-07-19 21:49:02,2019-07-19 14:49:02,98.9,498.61,8.791,33.921,"0",2019-07-19
"TR","MbD","4",2019-07-19 21:38:52,2019-07-19 14:38:52,2019-07-19 21:57:21,2019-07-19 14:57:21,73.4,726.71,9.069,33.73,"1",2019-07-19
"TR","MbD","4",2019-07-19 21:38:52,2019-07-19 14:38:52,2019-07-19 22:02:47,2019-07-19 15:02:47,47.9,469.96,9.536,33.423,"2",2019-07-19
"TR","MbD","4",2019-07-19 21:38:52,2019-07-19 14:38:52,2019-07-19 22:06:29,2019-07-19 15:06:29,25,314.15,10.064,33.086,"3",2019-07-19
"TR","MbD","4",2019-07-19 21:38:52,2019-07-19 14:38:52,2019-07-19 22:10:58,2019-07-19 15:10:58,0.9,332.95,13.603,32.906,"4",2019-07-19
"TR","MbD","5",2019-07-20 23:21:35,2019-07-20 16:21:35,2019-07-20 23:29:53,2019-07-20 16:29:53,100.9,387.03,8.585,33.946,"0",2019-07-20
"TR","MbD","5",2019-07-20 23:21:35,2019-07-20 16:21:35,2019-07-20 23:34:44,2019-07-20 16:34:44,71.1,373.99,8.848,33.846,"1",2019-07-20
"TR","MbD","5",2019-07-20 23:21:35,2019-07-20 16:21:35,2019-07-20 23:37:01,2019-07-20 16:37:01,49.2,212.44,9.203,33.684,"2",2019-07-20
"TR","MbD","5",2019-07-20 23:21:35,2019-07-20 16:21:35,2019-07-20 23:42:08,2019-07-20 16:42:08,22.5,418.89,11.649,32.982,"3",2019-07-20
"TR","MbD","5",2019-07-20 23:21:35,2019-07-20 16:21:35,2019-07-20 23:46:18,2019-07-20 16:46:18,0.7,427.63,13.051,32.871,"4",2019-07-20
"TR","MbN","1",2019-07-21 10:41:44,2019-07-21 03:41:44,2019-07-21 10:48:53,2019-07-21 03:48:53,49.9,435.77,8.971,33.855,"0",2019-07-21
"TR","MbN","1",2019-07-21 10:41:44,2019-07-21 03:41:44,2019-07-21 10:55:40,2019-07-21 03:55:40,24.9,628.74,10.051,33.787,"3",2019-07-21
"TR","MbN","1",2019-07-21 10:41:44,2019-07-21 03:41:44,2019-07-21 11:00:31,2019-07-21 04:00:31,0.8,439.35,11.734,33.546,"4",2019-07-21
"TR","MbN","3",2019-07-21 07:56:49,2019-07-21 00:56:49,2019-07-21 08:03:46,2019-07-21 01:03:46,99.9,350.65,8.754,33.969,"0",2019-07-21
"TR","MbN","3",2019-07-21 07:56:49,2019-07-21 00:56:49,2019-07-21 08:06:52,2019-07-21 01:06:52,74.5,223.09,8.947,33.823,"1",2019-07-21
"TR","MbN","3",2019-07-21 07:56:49,2019-07-21 00:56:49,2019-07-21 08:10:41,2019-07-21 01:10:41,51.3,299.2,9.136,33.71,"2",2019-07-21
"TR","MbN","3",2019-07-21 07:56:49,2019-07-21 00:56:49,2019-07-21 08:13:54,2019-07-21 01:13:54,23.7,234.97,9.297,33.194,"3",2019-07-21
"TR","MbN","3",2019-07-21 07:56:49,2019-07-21 00:56:49,2019-07-21 08:18:14,2019-07-21 01:18:14,0.3,396.71,13.282,33.379,"4",2019-07-21
"TR","MbN","5",2019-07-21 05:30:28,2019-07-20 22:30:28,2019-07-21 05:37:37,2019-07-20 22:37:37,100.1,375.24,8.687,33.952,"0",2019-07-20
"TR","MbN","5",2019-07-21 05:30:28,2019-07-20 22:30:28,2019-07-21 05:41:10,2019-07-20 22:41:10,74.4,262.68,9.012,33.832,"1",2019-07-20
"TR","MbN","5",2019-07-21 05:30:28,2019-07-20 22:30:28,2019-07-21 05:45:16,2019-07-20 22:45:16,49.2,310.55,9.462,33.549,"2",2019-07-20
"TR","MbN","5",2019-07-21 05:30:28,2019-07-20 22:30:28,2019-07-21 05:48:25,2019-07-20 22:48:25,25.3,219.21,10.344,33.071,"3",2019-07-20
"TR","MbN","5",2019-07-21 05:30:28,2019-07-20 22:30:28,2019-07-21 05:52:02,2019-07-20 22:52:02,1,328.19,12.885,32.841,"4",2019-07-20
"CM",NA,"1",2022-03-08 00:25:40,2022-03-07 16:25:40,2022-03-08 00:27:41,2022-03-07 16:27:41,37.4,146.67,8.799,33.15,"0",2022-03-07
"CM",NA,"1",2022-03-08 00:25:40,2022-03-07 16:25:40,2022-03-08 00:30:04,2022-03-07 16:30:04,21.6,226.53,9.079,32.278,"3",2022-03-07
"CM",NA,"1",2022-03-08 00:25:40,2022-03-07 16:25:40,2022-03-08 00:37:32,2022-03-07 16:37:32,2.8,880.61,8.895,30.882,"4",2022-03-07
"CM",NA,"2",2022-03-07 21:46:06,2022-03-07 13:46:06,2022-03-07 21:54:58,2022-03-07 13:54:58,102.2,636.82,8.439,33.815,"0",2022-03-07
"CM",NA,"2",2022-03-07 21:46:06,2022-03-07 13:46:06,2022-03-07 22:01:18,2022-03-07 14:01:18,74.9,606.99,8.722,33.31,"1",2022-03-07
"CM",NA,"2",2022-03-07 21:46:06,2022-03-07 13:46:06,2022-03-07 22:06:04,2022-03-07 14:06:04,50.8,452.49,9.107,32.441,"2",2022-03-07
"CM",NA,"2",2022-03-07 21:46:06,2022-03-07 13:46:06,2022-03-07 22:11:03,2022-03-07 14:11:03,21.8,499.91,8.803,31.049,"3",2022-03-07
"CM",NA,"2",2022-03-07 21:46:06,2022-03-07 13:46:06,2022-03-07 22:16:44,2022-03-07 14:16:44,8,614.14,8.704,30.286,"4",2022-03-07
"CM",NA,"3",2022-03-07 18:44:58,2022-03-07 10:44:58,2022-03-07 18:57:43,2022-03-07 10:57:43,101.3,867.19,8.768,33.588,"0",2022-03-07
"CM",NA,"3",2022-03-07 18:44:58,2022-03-07 10:44:58,2022-03-07 19:06:38,2022-03-07 11:06:38,75.2,901.47,9.386,32.918,"1",2022-03-07
"CM",NA,"3",2022-03-07 18:44:58,2022-03-07 10:44:58,2022-03-07 19:12:14,2022-03-07 11:12:14,53.1,560.95,9.496,32.228,"2",2022-03-07
"CM",NA,"3",2022-03-07 18:44:58,2022-03-07 10:44:58,2022-03-07 19:18:12,2022-03-07 11:18:12,24.5,558.08,9.346,32.114,"3",2022-03-07
"CM",NA,"3",2022-03-07 18:44:58,2022-03-07 10:44:58,2022-03-07 19:25:01,2022-03-07 11:25:01,2.3,722.3,9.27,31.508,"4",2022-03-07
"CM",NA,"4",2022-03-07 15:17:14,2022-03-07 07:17:14,2022-03-07 15:28:37,2022-03-07 07:28:37,102.4,648.9,8.97,33.638,"0",2022-03-07
"CM",NA,"4",2022-03-07 15:17:14,2022-03-07 07:17:14,2022-03-07 15:34:46,2022-03-07 07:34:46,74,524.63,9.132,33.091,"1",2022-03-07
"CM",NA,"4",2022-03-07 15:17:14,2022-03-07 07:17:14,2022-03-07 15:40:06,2022-03-07 07:40:06,50.5,490.74,9.526,32.325,"2",2022-03-07
"CM",NA,"4",2022-03-07 15:17:14,2022-03-07 07:17:14,2022-03-07 15:46:00,2022-03-07 07:46:00,24.4,451.42,9.277,32.071,"3",2022-03-07
"CM",NA,"4",2022-03-07 15:17:14,2022-03-07 07:17:14,2022-03-07 15:52:05,2022-03-07 07:52:05,1.7,488.82,9.335,32.047,"4",2022-03-07
"CR",NA,"1",2022-03-05 21:27:39,2022-03-05 13:27:39,2022-03-05 21:31:39,2022-03-05 13:31:39,25.8,276.12,9.037,32.354,"0",2022-03-05
"CR",NA,"1",2022-03-05 21:27:39,2022-03-05 13:27:39,2022-03-05 21:39:08,2022-03-05 13:39:08,3.2,773.43,8.394,27.85,"4",2022-03-05
"CR",NA,"2",2022-03-05 23:46:11,2022-03-05 15:46:11,2022-03-05 23:54:18,2022-03-05 15:54:18,100.8,481.27,7.518,33.936,"0",2022-03-05
"CR",NA,"2",2022-03-06 23:46:11,2022-03-06 15:46:11,2022-03-06 00:00:08,2022-03-05 16:00:08,77.3,422.49,8.584,33.543,"0",2022-03-06
"CR",NA,"2",2022-03-06 23:46:11,2022-03-06 15:46:11,2022-03-06 00:04:35,2022-03-05 16:04:35,44.8,308.26,8.659,31.501,"2",2022-03-06
"CR",NA,"2",2022-03-06 23:46:11,2022-03-06 15:46:11,2022-03-06 00:06:48,2022-03-05 16:06:48,26.3,165.51,8.794,31.189,"3",2022-03-06
"CR",NA,"2",2022-03-06 23:46:11,2022-03-06 15:46:11,2022-03-06 00:14:10,2022-03-05 16:14:10,1.7,816.69,8.227,19.009,"4",2022-03-06
"CR",NA,"3",2022-03-04 20:23:44,2022-03-04 12:23:44,2022-03-04 20:35:02,2022-03-04 12:35:02,100,775.33,8.737,33.567,"0",2022-03-04
"CR",NA,"3",2022-03-04 20:23:44,2022-03-04 12:23:44,2022-03-04 20:40:55,2022-03-04 12:40:55,75.7,549.22,8.635,33.108,"2",2022-03-04
"CR",NA,"3",2022-03-04 20:23:44,2022-03-04 12:23:44,2022-03-04 20:52:26,2022-03-04 12:52:26,25.3,552.59,8.86,31.52,"3",2022-03-04
"CR",NA,"3",2022-03-04 20:23:44,2022-03-04 12:23:44,2022-03-04 20:58:57,2022-03-04 12:58:57,2.3,651.69,8.541,30.138,"4",2022-03-04
"CR",NA,"4",2022-03-04 16:52:47,2022-03-04 08:52:47,2022-03-04 17:01:51,2022-03-04 09:01:51,99.4,514.04,9.116,33.398,"0",2022-03-04
"CR",NA,"4",2022-03-04 16:52:47,2022-03-04 08:52:47,2022-03-04 17:07:19,2022-03-04 09:07:19,75.4,485.07,9.365,33.176,"1",2022-03-04
"CR",NA,"4",2022-03-04 16:52:47,2022-03-04 08:52:47,2022-03-04 17:11:57,2022-03-04 09:11:57,50.9,408.19,9.543,32.251,"2",2022-03-04
"CR",NA,"4",2022-03-04 16:52:47,2022-03-04 08:52:47,2022-03-04 17:16:57,2022-03-04 09:16:57,25.3,386.66,9.305,32.093,"3",2022-03-04
"CR",NA,"4",2022-03-04 16:52:47,2022-03-04 08:52:47,2022-03-04 17:23:26,2022-03-04 09:23:26,1.9,588.96,9.202,17.36,"4",2022-03-04
"GH",NA,"1",2022-03-03 21:00:25,2022-03-03 13:00:25,2022-03-03 21:04:08,2022-03-03 13:04:08,34.6,218.08,8.275,31.021,"0",2022-03-03
"GH",NA,"1",2022-03-03 21:00:25,2022-03-03 13:00:25,2022-03-03 21:06:03,2022-03-03 13:06:03,24.2,146.21,8.318,30.868,"3",2022-03-03
"GH",NA,"1",2022-03-03 21:00:25,2022-03-03 13:00:25,2022-03-03 21:11:01,2022-03-03 13:11:01,1.1,438.65,8.153,1.549,"4",2022-03-03
"GH",NA,"2",2022-03-03 18:59:26,2022-03-03 10:59:26,2022-03-03 19:05:10,2022-03-03 11:05:10,52.1,323.81,8.685,32.387,"0",2022-03-03
"GH",NA,"2",2022-03-03 18:59:26,2022-03-03 10:59:26,2022-03-03 19:10:00,2022-03-03 11:10:00,24.5,383.67,8.324,31.354,"3",2022-03-03
"GH",NA,"2",2022-03-03 18:59:26,2022-03-03 10:59:26,2022-03-03 19:14:03,2022-03-03 11:14:03,1.4,344.15,8.282,30.845,"4",2022-03-03
"GH",NA,"3",2022-03-03 16:20:02,2022-03-03 08:20:02,2022-03-03 16:31:46,2022-03-03 08:31:46,99.7,664.32,8.102,33.682,"0",2022-03-03
"GH",NA,"3",2022-03-03 16:20:02,2022-03-03 08:20:02,2022-03-03 16:41:05,2022-03-03 08:41:05,72.9,696.34,8.654,33.122,"1",2022-03-03
"GH",NA,"3",2022-03-03 16:20:02,2022-03-03 08:20:02,2022-03-03 16:48:01,2022-03-03 08:48:01,39.8,543.82,8.592,32.149,"2",2022-03-03
"GH",NA,"3",2022-03-03 16:20:02,2022-03-03 08:20:02,2022-03-03 16:51:07,2022-03-03 08:51:07,21.2,237.56,8.589,32.064,"3",2022-03-03
"GH",NA,"3",2022-03-03 16:20:02,2022-03-03 08:20:02,2022-03-03 16:54:53,2022-03-03 08:54:53,2.9,266.85,8.587,31.972,"4",2022-03-03
"GH",NA,"4",2022-03-02 17:09:49,2022-03-02 09:09:49,2022-03-02 17:19:17,2022-03-02 09:19:17,107.1,556.41,8.12,33.645,"0",2022-03-02
"GH",NA,"4",2022-03-02 17:09:49,2022-03-02 09:09:49,2022-03-02 17:24:45,2022-03-02 09:24:45,73.6,381.6,8.18,33.181,"1",2022-03-02
"GH",NA,"4",2022-03-02 17:09:49,2022-03-02 09:09:49,2022-03-02 17:29:20,2022-03-02 09:29:20,50.4,323.13,8.378,32.133,"2",2022-03-02
"GH",NA,"4",2022-03-02 17:09:49,2022-03-02 09:09:49,2022-03-02 17:34:10,2022-03-02 09:34:10,25.3,380.8,8.386,32.124,"3",2022-03-02
"GH",NA,"4",2022-03-02 17:09:49,2022-03-02 09:09:49,2022-03-02 17:39:28,2022-03-02 09:39:28,1.4,473.32,8.402,2.154,"4",2022-03-02
"GH",NA,"5",2022-03-02 20:29:26,2022-03-02 12:29:26,2022-03-02 20:40:30,2022-03-02 12:40:30,98.6,646.4,8.37,33.718,"0",2022-03-02
"GH",NA,"5",2022-03-02 20:29:26,2022-03-02 12:29:26,2022-03-02 20:46:30,2022-03-02 12:46:30,74.9,495.52,8.812,33.44,"1",2022-03-02
"GH",NA,"5",2022-03-02 20:29:26,2022-03-02 12:29:26,2022-03-02 20:50:23,2022-03-02 12:50:23,48,367.2,8.944,32.87,"2",2022-03-02
"GH",NA,"5",2022-03-02 20:29:26,2022-03-02 12:29:26,2022-03-02 20:54:16,2022-03-02 12:54:16,23.9,333.4,8.602,32.163,"3",2022-03-02
"GH",NA,"5",2022-03-02 20:29:26,2022-03-02 12:29:26,2022-03-02 20:59:03,2022-03-02 12:59:03,2.7,512.83,8.636,32.151,"4",2022-03-02
"GH",NA,"6",2022-03-03 01:00:17,2022-03-02 17:00:17,2022-03-03 01:09:43,2022-03-02 17:09:43,102.5,597.36,8.39,33.314,"0",2022-03-02
"GH",NA,"6",2022-03-03 01:00:17,2022-03-02 17:00:17,2022-03-03 01:14:29,2022-03-02 17:14:29,72.8,408.98,8.684,32.466,"1",2022-03-02
"GH",NA,"6",2022-03-03 01:00:17,2022-03-02 17:00:17,2022-03-03 01:16:45,2022-03-02 17:16:45,50.1,200.48,8.286,32.185,"2",2022-03-02
"GH",NA,"6",2022-03-03 01:00:17,2022-03-02 17:00:17,2022-03-03 01:22:04,2022-03-02 17:22:04,28.3,479.17,8.304,32.172,"3",2022-03-02
"GH",NA,"6",2022-03-03 01:00:17,2022-03-02 17:00:17,2022-03-03 01:28:09,2022-03-02 17:28:09,2.5,592.24,8.3,32.171,"4",2022-03-02
"HH",NA,"1",2022-03-11 23:57:09,2022-03-11 15:57:09,2022-03-11 00:02:09,2022-03-10 16:02:09,34.8,347.08,8.979,33.122,"0",2022-03-11
"HH",NA,"1",2022-03-11 23:57:09,2022-03-11 15:57:09,2022-03-11 00:04:23,2022-03-10 16:04:23,26.5,157.52,8.965,32.935,"3",2022-03-11
"HH",NA,"1",2022-03-11 23:57:09,2022-03-11 15:57:09,2022-03-11 00:11:27,2022-03-10 16:11:27,4.5,655.01,9.294,31.534,"4",2022-03-11
"HH",NA,"2",2022-03-10 21:34:38,2022-03-10 13:34:38,2022-03-10 21:43:45,2022-03-10 13:43:45,99.9,623.34,8.109,33.86,"0",2022-03-10
"HH",NA,"2",2022-03-10 21:34:38,2022-03-10 13:34:38,2022-03-10 21:49:19,2022-03-10 13:49:19,74.2,523.73,8.529,33.694,"1",2022-03-10
"HH",NA,"2",2022-03-10 21:34:38,2022-03-10 13:34:38,2022-03-10 21:53:32,2022-03-10 13:53:32,49.8,406.1,9.173,33.093,"2",2022-03-10
"HH",NA,"2",2022-03-10 21:34:38,2022-03-10 13:34:38,2022-03-10 21:57:43,2022-03-10 13:57:43,24.7,396.02,9.168,31.964,"3",2022-03-10
"HH",NA,"2",2022-03-10 21:34:38,2022-03-10 13:34:38,2022-03-10 22:02:32,2022-03-10 14:02:32,3.2,452.05,9.408,31.445,"4",2022-03-10
"HH",NA,"3",2022-03-10 18:26:58,2022-03-10 10:26:58,2022-03-10 18:38:36,2022-03-10 10:38:36,100.7,784.76,8.54,33.675,"0",2022-03-10
"HH",NA,"3",2022-03-10 18:26:58,2022-03-10 10:26:58,2022-03-10 18:45:27,2022-03-10 10:45:27,72.3,614.79,8.887,33.478,"1",2022-03-10
"HH",NA,"3",2022-03-10 18:26:58,2022-03-10 10:26:58,2022-03-10 18:49:37,2022-03-10 10:49:37,48.7,399.71,9.396,32.866,"2",2022-03-10
"HH",NA,"3",2022-03-10 18:26:58,2022-03-10 10:26:58,2022-03-10 18:56:23,2022-03-10 10:56:23,24.6,580.59,9.354,31.97,"3",2022-03-10
"HH",NA,"3",2022-03-10 18:26:58,2022-03-10 10:26:58,2022-03-10 19:03:22,2022-03-10 11:03:22,5.6,421.7,9.429,31.773,"4",2022-03-10
"HH",NA,"4",2022-03-10 15:11:39,2022-03-10 07:11:39,2022-03-10 15:21:40,2022-03-10 07:21:40,102,621.21,8.691,33.599,"0",2022-03-10
"HH",NA,"4",2022-03-10 15:11:39,2022-03-10 07:11:39,2022-03-10 15:27:19,2022-03-10 07:27:19,76,531.68,9.565,33.046,"1",2022-03-10
"HH",NA,"4",2022-03-10 15:11:39,2022-03-10 07:11:39,2022-03-10 15:32:48,2022-03-10 07:32:48,49.9,507.22,10.045,32.616,"2",2022-03-10
"HH",NA,"4",2022-03-10 15:11:39,2022-03-10 07:11:39,2022-03-10 15:38:23,2022-03-10 07:38:23,24.7,493.97,10.056,32.617,"3",2022-03-10
"HH",NA,"4",2022-03-10 15:11:39,2022-03-10 07:11:39,2022-03-10 15:44:21,2022-03-10 07:44:21,3.6,560.66,9.802,32.291,"4",2022-03-10
"NH",NA,"1",2022-03-09 15:24:36,2022-03-09 07:24:36,2022-03-09 15:30:30,2022-03-09 07:30:30,38,410.63,8.717,33.551,"0",2022-03-09
"NH",NA,"1",2022-03-09 15:24:36,2022-03-09 07:24:36,2022-03-09 15:32:32,2022-03-09 07:32:32,25.9,169.12,9.029,32.46,"3",2022-03-09
"NH",NA,"1",2022-03-09 15:24:36,2022-03-09 07:24:36,2022-03-09 15:39:55,2022-03-09 07:39:55,2.8,703.65,9.274,31.833,"4",2022-03-09
"NH",NA,"2",2022-03-09 17:35:14,2022-03-09 09:35:14,2022-03-09 17:41:34,2022-03-09 09:41:34,75.1,358.76,8.334,33.848,"0",2022-03-09
"NH",NA,"2",2022-03-09 17:35:14,2022-03-09 09:35:14,2022-03-09 17:46:55,2022-03-09 09:46:55,49.6,423.79,8.963,33.075,"2",2022-03-09
"NH",NA,"2",2022-03-09 17:35:14,2022-03-09 09:35:14,2022-03-09 17:49:41,2022-03-09 09:49:41,21.5,202.2,9.158,32.206,"3",2022-03-09
"NH",NA,"2",2022-03-09 17:35:14,2022-03-09 09:35:14,2022-03-09 17:55:51,2022-03-09 09:55:51,1.7,424.62,8.995,30.14,"4",2022-03-09
"NH",NA,"3",2022-03-09 19:48:58,2022-03-09 11:48:58,2022-03-09 19:58:50,2022-03-09 11:58:50,103.3,594.87,8.764,33.589,"0",2022-03-09
"NH",NA,"3",2022-03-09 19:48:58,2022-03-09 11:48:58,2022-03-09 20:04:48,2022-03-09 12:04:48,74.3,470.86,9.012,33.045,"1",2022-03-09
"NH",NA,"3",2022-03-09 19:48:58,2022-03-09 11:48:58,2022-03-09 20:08:41,2022-03-09 12:08:41,49.2,335.62,9.147,32.41,"2",2022-03-09
"NH",NA,"3",2022-03-09 19:48:58,2022-03-09 11:48:58,2022-03-09 20:12:55,2022-03-09 12:12:55,25,323.72,8.979,31.414,"3",2022-03-09
"NH",NA,"3",2022-03-09 19:48:58,2022-03-09 11:48:58,2022-03-09 20:19:03,2022-03-09 12:19:03,3.7,604.06,9.177,30.601,"4",2022-03-09
"NH",NA,"4",2022-03-08 16:19:46,2022-03-08 08:19:46,2022-03-08 16:31:28,2022-03-08 08:31:28,103.3,696.1,9.209,33.244,"0",2022-03-08
"NH",NA,"4",2022-03-08 16:19:46,2022-03-08 08:19:46,2022-03-08 16:37:41,2022-03-08 08:37:41,75,579.91,9.279,32.818,"1",2022-03-08
"NH",NA,"4",2022-03-08 16:19:46,2022-03-08 08:19:46,2022-03-08 16:43:31,2022-03-08 08:43:31,49.7,581.54,9.497,32.205,"2",2022-03-08
"NH",NA,"4",2022-03-08 16:19:46,2022-03-08 08:19:46,2022-03-08 16:47:29,2022-03-08 08:47:29,24.3,340.58,9.348,31.687,"3",2022-03-08
"NH",NA,"4",2022-03-08 16:19:46,2022-03-08 08:19:46,2022-03-08 16:53:30,2022-03-08 08:53:30,2.1,564.25,9.263,31.628,"4",2022-03-08
"NH",NA,"5",2022-03-08 19:38:52,2022-03-08 11:38:52,2022-03-08 19:51:07,2022-03-08 11:51:07,101.5,774.64,9.291,33.537,"0",2022-03-08
"NH",NA,"5",2022-03-08 19:38:52,2022-03-08 11:38:52,2022-03-08 20:00:02,2022-03-08 12:00:02,72.8,897.13,9.631,32.865,"2",2022-03-08
"NH",NA,"5",2022-03-08 19:38:52,2022-03-08 11:38:52,2022-03-08 20:06:31,2022-03-08 12:06:31,48.6,684.53,9.714,32.464,"3",2022-03-08
"NH",NA,"5",2022-03-08 19:38:52,2022-03-08 11:38:52,2022-03-08 20:11:30,2022-03-08 12:11:30,23.4,434.09,9.622,32.076,"4",2022-03-08
"NH",NA,"6",2022-03-08 22:48:14,2022-03-08 14:48:14,2022-03-08 22:56:58,2022-03-08 14:56:58,99.2,437.39,9.319,33.492,"0",2022-03-08
"NH",NA,"6",2022-03-08 22:48:14,2022-03-08 14:48:14,2022-03-08 23:00:37,2022-03-08 15:00:37,73.4,317.93,9.721,33.093,"1",2022-03-08
"NH",NA,"6",2022-03-08 22:48:14,2022-03-08 14:48:14,2022-03-08 23:04:48,2022-03-08 15:04:48,50.5,381.16,9.832,32.519,"2",2022-03-08
"NH",NA,"6",2022-03-08 22:48:14,2022-03-08 14:48:14,2022-03-08 23:10:22,2022-03-08 15:10:22,23.6,485.2,9.667,32.169,"3",2022-03-08
"NH",NA,"6",2022-03-08 22:48:14,2022-03-08 14:48:14,2022-03-08 23:16:33,2022-03-08 15:16:33,2.7,560.29,9.65,31.803,"4",2022-03-08
"RR",NA,"1",2022-03-11 14:35:28,2022-03-11 06:35:28,2022-03-11 14:41:44,2022-03-11 06:41:44,29.7,476.79,8.034,33.891,"0",2022-03-11
"RR",NA,"1",2022-03-11 14:35:28,2022-03-11 06:35:28,2022-03-11 14:43:59,2022-03-11 06:43:59,33.5,219.68,8.483,33.741,"3",2022-03-11
"RR",NA,"1",2022-03-11 14:35:28,2022-03-11 06:35:28,2022-03-11 14:51:17,2022-03-11 06:51:17,1.4,158.55,8.632,33.4,"4",2022-03-11
"RR",NA,"2",2022-03-11 16:35:46,2022-03-11 08:35:46,2022-03-11 16:46:00,2022-03-11 08:46:00,100.6,626.88,7.664,33.978,"0",2022-03-11
"RR",NA,"2",2022-03-11 16:35:46,2022-03-11 08:35:46,2022-03-11 16:52:30,2022-03-11 08:52:30,75.3,603.66,8.233,33.907,"1",2022-03-11
"RR",NA,"2",2022-03-11 16:35:46,2022-03-11 08:35:46,2022-03-11 16:58:31,2022-03-11 08:58:31,49.7,574.26,8.669,33.703,"2",2022-03-11
"RR",NA,"2",2022-03-11 16:35:46,2022-03-11 08:35:46,2022-03-11 17:02:40,2022-03-11 09:02:40,21.3,379.77,9.217,32.68,"3",2022-03-11
"RR",NA,"2",2022-03-11 16:35:46,2022-03-11 08:35:46,2022-03-11 17:07:01,2022-03-11 09:07:01,1.5,284.11,9.285,32.343,"4",2022-03-11
"RR",NA,"3",2022-03-11 19:22:04,2022-03-11 11:22:04,2022-03-11 19:32:18,2022-03-11 11:32:18,99.2,691.08,9.214,33.485,"0",2022-03-11
"RR",NA,"3",2022-03-11 19:22:04,2022-03-11 11:22:04,2022-03-11 19:38:14,2022-03-11 11:38:14,75,555.33,9.319,32.977,"1",2022-03-11
"RR",NA,"3",2022-03-11 19:22:04,2022-03-11 11:22:04,2022-03-11 19:43:44,2022-03-11 11:43:44,50.4,508.25,9.714,32.56,"2",2022-03-11
"RR",NA,"3",2022-03-11 19:22:04,2022-03-11 11:22:04,2022-03-11 19:48:57,2022-03-11 11:48:57,25.3,474.86,9.513,32.191,"3",2022-03-11
"RR",NA,"3",2022-03-11 19:22:04,2022-03-11 11:22:04,2022-03-11 19:55:18,2022-03-11 11:55:18,3.5,581.7,9.641,32.157,"4",2022-03-11
"RR",NA,"4",2022-03-11 22:12:53,2022-03-11 14:12:53,2022-03-11 22:22:05,2022-03-11 14:22:05,101.9,572.3,8.538,33.827,"0",2022-03-11
"RR",NA,"4",2022-03-11 22:12:53,2022-03-11 14:12:53,2022-03-11 22:28:12,2022-03-11 14:28:12,73.6,520.44,9.066,33.567,"1",2022-03-11
"RR",NA,"4",2022-03-11 22:12:53,2022-03-11 14:12:53,2022-03-11 22:32:55,2022-03-11 14:32:55,50.8,448.66,9.267,33.033,"2",2022-03-11
"RR",NA,"4",2022-03-11 22:12:53,2022-03-11 14:12:53,2022-03-11 22:37:40,2022-03-11 14:37:40,24.4,402.74,9.654,32.572,"3",2022-03-11
"RR",NA,"4",2022-03-11 22:12:53,2022-03-11 14:12:53,2022-03-11 22:45:16,2022-03-11 14:45:16,5.2,761.68,9.702,32.567,"4",2022-03-11
"CM",NA,"1",2022-07-24 05:58:50,2022-07-23 22:58:50,2022-07-24 06:08:23,2022-07-23 23:08:23,49.3,228.35,7.775,33.834,"0",2022-07-23
"CM",NA,"1",2022-07-24 05:58:50,2022-07-23 22:58:50,2022-07-24 06:11:45,2022-07-23 23:11:45,25.9,34.24,7.818,33.67,"3",2022-07-23
"CM",NA,"1",2022-07-24 05:58:50,2022-07-23 22:58:50,2022-07-24 06:16:16,2022-07-23 23:16:16,1,59.1,10.782,16.15,"4",2022-07-23
"CM",NA,"2",2022-07-24 02:12:46,2022-07-23 19:12:46,2022-07-24 03:00:25,2022-07-23 20:00:25,73.7,608.73,7.89,33.715,"0",2022-07-23
"CM",NA,"2",2022-07-24 02:12:46,2022-07-23 19:12:46,2022-07-24 03:04:24,2022-07-23 20:04:24,50,40.88,7.843,33.095,"2",2022-07-23
"CM",NA,"2",2022-07-24 02:12:46,2022-07-23 19:12:46,2022-07-24 03:08:00,2022-07-23 20:08:00,26.4,11.17,8.741,32.269,"3",2022-07-23
"CM",NA,"2",2022-07-24 02:12:46,2022-07-23 19:12:46,2022-07-24 03:13:20,2022-07-23 20:13:20,1.3,35.4,16.032,29.132,"4",2022-07-23
"CM",NA,"3",2022-07-23 22:35:15,2022-07-23 15:35:15,2022-07-23 22:46:08,2022-07-23 15:46:08,101.3,396.35,7.862,33.463,"0",2022-07-23
"CM",NA,"3",2022-07-23 22:35:15,2022-07-23 15:35:15,2022-07-23 22:50:55,2022-07-23 15:50:55,72.9,81.39,8.02,32.868,"1",2022-07-23
"CM",NA,"3",2022-07-23 22:35:15,2022-07-23 15:35:15,2022-07-23 22:53:02,2022-07-23 15:53:02,50.1,24.91,9.083,32.262,"2",2022-07-23
"CM",NA,"3",2022-07-23 22:35:15,2022-07-23 15:35:15,2022-07-23 22:56:09,2022-07-23 15:56:09,25.4,0,10.981,31.945,"3",2022-07-23
"CM",NA,"3",2022-07-23 22:35:15,2022-07-23 15:35:15,2022-07-23 23:02:17,2022-07-23 16:02:17,1.7,71.07,17.256,27.813,"4",2022-07-23
"CM",NA,"4",2022-07-23 17:54:15,2022-07-23 10:54:15,2022-07-23 18:03:38,2022-07-23 11:03:38,103.1,359.23,8.579,33.433,"0",2022-07-23
"CM",NA,"4",2022-07-23 17:54:15,2022-07-23 10:54:15,2022-07-23 18:10:32,2022-07-23 11:10:32,72.4,134.19,8.901,32.722,"3",2022-07-23
"CM",NA,"4",2022-07-23 17:54:15,2022-07-23 10:54:15,2022-07-23 18:14:53,2022-07-23 11:14:53,48,69,10.685,32.002,"4",2022-07-23
"CR",NA,"1",2022-07-23 04:03:27,2022-07-22 21:03:27,2022-07-23 04:13:09,2022-07-22 21:13:09,34.4,98.35,7.651,33.823,"0",2022-07-22
"CR",NA,"1",2022-07-23 04:03:27,2022-07-22 21:03:27,2022-07-23 04:16:04,2022-07-22 21:16:04,25.5,0,7.679,33.678,"3",2022-07-22
"CR",NA,"1",2022-07-23 04:03:27,2022-07-22 21:03:27,2022-07-23 04:22:08,2022-07-22 21:22:08,2,27.85,14.04,22.635,"4",2022-07-22
"CR",NA,"2",2022-07-23 23:55:17,2022-07-23 16:55:17,2022-07-23 00:05:39,2022-07-22 17:05:39,94.5,170.51,7.194,33.978,"0",2022-07-23
"CR",NA,"2",2022-07-23 23:55:17,2022-07-23 16:55:17,2022-07-23 00:08:00,2022-07-22 17:08:00,74.2,14.59,7.361,33.897,"1",2022-07-23
"CR",NA,"2",2022-07-23 23:55:17,2022-07-23 16:55:17,2022-07-23 00:13:30,2022-07-22 17:13:30,50.1,7.38,7.621,33.698,"2",2022-07-23
"CR",NA,"2",2022-07-23 23:55:17,2022-07-23 16:55:17,2022-07-23 00:19:50,2022-07-22 17:19:50,23.7,31.34,8.126,32.706,"3",2022-07-23
"CR",NA,"2",2022-07-23 23:55:17,2022-07-23 16:55:17,2022-07-23 00:24:23,2022-07-22 17:24:23,4.4,21.95,14.678,24.637,"4",2022-07-23
"CR",NA,"3",2022-07-22 21:09:32,2022-07-22 14:09:32,2022-07-22 21:19:06,2022-07-22 14:19:06,104.4,447.98,7.569,33.699,"0",2022-07-22
"CR",NA,"3",2022-07-22 21:09:32,2022-07-22 14:09:32,2022-07-22 21:22:50,2022-07-22 14:22:50,64.3,59.12,8.175,33.026,"1",2022-07-22
"CR",NA,"3",2022-07-22 21:09:32,2022-07-22 14:09:32,2022-07-22 21:25:41,2022-07-22 14:25:41,47.8,28.12,8.788,32.395,"2",2022-07-22
"CR",NA,"3",2022-07-22 21:09:32,2022-07-22 14:09:32,2022-07-22 21:29:47,2022-07-22 14:29:47,25.1,46.46,10.722,31.598,"3",2022-07-22
"CR",NA,"3",2022-07-22 21:09:32,2022-07-22 14:09:32,2022-07-22 21:35:30,2022-07-22 14:35:30,1.9,51.94,16.477,31.17,"4",2022-07-22
"CR",NA,"4",2022-07-22 15:54:49,2022-07-22 08:54:49,2022-07-22 16:03:04,2022-07-22 09:03:04,100.6,366.91,8.437,33.48,"0",2022-07-22
"CR",NA,"4",2022-07-22 15:54:49,2022-07-22 08:54:49,2022-07-22 16:15:50,2022-07-22 09:15:50,48.7,155.89,8.862,32.205,"2",2022-07-22
"CR",NA,"4",2022-07-22 15:54:49,2022-07-22 08:54:49,2022-07-22 16:20:30,2022-07-22 09:20:30,26.4,110.96,11.201,32.057,"3",2022-07-22
"CR",NA,"4",2022-07-22 15:54:49,2022-07-22 08:54:49,2022-07-22 16:24:53,2022-07-22 09:24:53,1.2,122.56,16.362,31.273,"4",2022-07-22
"GH",NA,"1",2022-07-20 17:26:43,2022-07-20 10:26:43,2022-07-20 17:34:26,2022-07-20 10:34:26,35.2,141.57,7.554,33.674,"0",2022-07-20
"GH",NA,"1",2022-07-20 17:26:43,2022-07-20 10:26:43,2022-07-20 17:36:30,2022-07-20 10:36:30,21.4,16.39,7.844,33.285,"3",2022-07-20
"GH",NA,"1",2022-07-20 17:26:43,2022-07-20 10:26:43,2022-07-20 17:39:32,2022-07-20 10:39:32,1.1,31.91,12.824,31.835,"4",2022-07-20
"GH",NA,"2",2022-07-20 20:26:26,2022-07-20 13:26:26,2022-07-20 20:33:37,2022-07-20 13:33:37,66.7,281.15,7.368,33.782,"0",2022-07-20
"GH",NA,"2",2022-07-20 20:26:26,2022-07-20 13:26:26,2022-07-20 20:35:33,2022-07-20 13:35:33,46.2,34.33,7.784,33.119,"2",2022-07-20
"GH",NA,"2",2022-07-20 20:26:26,2022-07-20 13:26:26,2022-07-20 20:40:02,2022-07-20 13:40:02,22.2,113.97,11.069,31.626,"3",2022-07-20
"GH",NA,"2",2022-07-20 20:26:26,2022-07-20 13:26:26,2022-07-20 20:43:22,2022-07-20 13:43:22,1.2,54.63,13.61,31.276,"4",2022-07-20
"GH",NA,"3",2022-07-22 02:45:24,2022-07-21 19:45:24,2022-07-22 02:55:52,2022-07-21 19:55:52,99.8,289.48,7.359,33.781,"0",2022-07-21
"GH",NA,"3",2022-07-22 02:45:24,2022-07-21 19:45:24,2022-07-22 02:58:37,2022-07-21 19:58:37,75.9,11.68,7.892,33.368,"1",2022-07-21
"GH",NA,"3",2022-07-22 02:45:24,2022-07-21 19:45:24,2022-07-22 03:02:29,2022-07-21 20:02:29,51.1,16.08,7.953,32.668,"2",2022-07-21
"GH",NA,"3",2022-07-22 02:45:24,2022-07-21 19:45:24,2022-07-22 03:05:50,2022-07-21 20:05:50,25.7,30.96,9.072,31.775,"3",2022-07-21
"GH",NA,"3",2022-07-22 02:45:24,2022-07-21 19:45:24,2022-07-22 03:10:11,2022-07-21 20:10:11,1.6,23.61,15.568,31.044,"4",2022-07-21
"GH",NA,"4",2022-07-21 23:00:17,2022-07-21 16:00:17,2022-07-21 23:08:21,2022-07-21 16:08:21,96.4,406.7,7.95,33.378,"0",2022-07-21
"GH",NA,"4",2022-07-21 23:00:17,2022-07-21 16:00:17,2022-07-21 23:09:54,2022-07-21 16:09:54,66.8,19.57,8.222,32.729,"1",2022-07-21
"GH",NA,"4",2022-07-21 23:00:17,2022-07-21 16:00:17,2022-07-21 23:10:59,2022-07-21 16:10:59,47,0,8.721,32.189,"2",2022-07-21
"GH",NA,"4",2022-07-21 23:00:17,2022-07-21 16:00:17,2022-07-21 23:12:43,2022-07-21 16:12:43,24.7,0,10.852,32.027,"3",2022-07-21
"GH",NA,"4",2022-07-21 23:00:17,2022-07-21 16:00:17,2022-07-21 23:15:17,2022-07-21 16:15:17,1.4,7.44,17.267,31.566,"4",2022-07-21
"HH",NA,"1",2022-07-27 01:49:43,2022-07-26 18:49:43,2022-07-27 01:57:41,2022-07-26 18:57:41,34.1,118.64,8.015,33.806,"0",2022-07-26
"HH",NA,"1",2022-07-27 01:49:43,2022-07-26 18:49:43,2022-07-27 01:59:20,2022-07-26 18:59:20,28.1,19.52,8.195,33.798,"3",2022-07-26
"HH",NA,"1",2022-07-27 01:49:43,2022-07-26 18:49:43,2022-07-27 02:06:48,2022-07-26 19:06:48,1.2,25.14,9.277,33.498,"4",2022-07-26
"HH",NA,"2",2022-07-27 21:48:33,2022-07-27 14:48:33,2022-07-27 21:58:50,2022-07-27 14:58:50,104.1,242.33,7.41,33.962,"0",2022-07-27
"HH",NA,"2",2022-07-27 21:48:33,2022-07-27 14:48:33,2022-07-27 22:04:38,2022-07-27 15:04:38,71.2,79.46,7.656,33.864,"1",2022-07-27
"HH",NA,"2",2022-07-27 21:48:33,2022-07-27 14:48:33,2022-07-27 22:07:02,2022-07-27 15:07:02,49,15.48,8.096,33.452,"2",2022-07-27
"HH",NA,"2",2022-07-27 21:48:33,2022-07-27 14:48:33,2022-07-27 22:10:05,2022-07-27 15:10:05,25.8,13.8,9.941,33.298,"3",2022-07-27
"HH",NA,"2",2022-07-27 21:48:33,2022-07-27 14:48:33,2022-07-27 22:15:09,2022-07-27 15:15:09,1.9,13.46,11.885,32.889,"4",2022-07-27
"HH",NA,"3",2022-07-27 17:44:47,2022-07-27 10:44:47,2022-07-27 18:00:42,2022-07-27 11:00:42,99.5,394.07,7.375,33.953,"0",2022-07-27
"HH",NA,"3",2022-07-27 17:44:47,2022-07-27 10:44:47,2022-07-27 18:06:07,2022-07-27 11:06:07,74,86.42,7.589,33.903,"1",2022-07-27
"HH",NA,"3",2022-07-27 17:44:47,2022-07-27 10:44:47,2022-07-27 18:09:44,2022-07-27 11:09:44,48.2,37.13,7.942,33.476,"2",2022-07-27
"HH",NA,"3",2022-07-27 17:44:47,2022-07-27 10:44:47,2022-07-27 18:12:33,2022-07-27 11:12:33,24.7,10.42,8.194,32.974,"3",2022-07-27
"HH",NA,"3",2022-07-27 17:44:47,2022-07-27 10:44:47,2022-07-27 18:19:26,2022-07-27 11:19:26,1.3,37.34,11.166,32.61,"4",2022-07-27
"HH",NA,"4",2022-07-27 13:40:40,2022-07-27 06:40:40,2022-07-27 13:49:34,2022-07-27 06:49:34,101.6,267.37,8.137,33.734,"0",2022-07-27
"HH",NA,"4",2022-07-27 13:40:40,2022-07-27 06:40:40,2022-07-27 13:55:44,2022-07-27 06:55:44,71,121.38,8.121,33.347,"1",2022-07-27
"HH",NA,"4",2022-07-27 13:40:40,2022-07-27 06:40:40,2022-07-27 14:02:09,2022-07-27 07:02:09,51.1,80.04,8.701,32.683,"2",2022-07-27
"HH",NA,"4",2022-07-27 13:40:40,2022-07-27 06:40:40,2022-07-27 14:07:09,2022-07-27 07:07:09,26,36.82,9.481,32.146,"3",2022-07-27
"HH",NA,"4",2022-07-27 13:40:40,2022-07-27 06:40:40,2022-07-27 14:13:29,2022-07-27 07:13:29,1.6,56.46,14.667,31.247,"4",2022-07-27
"NH",NA,"1",2022-07-26 14:02:40,2022-07-26 07:02:40,2022-07-26 14:07:30,2022-07-26 07:07:30,24.8,119.05,7.523,33.891,"0",2022-07-26
"NH",NA,"1",2022-07-26 14:02:40,2022-07-26 07:02:40,2022-07-26 14:15:25,2022-07-26 07:15:25,1.6,95.03,8.188,33.815,"3",2022-07-26
"NH",NA,"1",2022-07-26 14:02:40,2022-07-26 07:02:40,2022-07-26 14:16:48,2022-07-26 07:16:48,2.3,18.04,8.536,33.665,"4",2022-07-26
"NH",NA,"2",2022-07-26 16:32:45,2022-07-26 09:32:45,2022-07-26 16:39:57,2022-07-26 09:39:57,73.6,184.41,7.407,33.914,"0",2022-07-26
"NH",NA,"2",2022-07-26 16:32:45,2022-07-26 09:32:45,2022-07-26 16:43:11,2022-07-26 09:43:11,50.2,34.52,7.806,33.798,"2",2022-07-26
"NH",NA,"2",2022-07-26 16:32:45,2022-07-26 09:32:45,2022-07-26 16:50:36,2022-07-26 09:50:36,22.7,108.47,8.905,33.107,"3",2022-07-26
"NH",NA,"2",2022-07-26 16:32:45,2022-07-26 09:32:45,2022-07-26 16:58:49,2022-07-26 09:58:49,1.8,38.88,9.803,33.045,"4",2022-07-26
"NH",NA,"3",2022-07-26 19:34:32,2022-07-26 12:34:32,2022-07-26 19:53:58,2022-07-26 12:53:58,100.5,482.25,7.569,33.848,"0",2022-07-26
"NH",NA,"3",2022-07-26 19:34:32,2022-07-26 12:34:32,2022-07-26 20:02:37,2022-07-26 13:02:37,75.2,114.85,7.982,33.625,"1",2022-07-26
"NH",NA,"3",2022-07-26 19:34:32,2022-07-26 12:34:32,2022-07-26 20:06:59,2022-07-26 13:06:59,47.3,22.48,7.984,32.949,"2",2022-07-26
"NH",NA,"3",2022-07-26 19:34:32,2022-07-26 12:34:32,2022-07-26 20:10:29,2022-07-26 13:10:29,26.1,14.05,8.409,32.469,"3",2022-07-26
"NH",NA,"3",2022-07-26 19:34:32,2022-07-26 12:34:32,2022-07-26 20:18:06,2022-07-26 13:18:06,2.7,28.79,11.729,31.775,"4",2022-07-26
"NH",NA,"4",2022-07-26 01:30:47,2022-07-25 18:30:47,2022-07-26 01:42:44,2022-07-25 18:42:44,100.2,388.36,8.287,33.671,"0",2022-07-25
"NH",NA,"4",2022-07-26 01:30:47,2022-07-25 18:30:47,2022-07-26 01:46:54,2022-07-25 18:46:54,74.9,70.53,8.345,33.333,"1",2022-07-25
"NH",NA,"4",2022-07-26 01:30:47,2022-07-25 18:30:47,2022-07-26 01:49:51,2022-07-25 18:49:51,51.1,20.33,8.456,32.4,"2",2022-07-25
"NH",NA,"4",2022-07-26 01:30:47,2022-07-25 18:30:47,2022-07-26 01:55:32,2022-07-25 18:55:32,25.9,48.12,10.54,31.857,"3",2022-07-25
"NH",NA,"4",2022-07-26 01:30:47,2022-07-25 18:30:47,2022-07-26 01:59:56,2022-07-25 18:59:56,2.6,33.99,16.188,30.524,"4",2022-07-25
"NH",NA,"5",2022-07-25 21:30:48,2022-07-25 14:30:48,2022-07-25 21:40:17,2022-07-25 14:40:17,101.3,432.75,8.007,33.714,"0",2022-07-25
"NH",NA,"5",2022-07-25 21:30:48,2022-07-25 14:30:48,2022-07-25 21:43:18,2022-07-25 14:43:18,75.6,67.17,8.719,33.071,"1",2022-07-25
"NH",NA,"5",2022-07-25 21:30:48,2022-07-25 14:30:48,2022-07-25 21:49:09,2022-07-25 14:49:09,50,98.62,9.324,32.389,"2",2022-07-25
"NH",NA,"5",2022-07-25 21:30:48,2022-07-25 14:30:48,2022-07-25 21:54:44,2022-07-25 14:54:44,25.4,96.64,12.044,31.853,"3",2022-07-25
"NH",NA,"5",2022-07-25 21:30:48,2022-07-25 14:30:48,2022-07-25 21:59:22,2022-07-25 14:59:22,2.7,91.32,15.361,30.47,"4",2022-07-25
"NH",NA,"6",2022-07-25 17:04:12,2022-07-25 10:04:12,2022-07-25 17:13:51,2022-07-25 10:13:51,101.1,405.42,8.605,33.376,"0",2022-07-25
"NH",NA,"6",2022-07-25 17:04:12,2022-07-25 10:04:12,2022-07-25 17:18:23,2022-07-25 10:18:23,74.2,113.09,8.518,32.506,"1",2022-07-25
"NH",NA,"6",2022-07-25 17:04:12,2022-07-25 10:04:12,2022-07-25 17:20:37,2022-07-25 10:20:37,49.6,36.16,10.286,32.126,"2",2022-07-25
"NH",NA,"6",2022-07-25 17:04:12,2022-07-25 10:04:12,2022-07-25 17:25:07,2022-07-25 10:25:07,24.5,105.09,13.945,31.933,"3",2022-07-25
"NH",NA,"6",2022-07-25 17:04:12,2022-07-25 10:04:12,2022-07-25 17:29:29,2022-07-25 10:29:29,1.5,114.62,16.999,20.697,"4",2022-07-25
"RR",NA,"1",2022-07-29 02:23:47,2022-07-28 19:23:47,2022-07-29 02:33:35,2022-07-28 19:33:35,45.1,219.77,8.205,33.858,"0",2022-07-28
"RR",NA,"1",2022-07-29 02:23:47,2022-07-28 19:23:47,2022-07-29 02:37:22,2022-07-28 19:37:22,26.7,18.33,8.222,33.85,"3",2022-07-28
"RR",NA,"1",2022-07-29 02:23:47,2022-07-28 19:23:47,2022-07-29 02:43:25,2022-07-28 19:43:25,3.9,31.1,12.806,33.109,"4",2022-07-28
"RR",NA,"2",2022-07-29 00:00:31,2022-07-28 17:00:31,2022-07-29 00:12:26,2022-07-28 17:12:26,100.6,240.55,8.097,33.875,"0",2022-07-28
"RR",NA,"2",2022-07-29 00:00:31,2022-07-28 17:00:31,2022-07-29 00:16:35,2022-07-28 17:16:35,75.1,17.3,8.038,33.89,"1",2022-07-28
"RR",NA,"2",2022-07-29 00:00:31,2022-07-28 17:00:31,2022-07-29 00:21:56,2022-07-28 17:21:56,48.9,12.61,8.314,33.821,"2",2022-07-28
"RR",NA,"2",2022-07-29 00:00:31,2022-07-28 17:00:31,2022-07-29 00:26:35,2022-07-28 17:26:35,25.6,15.41,8.424,33.793,"3",2022-07-28
"RR",NA,"2",2022-07-29 00:00:31,2022-07-28 17:00:31,2022-07-29 00:30:55,2022-07-28 17:30:55,3.4,30.67,9.064,33.746,"4",2022-07-28
"RR",NA,"3.5",2022-07-28 17:10:44,2022-07-28 10:10:44,2022-07-28 17:18:28,2022-07-28 10:18:28,102,291.08,9.984,33.393,"0",2022-07-28
"RR",NA,"3.5",2022-07-28 17:10:44,2022-07-28 10:10:44,2022-07-28 17:24:11,2022-07-28 10:24:11,72.9,140.56,10.541,33.164,"1",2022-07-28
"RR",NA,"3.5",2022-07-28 17:10:44,2022-07-28 10:10:44,2022-07-28 17:27:31,2022-07-28 10:27:31,50.1,57.86,9.968,32.43,"2",2022-07-28
"RR",NA,"3.5",2022-07-28 17:10:44,2022-07-28 10:10:44,2022-07-28 17:31:54,2022-07-28 10:31:54,25.4,44.05,11.851,32.131,"3",2022-07-28
"RR",NA,"3.5",2022-07-28 17:10:44,2022-07-28 10:10:44,2022-07-28 17:36:55,2022-07-28 10:36:55,1.1,50.66,16.118,31.418,"4",2022-07-28
"RR",NA,"3",2022-07-28 20:30:05,2022-07-28 13:30:05,2022-07-28 20:37:15,2022-07-28 13:37:15,99.5,325.37,8.352,33.712,"0",2022-07-28
"RR",NA,"3",2022-07-28 20:30:05,2022-07-28 13:30:05,2022-07-28 20:39:22,2022-07-28 13:39:22,72.5,36.32,8.51,33.51,"1",2022-07-28
"RR",NA,"3",2022-07-28 20:30:05,2022-07-28 13:30:05,2022-07-28 20:43:45,2022-07-28 13:43:45,49.3,54.09,9.879,33.381,"2",2022-07-28
"RR",NA,"3",2022-07-28 20:30:05,2022-07-28 13:30:05,2022-07-28 20:47:59,2022-07-28 13:47:59,24.6,37.68,9.666,33.251,"3",2022-07-28
"RR",NA,"3",2022-07-28 20:30:05,2022-07-28 13:30:05,2022-07-28 20:52:22,2022-07-28 13:52:22,1.6,38.45,12.589,32.715,"4",2022-07-28
"CR",NA,"1",2023-02-19 15:18:51,2023-02-19 07:18:51,2023-02-19 15:23:27,2023-02-19 07:23:27,33.9,126.53,9.482,32.573,"0",2023-02-19
"CR",NA,"1",2023-02-19 15:18:51,2023-02-19 07:18:51,2023-02-19 15:25:05,2023-02-19 07:25:05,23.8,69.39,9.509,32.319,"3",2023-02-19
"CR",NA,"1",2023-02-19 15:18:51,2023-02-19 07:18:51,2023-02-19 15:30:30,2023-02-19 07:30:30,1.5,260.1,8.881,29.101,"4",2023-02-19
"CR",NA,"2",2023-02-19 17:27:18,2023-02-19 09:27:18,2023-02-19 17:36:08,2023-02-19 09:36:08,100.5,192.91,7.457,33.916,"0",2023-02-19
"CR",NA,"2",2023-02-19 17:27:18,2023-02-19 09:27:18,2023-02-19 17:41:12,2023-02-19 09:41:12,73.9,225.94,9.276,33.049,"1",2023-02-19
"CR",NA,"2",2023-02-19 17:27:18,2023-02-19 09:27:18,2023-02-19 17:45:37,2023-02-19 09:45:37,49,218.11,9.315,32.349,"2",2023-02-19
"CR",NA,"2",2023-02-19 17:27:18,2023-02-19 09:27:18,2023-02-19 17:50:14,2023-02-19 09:50:14,25,228.27,9.355,32.348,"3",2023-02-19
"CR",NA,"2",2023-02-19 17:27:18,2023-02-19 09:27:18,2023-02-19 17:56:24,2023-02-19 09:56:24,1.1,345.75,8.444,25.977,"4",2023-02-19
"CR",NA,"3",2023-02-19 20:58:11,2023-02-19 12:58:11,2023-02-19 21:08:11,2023-02-19 13:08:11,101.2,281.68,8.833,33.429,"0",2023-02-19
"CR",NA,"3",2023-02-19 20:58:11,2023-02-19 12:58:11,2023-02-19 21:14:58,2023-02-19 13:14:58,75.6,336.03,9.575,32.71,"1",2023-02-19
"CR",NA,"3",2023-02-19 20:58:11,2023-02-19 12:58:11,2023-02-19 21:19:21,2023-02-19 13:19:21,49.8,211.29,9.585,32.383,"2",2023-02-19
"CR",NA,"3",2023-02-19 20:58:11,2023-02-19 12:58:11,2023-02-19 21:25:57,2023-02-19 13:25:57,25.5,359.68,9.417,32.28,"3",2023-02-19
"CR",NA,"3",2023-02-19 20:58:11,2023-02-19 12:58:11,2023-02-19 21:32:01,2023-02-19 13:32:01,0.9,313.49,9.308,0.005,"4",2023-02-19
"CR",NA,"4",2023-02-20 00:25:15,2023-02-19 16:25:15,2023-02-20 00:33:42,2023-02-19 16:33:42,99.4,246.86,8.837,33.462,"0",2023-02-19
"CR",NA,"4",2023-02-20 00:25:15,2023-02-19 16:25:15,2023-02-20 00:37:57,2023-02-19 16:37:57,73.5,152.45,9.526,32.614,"1",2023-02-19
"CR",NA,"4",2023-02-20 00:25:15,2023-02-19 16:25:15,2023-02-20 00:41:43,2023-02-19 16:41:43,48.9,155.91,9.457,32.343,"2",2023-02-19
"CR",NA,"4",2023-02-20 00:25:15,2023-02-19 16:25:15,2023-02-20 00:48:32,2023-02-19 16:48:32,25.1,290,9.505,32.347,"3",2023-02-19
"CR",NA,"4",2023-02-20 00:25:15,2023-02-19 16:25:15,2023-02-20 00:56:16,2023-02-19 16:56:16,2.9,426.39,9.543,32.346,"4",2023-02-19
"GH",NA,"1",2023-02-18 22:24:47,2023-02-18 14:24:47,2023-02-18 22:30:29,2023-02-18 14:30:29,34.4,208.87,9.366,32.317,"0",2023-02-18
"GH",NA,"1",2023-02-18 22:24:47,2023-02-18 14:24:47,2023-02-18 22:32:46,2023-02-18 14:32:46,25.6,119.1,9.392,31.964,"3",2023-02-18
"GH",NA,"1",2023-02-18 22:24:47,2023-02-18 14:24:47,2023-02-18 22:38:27,2023-02-18 14:38:27,0.8,316.54,8.628,14.826,"4",2023-02-18
"GH",NA,"2",2023-02-18 19:24:13,2023-02-18 11:24:13,2023-02-18 19:35:57,2023-02-18 11:35:57,71.2,376.31,8.659,33.324,"0",2023-02-18
"GH",NA,"2",2023-02-18 19:24:13,2023-02-18 11:24:13,2023-02-18 19:42:07,2023-02-18 11:42:07,51.9,204.67,9.179,32.631,"2",2023-02-18
"GH",NA,"2",2023-02-18 19:24:13,2023-02-18 11:24:13,2023-02-18 19:48:45,2023-02-18 11:48:45,26.3,251.49,8.496,31.61,"3",2023-02-18
"GH",NA,"2",2023-02-18 19:24:13,2023-02-18 11:24:13,2023-02-18 19:56:51,2023-02-18 11:56:51,1.5,506.73,8.609,30.922,"4",2023-02-18
"GH",NA,"3",2023-02-18 16:03:31,2023-02-18 08:03:31,2023-02-18 16:13:13,2023-02-18 08:13:13,101.1,276.98,8.461,33.279,"0",2023-02-18
"GH",NA,"3",2023-02-18 16:03:31,2023-02-18 08:03:31,2023-02-18 16:19:25,2023-02-18 08:19:25,73.7,309.57,8.98,32.869,"1",2023-02-18
"GH",NA,"3",2023-02-18 16:03:31,2023-02-18 08:03:31,2023-02-18 16:22:56,2023-02-18 08:22:56,49.3,177.98,9.17,32.329,"2",2023-02-18
"GH",NA,"3",2023-02-18 16:03:31,2023-02-18 08:03:31,2023-02-18 16:28:03,2023-02-18 08:28:03,25,263.59,8.211,31.564,"3",2023-02-18
"GH",NA,"3",2023-02-18 16:03:31,2023-02-18 08:03:31,2023-02-18 16:34:36,2023-02-18 08:34:36,1.1,442.68,8.045,30.234,"4",2023-02-18
"GH",NA,"4",2023-02-17 18:02:03,2023-02-17 10:02:03,2023-02-17 18:11:35,2023-02-17 10:11:35,100.4,284.06,8.601,33.621,"0",2023-02-17
"GH",NA,"4",2023-02-17 18:02:03,2023-02-17 10:02:03,2023-02-17 18:14:33,2023-02-17 10:14:33,66.7,145.34,9.001,32.841,"1",2023-02-17
"GH",NA,"4",2023-02-17 18:02:03,2023-02-17 10:02:03,2023-02-17 18:16:24,2023-02-17 10:16:24,47.4,97.55,9.06,32.292,"2",2023-02-17
"GH",NA,"4",2023-02-17 18:02:03,2023-02-17 10:02:03,2023-02-17 18:18:36,2023-02-17 10:18:36,23.6,108.43,8.959,32.25,"3",2023-02-17
"GH",NA,"4",2023-02-17 18:02:03,2023-02-17 10:02:03,2023-02-17 18:21:45,2023-02-17 10:21:45,2,170.63,8.962,32.228,"4",2023-02-17
"GH",NA,"5",2023-02-17 21:26:19,2023-02-17 13:26:19,2023-02-17 21:34:22,2023-02-17 13:34:22,104.5,273.69,8.819,33.523,"0",2023-02-17
"GH",NA,"5",2023-02-17 21:26:19,2023-02-17 13:26:19,2023-02-17 21:39:45,2023-02-17 13:39:45,74.5,209.27,9.159,32.506,"1",2023-02-17
"GH",NA,"5",2023-02-17 21:26:19,2023-02-17 13:26:19,2023-02-17 21:42:47,2023-02-17 13:42:47,49.3,125.37,9.108,32.297,"2",2023-02-17
"GH",NA,"5",2023-02-17 21:26:19,2023-02-17 13:26:19,2023-02-17 21:47:24,2023-02-17 13:47:24,20.5,229.2,9.113,32.297,"3",2023-02-17
"GH",NA,"5",2023-02-17 21:26:19,2023-02-17 13:26:19,2023-02-17 21:51:47,2023-02-17 13:51:47,1,240.89,9.175,32.29,"4",2023-02-17
"GH",NA,"6",2023-02-18 00:54:26,2023-02-17 16:54:26,2023-02-18 01:03:20,2023-02-17 17:03:20,98,257.09,8.346,33.307,"0",2023-02-17
"GH",NA,"6",2023-02-18 00:54:26,2023-02-17 16:54:26,2023-02-18 01:07:37,2023-02-17 17:07:37,73.4,195.58,9.205,32.382,"1",2023-02-17
"GH",NA,"6",2023-02-18 00:54:26,2023-02-17 16:54:26,2023-02-18 01:11:47,2023-02-17 17:11:47,50.8,187.25,9.103,32.305,"2",2023-02-17
"GH",NA,"6",2023-02-18 00:54:26,2023-02-17 16:54:26,2023-02-18 01:16:28,2023-02-17 17:16:28,26.4,209.87,9.125,32.299,"3",2023-02-17
"GH",NA,"6",2023-02-18 00:54:26,2023-02-17 16:54:26,2023-02-18 01:23:31,2023-02-17 17:23:31,2.8,313.44,9.144,32.293,"4",2023-02-17
"HH",NA,"1",2023-02-27 01:54:46,2023-02-26 17:54:46,2023-02-27 02:01:59,2023-02-26 18:01:59,38.6,247.96,8.813,32.977,"0",2023-02-26
"HH",NA,"1",2023-02-27 01:54:46,2023-02-26 17:54:46,2023-02-27 02:05:56,2023-02-26 18:05:56,22.8,141.13,8.791,32.346,"3",2023-02-26
"HH",NA,"1",2023-02-27 01:54:46,2023-02-26 17:54:46,2023-02-27 02:12:21,2023-02-26 18:12:21,0.8,288.95,8.754,31.854,"4",2023-02-26
"HH",NA,"2",2023-02-26 23:31:21,2023-02-26 15:31:21,2023-02-26 23:40:29,2023-02-26 15:40:29,102.1,233.55,7.224,33.966,"0",2023-02-26
"HH",NA,"2",2023-02-26 23:31:21,2023-02-26 15:31:21,2023-02-26 23:44:13,2023-02-26 15:44:13,76.8,112.19,7.536,33.874,"1",2023-02-26
"HH",NA,"2",2023-02-26 23:31:21,2023-02-26 15:31:21,2023-02-26 23:47:56,2023-02-26 15:47:56,49.3,104.43,8.616,33.51,"2",2023-02-26
"HH",NA,"2",2023-02-26 23:31:21,2023-02-26 15:31:21,2023-02-26 23:51:01,2023-02-26 15:51:01,24.8,106.1,9.098,32.276,"3",2023-02-26
"HH",NA,"2",2023-02-26 23:31:21,2023-02-26 15:31:21,2023-02-26 23:56:13,2023-02-26 15:56:13,1,285.24,8.822,31.666,"4",2023-02-26
"HH",NA,"3",2023-02-26 19:52:57,2023-02-26 11:52:57,2023-02-26 20:02:29,2023-02-26 12:02:29,100.5,269.86,8.481,33.555,"0",2023-02-26
"HH",NA,"3",2023-02-26 19:52:57,2023-02-26 11:52:57,2023-02-26 20:07:51,2023-02-26 12:07:51,74.4,222.59,9.348,32.923,"1",2023-02-26
"HH",NA,"3",2023-02-26 19:52:57,2023-02-26 11:52:57,2023-02-26 20:12:10,2023-02-26 12:12:10,46.4,199.57,9.53,32.582,"2",2023-02-26
"HH",NA,"3",2023-02-26 19:52:57,2023-02-26 11:52:57,2023-02-26 20:18:51,2023-02-26 12:18:51,23.5,322.43,8.968,32.042,"3",2023-02-26
"HH",NA,"3",2023-02-26 19:52:57,2023-02-26 11:52:57,2023-02-26 20:23:35,2023-02-26 12:23:35,0.7,236.46,8.919,32.034,"4",2023-02-26
"HH",NA,"4",2023-02-26 15:38:15,2023-02-26 07:38:15,2023-02-26 15:46:37,2023-02-26 07:46:37,99.1,214.85,9.812,32.86,"0",2023-02-26
"HH",NA,"4",2023-02-26 15:38:15,2023-02-26 07:38:15,2023-02-26 15:52:36,2023-02-26 07:52:36,74.9,207.8,10.135,32.269,"1",2023-02-26
"HH",NA,"4",2023-02-26 15:38:15,2023-02-26 07:38:15,2023-02-26 15:56:06,2023-02-26 07:56:06,49.4,157.59,10.137,32.27,"2",2023-02-26
"HH",NA,"4",2023-02-26 15:38:15,2023-02-26 07:38:15,2023-02-26 16:01:18,2023-02-26 08:01:18,23.6,229.99,10.143,32.271,"3",2023-02-26
"HH",NA,"4",2023-02-26 15:38:15,2023-02-26 07:38:15,2023-02-26 16:06:14,2023-02-26 08:06:14,0.7,220.59,9.936,3.643,"4",2023-02-26
"NH",NA,"1",2023-02-24 18:27:47,2023-02-24 10:27:47,2023-02-24 18:32:25,2023-02-24 10:32:25,40.1,142.25,8.488,33.633,"0",2023-02-24
"NH",NA,"1",2023-02-24 18:27:47,2023-02-24 10:27:47,2023-02-24 18:34:20,2023-02-24 10:34:20,24.6,92.79,9.136,33.22,"3",2023-02-24
"NH",NA,"1",2023-02-24 18:27:47,2023-02-24 10:27:47,2023-02-24 18:40:52,2023-02-24 10:40:52,1.4,378.11,8.562,32.127,"4",2023-02-24
"NH",NA,"2",2023-02-24 21:08:20,2023-02-24 13:08:20,2023-02-24 21:18:01,2023-02-24 13:18:01,79.1,320.48,8.457,33.667,"0",2023-02-24
"NH",NA,"2",2023-02-24 21:08:20,2023-02-24 13:08:20,2023-02-24 21:24:31,2023-02-24 13:24:31,49.7,332.7,9.588,32.772,"2",2023-02-24
"NH",NA,"2",2023-02-24 21:08:20,2023-02-24 13:08:20,2023-02-24 21:28:41,2023-02-24 13:28:41,24.5,201.86,9.673,32.385,"3",2023-02-24
"NH",NA,"2",2023-02-24 21:08:20,2023-02-24 13:08:20,2023-02-24 21:34:17,2023-02-24 13:34:17,1.5,329.88,8.948,31.898,"4",2023-02-24
"NH",NA,"3",2023-02-25 23:55:58,2023-02-25 15:55:58,2023-02-25 00:04:36,2023-02-24 16:04:36,99.5,250.9,8.823,33.426,"0",2023-02-25
"NH",NA,"3",2023-02-25 23:55:58,2023-02-25 15:55:58,2023-02-25 00:08:06,2023-02-24 16:08:06,73.3,151.44,9.376,32.587,"1",2023-02-25
"NH",NA,"3",2023-02-25 23:55:58,2023-02-25 15:55:58,2023-02-25 00:11:09,2023-02-24 16:11:09,50.8,146.17,9.6,32.296,"2",2023-02-25
"NH",NA,"3",2023-02-25 23:55:58,2023-02-25 15:55:58,2023-02-25 00:17:43,2023-02-24 16:17:43,25.3,312.84,9.246,32.007,"3",2023-02-25
"NH",NA,"3",2023-02-25 23:55:58,2023-02-25 15:55:58,2023-02-25 00:23:14,2023-02-24 16:23:14,2,301.02,8.702,31.479,"4",2023-02-25
"NH",NA,"4",2023-02-25 22:46:32,2023-02-25 14:46:32,2023-02-25 22:54:52,2023-02-25 14:54:52,102.4,279.85,8.84,33.445,"0",2023-02-25
"NH",NA,"4",2023-02-25 22:46:32,2023-02-25 14:46:32,2023-02-25 23:00:34,2023-02-25 15:00:34,74.8,274.64,9.496,32.71,"1",2023-02-25
"NH",NA,"4",2023-02-25 22:46:32,2023-02-25 14:46:32,2023-02-25 23:04:09,2023-02-25 15:04:09,48.1,181.76,9.533,32.3,"2",2023-02-25
"NH",NA,"4",2023-02-25 22:46:32,2023-02-25 14:46:32,2023-02-25 23:08:02,2023-02-25 15:08:02,24.9,185.57,8.99,31.947,"3",2023-02-25
"NH",NA,"4",2023-02-25 22:46:32,2023-02-25 14:46:32,2023-02-25 23:12:45,2023-02-25 15:12:45,1.9,260.02,9.221,31.949,"4",2023-02-25
"NH",NA,"5",2023-02-25 19:31:59,2023-02-25 11:31:59,2023-02-25 19:40:49,2023-02-25 11:40:49,97.3,249.15,9.066,33.259,"0",2023-02-25
"NH",NA,"5",2023-02-25 19:31:59,2023-02-25 11:31:59,2023-02-25 19:44:51,2023-02-25 11:44:51,75.7,185.82,9.358,32.501,"1",2023-02-25
"NH",NA,"5",2023-02-25 19:31:59,2023-02-25 11:31:59,2023-02-25 19:50:35,2023-02-25 11:50:35,47.6,296.47,9.503,32.277,"2",2023-02-25
"NH",NA,"5",2023-02-25 19:31:59,2023-02-25 11:31:59,2023-02-25 19:54:31,2023-02-25 11:54:31,25.2,203.58,9.252,32.177,"3",2023-02-25
"NH",NA,"5",2023-02-25 19:31:59,2023-02-25 11:31:59,2023-02-25 19:59:29,2023-02-25 11:59:29,0.9,271.16,9.271,32.166,"4",2023-02-25
"NH",NA,"6",2023-02-25 16:20:16,2023-02-25 08:20:16,2023-02-25 16:29:21,2023-02-25 08:29:21,101.2,238.59,8.61,33.455,"0",2023-02-25
"NH",NA,"6",2023-02-25 16:20:16,2023-02-25 08:20:16,2023-02-25 16:33:51,2023-02-25 08:33:51,76.1,212.41,9.052,32.713,"1",2023-02-25
"NH",NA,"6",2023-02-25 16:20:16,2023-02-25 08:20:16,2023-02-25 16:40:13,2023-02-25 08:40:13,49.4,302.85,9.515,32.334,"2",2023-02-25
"NH",NA,"6",2023-02-25 16:20:16,2023-02-25 08:20:16,2023-02-25 16:44:36,2023-02-25 08:44:36,24.8,210.61,9.487,32.332,"3",2023-02-25
"NH",NA,"6",2023-02-25 16:20:16,2023-02-25 08:20:16,2023-02-25 16:49:55,2023-02-25 08:49:55,1.2,286.08,9.468,32.31,"4",2023-02-25
"CM",NA,"1",2023-08-14 02:06:07,2023-08-13 19:06:07,2023-08-14 02:09:56,2023-08-13 19:09:56,-7.6,268.8,8.207,33.706,"0",2023-08-13
"CM",NA,"1",2023-08-14 02:06:07,2023-08-13 19:06:07,2023-08-14 02:16:37,2023-08-13 19:16:37,-47.2,563.47,10.341,33.242,"4",2023-08-13
"CM",NA,"2",2023-08-14 00:23:45,2023-08-13 17:23:45,2023-08-14 00:29:34,2023-08-13 17:29:34,71.2,233.91,7.662,33.887,"0",2023-08-13
"CM",NA,"2",2023-08-14 00:23:45,2023-08-13 17:23:45,2023-08-14 00:33:41,2023-08-13 17:33:41,38.9,150.84,7.885,33.823,"1",2023-08-13
"CM",NA,"2",2023-08-14 00:23:45,2023-08-13 17:23:45,2023-08-14 00:38:37,2023-08-13 17:38:37,11.2,304.64,8.2,33.678,"2",2023-08-13
"CM",NA,"2",2023-08-14 00:23:45,2023-08-13 17:23:45,2023-08-14 00:41:26,2023-08-13 17:41:26,-16.6,224.8,8.616,32.894,"3",2023-08-13
"CM",NA,"2",2023-08-14 00:23:45,2023-08-13 17:23:45,2023-08-14 00:46:15,2023-08-13 17:46:15,-46.4,341.44,13.432,32.139,"4",2023-08-13
"CM",NA,"3",2023-08-13 20:51:34,2023-08-13 13:51:34,2023-08-13 20:59:32,2023-08-13 13:59:32,72.4,255.87,8.193,33.701,"0",2023-08-13
"CM",NA,"3",2023-08-13 20:51:34,2023-08-13 13:51:34,2023-08-13 21:04:11,2023-08-13 14:04:11,40.1,284.21,8.464,33.214,"1",2023-08-13
"CM",NA,"3",2023-08-13 20:51:34,2023-08-13 13:51:34,2023-08-13 21:08:12,2023-08-13 14:08:12,12.6,230.25,8.891,32.739,"2",2023-08-13
"CM",NA,"3",2023-08-13 20:51:34,2023-08-13 13:51:34,2023-08-13 21:10:58,2023-08-13 14:10:58,-17,184.5,9.912,32.361,"3",2023-08-13
"CM",NA,"3",2023-08-13 20:51:34,2023-08-13 13:51:34,2023-08-13 21:15:16,2023-08-13 14:15:16,-46.5,306.72,17.972,31.053,"4",2023-08-13
"CM",NA,"4",2023-08-13 17:24:23,2023-08-13 10:24:23,2023-08-13 17:33:32,2023-08-13 10:33:32,67.8,481.71,8.681,33.119,"0",2023-08-13
"CM",NA,"4",2023-08-13 17:24:23,2023-08-13 10:24:23,2023-08-13 17:36:59,2023-08-13 10:36:59,42.7,223.12,9.157,32.492,"1",2023-08-13
"CM",NA,"4",2023-08-13 17:24:23,2023-08-13 10:24:23,2023-08-13 17:41:34,2023-08-13 10:41:34,11.9,360.22,10.54,32.305,"2",2023-08-13
"CM",NA,"4",2023-08-13 17:24:23,2023-08-13 10:24:23,2023-08-13 17:46:52,2023-08-13 10:46:52,-20.4,446.48,19.275,31.916,"3",2023-08-13
"CM",NA,"4",2023-08-13 17:24:23,2023-08-13 10:24:23,2023-08-13 17:51:13,2023-08-13 10:51:13,-46.8,385.54,19.794,31.832,"4",2023-08-13
"CR",NA,"1",2023-08-13 00:12:55,2023-08-12 17:12:55,2023-08-13 00:18:52,2023-08-12 17:18:52,-10.1,388.52,8.097,33.715,"0",2023-08-12
"CR",NA,"1",2023-08-13 00:12:55,2023-08-12 17:12:55,2023-08-13 00:26:46,2023-08-12 17:26:46,-44.3,849.02,12.189,31.848,"4",2023-08-12
"CR",NA,"2",2023-08-12 21:46:20,2023-08-12 14:46:20,2023-08-12 21:54:00,2023-08-12 14:54:00,71.4,382.17,7.507,33.903,"0",2023-08-12
"CR",NA,"2",2023-08-12 21:46:20,2023-08-12 14:46:20,2023-08-12 21:57:40,2023-08-12 14:57:40,41.2,266.95,7.65,33.868,"1",2023-08-12
"CR",NA,"2",2023-08-12 21:46:20,2023-08-12 14:46:20,2023-08-12 22:03:10,2023-08-12 15:03:10,7.3,429.71,8.078,33.73,"2",2023-08-12
"CR",NA,"2",2023-08-12 21:46:20,2023-08-12 14:46:20,2023-08-12 22:06:04,2023-08-12 15:06:04,-18.7,227.26,8.305,33.375,"3",2023-08-12
"CR",NA,"2",2023-08-12 21:46:20,2023-08-12 14:46:20,2023-08-12 22:10:30,2023-08-12 15:10:30,-47.1,367.18,15.967,27.384,"4",2023-08-12
"CR",NA,"3",2023-08-12 18:25:36,2023-08-12 11:25:36,2023-08-12 18:37:02,2023-08-12 11:37:02,74.7,774.43,7.869,33.826,"0",2023-08-12
"CR",NA,"3",2023-08-12 18:25:36,2023-08-12 11:25:36,2023-08-12 18:43:47,2023-08-12 11:43:47,40.8,554.48,8.293,33.616,"1",2023-08-12
"CR",NA,"3",2023-08-12 18:25:36,2023-08-12 11:25:36,2023-08-12 18:48:15,2023-08-12 11:48:15,12.5,369.54,8.593,32.992,"2",2023-08-12
"CR",NA,"3",2023-08-12 18:25:36,2023-08-12 11:25:36,2023-08-12 18:53:11,2023-08-12 11:53:11,-16.5,402.21,9.578,32.381,"3",2023-08-12
"CR",NA,"3",2023-08-12 18:25:36,2023-08-12 11:25:36,2023-08-12 18:58:55,2023-08-12 11:58:55,-46.1,468.59,18.192,31.738,"4",2023-08-12
"CR",NA,"4",2023-08-12 14:41:06,2023-08-12 07:41:06,2023-08-12 14:50:17,2023-08-12 07:50:17,71.1,461.77,8.381,33.536,"0",2023-08-12
"CR",NA,"4",2023-08-12 14:41:06,2023-08-12 07:41:06,2023-08-12 14:55:34,2023-08-12 07:55:34,42.7,441.18,8.788,32.987,"1",2023-08-12
"CR",NA,"4",2023-08-12 14:41:06,2023-08-12 07:41:06,2023-08-12 14:59:58,2023-08-12 07:59:58,10.8,341.92,9.277,32.434,"2",2023-08-12
"CR",NA,"4",2023-08-12 14:41:06,2023-08-12 07:41:06,2023-08-12 15:05:59,2023-08-12 08:05:59,-18.8,554.91,12.871,32.315,"3",2023-08-12
"CR",NA,"4",2023-08-12 14:41:06,2023-08-12 07:41:06,2023-08-12 15:10:53,2023-08-12 08:10:53,-48.2,436.78,19.358,32.047,"4",2023-08-12
"GH",NA,"1",2023-08-11 21:43:01,2023-08-11 14:43:01,2023-08-11 21:48:48,2023-08-11 14:48:48,-4.9,407.69,8.008,33.683,"0",2023-08-11
"GH",NA,"1",2023-08-11 21:43:01,2023-08-11 14:43:01,2023-08-11 21:50:29,2023-08-11 14:50:29,-17.2,124.52,8.273,33.442,"3",2023-08-11
"GH",NA,"1",2023-08-11 21:43:01,2023-08-11 14:43:01,2023-08-11 21:55:13,2023-08-11 14:55:13,-38.4,453.71,9.677,33.4,"4",2023-08-11
"GH",NA,"2",2023-08-11 19:06:49,2023-08-11 12:06:49,2023-08-11 19:16:59,2023-08-11 12:16:59,32.2,725.6,7.657,33.874,"0",2023-08-11
"GH",NA,"2",2023-08-11 19:06:49,2023-08-11 12:06:49,2023-08-11 19:20:51,2023-08-11 12:20:51,15.4,347.02,7.657,33.877,"2",2023-08-11
"GH",NA,"2",2023-08-11 19:06:49,2023-08-11 12:06:49,2023-08-11 19:27:40,2023-08-11 12:27:40,-16.9,623.33,8.544,33.284,"3",2023-08-11
"GH",NA,"2",2023-08-11 19:06:49,2023-08-11 12:06:49,2023-08-11 19:33:19,2023-08-11 12:33:19,-44.7,516.39,15.023,32.798,"4",2023-08-11
"GH",NA,"3",2023-08-11 15:25:24,2023-08-11 08:25:24,2023-08-11 15:33:42,2023-08-11 08:33:42,69.8,481.73,7.804,33.858,"0",2023-08-11
"GH",NA,"3",2023-08-11 15:25:24,2023-08-11 08:25:24,2023-08-11 15:37:59,2023-08-11 08:37:59,40,339.61,8.103,33.639,"1",2023-08-11
"GH",NA,"3",2023-08-11 15:25:24,2023-08-11 08:25:24,2023-08-11 15:41:36,2023-08-11 08:41:36,11.1,283.94,8.466,32.976,"2",2023-08-11
"GH",NA,"3",2023-08-11 15:25:24,2023-08-11 08:25:24,2023-08-11 15:47:03,2023-08-11 08:47:03,-17.7,428.84,9.22,32.39,"3",2023-08-11
"GH",NA,"3",2023-08-11 15:25:24,2023-08-11 08:25:24,2023-08-11 15:55:48,2023-08-11 08:55:48,-48.3,817.84,15.754,31.919,"4",2023-08-11
"GH",NA,"4",2023-08-10 17:38:18,2023-08-10 10:38:18,2023-08-10 17:48:11,2023-08-10 10:48:11,83,571.59,8.499,33.399,"0",2023-08-10
"GH",NA,"4",2023-08-10 17:38:18,2023-08-10 10:38:18,2023-08-10 17:53:58,2023-08-10 10:53:58,41.2,438.36,8.618,32.567,"1",2023-08-10
"GH",NA,"4",2023-08-10 17:38:18,2023-08-10 10:38:18,2023-08-10 17:58:25,2023-08-10 10:58:25,8.5,349.39,9.842,32.35,"2",2023-08-10
"GH",NA,"4",2023-08-10 17:38:18,2023-08-10 10:38:18,2023-08-10 18:03:16,2023-08-10 11:03:16,-25.2,381.87,16.851,32.039,"3",2023-08-10
"GH",NA,"4",2023-08-10 17:38:18,2023-08-10 10:38:18,2023-08-10 18:08:17,2023-08-10 11:08:17,-47.6,409.21,19.322,31.925,"4",2023-08-10
"GH",NA,"5",2023-08-10 21:24:49,2023-08-10 14:24:49,2023-08-10 21:33:04,2023-08-10 14:33:04,81.7,369.68,8.578,33.423,"0",2023-08-10
"GH",NA,"5",2023-08-10 21:24:49,2023-08-10 14:24:49,2023-08-10 21:36:52,2023-08-10 14:36:52,47.2,278.28,8.515,32.539,"1",2023-08-10
"GH",NA,"5",2023-08-10 21:24:49,2023-08-10 14:24:49,2023-08-10 21:44:54,2023-08-10 14:44:54,8.7,575.23,10.01,32.377,"2",2023-08-10
"GH",NA,"5",2023-08-10 21:24:49,2023-08-10 14:24:49,2023-08-10 21:49:08,2023-08-10 14:49:08,-18.1,343.97,15.728,32.173,"3",2023-08-10
"GH",NA,"5",2023-08-10 21:24:49,2023-08-10 14:24:49,2023-08-10 21:53:42,2023-08-10 14:53:42,-38.3,472.38,19.759,31.926,"4",2023-08-10
"GH",NA,"6",2023-08-11 00:36:51,2023-08-10 17:36:51,2023-08-11 00:47:47,2023-08-10 17:47:47,74.1,606.11,7.697,32.904,"0",2023-08-10
"GH",NA,"6",2023-08-11 00:36:51,2023-08-10 17:36:51,2023-08-11 00:52:20,2023-08-10 17:52:20,42.7,314.2,8.154,32.376,"1",2023-08-10
"GH",NA,"6",2023-08-11 00:36:51,2023-08-10 17:36:51,2023-08-11 00:57:24,2023-08-10 17:57:24,13,416.62,9.738,32.36,"2",2023-08-10
"GH",NA,"6",2023-08-11 00:36:51,2023-08-10 17:36:51,2023-08-11 01:02:12,2023-08-10 18:02:12,-17.9,422.67,16.157,32.139,"3",2023-08-10
"GH",NA,"6",2023-08-11 00:36:51,2023-08-10 17:36:51,2023-08-11 01:06:57,2023-08-10 18:06:57,-44.1,416.14,19.898,31.975,"4",2023-08-10
"HH",NA,"1",2023-08-16 23:41:00,2023-08-16 16:41:00,2023-08-16 23:45:21,2023-08-16 16:45:21,35.6,274,8.779,33.595,"0",2023-08-16
"HH",NA,"1",2023-08-16 23:41:00,2023-08-16 16:41:00,2023-08-16 23:47:20,2023-08-16 16:47:20,24,168.14,8.992,33.544,"3",2023-08-16
"HH",NA,"1",2023-08-16 23:41:00,2023-08-16 16:41:00,2023-08-16 23:51:55,2023-08-16 16:51:55,1.1,367.98,11.654,33.275,"4",2023-08-16
"HH",NA,"2",2023-08-16 21:47:22,2023-08-16 14:47:22,2023-08-16 21:53:51,2023-08-16 14:53:51,102.9,260.02,7.908,33.844,"0",2023-08-16
"HH",NA,"2",2023-08-16 21:47:22,2023-08-16 14:47:22,2023-08-16 21:59:15,2023-08-16 14:59:15,73.7,274.73,8.446,33.728,"1",2023-08-16
"HH",NA,"2",2023-08-16 21:47:22,2023-08-16 14:47:22,2023-08-16 22:03:02,2023-08-16 15:03:02,50.1,189.88,8.834,33.57,"2",2023-08-16
"HH",NA,"2",2023-08-16 21:47:22,2023-08-16 14:47:22,2023-08-16 22:06:18,2023-08-16 15:06:18,23,140.84,8.797,32.832,"3",2023-08-16
"HH",NA,"2",2023-08-16 21:47:22,2023-08-16 14:47:22,2023-08-16 22:08:42,2023-08-16 15:08:42,1.8,271.31,15.922,33.236,"4",2023-08-16
"HH",NA,"3",2023-08-16 18:48:44,2023-08-16 11:48:44,2023-08-16 18:55:58,2023-08-16 11:55:58,99.2,291.3,7.868,33.887,"0",2023-08-16
"HH",NA,"3",2023-08-16 18:48:44,2023-08-16 11:48:44,2023-08-16 18:58:54,2023-08-16 11:58:54,75.1,216.31,8.143,33.719,"1",2023-08-16
"HH",NA,"3",2023-08-16 18:48:44,2023-08-16 11:48:44,2023-08-16 19:04:13,2023-08-16 12:04:13,51.9,414.53,8.779,33.514,"2",2023-08-16
"HH",NA,"3",2023-08-16 18:48:44,2023-08-16 11:48:44,2023-08-16 19:11:51,2023-08-16 12:11:51,23.9,621.02,9.051,32.915,"3",2023-08-16
"HH",NA,"3",2023-08-16 18:48:44,2023-08-16 11:48:44,2023-08-16 19:16:30,2023-08-16 12:16:30,2.5,302.71,14.828,32.582,"4",2023-08-16
"HH",NA,"4",2023-08-16 15:27:27,2023-08-16 08:27:27,2023-08-16 15:35:51,2023-08-16 08:35:51,104.4,503.06,9.026,33.382,"0",2023-08-16
"HH",NA,"4",2023-08-16 15:27:27,2023-08-16 08:27:27,2023-08-16 15:41:10,2023-08-16 08:41:10,73.5,346.87,9.61,32.849,"1",2023-08-16
"HH",NA,"4",2023-08-16 15:27:27,2023-08-16 08:27:27,2023-08-16 15:44:34,2023-08-16 08:44:34,51.1,256.83,10.45,32.568,"2",2023-08-16
"HH",NA,"4",2023-08-16 15:27:27,2023-08-16 08:27:27,2023-08-16 15:48:07,2023-08-16 08:48:07,23.7,252.74,16.788,32.494,"3",2023-08-16
"HH",NA,"4",2023-08-16 15:27:27,2023-08-16 08:27:27,2023-08-16 15:54:16,2023-08-16 08:54:16,-0.1,499.64,19.056,7.836,"4",2023-08-16
"NH",NA,"1",2023-08-15 22:52:01,2023-08-15 15:52:01,2023-08-15 22:55:46,2023-08-15 15:55:46,37.7,237.31,8.273,33.708,"0",2023-08-15
"NH",NA,"1",2023-08-15 22:52:01,2023-08-15 15:52:01,2023-08-15 22:58:11,2023-08-15 15:58:11,25.5,207.16,8.333,33.561,"3",2023-08-15
"NH",NA,"1",2023-08-15 22:52:01,2023-08-15 15:52:01,2023-08-15 23:04:50,2023-08-15 16:04:50,1.2,690.02,10.25,33.475,"4",2023-08-15
"NH",NA,"2",2023-08-15 20:34:07,2023-08-15 13:34:07,2023-08-15 20:40:57,2023-08-15 13:40:57,69.1,328.17,7.919,33.789,"0",2023-08-15
"NH",NA,"2",2023-08-15 20:34:07,2023-08-15 13:34:07,2023-08-15 20:43:24,2023-08-15 13:43:24,47.8,172.99,8.421,33.469,"2",2023-08-15
"NH",NA,"2",2023-08-15 20:34:07,2023-08-15 13:34:07,2023-08-15 20:47:49,2023-08-15 13:47:49,24.6,358.28,8.772,32.947,"3",2023-08-15
"NH",NA,"2",2023-08-15 20:34:07,2023-08-15 13:34:07,2023-08-15 20:54:42,2023-08-15 13:54:42,1.7,647.75,11.739,32.562,"4",2023-08-15
"NH",NA,"3",2023-08-15 17:41:15,2023-08-15 10:41:15,2023-08-15 17:51:04,2023-08-15 10:51:04,99.8,552.82,7.985,33.773,"0",2023-08-15
"NH",NA,"3",2023-08-15 17:41:15,2023-08-15 10:41:15,2023-08-15 17:55:07,2023-08-15 10:55:07,72.6,327.27,8.362,33.49,"1",2023-08-15
"NH",NA,"3",2023-08-15 17:41:15,2023-08-15 10:41:15,2023-08-15 18:01:34,2023-08-15 11:01:34,50.2,516.6,8.712,33.12,"2",2023-08-15
"NH",NA,"3",2023-08-15 17:41:15,2023-08-15 10:41:15,2023-08-15 18:07:29,2023-08-15 11:07:29,25.3,501.61,9.017,32.404,"3",2023-08-15
"NH",NA,"3",2023-08-15 17:41:15,2023-08-15 10:41:15,2023-08-15 18:16:19,2023-08-15 11:16:19,0.3,908.91,13.677,32.397,"4",2023-08-15
"NH",NA,"4",2023-08-14 18:05:17,2023-08-14 11:05:17,2023-08-14 18:15:14,2023-08-14 11:15:14,95.6,626.13,8.447,33.482,"0",2023-08-14
"NH",NA,"4",2023-08-14 18:05:17,2023-08-14 11:05:17,2023-08-14 18:20:54,2023-08-14 11:20:54,73.3,407.19,8.849,32.999,"1",2023-08-14
"NH",NA,"4",2023-08-14 18:05:17,2023-08-14 11:05:17,2023-08-14 18:26:32,2023-08-14 11:26:32,45.7,430.5,9.712,32.397,"2",2023-08-14
"NH",NA,"4",2023-08-14 18:05:17,2023-08-14 11:05:17,2023-08-14 18:28:53,2023-08-14 11:28:53,23.5,158.92,12.645,32.338,"3",2023-08-14
"NH",NA,"4",2023-08-14 18:05:17,2023-08-14 11:05:17,2023-08-14 18:36:11,2023-08-14 11:36:11,0.8,593.94,18.477,32.069,"4",2023-08-14
"NH",NA,"5",2023-08-14 21:33:00,2023-08-14 14:33:00,2023-08-14 21:40:47,2023-08-14 14:40:47,102,378.65,8.685,33.662,"0",2023-08-14
"NH",NA,"5",2023-08-14 21:33:00,2023-08-14 14:33:00,2023-08-14 21:46:59,2023-08-14 14:46:59,71.7,369.75,9.318,33.267,"1",2023-08-14
"NH",NA,"5",2023-08-14 21:33:00,2023-08-14 14:33:00,2023-08-14 21:48:50,2023-08-14 14:48:50,47.1,133.85,11.712,32.86,"2",2023-08-14
"NH",NA,"5",2023-08-14 21:33:00,2023-08-14 14:33:00,2023-08-14 21:51:58,2023-08-14 14:51:58,25.9,274.33,17.638,32.066,"3",2023-08-14
"NH",NA,"5",2023-08-14 21:33:00,2023-08-14 14:33:00,2023-08-14 21:59:01,2023-08-14 14:59:01,0.7,723.67,19.542,31.845,"4",2023-08-14
"NH",NA,"6",2023-08-15 00:47:12,2023-08-14 17:47:12,2023-08-15 00:55:27,2023-08-14 17:55:27,101.3,393.62,8.974,33.653,"0",2023-08-14
"NH",NA,"6",2023-08-15 00:47:12,2023-08-14 17:47:12,2023-08-15 00:59:53,2023-08-14 17:59:53,75.5,312.87,9.039,33.294,"1",2023-08-14
"NH",NA,"6",2023-08-15 00:47:12,2023-08-14 17:47:12,2023-08-15 01:03:28,2023-08-14 18:03:28,50.6,266.63,9.512,32.816,"2",2023-08-14
"NH",NA,"6",2023-08-15 00:47:12,2023-08-14 17:47:12,2023-08-15 01:10:07,2023-08-14 18:10:07,23.3,566.74,13.4,32.525,"3",2023-08-14
"NH",NA,"6",2023-08-15 00:47:12,2023-08-14 17:47:12,2023-08-15 01:14:02,2023-08-14 18:14:02,1.4,334.62,19.392,31.993,"4",2023-08-14
"RR",NA,"1",2023-08-18 23:50:23,2023-08-18 16:50:23,2023-08-18 23:54:33,2023-08-18 16:54:33,32.5,189.44,9.049,33.75,"0",2023-08-18
"RR",NA,"1",2023-08-19 23:50:23,2023-08-19 16:50:23,2023-08-19 00:00:57,2023-08-18 17:00:57,0.1,519.31,10.123,33.269,"0",2023-08-19
"RR",NA,"2",2023-08-18 21:27:48,2023-08-18 14:27:48,2023-08-18 21:34:27,2023-08-18 14:34:27,102,311.4,9.002,33.787,"0",2023-08-18
"RR",NA,"2",2023-08-18 21:27:48,2023-08-18 14:27:48,2023-08-18 21:39:22,2023-08-18 14:39:22,75.8,287.07,9.045,33.724,"1",2023-08-18
"RR",NA,"2",2023-08-18 21:27:48,2023-08-18 14:27:48,2023-08-18 21:44:46,2023-08-18 14:44:46,50,283.46,10.265,33.429,"2",2023-08-18
"RR",NA,"2",2023-08-18 21:27:48,2023-08-18 14:27:48,2023-08-18 21:49:18,2023-08-18 14:49:18,23.6,329.09,10.449,33.424,"3",2023-08-18
"RR",NA,"2",2023-08-18 21:27:48,2023-08-18 14:27:48,2023-08-18 21:55:12,2023-08-18 14:55:12,0.3,469.48,10.536,33.381,"4",2023-08-18
"RR",NA,"3",2023-08-18 18:11:44,2023-08-18 11:11:44,2023-08-18 18:20:03,2023-08-18 11:20:03,97.3,467.17,9.345,33.76,"0",2023-08-18
"RR",NA,"3",2023-08-18 18:11:44,2023-08-18 11:11:44,2023-08-18 18:26:01,2023-08-18 11:26:01,75.3,452.23,9.246,33.452,"1",2023-08-18
"RR",NA,"3",2023-08-18 18:11:44,2023-08-18 11:11:44,2023-08-18 18:30:09,2023-08-18 11:30:09,50.6,309.85,9.644,33.015,"2",2023-08-18
"RR",NA,"3",2023-08-18 18:11:44,2023-08-18 11:11:44,2023-08-18 18:37:30,2023-08-18 11:37:30,24.6,583.33,11.635,32.813,"3",2023-08-18
"RR",NA,"3",2023-08-18 18:11:44,2023-08-18 11:11:44,2023-08-18 18:45:15,2023-08-18 11:45:15,-0.1,651.07,14.799,2.984,"4",2023-08-18
"RR",NA,"4",2023-08-18 14:38:48,2023-08-18 07:38:48,2023-08-18 14:47:39,2023-08-18 07:47:39,98.5,461.33,8.79,33.625,"0",2023-08-18
"RR",NA,"4",2023-08-18 14:38:48,2023-08-18 07:38:48,2023-08-18 14:51:00,2023-08-18 07:51:00,74.2,237.62,8.798,33.264,"1",2023-08-18
"RR",NA,"4",2023-08-18 14:38:48,2023-08-18 07:38:48,2023-08-18 14:59:05,2023-08-18 07:59:05,48.7,658.46,9.721,33.061,"2",2023-08-18
"RR",NA,"4",2023-08-18 14:38:48,2023-08-18 07:38:48,2023-08-18 15:05:42,2023-08-18 08:05:42,25.6,636.29,11.489,32.517,"3",2023-08-18
"RR",NA,"4",2023-08-18 14:38:48,2023-08-18 07:38:48,2023-08-18 15:13:18,2023-08-18 08:13:18,-0.2,599.06,14.974,32.662,"4",2023-08-18
