cruise,transect,replicate,station,mocness_side,net,collection_date,start_time_pt,start_longitude_dd,start_latitude_dd,minimum_depth_m,maximum_depth_m,year,month,nep10k_j_idx,nep10k_i_idx,nep10k_longitude_dd,nep10k_latitude_dd,nep10k_distance_km,mld_density_0_03_m,mld_density_censor_flag,ild_temperature_0_2c_m,ild_temperature_censor_flag,barrier_layer_thickness_m,reference_depth_m,reference_density_kgm3,reference_temperature_c,surface_temperature_nep10k_c,surface_salinity_nep10k_psu,surface_density_nep10k_kgm3,n_profile_layers,deepest_profile_depth_m,temperature_nep10k_file,salinity_nep10k_file
W18,NH,MaN,1,1,0,2018-02-16,2018-02-17T05:54:45Z,-124.30108,44.65284,0.5,51.1,2018,2,114,133,-124.29193115234375,44.705013275146484,5.846326790215394,24.31045946200059,0,28.065279170845873,0,3.7548197088452824,5,1024.6816301501715,9.472024917602539,9.472024917602539,31.981388092041016,1024.6816301501715,14,85,NEP10k_raw_r20250912_daily_mesozoo200_o2_so_no3_chlos_ssh_thetao_uo_vo_vollcello_2018.02.nc,NEP10k_raw_r20250912_daily_mesozoo200_o2_so_no3_chlos_ssh_thetao_uo_vo_vollcello_2018.02.nc
W18,NH,MaN,1,4,0,2018-02-16,2018-02-17T05:54:45Z,-124.30108,44.65284,0.5,51.1,2018,2,114,133,-124.29193115234375,44.705013275146484,5.846326790215394,24.31045946200059,0,28.065279170845873,0,3.7548197088452824,5,1024.6816301501715,9.472024917602539,9.472024917602539,31.981388092041016,1024.6816301501715,14,85,NEP10k_raw_r20250912_daily_mesozoo200_o2_so_no3_chlos_ssh_thetao_uo_vo_vollcello_2018.02.nc,NEP10k_raw_r20250912_daily_mesozoo200_o2_so_no3_chlos_ssh_thetao_uo_vo_vollcello_2018.02.nc
W18,NH,MaN,1,1,1,2018-02-16,2018-02-17T06:06:21Z,-124.31127,44.65296,21.2,38.7,2018,2,114,133,-124.29193115234375,44.705013275146484,5.986619861053809,24.31045946200059,0,28.065279170845873,0,3.7548197088452824,5,1024.6816301501715,9.472024917602539,9.472024917602539,31.981388092041016,1024.6816301501715,14,85,NEP10k_raw_r20250912_daily_mesozoo200_o2_so_no3_chlos_ssh_thetao_uo_vo_vollcello_2018.02.nc,NEP10k_raw_r20250912_daily_mesozoo200_o2_so_no3_chlos_ssh_thetao_uo_vo_vollcello_2018.02.nc
W18,NH,MaN,1,4,1,2018-02-16,2018-02-17T06:06:21Z,-124.31127,44.65296,21.2,38.7,2018,2,114,133,-124.29193115234375,44.705013275146484,5.986619861053809,24.31045946200059,0,28.065279170845873,0,3.7548197088452824,5,1024.6816301501715,9.472024917602539,9.472024917602539,31.981388092041016,1024.6816301501715,14,85,NEP10k_raw_r20250912_daily_mesozoo200_o2_so_no3_chlos_ssh_thetao_uo_vo_vollcello_2018.02.nc,NEP10k_raw_r20250912_daily_mesozoo200_o2_so_no3_chlos_ssh_thetao_uo_vo_vollcello_2018.02.nc
W18,NH,MaN,1,1,2,2018-02-16,2018-02-17T06:10:05Z,-124.31441,44.65308,0.2,20.475,2018,2,114,133,-124.29193115234375,44.705013275146484,6.042034737666165,24.31045946200059,0,28.065279170845873,0,3.7548197088452824,5,1024.6816301501715,9.472024917602539,9.472024917602539,31.981388092041016,1024.6816301501715,14,85,NEP10k_raw_r20250912_daily_mesozoo200_o2_so_no3_chlos_ssh_thetao_uo_vo_vollcello_2018.02.nc,NEP10k_raw_r20250912_daily_mesozoo200_o2_so_no3_chlos_ssh_thetao_uo_vo_vollcello_2018.02.nc
W18,NH,MaN,1,4,2,2018-02-16,2018-02-17T06:10:05Z,-124.31441,44.65308,0.2,20.475,2018,2,114,133,-124.29193115234375,44.705013275146484,6.042034737666165,24.31045946200059,0,28.065279170845873,0,3.7548197088452824,5,1024.6816301501715,9.472024917602539,9.472024917602539,31.981388092041016,1024.6816301501715,14,85,NEP10k_raw_r20250912_daily_mesozoo200_o2_so_no3_chlos_ssh_thetao_uo_vo_vollcello_2018.02.nc,NEP10k_raw_r20250912_daily_mesozoo200_o2_so_no3_chlos_ssh_thetao_uo_vo_vollcello_2018.02.nc
W18,NH,MaN,3,1,0,2018-02-17,2018-02-17T10:20:58Z,-124.65217,44.65201,1.2,102,2018,2,115,130,-124.69290161132812,44.668212890625,3.6911144307068207,12.771912547378717,0,14.76387461080984,0,1.9919620634311226,5,1024.490818464462,9.374136924743652,9.374136924743652,31.71733856201172,1024.490818464462,22,187.5,NEP10k_raw_r20250912_daily_mesozoo200_o2_so_no3_chlos_ssh_thetao_uo_vo_vollcello_2018.02.nc,NEP10k_raw_r20250912_daily_mesozoo200_o2_so_no3_chlos_ssh_thetao_uo_vo_vollcello_2018.02.nc
W18,NH,MaN,3,4,0,2018-02-17,2018-02-17T10:20:58Z,-124.65217,44.65201,1.2,102,2018,2,115,130,-124.69290161132812,44.668212890625,3.6911144307068207,12.771912547378717,0,14.76387461080984,0,1.9919620634311226,5,1024.490818464462,9.374136924743652,9.374136924743652,31.71733856201172,1024.490818464462,22,187.5,NEP10k_raw_r20250912_daily_mesozoo200_o2_so_no3_chlos_ssh_thetao_uo_vo_vollcello_2018.02.nc,NEP10k_raw_r20250912_daily_mesozoo200_o2_so_no3_chlos_ssh_thetao_uo_vo_vollcello_2018.02.nc
W18,NH,MaN,3,1,1,2018-02-17,2018-02-17T10:30:22Z,-124.6577,44.65198,70.948,103.038,2018,2,115,130,-124.69290161132812,44.668212890625,3.318073115278535,12.771912547378717,0,14.76387461080984,0,1.9919620634311226,5,1024.490818464462,9.374136924743652,9.374136924743652,31.71733856201172,1024.490818464462,22,187.5,NEP10k_raw_r20250912_daily_mesozoo200_o2_so_no3_chlos_ssh_thetao_uo_vo_vollcello_2018.02.nc,NEP10k_raw_r20250912_daily_mesozoo200_o2_so_no3_chlos_ssh_thetao_uo_vo_vollcello_2018.02.nc
W18,NH,MaN,3,4,1,2018-02-17,2018-02-17T10:30:22Z,-124.6577,44.65198,70.948,103.038,2018,2,115,130,-124.69290161132812,44.668212890625,3.318073115278535,12.771912547378717,0,14.76387461080984,0,1.9919620634311226,5,1024.490818464462,9.374136924743652,9.374136924743652,31.71733856201172,1024.490818464462,22,187.5,NEP10k_raw_r20250912_daily_mesozoo200_o2_so_no3_chlos_ssh_thetao_uo_vo_vollcello_2018.02.nc,NEP10k_raw_r20250912_daily_mesozoo200_o2_so_no3_chlos_ssh_thetao_uo_vo_vollcello_2018.02.nc
W18,NH,MaN,3,1,2,2018-02-17,2018-02-17T10:34:48Z,-124.66055,44.65198,50.9,71.2,2018,2,115,130,-124.69290161132812,44.668212890625,3.131334811034984,12.771912547378717,0,14.76387461080984,0,1.9919620634311226,5,1024.490818464462,9.374136924743652,9.374136924743652,31.71733856201172,1024.490818464462,22,187.5,NEP10k_raw_r20250912_daily_mesozoo200_o2_so_no3_chlos_ssh_thetao_uo_vo_vollcello_2018.02.nc,NEP10k_raw_r20250912_daily_mesozoo200_o2_so_no3_chlos_ssh_thetao_uo_vo_vollcello_2018.02.nc
W18,NH,MaN,3,4,2,2018-02-17,2018-02-17T10:34:48Z,-124.66055,44.65198,50.9,71.2,2018,2,115,130,-124.69290161132812,44.668212890625,3.131334811034984,12.771912547378717,0,14.76387461080984,0,1.9919620634311226,5,1024.490818464462,9.374136924743652,9.374136924743652,31.71733856201172,1024.490818464462,22,187.5,NEP10k_raw_r20250912_daily_mesozoo200_o2_so_no3_chlos_ssh_thetao_uo_vo_vollcello_2018.02.nc,NEP10k_raw_r20250912_daily_mesozoo200_o2_so_no3_chlos_ssh_thetao_uo_vo_vollcello_2018.02.nc
W18,NH,MaN,3,1,3,2018-02-17,2018-02-17T10:36:56Z,-124.66216,44.65198,24.6,51.062,2018,2,115,130,-124.69290161132812,44.668212890625,3.0281715635224593,12.771912547378717,0,14.76387461080984,0,1.9919620634311226,5,1024.490818464462,9.374136924743652,9.374136924743652,31.71733856201172,1024.490818464462,22,187.5,NEP10k_raw_r20250912_daily_mesozoo200_o2_so_no3_chlos_ssh_thetao_uo_vo_vollcello_2018.02.nc,NEP10k_raw_r20250912_daily_mesozoo200_o2_so_no3_chlos_ssh_thetao_uo_vo_vollcello_2018.02.nc
W18,NH,MaN,3,4,3,2018-02-17,2018-02-17T10:36:56Z,-124.66216,44.65198,24.6,51.062,2018,2,115,130,-124.69290161132812,44.668212890625,3.0281715635224593,12.771912547378717,0,14.76387461080984,0,1.9919620634311226,5,1024.490818464462,9.374136924743652,9.374136924743652,31.71733856201172,1024.490818464462,22,187.5,NEP10k_raw_r20250912_daily_mesozoo200_o2_so_no3_chlos_ssh_thetao_uo_vo_vollcello_2018.02.nc,NEP10k_raw_r20250912_daily_mesozoo200_o2_so_no3_chlos_ssh_thetao_uo_vo_vollcello_2018.02.nc
W18,NH,MaN,3,1,4,2018-02-17,2018-02-17T10:42:56Z,-124.6662,44.65198,4.127,24.5,2018,2,115,130,-124.69290161132812,44.668212890625,2.7781476297566554,12.771912547378717,0,14.76387461080984,0,1.9919620634311226,5,1024.490818464462,9.374136924743652,9.374136924743652,31.71733856201172,1024.490818464462,22,187.5,NEP10k_raw_r20250912_daily_mesozoo200_o2_so_no3_chlos_ssh_thetao_uo_vo_vollcello_2018.02.nc,NEP10k_raw_r20250912_daily_mesozoo200_o2_so_no3_chlos_ssh_thetao_uo_vo_vollcello_2018.02.nc
W18,NH,MaN,3,4,4,2018-02-17,2018-02-17T10:42:56Z,-124.6662,44.65198,4.127,24.5,2018,2,115,130,-124.69290161132812,44.668212890625,2.7781476297566554,12.771912547378717,0,14.76387461080984,0,1.9919620634311226,5,1024.490818464462,9.374136924743652,9.374136924743652,31.71733856201172,1024.490818464462,22,187.5,NEP10k_raw_r20250912_daily_mesozoo200_o2_so_no3_chlos_ssh_thetao_uo_vo_vollcello_2018.02.nc,NEP10k_raw_r20250912_daily_mesozoo200_o2_so_no3_chlos_ssh_thetao_uo_vo_vollcello_2018.02.nc
W18,NH,MaN,5,1,0,2018-02-17,2018-02-17T14:07:21Z,-125.1206,44.65107,2.6,102.5,2018,2,116,127,-125.09332275390625,44.6298828125,3.194972273892878,23.78033622864253,0,28.126933750316756,0,4.3465975216742265,5,1024.655130720228,9.3877410888671875,9.3877410888671875,31.930362701416016,1024.655130720228,22,187.5,NEP10k_raw_r20250912_daily_mesozoo200_o2_so_no3_chlos_ssh_thetao_uo_vo_vollcello_2018.02.nc,NEP10k_raw_r20250912_daily_mesozoo200_o2_so_no3_chlos_ssh_thetao_uo_vo_vollcello_2018.02.nc
W18,NH,MaN,5,4,0,2018-02-17,2018-02-17T14:07:21Z,-125.1206,44.65107,2.6,102.5,2018,2,116,127,-125.09332275390625,44.6298828125,3.194972273892878,23.78033622864253,0,28.126933750316756,0,4.3465975216742265,5,1024.655130720228,9.3877410888671875,9.3877410888671875,31.930362701416016,1024.655130720228,22,187.5,NEP10k_raw_r20250912_daily_mesozoo200_o2_so_no3_chlos_ssh_thetao_uo_vo_vollcello_2018.02.nc,NEP10k_raw_r20250912_daily_mesozoo200_o2_so_no3_chlos_ssh_thetao_uo_vo_vollcello_2018.02.nc
W18,NH,MaD,5,1,0,2018-02-17,2018-02-17T18:09:16Z,-125.11908,44.65291,0.6,99.8,2018,2,116,127,-125.09332275390625,44.6298828125,3.27246011461411,23.78033622864253,0,28.126933750316756,0,4.3465975216742265,5,1024.655130720228,9.3877410888671875,9.3877410888671875,31.930362701416016,1024.655130720228,22,187.5,NEP10k_raw_r20250912_daily_mesozoo200_o2_so_no3_chlos_ssh_thetao_uo_vo_vollcello_2018.02.nc,NEP10k_raw_r20250912_daily_mesozoo200_o2_so_no3_chlos_ssh_thetao_uo_vo_vollcello_2018.02.nc
W18,NH,MaD,5,4,0,2018-02-17,2018-02-17T18:09:16Z,-125.11908,44.65291,0.6,99.8,2018,2,116,127,-125.09332275390625,44.6298828125,3.27246011461411,23.78033622864253,0,28.126933750316756,0,4.3465975216742265,5,1024.655130720228,9.3877410888671875,9.3877410888671875,31.930362701416016,1024.655130720228,22,187.5,NEP10k_raw_r20250912_daily_mesozoo200_o2_so_no3_chlos_ssh_thetao_uo_vo_vollcello_2018.02.nc,NEP10k_raw_r20250912_daily_mesozoo200_o2_so_no3_chlos_ssh_thetao_uo_vo_vollcello_2018.02.nc
W18,NH,MaD,3,1,0,2018-02-17,2018-02-17T22:58:28Z,-124.65076,44.6485,0.9,98.7,2018,2,115,130,-124.69290161132812,44.668212890625,3.989318318504446,12.771912547378717,0,14.76387461080984,0,1.9919620634311226,5,1024.490818464462,9.374136924743652,9.374136924743652,31.71733856201172,1024.490818464462,22,187.5,NEP10k_raw_r20250912_daily_mesozoo200_o2_so_no3_chlos_ssh_thetao_uo_vo_vollcello_2018.02.nc,NEP10k_raw_r20250912_daily_mesozoo200_o2_so_no3_chlos_ssh_thetao_uo_vo_vollcello_2018.02.nc
W18,NH,MaD,3,4,0,2018-02-17,2018-02-17T22:58:28Z,-124.65076,44.6485,0.9,98.7,2018,2,115,130,-124.69290161132812,44.668212890625,3.989318318504446,12.771912547378717,0,14.76387461080984,0,1.9919620634311226,5,1024.490818464462,9.374136924743652,9.374136924743652,31.71733856201172,1024.490818464462,22,187.5,NEP10k_raw_r20250912_daily_mesozoo200_o2_so_no3_chlos_ssh_thetao_uo_vo_vollcello_2018.02.nc,NEP10k_raw_r20250912_daily_mesozoo200_o2_so_no3_chlos_ssh_thetao_uo_vo_vollcello_2018.02.nc
W18,NH,MaD,1,1,0,2018-02-17,2018-02-18T04:15:43Z,-124.29635,44.65112,11.943,51.7,2018,2,113,133,-124.23666381835938,44.623046875,5.660995280240776,17.048205644923815,0,24.88259121320985,0,7.834385568286034,5,1024.7025379829067,9.468196868896484,9.468196868896484,32.00736999511719,1024.7025379829067,12,65,NEP10k_raw_r20250912_daily_mesozoo200_o2_so_no3_chlos_ssh_thetao_uo_vo_vollcello_2018.02.nc,NEP10k_raw_r20250912_daily_mesozoo200_o2_so_no3_chlos_ssh_thetao_uo_vo_vollcello_2018.02.nc
W18,NH,MaD,1,4,0,2018-02-17,2018-02-18T04:15:43Z,-124.29635,44.65112,11.943,51.7,2018,2,113,133,-124.23666381835938,44.623046875,5.660995280240776,17.048205644923815,0,24.88259121320985,0,7.834385568286034,5,1024.7025379829067,9.468196868896484,9.468196868896484,32.00736999511719,1024.7025379829067,12,65,NEP10k_raw_r20250912_daily_mesozoo200_o2_so_no3_chlos_ssh_thetao_uo_vo_vollcello_2018.02.nc,NEP10k_raw_r20250912_daily_mesozoo200_o2_so_no3_chlos_ssh_thetao_uo_vo_vollcello_2018.02.nc
W18,NH,MaD,1,1,3,2018-02-17,2018-02-18T04:24:52Z,-124.30111,44.65125,25.5,53.7,2018,2,113,133,-124.23666381835938,44.623046875,5.986350250777327,17.048205644923815,0,24.88259121320985,0,7.834385568286034,5,1024.7025379829067,9.468196868896484,9.468196868896484,32.00736999511719,1024.7025379829067,12,65,NEP10k_raw_r20250912_daily_mesozoo200_o2_so_no3_chlos_ssh_thetao_uo_vo_vollcello_2018.02.nc,NEP10k_raw_r20250912_daily_mesozoo200_o2_so_no3_chlos_ssh_thetao_uo_vo_vollcello_2018.02.nc
W18,NH,MaD,1,4,3,2018-02-17,2018-02-18T04:24:52Z,-124.30111,44.65125,25.5,53.7,2018,2,113,133,-124.23666381835938,44.623046875,5.986350250777327,17.048205644923815,0,24.88259121320985,0,7.834385568286034,5,1024.7025379829067,9.468196868896484,9.468196868896484,32.00736999511719,1024.7025379829067,12,65,NEP10k_raw_r20250912_daily_mesozoo200_o2_so_no3_chlos_ssh_thetao_uo_vo_vollcello_2018.02.nc,NEP10k_raw_r20250912_daily_mesozoo200_o2_so_no3_chlos_ssh_thetao_uo_vo_vollcello_2018.02.nc
W18,NH,MaD,1,1,4,2018-02-17,2018-02-18T04:28:35Z,-124.30377,44.65123,2.1,25.359,2018,2,114,133,-124.29193115234375,44.705013275146484,6.0532410061894515,12.048764074938264,0,22.826347171308115,0,10.77758309636985,5,1024.5804916704396,9.347357749938965,9.347357749938965,31.826696395874023,1024.5804916704396,14,85,NEP10k_raw_r20250912_daily_mesozoo200_o2_so_no3_chlos_ssh_thetao_uo_vo_vollcello_2018.02.nc,NEP10k_raw_r20250912_daily_mesozoo200_o2_so_no3_chlos_ssh_thetao_uo_vo_vollcello_2018.02.nc
W18,NH,MaD,1,4,4,2018-02-17,2018-02-18T04:28:35Z,-124.30377,44.65123,2.1,25.359,2018,2,114,133,-124.29193115234375,44.705013275146484,6.0532410061894515,12.048764074938264,0,22.826347171308115,0,10.77758309636985,5,1024.5804916704396,9.347357749938965,9.347357749938965,31.826696395874023,1024.5804916704396,14,85,NEP10k_raw_r20250912_daily_mesozoo200_o2_so_no3_chlos_ssh_thetao_uo_vo_vollcello_2018.02.nc,NEP10k_raw_r20250912_daily_mesozoo200_o2_so_no3_chlos_ssh_thetao_uo_vo_vollcello_2018.02.nc
W18,TR,MaN,1,1,0,2018-02-19,2018-02-20T03:52:46Z,-124.26872,41.05758,0.5,50.223,2018,2,78,116,-124.26214599609375,41.09885025024414,4.622007082181843,4.316843435305069,0,41.78958879156219,0,37.47274535625712,5,1025.3772293572204,9.816842079162598,9.816842079162598,32.94354248046875,1025.3772293572204,13,75,NEP10k_raw_r20250912_daily_mesozoo200_o2_so_no3_chlos_ssh_thetao_uo_vo_vollcello_2018.02.nc,NEP10k_raw_r20250912_daily_mesozoo200_o2_so_no3_chlos_ssh_thetao_uo_vo_vollcello_2018.02.nc
W18,TR,MaN,1,4,0,2018-02-19,2018-02-20T03:52:46Z,-124.26872,41.05758,0.5,50.223,2018,2,78,116,-124.26214599609375,41.09885025024414,4.622007082181843,4.316843435305069,0,41.78958879156219,0,37.47274535625712,5,1025.3772293572204,9.816842079162598,9.816842079162598,32.94354248046875,1025.3772293572204,13,75,NEP10k_raw_r20250912_daily_mesozoo200_o2_so_no3_chlos_ssh_thetao_uo_vo_vollcello_2018.02.nc,NEP10k_raw_r20250912_daily_mesozoo200_o2_so_no3_chlos_ssh_thetao_uo_vo_vollcello_2018.02.nc
W18,TR,MaN,1,1,3,2018-02-19,2018-02-20T04:00:55Z,-124.26947,41.05846,25.32,49.19,2018,2,78,116,-124.26214599609375,41.09885025024414,4.532953054831537,4.316843435305069,0,41.78958879156219,0,37.47274535625712,5,1025.3772293572204,9.816842079162598,9.816842079162598,32.94354248046875,1025.3772293572204,13,75,NEP10k_raw_r20250912_daily_mesozoo200_o2_so_no3_chlos_ssh_thetao_uo_vo_vollcello_2018.02.nc,NEP10k_raw_r20250912_daily_mesozoo200_o2_so_no3_chlos_ssh_thetao_uo_vo_vollcello_2018.02.nc
W18,TR,MaN,1,4,3,2018-02-19,2018-02-20T04:00:55Z,-124.26947,41.05846,25.32,49.19,2018,2,78,116,-124.26214599609375,41.09885025024414,4.532953054831537,4.316843435305069,0,41.78958879156219,0,37.47274535625712,5,1025.3772293572204,9.816842079162598,9.816842079162598,32.94354248046875,1025.3772293572204,13,75,NEP10k_raw_r20250912_daily_mesozoo200_o2_so_no3_chlos_ssh_thetao_uo_vo_vollcello_2018.02.nc,NEP10k_raw_r20250912_daily_mesozoo200_o2_so_no3_chlos_ssh_thetao_uo_vo_vollcello_2018.02.nc
W18,TR,MaN,1,1,4,2018-02-19,2018-02-20T04:05:33Z,-124.27041,41.05936,2.6,25.4,2018,2,78,116,-124.26214599609375,41.09885025024414,4.4454136268729085,4.316843435305069,0,41.78958879156219,0,37.47274535625712,5,1025.3772293572204,9.816842079162598,9.816842079162598,32.94354248046875,1025.3772293572204,13,75,NEP10k_raw_r20250912_daily_mesozoo200_o2_so_no3_chlos_ssh_thetao_uo_vo_vollcello_2018.02.nc,NEP10k_raw_r20250912_daily_mesozoo200_o2_so_no3_chlos_ssh_thetao_uo_vo_vollcello_2018.02.nc
W18,TR,MaN,1,4,4,2018-02-19,2018-02-20T04:05:33Z,-124.27041,41.05936,2.6,25.4,2018,2,78,116,-124.26214599609375,41.09885025024414,4.4454136268729085,4.316843435305069,0,41.78958879156219,0,37.47274535625712,5,1025.3772293572204,9.816842079162598,9.816842079162598,32.94354248046875,1025.3772293572204,13,75,NEP10k_raw_r20250912_daily_mesozoo200_o2_so_no3_chlos_ssh_thetao_uo_vo_vollcello_2018.02.nc,NEP10k_raw_r20250912_daily_mesozoo200_o2_so_no3_chlos_ssh_thetao_uo_vo_vollcello_2018.02.nc
W18,TR,MaN,3,1,0,2018-02-19,2018-02-20T06:04:16Z,-124.43383,41.0589,0.6,102.6,2018,2,78,115,-124.37002563476562,41.05979537963867,5.350556594191456,12.791634232007866,0,41.48004678332673,0,28.688412551318862,5,1025.3568010946567,9.893877029418945,9.893877029418945,32.933685302734375,1025.3568010946567,22,187.5,NEP10k_raw_r20250912_daily_mesozoo200_o2_so_no3_chlos_ssh_thetao_uo_vo_vollcello_2018.02.nc,NEP10k_raw_r20250912_daily_mesozoo200_o2_so_no3_chlos_ssh_thetao_uo_vo_vollcello_2018.02.nc
W18,TR,MaN,3,4,0,2018-02-19,2018-02-20T06:04:16Z,-124.43383,41.0589,0.6,102.6,2018,2,78,115,-124.37002563476562,41.05979537963867,5.350556594191456,12.791634232007866,0,41.48004678332673,0,28.688412551318862,5,1025.3568010946567,9.893877029418945,9.893877029418945,32.933685302734375,1025.3568010946567,22,187.5,NEP10k_raw_r20250912_daily_mesozoo200_o2_so_no3_chlos_ssh_thetao_uo_vo_vollcello_2018.02.nc,NEP10k_raw_r20250912_daily_mesozoo200_o2_so_no3_chlos_ssh_thetao_uo_vo_vollcello_2018.02.nc
W18,TR,MaN,3,1,1,2018-02-19,2018-02-20T06:18:57Z,-124.43302,41.06514,75.661,102.6,2018,2,78,115,-124.37002563476562,41.05979537963867,5.31479699820554,12.791634232007866,0,41.48004678332673,0,28.688412551318862,5,1025.3568010946567,9.893877029418945,9.893877029418945,32.933685302734375,1025.3568010946567,22,187.5,NEP10k_raw_r20250912_daily_mesozoo200_o2_so_no3_chlos_ssh_thetao_uo_vo_vollcello_2018.02.nc,NEP10k_raw_r20250912_daily_mesozoo200_o2_so_no3_chlos_ssh_thetao_uo_vo_vollcello_2018.02.nc
W18,TR,MaN,3,4,1,2018-02-19,2018-02-20T06:18:57Z,-124.43302,41.06514,75.661,102.6,2018,2,78,115,-124.37002563476562,41.05979537963867,5.31479699820554,12.791634232007866,0,41.48004678332673,0,28.688412551318862,5,1025.3568010946567,9.893877029418945,9.893877029418945,32.933685302734375,1025.3568010946567,22,187.5,NEP10k_raw_r20250912_daily_mesozoo200_o2_so_no3_chlos_ssh_thetao_uo_vo_vollcello_2018.02.nc,NEP10k_raw_r20250912_daily_mesozoo200_o2_so_no3_chlos_ssh_thetao_uo_vo_vollcello_2018.02.nc
W18,TR,MaN,3,1,2,2018-02-19,2018-02-20T06:23:19Z,-124.43263,41.06721,47.9,76,2018,2,78,115,-124.37002563476562,41.05979537963867,5.3130449839242955,12.791634232007866,0,41.48004678332673,0,28.688412551318862,5,1025.3568010946567,9.893877029418945,9.893877029418945,32.933685302734375,1025.3568010946567,22,187.5,NEP10k_raw_r20250912_daily_mesozoo200_o2_so_no3_chlos_ssh_thetao_uo_vo_vollcello_2018.02.nc,NEP10k_raw_r20250912_daily_mesozoo200_o2_so_no3_chlos_ssh_thetao_uo_vo_vollcello_2018.02.nc
W18,TR,MaN,3,4,2,2018-02-19,2018-02-20T06:23:19Z,-124.43263,41.06721,47.9,76,2018,2,78,115,-124.37002563476562,41.05979537963867,5.3130449839242955,12.791634232007866,0,41.48004678332673,0,28.688412551318862,5,1025.3568010946567,9.893877029418945,9.893877029418945,32.933685302734375,1025.3568010946567,22,187.5,NEP10k_raw_r20250912_daily_mesozoo200_o2_so_no3_chlos_ssh_thetao_uo_vo_vollcello_2018.02.nc,NEP10k_raw_r20250912_daily_mesozoo200_o2_so_no3_chlos_ssh_thetao_uo_vo_vollcello_2018.02.nc
W18,TR,MaN,3,1,3,2018-02-19,2018-02-20T06:27:18Z,-124.43246,41.06907,24.419,47.424,2018,2,78,115,-124.37002563476562,41.05979537963867,5.334985741412242,12.791634232007866,0,41.48004678332673,0,28.688412551318862,5,1025.3568010946567,9.893877029418945,9.893877029418945,32.933685302734375,1025.3568010946567,22,187.5,NEP10k_raw_r20250912_daily_mesozoo200_o2_so_no3_chlos_ssh_thetao_uo_vo_vollcello_2018.02.nc,NEP10k_raw_r20250912_daily_mesozoo200_o2_so_no3_chlos_ssh_thetao_uo_vo_vollcello_2018.02.nc
W18,TR,MaN,3,4,3,2018-02-19,2018-02-20T06:27:18Z,-124.43246,41.06907,24.419,47.424,2018,2,78,115,-124.37002563476562,41.05979537963867,5.334985741412242,12.791634232007866,0,41.48004678332673,0,28.688412551318862,5,1025.3568010946567,9.893877029418945,9.893877029418945,32.933685302734375,1025.3568010946567,22,187.5,NEP10k_raw_r20250912_daily_mesozoo200_o2_so_no3_chlos_ssh_thetao_uo_vo_vollcello_2018.02.nc,NEP10k_raw_r20250912_daily_mesozoo200_o2_so_no3_chlos_ssh_thetao_uo_vo_vollcello_2018.02.nc
W18,TR,MaN,3,1,4,2018-02-19,2018-02-20T06:31:38Z,-124.43229,41.07113,1.7,24.9,2018,2,78,115,-124.37002563476562,41.05979537963867,5.370022812482117,12.791634232007866,0,41.48004678332673,0,28.688412551318862,5,1025.3568010946567,9.893877029418945,9.893877029418945,32.933685302734375,1025.3568010946567,22,187.5,NEP10k_raw_r20250912_daily_mesozoo200_o2_so_no3_chlos_ssh_thetao_uo_vo_vollcello_2018.02.nc,NEP10k_raw_r20250912_daily_mesozoo200_o2_so_no3_chlos_ssh_thetao_uo_vo_vollcello_2018.02.nc
W18,TR,MaN,3,4,4,2018-02-19,2018-02-20T06:31:38Z,-124.43229,41.07113,1.7,24.9,2018,2,78,115,-124.37002563476562,41.05979537963867,5.370022812482117,12.791634232007866,0,41.48004678332673,0,28.688412551318862,5,1025.3568010946567,9.893877029418945,9.893877029418945,32.933685302734375,1025.3568010946567,22,187.5,NEP10k_raw_r20250912_daily_mesozoo200_o2_so_no3_chlos_ssh_thetao_uo_vo_vollcello_2018.02.nc,NEP10k_raw_r20250912_daily_mesozoo200_o2_so_no3_chlos_ssh_thetao_uo_vo_vollcello_2018.02.nc
W18,TR,MaN,5,1,0,2018-02-20,2018-02-20T09:54:19Z,-124.74919,41.05828,1.6,98.635,2018,2,79,112,-124.74502563476562,41.02303695678711,3.9343801586897262,29.127574893626743,0,69.80536703772637,0,40.67779214409963,5,1025.2086804071666,9.973835945129395,9.973835945129395,32.76090621948242,1025.2086804071666,22,187.5,NEP10k_raw_r20250912_daily_mesozoo200_o2_so_no3_chlos_ssh_thetao_uo_vo_vollcello_2018.02.nc,NEP10k_raw_r20250912_daily_mesozoo200_o2_so_no3_chlos_ssh_thetao_uo_vo_vollcello_2018.02.nc
W18,TR,MaN,5,4,0,2018-02-20,2018-02-20T09:54:19Z,-124.74919,41.05828,1.6,98.635,2018,2,79,112,-124.74502563476562,41.02303695678711,3.9343801586897262,29.127574893626743,0,69.80536703772637,0,40.67779214409963,5,1025.2086804071666,9.973835945129395,9.973835945129395,32.76090621948242,1025.2086804071666,22,187.5,NEP10k_raw_r20250912_daily_mesozoo200_o2_so_no3_chlos_ssh_thetao_uo_vo_vollcello_2018.02.nc,NEP10k_raw_r20250912_daily_mesozoo200_o2_so_no3_chlos_ssh_thetao_uo_vo_vollcello_2018.02.nc
W18,TR,MaN,5,1,1,2018-02-20,2018-02-20T10:10:42Z,-124.75043,41.06206,73.9,98.1,2018,2,79,112,-124.74502563476562,41.02303695678711,4.362771492030721,29.127574893626743,0,69.80536703772637,0,40.67779214409963,5,1025.2086804071666,9.973835945129395,9.973835945129395,32.76090621948242,1025.2086804071666,22,187.5,NEP10k_raw_r20250912_daily_mesozoo200_o2_so_no3_chlos_ssh_thetao_uo_vo_vollcello_2018.02.nc,NEP10k_raw_r20250912_daily_mesozoo200_o2_so_no3_chlos_ssh_thetao_uo_vo_vollcello_2018.02.nc
W18,TR,MaN,5,4,1,2018-02-20,2018-02-20T10:10:42Z,-124.75043,41.06206,73.9,98.1,2018,2,79,112,-124.74502563476562,41.02303695678711,4.362771492030721,29.127574893626743,0,69.80536703772637,0,40.67779214409963,5,1025.2086804071666,9.973835945129395,9.973835945129395,32.76090621948242,1025.2086804071666,22,187.5,NEP10k_raw_r20250912_daily_mesozoo200_o2_so_no3_chlos_ssh_thetao_uo_vo_vollcello_2018.02.nc,NEP10k_raw_r20250912_daily_mesozoo200_o2_so_no3_chlos_ssh_thetao_uo_vo_vollcello_2018.02.nc
W18,TR,MaN,5,1,2,2018-02-20,2018-02-20T10:14:38Z,-124.75078,41.06307,51.1,73.6,2018,2,79,112,-124.74502563476562,41.02303695678711,4.477554007236365,29.127574893626743,0,69.80536703772637,0,40.67779214409963,5,1025.2086804071666,9.973835945129395,9.973835945129395,32.76090621948242,1025.2086804071666,22,187.5,NEP10k_raw_r20250912_daily_mesozoo200_o2_so_no3_chlos_ssh_thetao_uo_vo_vollcello_2018.02.nc,NEP10k_raw_r20250912_daily_mesozoo200_o2_so_no3_chlos_ssh_thetao_uo_vo_vollcello_2018.02.nc
W18,TR,MaN,5,4,2,2018-02-20,2018-02-20T10:14:38Z,-124.75078,41.06307,51.1,73.6,2018,2,79,112,-124.74502563476562,41.02303695678711,4.477554007236365,29.127574893626743,0,69.80536703772637,0,40.67779214409963,5,1025.2086804071666,9.973835945129395,9.973835945129395,32.76090621948242,1025.2086804071666,22,187.5,NEP10k_raw_r20250912_daily_mesozoo200_o2_so_no3_chlos_ssh_thetao_uo_vo_vollcello_2018.02.nc,NEP10k_raw_r20250912_daily_mesozoo200_o2_so_no3_chlos_ssh_thetao_uo_vo_vollcello_2018.02.nc
W18,TR,MaN,5,1,3,2018-02-20,2018-02-20T10:20:13Z,-124.75125,41.0645,24.483,51.117,2018,2,79,112,-124.74502563476562,41.02303695678711,4.639936553770238,29.127574893626743,0,69.80536703772637,0,40.67779214409963,5,1025.2086804071666,9.973835945129395,9.973835945129395,32.76090621948242,1025.2086804071666,22,187.5,NEP10k_raw_r20250912_daily_mesozoo200_o2_so_no3_chlos_ssh_thetao_uo_vo_vollcello_2018.02.nc,NEP10k_raw_r20250912_daily_mesozoo200_o2_so_no3_chlos_ssh_thetao_uo_vo_vollcello_2018.02.nc
W18,TR,MaN,5,4,3,2018-02-20,2018-02-20T10:20:13Z,-124.75125,41.0645,24.483,51.117,2018,2,79,112,-124.74502563476562,41.02303695678711,4.639936553770238,29.127574893626743,0,69.80536703772637,0,40.67779214409963,5,1025.2086804071666,9.973835945129395,9.973835945129395,32.76090621948242,1025.2086804071666,22,187.5,NEP10k_raw_r20250912_daily_mesozoo200_o2_so_no3_chlos_ssh_thetao_uo_vo_vollcello_2018.02.nc,NEP10k_raw_r20250912_daily_mesozoo200_o2_so_no3_chlos_ssh_thetao_uo_vo_vollcello_2018.02.nc
W18,TR,MaN,5,1,4,2018-02-20,2018-02-20T10:26:45Z,-124.75181,41.06617,0.9,23.7,2018,2,79,112,-124.74502563476562,41.02303695678711,4.829804643512283,29.127574893626743,0,69.80536703772637,0,40.67779214409963,5,1025.2086804071666,9.973835945129395,9.973835945129395,32.76090621948242,1025.2086804071666,22,187.5,NEP10k_raw_r20250912_daily_mesozoo200_o2_so_no3_chlos_ssh_thetao_uo_vo_vollcello_2018.02.nc,NEP10k_raw_r20250912_daily_mesozoo200_o2_so_no3_chlos_ssh_thetao_uo_vo_vollcello_2018.02.nc
W18,TR,MaN,5,4,4,2018-02-20,2018-02-20T10:26:45Z,-124.75181,41.06617,0.9,23.7,2018,2,79,112,-124.74502563476562,41.02303695678711,4.829804643512283,29.127574893626743,0,69.80536703772637,0,40.67779214409963,5,1025.2086804071666,9.973835945129395,9.973835945129395,32.76090621948242,1025.2086804071666,22,187.5,NEP10k_raw_r20250912_daily_mesozoo200_o2_so_no3_chlos_ssh_thetao_uo_vo_vollcello_2018.02.nc,NEP10k_raw_r20250912_daily_mesozoo200_o2_so_no3_chlos_ssh_thetao_uo_vo_vollcello_2018.02.nc
W18,TR,MaD,5,1,0,2018-02-20,2018-02-20T15:18:11Z,-124.75873,41.04911,1.8,105,2018,2,79,112,-124.74502563476562,41.02303695678711,3.1187358445461353,29.127574893626743,0,69.80536703772637,0,40.67779214409963,5,1025.2086804071666,9.973835945129395,9.973835945129395,32.76090621948242,1025.2086804071666,22,187.5,NEP10k_raw_r20250912_daily_mesozoo200_o2_so_no3_chlos_ssh_thetao_uo_vo_vollcello_2018.02.nc,NEP10k_raw_r20250912_daily_mesozoo200_o2_so_no3_chlos_ssh_thetao_uo_vo_vollcello_2018.02.nc
W18,TR,MaD,5,4,0,2018-02-20,2018-02-20T15:18:11Z,-124.75873,41.04911,1.8,105,2018,2,79,112,-124.74502563476562,41.02303695678711,3.1187358445461353,29.127574893626743,0,69.80536703772637,0,40.67779214409963,5,1025.2086804071666,9.973835945129395,9.973835945129395,32.76090621948242,1025.2086804071666,22,187.5,NEP10k_raw_r20250912_daily_mesozoo200_o2_so_no3_chlos_ssh_thetao_uo_vo_vollcello_2018.02.nc,NEP10k_raw_r20250912_daily_mesozoo200_o2_so_no3_chlos_ssh_thetao_uo_vo_vollcello_2018.02.nc
W18,TR,MaD,3,1,0,2018-02-20,2018-02-20T18:46:17Z,-124.43355,41.06038,2.7,102.9,2018,2,78,115,-124.37002563476562,41.05979537963867,5.326490589531369,18.85496020158859,0,50.75913479164121,0,31.90417459005262,5,1025.518851673289,9.720755577087402,9.720755577087402,33.104644775390625,1025.518851673289,22,187.5,NEP10k_raw_r20250912_daily_mesozoo200_o2_so_no3_chlos_ssh_thetao_uo_vo_vollcello_2018.02.nc,NEP10k_raw_r20250912_daily_mesozoo200_o2_so_no3_chlos_ssh_thetao_uo_vo_vollcello_2018.02.nc
W18,TR,MaD,3,4,0,2018-02-20,2018-02-20T18:46:17Z,-124.43355,41.06038,2.7,102.9,2018,2,78,115,-124.37002563476562,41.05979537963867,5.326490589531369,18.85496020158859,0,50.75913479164121,0,31.90417459005262,5,1025.518851673289,9.720755577087402,9.720755577087402,33.104644775390625,1025.518851673289,22,187.5,NEP10k_raw_r20250912_daily_mesozoo200_o2_so_no3_chlos_ssh_thetao_uo_vo_vollcello_2018.02.nc,NEP10k_raw_r20250912_daily_mesozoo200_o2_so_no3_chlos_ssh_thetao_uo_vo_vollcello_2018.02.nc
W18,TR,MaD,2,1,0,2018-02-20,2018-02-20T20:53:46Z,-124.3381,41.05764,3.4,99.3,2018,2,78,115,-124.37002563476562,41.05979537963867,2.687514973572236,18.85496020158859,0,50.75913479164121,0,31.90417459005262,5,1025.518851673289,9.720755577087402,9.720755577087402,33.104644775390625,1025.518851673289,22,187.5,NEP10k_raw_r20250912_daily_mesozoo200_o2_so_no3_chlos_ssh_thetao_uo_vo_vollcello_2018.02.nc,NEP10k_raw_r20250912_daily_mesozoo200_o2_so_no3_chlos_ssh_thetao_uo_vo_vollcello_2018.02.nc
W18,TR,MaD,2,4,0,2018-02-20,2018-02-20T20:53:46Z,-124.3381,41.05764,3.4,99.3,2018,2,78,115,-124.37002563476562,41.05979537963867,2.687514973572236,18.85496020158859,0,50.75913479164121,0,31.90417459005262,5,1025.518851673289,9.720755577087402,9.720755577087402,33.104644775390625,1025.518851673289,22,187.5,NEP10k_raw_r20250912_daily_mesozoo200_o2_so_no3_chlos_ssh_thetao_uo_vo_vollcello_2018.02.nc,NEP10k_raw_r20250912_daily_mesozoo200_o2_so_no3_chlos_ssh_thetao_uo_vo_vollcello_2018.02.nc
W18,TR,MaD,1,1,0,2018-02-20,2018-02-20T22:24:59Z,-124.27161,41.05854,2.4,52.2,2018,2,78,116,-124.26214599609375,41.09885025024414,4.551949801041486,5.17944148415431,0,10.076139750239758,0,4.896698266085448,5,1025.535895269868,9.575003623962402,9.575003623962402,33.09596252441406,1025.535895269868,13,75,NEP10k_raw_r20250912_daily_mesozoo200_o2_so_no3_chlos_ssh_thetao_uo_vo_vollcello_2018.02.nc,NEP10k_raw_r20250912_daily_mesozoo200_o2_so_no3_chlos_ssh_thetao_uo_vo_vollcello_2018.02.nc
W18,TR,MaD,1,4,0,2018-02-20,2018-02-20T22:24:59Z,-124.27161,41.05854,2.4,52.2,2018,2,78,116,-124.26214599609375,41.09885025024414,4.551949801041486,5.17944148415431,0,10.076139750239758,0,4.896698266085448,5,1025.535895269868,9.575003623962402,9.575003623962402,33.09596252441406,1025.535895269868,13,75,NEP10k_raw_r20250912_daily_mesozoo200_o2_so_no3_chlos_ssh_thetao_uo_vo_vollcello_2018.02.nc,NEP10k_raw_r20250912_daily_mesozoo200_o2_so_no3_chlos_ssh_thetao_uo_vo_vollcello_2018.02.nc
W18,NH,MbD,5,1,0,2018-02-23,2018-02-23T16:03:53Z,-125.11497,44.6521,0.817,99.7,2018,2,116,127,-125.09332275390625,44.6298828125,3.0060519122166487,10.26373707937658,0,13.34541783841013,0,3.0816807590335493,5,1024.2564352336055,8.46165943145752,8.46165943145752,31.240434646606445,1024.2564352336055,22,187.5,NEP10k_raw_r20250912_daily_mesozoo200_o2_so_no3_chlos_ssh_thetao_uo_vo_vollcello_2018.02.nc,NEP10k_raw_r20250912_daily_mesozoo200_o2_so_no3_chlos_ssh_thetao_uo_vo_vollcello_2018.02.nc
W18,NH,MbD,5,4,0,2018-02-23,2018-02-23T16:03:53Z,-125.11497,44.6521,0.817,99.7,2018,2,116,127,-125.09332275390625,44.6298828125,3.0060519122166487,10.26373707937658,0,13.34541783841013,0,3.0816807590335493,5,1024.2564352336055,8.46165943145752,8.46165943145752,31.240434646606445,1024.2564352336055,22,187.5,NEP10k_raw_r20250912_daily_mesozoo200_o2_so_no3_chlos_ssh_thetao_uo_vo_vollcello_2018.02.nc,NEP10k_raw_r20250912_daily_mesozoo200_o2_so_no3_chlos_ssh_thetao_uo_vo_vollcello_2018.02.nc
W18,NH,MbD,3,1,0,2018-02-23,2018-02-23T19:34:48Z,-124.64777,44.6512,1.1,100.3,2018,2,115,130,-124.69290161132812,44.668212890625,4.039861346517416,7.52923186076911,0,7.89608704462704,0,0.3668551838579299,5,1023.9630163200725,8.425139427185059,8.425139427185059,30.859052658081055,1023.9630163200725,22,187.5,NEP10k_raw_r20250912_daily_mesozoo200_o2_so_no3_chlos_ssh_thetao_uo_vo_vollcello_2018.02.nc,NEP10k_raw_r20250912_daily_mesozoo200_o2_so_no3_chlos_ssh_thetao_uo_vo_vollcello_2018.02.nc
W18,NH,MbD,3,4,0,2018-02-23,2018-02-23T19:34:48Z,-124.64777,44.6512,1.1,100.3,2018,2,115,130,-124.69290161132812,44.668212890625,4.039861346517416,7.52923186076911,0,7.89608704462704,0,0.3668551838579299,5,1023.9630163200725,8.425139427185059,8.425139427185059,30.859052658081055,1023.9630163200725,22,187.5,NEP10k_raw_r20250912_daily_mesozoo200_o2_so_no3_chlos_ssh_thetao_uo_vo_vollcello_2018.02.nc,NEP10k_raw_r20250912_daily_mesozoo200_o2_so_no3_chlos_ssh_thetao_uo_vo_vollcello_2018.02.nc
W18,NH,MbD,2,1,0,2018-02-23,2018-02-23T21:51:58Z,-124.41262,44.64822,1.6,50.4,2018,2,114,132,-124.40715026855469,44.66562271118164,1.9828661348462866,7.968639755821052,0,8.241627554730023,0,0.2729877989089706,5,1024.3193849789436,8.470999717712402,8.470999717712402,31.32254409790039,1024.3193849789436,15,95,NEP10k_raw_r20250912_daily_mesozoo200_o2_so_no3_chlos_ssh_thetao_uo_vo_vollcello_2018.02.nc,NEP10k_raw_r20250912_daily_mesozoo200_o2_so_no3_chlos_ssh_thetao_uo_vo_vollcello_2018.02.nc
W18,NH,MbD,2,4,0,2018-02-23,2018-02-23T21:51:58Z,-124.41262,44.64822,1.6,50.4,2018,2,114,132,-124.40715026855469,44.66562271118164,1.9828661348462866,7.968639755821052,0,8.241627554730023,0,0.2729877989089706,5,1024.3193849789436,8.470999717712402,8.470999717712402,31.32254409790039,1024.3193849789436,15,95,NEP10k_raw_r20250912_daily_mesozoo200_o2_so_no3_chlos_ssh_thetao_uo_vo_vollcello_2018.02.nc,NEP10k_raw_r20250912_daily_mesozoo200_o2_so_no3_chlos_ssh_thetao_uo_vo_vollcello_2018.02.nc
W18,NH,MbD,1,1,0,2018-02-23,2018-02-23T23:29:00Z,-124.29455,44.64862,0,48.5,2018,2,113,133,-124.23666381835938,44.623046875,5.391161240975016,9.248076732022215,0,9.109761764644265,0,0,5,1024.566455397459,8.576951026916504,8.576951026916504,31.657970428466797,1024.566455397459,12,65,NEP10k_raw_r20250912_daily_mesozoo200_o2_so_no3_chlos_ssh_thetao_uo_vo_vollcello_2018.02.nc,NEP10k_raw_r20250912_daily_mesozoo200_o2_so_no3_chlos_ssh_thetao_uo_vo_vollcello_2018.02.nc
W18,NH,MbD,1,4,0,2018-02-23,2018-02-23T23:29:00Z,-124.29455,44.64862,0,48.5,2018,2,113,133,-124.23666381835938,44.623046875,5.391161240975016,9.248076732022215,0,9.109761764644265,0,0,5,1024.566455397459,8.576951026916504,8.576951026916504,31.657970428466797,1024.566455397459,12,65,NEP10k_raw_r20250912_daily_mesozoo200_o2_so_no3_chlos_ssh_thetao_uo_vo_vollcello_2018.02.nc,NEP10k_raw_r20250912_daily_mesozoo200_o2_so_no3_chlos_ssh_thetao_uo_vo_vollcello_2018.02.nc
W18,NH,MbD,1,1,3,2018-02-23,2018-02-23T23:32:40Z,-124.29462,44.6482,23.1,49,2018,2,113,133,-124.23666381835938,44.623046875,5.371416752049907,9.248076732022215,0,9.109761764644265,0,0,5,1024.566455397459,8.576951026916504,8.576951026916504,31.657970428466797,1024.566455397459,12,65,NEP10k_raw_r20250912_daily_mesozoo200_o2_so_no3_chlos_ssh_thetao_uo_vo_vollcello_2018.02.nc,NEP10k_raw_r20250912_daily_mesozoo200_o2_so_no3_chlos_ssh_thetao_uo_vo_vollcello_2018.02.nc
W18,NH,MbD,1,4,3,2018-02-23,2018-02-23T23:32:40Z,-124.29462,44.6482,23.1,49,2018,2,113,133,-124.23666381835938,44.623046875,5.371416752049907,9.248076732022215,0,9.109761764644265,0,0,5,1024.566455397459,8.576951026916504,8.576951026916504,31.657970428466797,1024.566455397459,12,65,NEP10k_raw_r20250912_daily_mesozoo200_o2_so_no3_chlos_ssh_thetao_uo_vo_vollcello_2018.02.nc,NEP10k_raw_r20250912_daily_mesozoo200_o2_so_no3_chlos_ssh_thetao_uo_vo_vollcello_2018.02.nc
W18,NH,MbD,1,1,4,2018-02-23,2018-02-23T23:36:30Z,-124.2947,44.64674,1.8,22.2,2018,2,113,133,-124.23666381835938,44.623046875,5.294240031040407,9.248076732022215,0,9.109761764644265,0,0,5,1024.566455397459,8.576951026916504,8.576951026916504,31.657970428466797,1024.566455397459,12,65,NEP10k_raw_r20250912_daily_mesozoo200_o2_so_no3_chlos_ssh_thetao_uo_vo_vollcello_2018.02.nc,NEP10k_raw_r20250912_daily_mesozoo200_o2_so_no3_chlos_ssh_thetao_uo_vo_vollcello_2018.02.nc
W18,NH,MbD,1,4,4,2018-02-23,2018-02-23T23:36:30Z,-124.2947,44.64674,1.8,22.2,2018,2,113,133,-124.23666381835938,44.623046875,5.294240031040407,9.248076732022215,0,9.109761764644265,0,0,5,1024.566455397459,8.576951026916504,8.576951026916504,31.657970428466797,1024.566455397459,12,65,NEP10k_raw_r20250912_daily_mesozoo200_o2_so_no3_chlos_ssh_thetao_uo_vo_vollcello_2018.02.nc,NEP10k_raw_r20250912_daily_mesozoo200_o2_so_no3_chlos_ssh_thetao_uo_vo_vollcello_2018.02.nc
W19,NH,MaN,1,1,0,2019-03-04,2019-03-05T04:19:54Z,-124.29398,44.65204,0.3,48.7,2019,3,113,133,-124.23666381835938,44.623046875,5.564142239918873,23.362954462026053,0,23.363020255059592,0,6.5793033538597e-5,5,1024.719410164253,9.35877799987793,9.35877799987793,32.00675964355469,1024.719410164253,12,65,NEP10k_raw_r20250912_daily_mesozoo200_o2_so_no3_chlos_ssh_thetao_uo_vo_vollcello_2019.03.nc,NEP10k_raw_r20250912_daily_mesozoo200_o2_so_no3_chlos_ssh_thetao_uo_vo_vollcello_2019.03.nc
W19,NH,MaN,1,4,0,2019-03-04,2019-03-05T04:19:54Z,-124.29398,44.65204,0.3,48.7,2019,3,113,133,-124.23666381835938,44.623046875,5.564142239918873,23.362954462026053,0,23.363020255059592,0,6.5793033538597e-5,5,1024.719410164253,9.35877799987793,9.35877799987793,32.00675964355469,1024.719410164253,12,65,NEP10k_raw_r20250912_daily_mesozoo200_o2_so_no3_chlos_ssh_thetao_uo_vo_vollcello_2019.03.nc,NEP10k_raw_r20250912_daily_mesozoo200_o2_so_no3_chlos_ssh_thetao_uo_vo_vollcello_2019.03.nc
W19,NH,MaN,1,1,3,2019-03-04,2019-03-05T04:24:08Z,-124.29664,44.65206,25.787,48.413,2019,3,113,133,-124.23666381835938,44.623046875,5.7382258783957845,23.362954462026053,0,23.363020255059592,0,6.5793033538597e-5,5,1024.719410164253,9.35877799987793,9.35877799987793,32.00675964355469,1024.719410164253,12,65,NEP10k_raw_r20250912_daily_mesozoo200_o2_so_no3_chlos_ssh_thetao_uo_vo_vollcello_2019.03.nc,NEP10k_raw_r20250912_daily_mesozoo200_o2_so_no3_chlos_ssh_thetao_uo_vo_vollcello_2019.03.nc
W19,NH,MaN,1,4,3,2019-03-04,2019-03-05T04:24:08Z,-124.29664,44.65206,25.787,48.413,2019,3,113,133,-124.23666381835938,44.623046875,5.7382258783957845,23.362954462026053,0,23.363020255059592,0,6.5793033538597e-5,5,1024.719410164253,9.35877799987793,9.35877799987793,32.00675964355469,1024.719410164253,12,65,NEP10k_raw_r20250912_daily_mesozoo200_o2_so_no3_chlos_ssh_thetao_uo_vo_vollcello_2019.03.nc,NEP10k_raw_r20250912_daily_mesozoo200_o2_so_no3_chlos_ssh_thetao_uo_vo_vollcello_2019.03.nc
W19,NH,MaN,1,1,4,2019-03-04,2019-03-05T04:27:22Z,-124.29882,44.65215,-0.089,25.189,2019,3,113,133,-124.23666381835938,44.623046875,5.8871626151582905,23.362954462026053,0,23.363020255059592,0,6.5793033538597e-5,5,1024.719410164253,9.35877799987793,9.35877799987793,32.00675964355469,1024.719410164253,12,65,NEP10k_raw_r20250912_daily_mesozoo200_o2_so_no3_chlos_ssh_thetao_uo_vo_vollcello_2019.03.nc,NEP10k_raw_r20250912_daily_mesozoo200_o2_so_no3_chlos_ssh_thetao_uo_vo_vollcello_2019.03.nc
W19,NH,MaN,1,4,4,2019-03-04,2019-03-05T04:27:22Z,-124.29882,44.65215,-0.089,25.189,2019,3,113,133,-124.23666381835938,44.623046875,5.8871626151582905,23.362954462026053,0,23.363020255059592,0,6.5793033538597e-5,5,1024.719410164253,9.35877799987793,9.35877799987793,32.00675964355469,1024.719410164253,12,65,NEP10k_raw_r20250912_daily_mesozoo200_o2_so_no3_chlos_ssh_thetao_uo_vo_vollcello_2019.03.nc,NEP10k_raw_r20250912_daily_mesozoo200_o2_so_no3_chlos_ssh_thetao_uo_vo_vollcello_2019.03.nc
W19,NH,MaN,2,1,0,2019-03-04,2019-03-05T06:09:31Z,-124.41461,44.65217,0.3,76.1,2019,3,114,132,-124.40715026855469,44.66562271118164,1.6080282677823332,27.79682088027184,0,28.19299165923517,0,0.3961707789633273,5,1024.7389216694517,9.257783889770508,9.257783889770508,32.01137924194336,1024.7389216694517,15,95,NEP10k_raw_r20250912_daily_mesozoo200_o2_so_no3_chlos_ssh_thetao_uo_vo_vollcello_2019.03.nc,NEP10k_raw_r20250912_daily_mesozoo200_o2_so_no3_chlos_ssh_thetao_uo_vo_vollcello_2019.03.nc
W19,NH,MaN,2,4,0,2019-03-04,2019-03-05T06:09:31Z,-124.41461,44.65217,0.3,76.1,2019,3,114,132,-124.40715026855469,44.66562271118164,1.6080282677823332,27.79682088027184,0,28.19299165923517,0,0.3961707789633273,5,1024.7389216694517,9.257783889770508,9.257783889770508,32.01137924194336,1024.7389216694517,15,95,NEP10k_raw_r20250912_daily_mesozoo200_o2_so_no3_chlos_ssh_thetao_uo_vo_vollcello_2019.03.nc,NEP10k_raw_r20250912_daily_mesozoo200_o2_so_no3_chlos_ssh_thetao_uo_vo_vollcello_2019.03.nc
W19,NH,MaN,2,1,2,2019-03-04,2019-03-05T06:16:38Z,-124.41873,44.6521,49.2,77.1,2019,3,114,132,-124.40715026855469,44.66562271118164,1.7606309861736065,27.79682088027184,0,28.19299165923517,0,0.3961707789633273,5,1024.7389216694517,9.257783889770508,9.257783889770508,32.01137924194336,1024.7389216694517,15,95,NEP10k_raw_r20250912_daily_mesozoo200_o2_so_no3_chlos_ssh_thetao_uo_vo_vollcello_2019.03.nc,NEP10k_raw_r20250912_daily_mesozoo200_o2_so_no3_chlos_ssh_thetao_uo_vo_vollcello_2019.03.nc
W19,NH,MaN,2,4,2,2019-03-04,2019-03-05T06:16:38Z,-124.41873,44.6521,49.2,77.1,2019,3,114,132,-124.40715026855469,44.66562271118164,1.7606309861736065,27.79682088027184,0,28.19299165923517,0,0.3961707789633273,5,1024.7389216694517,9.257783889770508,9.257783889770508,32.01137924194336,1024.7389216694517,15,95,NEP10k_raw_r20250912_daily_mesozoo200_o2_so_no3_chlos_ssh_thetao_uo_vo_vollcello_2019.03.nc,NEP10k_raw_r20250912_daily_mesozoo200_o2_so_no3_chlos_ssh_thetao_uo_vo_vollcello_2019.03.nc
W19,NH,MaN,2,1,3,2019-03-04,2019-03-05T06:20:49Z,-124.42112,44.6521,25.9,48.235,2019,3,114,132,-124.40715026855469,44.66562271118164,1.8659632812493345,27.79682088027184,0,28.19299165923517,0,0.3961707789633273,5,1024.7389216694517,9.257783889770508,9.257783889770508,32.01137924194336,1024.7389216694517,15,95,NEP10k_raw_r20250912_daily_mesozoo200_o2_so_no3_chlos_ssh_thetao_uo_vo_vollcello_2019.03.nc,NEP10k_raw_r20250912_daily_mesozoo200_o2_so_no3_chlos_ssh_thetao_uo_vo_vollcello_2019.03.nc
W19,NH,MaN,2,4,3,2019-03-04,2019-03-05T06:20:49Z,-124.42112,44.6521,25.9,48.235,2019,3,114,132,-124.40715026855469,44.66562271118164,1.8659632812493345,27.79682088027184,0,28.19299165923517,0,0.3961707789633273,5,1024.7389216694517,9.257783889770508,9.257783889770508,32.01137924194336,1024.7389216694517,15,95,NEP10k_raw_r20250912_daily_mesozoo200_o2_so_no3_chlos_ssh_thetao_uo_vo_vollcello_2019.03.nc,NEP10k_raw_r20250912_daily_mesozoo200_o2_so_no3_chlos_ssh_thetao_uo_vo_vollcello_2019.03.nc
W19,NH,MaN,2,1,4,2019-03-04,2019-03-05T06:23:52Z,-124.42312,44.65213,2.3,25.2,2019,3,114,132,-124.40715026855469,44.66562271118164,1.961220582985715,27.79682088027184,0,28.19299165923517,0,0.3961707789633273,5,1024.7389216694517,9.257783889770508,9.257783889770508,32.01137924194336,1024.7389216694517,15,95,NEP10k_raw_r20250912_daily_mesozoo200_o2_so_no3_chlos_ssh_thetao_uo_vo_vollcello_2019.03.nc,NEP10k_raw_r20250912_daily_mesozoo200_o2_so_no3_chlos_ssh_thetao_uo_vo_vollcello_2019.03.nc
W19,NH,MaN,2,4,4,2019-03-04,2019-03-05T06:23:52Z,-124.42312,44.65213,2.3,25.2,2019,3,114,132,-124.40715026855469,44.66562271118164,1.961220582985715,27.79682088027184,0,28.19299165923517,0,0.3961707789633273,5,1024.7389216694517,9.257783889770508,9.257783889770508,32.01137924194336,1024.7389216694517,15,95,NEP10k_raw_r20250912_daily_mesozoo200_o2_so_no3_chlos_ssh_thetao_uo_vo_vollcello_2019.03.nc,NEP10k_raw_r20250912_daily_mesozoo200_o2_so_no3_chlos_ssh_thetao_uo_vo_vollcello_2019.03.nc
W19,NH,MaN,3,1,0,2019-03-05,2019-03-05T08:17:35Z,-124.65383,44.65179,0.4,99.855,2019,3,115,130,-124.69290161132812,44.668212890625,3.5894876756899934,29.748377849569195,0,31.598798159262515,0,1.8504203096933196,5,1024.785644288316,9.233885765075684,9.233885765075684,32.066349029541016,1024.785644288316,22,187.5,NEP10k_raw_r20250912_daily_mesozoo200_o2_so_no3_chlos_ssh_thetao_uo_vo_vollcello_2019.03.nc,NEP10k_raw_r20250912_daily_mesozoo200_o2_so_no3_chlos_ssh_thetao_uo_vo_vollcello_2019.03.nc
W19,NH,MaN,3,4,0,2019-03-05,2019-03-05T08:17:35Z,-124.65383,44.65179,0.4,99.855,2019,3,115,130,-124.69290161132812,44.668212890625,3.5894876756899934,29.748377849569195,0,31.598798159262515,0,1.8504203096933196,5,1024.785644288316,9.233885765075684,9.233885765075684,32.066349029541016,1024.785644288316,22,187.5,NEP10k_raw_r20250912_daily_mesozoo200_o2_so_no3_chlos_ssh_thetao_uo_vo_vollcello_2019.03.nc,NEP10k_raw_r20250912_daily_mesozoo200_o2_so_no3_chlos_ssh_thetao_uo_vo_vollcello_2019.03.nc
W19,NH,MaN,3,1,1,2019-03-05,2019-03-05T08:25:41Z,-124.65931,44.6515,66.6,90.5,2019,3,115,130,-124.69290161132812,44.668212890625,3.2422762220892487,29.748377849569195,0,31.598798159262515,0,1.8504203096933196,5,1024.785644288316,9.233885765075684,9.233885765075684,32.066349029541016,1024.785644288316,22,187.5,NEP10k_raw_r20250912_daily_mesozoo200_o2_so_no3_chlos_ssh_thetao_uo_vo_vollcello_2019.03.nc,NEP10k_raw_r20250912_daily_mesozoo200_o2_so_no3_chlos_ssh_thetao_uo_vo_vollcello_2019.03.nc
W19,NH,MaN,3,4,1,2019-03-05,2019-03-05T08:25:41Z,-124.65931,44.6515,66.6,90.5,2019,3,115,130,-124.69290161132812,44.668212890625,3.2422762220892487,29.748377849569195,0,31.598798159262515,0,1.8504203096933196,5,1024.785644288316,9.233885765075684,9.233885765075684,32.066349029541016,1024.785644288316,22,187.5,NEP10k_raw_r20250912_daily_mesozoo200_o2_so_no3_chlos_ssh_thetao_uo_vo_vollcello_2019.03.nc,NEP10k_raw_r20250912_daily_mesozoo200_o2_so_no3_chlos_ssh_thetao_uo_vo_vollcello_2019.03.nc
W19,NH,MaN,3,1,2,2019-03-05,2019-03-05T08:27:34Z,-124.66108,44.65148,49.791,65.909,2019,3,115,130,-124.69290161132812,44.668212890625,3.1299122832737685,29.748377849569195,0,31.598798159262515,0,1.8504203096933196,5,1024.785644288316,9.233885765075684,9.233885765075684,32.066349029541016,1024.785644288316,22,187.5,NEP10k_raw_r20250912_daily_mesozoo200_o2_so_no3_chlos_ssh_thetao_uo_vo_vollcello_2019.03.nc,NEP10k_raw_r20250912_daily_mesozoo200_o2_so_no3_chlos_ssh_thetao_uo_vo_vollcello_2019.03.nc
W19,NH,MaN,3,4,2,2019-03-05,2019-03-05T08:27:34Z,-124.66108,44.65148,49.791,65.909,2019,3,115,130,-124.69290161132812,44.668212890625,3.1299122832737685,29.748377849569195,0,31.598798159262515,0,1.8504203096933196,5,1024.785644288316,9.233885765075684,9.233885765075684,32.066349029541016,1024.785644288316,22,187.5,NEP10k_raw_r20250912_daily_mesozoo200_o2_so_no3_chlos_ssh_thetao_uo_vo_vollcello_2019.03.nc,NEP10k_raw_r20250912_daily_mesozoo200_o2_so_no3_chlos_ssh_thetao_uo_vo_vollcello_2019.03.nc
W19,NH,MaN,3,1,3,2019-03-05,2019-03-05T08:30:53Z,-124.66419,44.65151,25.559,49.3,2019,3,115,130,-124.69290161132812,44.668212890625,2.9336470507057864,29.748377849569195,0,31.598798159262515,0,1.8504203096933196,5,1024.785644288316,9.233885765075684,9.233885765075684,32.066349029541016,1024.785644288316,22,187.5,NEP10k_raw_r20250912_daily_mesozoo200_o2_so_no3_chlos_ssh_thetao_uo_vo_vollcello_2019.03.nc,NEP10k_raw_r20250912_daily_mesozoo200_o2_so_no3_chlos_ssh_thetao_uo_vo_vollcello_2019.03.nc
W19,NH,MaN,3,4,3,2019-03-05,2019-03-05T08:30:53Z,-124.66419,44.65151,25.559,49.3,2019,3,115,130,-124.69290161132812,44.668212890625,2.9336470507057864,29.748377849569195,0,31.598798159262515,0,1.8504203096933196,5,1024.785644288316,9.233885765075684,9.233885765075684,32.066349029541016,1024.785644288316,22,187.5,NEP10k_raw_r20250912_daily_mesozoo200_o2_so_no3_chlos_ssh_thetao_uo_vo_vollcello_2019.03.nc,NEP10k_raw_r20250912_daily_mesozoo200_o2_so_no3_chlos_ssh_thetao_uo_vo_vollcello_2019.03.nc
W19,NH,MaN,3,1,4,2019-03-05,2019-03-05T08:37:13Z,-124.67004,44.65168,2.991,25.1,2019,3,115,130,-124.69290161132812,44.668212890625,2.57858374245274,29.748377849569195,0,31.598798159262515,0,1.8504203096933196,5,1024.785644288316,9.233885765075684,9.233885765075684,32.066349029541016,1024.785644288316,22,187.5,NEP10k_raw_r20250912_daily_mesozoo200_o2_so_no3_chlos_ssh_thetao_uo_vo_vollcello_2019.03.nc,NEP10k_raw_r20250912_daily_mesozoo200_o2_so_no3_chlos_ssh_thetao_uo_vo_vollcello_2019.03.nc
W19,NH,MaN,3,4,4,2019-03-05,2019-03-05T08:37:13Z,-124.67004,44.65168,2.991,25.1,2019,3,115,130,-124.69290161132812,44.668212890625,2.57858374245274,29.748377849569195,0,31.598798159262515,0,1.8504203096933196,5,1024.785644288316,9.233885765075684,9.233885765075684,32.066349029541016,1024.785644288316,22,187.5,NEP10k_raw_r20250912_daily_mesozoo200_o2_so_no3_chlos_ssh_thetao_uo_vo_vollcello_2019.03.nc,NEP10k_raw_r20250912_daily_mesozoo200_o2_so_no3_chlos_ssh_thetao_uo_vo_vollcello_2019.03.nc
W19,NH,MaN,4,1,0,2019-03-05,2019-03-05T10:33:57Z,-124.88689,44.65222,0.4,100.3,2019,3,116,129,-124.8638916015625,44.710044860839844,6.681992801925055,33.97162719985795,0,36.21937278310791,0,2.2477455832499587,5,1024.8240350632618,9.262724876403809,9.262724876403809,32.121246337890625,1024.8240350632618,22,187.5,NEP10k_raw_r20250912_daily_mesozoo200_o2_so_no3_chlos_ssh_thetao_uo_vo_vollcello_2019.03.nc,NEP10k_raw_r20250912_daily_mesozoo200_o2_so_no3_chlos_ssh_thetao_uo_vo_vollcello_2019.03.nc
W19,NH,MaN,4,4,0,2019-03-05,2019-03-05T10:33:57Z,-124.88689,44.65222,0.4,100.3,2019,3,116,129,-124.8638916015625,44.710044860839844,6.681992801925055,33.97162719985795,0,36.21937278310791,0,2.2477455832499587,5,1024.8240350632618,9.262724876403809,9.262724876403809,32.121246337890625,1024.8240350632618,22,187.5,NEP10k_raw_r20250912_daily_mesozoo200_o2_so_no3_chlos_ssh_thetao_uo_vo_vollcello_2019.03.nc,NEP10k_raw_r20250912_daily_mesozoo200_o2_so_no3_chlos_ssh_thetao_uo_vo_vollcello_2019.03.nc
W19,NH,MaN,4,1,1,2019-03-05,2019-03-05T10:44:28Z,-124.89458,44.65225,75.7,100.5,2019,3,116,129,-124.8638916015625,44.710044860839844,6.86926905453546,33.97162719985795,0,36.21937278310791,0,2.2477455832499587,5,1024.8240350632618,9.262724876403809,9.262724876403809,32.121246337890625,1024.8240350632618,22,187.5,NEP10k_raw_r20250912_daily_mesozoo200_o2_so_no3_chlos_ssh_thetao_uo_vo_vollcello_2019.03.nc,NEP10k_raw_r20250912_daily_mesozoo200_o2_so_no3_chlos_ssh_thetao_uo_vo_vollcello_2019.03.nc
W19,NH,MaN,4,4,1,2019-03-05,2019-03-05T10:44:28Z,-124.89458,44.65225,75.7,100.5,2019,3,116,129,-124.8638916015625,44.710044860839844,6.86926905453546,33.97162719985795,0,36.21937278310791,0,2.2477455832499587,5,1024.8240350632618,9.262724876403809,9.262724876403809,32.121246337890625,1024.8240350632618,22,187.5,NEP10k_raw_r20250912_daily_mesozoo200_o2_so_no3_chlos_ssh_thetao_uo_vo_vollcello_2019.03.nc,NEP10k_raw_r20250912_daily_mesozoo200_o2_so_no3_chlos_ssh_thetao_uo_vo_vollcello_2019.03.nc
W19,NH,MaN,4,1,2,2019-03-05,2019-03-05T10:49:12Z,-124.89865,44.65229,50.3,74.7,2019,3,116,128,-124.97869873046875,44.67002487182617,6.6310964304698405,38.20868602551742,0,45.22365669177425,0,7.014970666256829,5,1024.8218759687297,9.29359245300293,9.29359245300293,32.124698638916016,1024.8218759687297,22,187.5,NEP10k_raw_r20250912_daily_mesozoo200_o2_so_no3_chlos_ssh_thetao_uo_vo_vollcello_2019.03.nc,NEP10k_raw_r20250912_daily_mesozoo200_o2_so_no3_chlos_ssh_thetao_uo_vo_vollcello_2019.03.nc
W19,NH,MaN,4,4,2,2019-03-05,2019-03-05T10:49:12Z,-124.89865,44.65229,50.3,74.7,2019,3,116,128,-124.97869873046875,44.67002487182617,6.6310964304698405,38.20868602551742,0,45.22365669177425,0,7.014970666256829,5,1024.8218759687297,9.29359245300293,9.29359245300293,32.124698638916016,1024.8218759687297,22,187.5,NEP10k_raw_r20250912_daily_mesozoo200_o2_so_no3_chlos_ssh_thetao_uo_vo_vollcello_2019.03.nc,NEP10k_raw_r20250912_daily_mesozoo200_o2_so_no3_chlos_ssh_thetao_uo_vo_vollcello_2019.03.nc
W19,NH,MaN,4,1,3,2019-03-05,2019-03-05T10:53:05Z,-124.90277,44.65245,26.2,49.9,2019,3,116,128,-124.97869873046875,44.67002487182617,6.31519423968517,38.20868602551742,0,45.22365669177425,0,7.014970666256829,5,1024.8218759687297,9.29359245300293,9.29359245300293,32.124698638916016,1024.8218759687297,22,187.5,NEP10k_raw_r20250912_daily_mesozoo200_o2_so_no3_chlos_ssh_thetao_uo_vo_vollcello_2019.03.nc,NEP10k_raw_r20250912_daily_mesozoo200_o2_so_no3_chlos_ssh_thetao_uo_vo_vollcello_2019.03.nc
W19,NH,MaN,4,4,3,2019-03-05,2019-03-05T10:53:05Z,-124.90277,44.65245,26.2,49.9,2019,3,116,128,-124.97869873046875,44.67002487182617,6.31519423968517,38.20868602551742,0,45.22365669177425,0,7.014970666256829,5,1024.8218759687297,9.29359245300293,9.29359245300293,32.124698638916016,1024.8218759687297,22,187.5,NEP10k_raw_r20250912_daily_mesozoo200_o2_so_no3_chlos_ssh_thetao_uo_vo_vollcello_2019.03.nc,NEP10k_raw_r20250912_daily_mesozoo200_o2_so_no3_chlos_ssh_thetao_uo_vo_vollcello_2019.03.nc
W19,NH,MaN,4,1,4,2019-03-05,2019-03-05T11:00:44Z,-124.91091,44.65281,2.8,25.6,2019,3,116,128,-124.97869873046875,44.67002487182617,5.6928788083964506,38.20868602551742,0,45.22365669177425,0,7.014970666256829,5,1024.8218759687297,9.29359245300293,9.29359245300293,32.124698638916016,1024.8218759687297,22,187.5,NEP10k_raw_r20250912_daily_mesozoo200_o2_so_no3_chlos_ssh_thetao_uo_vo_vollcello_2019.03.nc,NEP10k_raw_r20250912_daily_mesozoo200_o2_so_no3_chlos_ssh_thetao_uo_vo_vollcello_2019.03.nc
W19,NH,MaN,4,4,4,2019-03-05,2019-03-05T11:00:44Z,-124.91091,44.65281,2.8,25.6,2019,3,116,128,-124.97869873046875,44.67002487182617,5.6928788083964506,38.20868602551742,0,45.22365669177425,0,7.014970666256829,5,1024.8218759687297,9.29359245300293,9.29359245300293,32.124698638916016,1024.8218759687297,22,187.5,NEP10k_raw_r20250912_daily_mesozoo200_o2_so_no3_chlos_ssh_thetao_uo_vo_vollcello_2019.03.nc,NEP10k_raw_r20250912_daily_mesozoo200_o2_so_no3_chlos_ssh_thetao_uo_vo_vollcello_2019.03.nc
W19,NH,MaN,5,1,0,2019-03-05,2019-03-05T12:46:46Z,-125.11887,44.65142,0.5,100.6,2019,3,116,127,-125.09332275390625,44.6298828125,3.133793000371819,34.55163934286482,0,49.05868440728138,0,14.507045064416566,5,1024.8121808185424,9.295187950134277,9.295187950134277,32.11261749267578,1024.8121808185424,22,187.5,NEP10k_raw_r20250912_daily_mesozoo200_o2_so_no3_chlos_ssh_thetao_uo_vo_vollcello_2019.03.nc,NEP10k_raw_r20250912_daily_mesozoo200_o2_so_no3_chlos_ssh_thetao_uo_vo_vollcello_2019.03.nc
W19,NH,MaN,5,4,0,2019-03-05,2019-03-05T12:46:46Z,-125.11887,44.65142,0.5,100.6,2019,3,116,127,-125.09332275390625,44.6298828125,3.133793000371819,34.55163934286482,0,49.05868440728138,0,14.507045064416566,5,1024.8121808185424,9.295187950134277,9.295187950134277,32.11261749267578,1024.8121808185424,22,187.5,NEP10k_raw_r20250912_daily_mesozoo200_o2_so_no3_chlos_ssh_thetao_uo_vo_vollcello_2019.03.nc,NEP10k_raw_r20250912_daily_mesozoo200_o2_so_no3_chlos_ssh_thetao_uo_vo_vollcello_2019.03.nc
W19,NH,MaN,5,1,1,2019-03-05,2019-03-05T12:55:19Z,-125.12387,44.65168,75.1,95,2019,3,116,127,-125.09332275390625,44.6298828125,3.4228078831964384,34.55163934286482,0,49.05868440728138,0,14.507045064416566,5,1024.8121808185424,9.295187950134277,9.295187950134277,32.11261749267578,1024.8121808185424,22,187.5,NEP10k_raw_r20250912_daily_mesozoo200_o2_so_no3_chlos_ssh_thetao_uo_vo_vollcello_2019.03.nc,NEP10k_raw_r20250912_daily_mesozoo200_o2_so_no3_chlos_ssh_thetao_uo_vo_vollcello_2019.03.nc
W19,NH,MaN,5,4,1,2019-03-05,2019-03-05T12:55:19Z,-125.12387,44.65168,75.1,95,2019,3,116,127,-125.09332275390625,44.6298828125,3.4228078831964384,34.55163934286482,0,49.05868440728138,0,14.507045064416566,5,1024.8121808185424,9.295187950134277,9.295187950134277,32.11261749267578,1024.8121808185424,22,187.5,NEP10k_raw_r20250912_daily_mesozoo200_o2_so_no3_chlos_ssh_thetao_uo_vo_vollcello_2019.03.nc,NEP10k_raw_r20250912_daily_mesozoo200_o2_so_no3_chlos_ssh_thetao_uo_vo_vollcello_2019.03.nc
W19,NH,MaN,5,1,2,2019-03-05,2019-03-05T12:59:04Z,-125.12609,44.65177,49.7,75,2019,3,116,127,-125.09332275390625,44.6298828125,3.5558491090352935,34.55163934286482,0,49.05868440728138,0,14.507045064416566,5,1024.8121808185424,9.295187950134277,9.295187950134277,32.11261749267578,1024.8121808185424,22,187.5,NEP10k_raw_r20250912_daily_mesozoo200_o2_so_no3_chlos_ssh_thetao_uo_vo_vollcello_2019.03.nc,NEP10k_raw_r20250912_daily_mesozoo200_o2_so_no3_chlos_ssh_thetao_uo_vo_vollcello_2019.03.nc
W19,NH,MaN,5,4,2,2019-03-05,2019-03-05T12:59:04Z,-125.12609,44.65177,49.7,75,2019,3,116,127,-125.09332275390625,44.6298828125,3.5558491090352935,34.55163934286482,0,49.05868440728138,0,14.507045064416566,5,1024.8121808185424,9.295187950134277,9.295187950134277,32.11261749267578,1024.8121808185424,22,187.5,NEP10k_raw_r20250912_daily_mesozoo200_o2_so_no3_chlos_ssh_thetao_uo_vo_vollcello_2019.03.nc,NEP10k_raw_r20250912_daily_mesozoo200_o2_so_no3_chlos_ssh_thetao_uo_vo_vollcello_2019.03.nc
W19,NH,MaN,5,1,3,2019-03-05,2019-03-05T13:04:36Z,-125.12927,44.65173,23.5,49.072,2019,3,116,127,-125.09332275390625,44.6298828125,3.740354328207027,34.55163934286482,0,49.05868440728138,0,14.507045064416566,5,1024.8121808185424,9.295187950134277,9.295187950134277,32.11261749267578,1024.8121808185424,22,187.5,NEP10k_raw_r20250912_daily_mesozoo200_o2_so_no3_chlos_ssh_thetao_uo_vo_vollcello_2019.03.nc,NEP10k_raw_r20250912_daily_mesozoo200_o2_so_no3_chlos_ssh_thetao_uo_vo_vollcello_2019.03.nc
W19,NH,MaN,5,4,3,2019-03-05,2019-03-05T13:04:36Z,-125.12927,44.65173,23.5,49.072,2019,3,116,127,-125.09332275390625,44.6298828125,3.740354328207027,34.55163934286482,0,49.05868440728138,0,14.507045064416566,5,1024.8121808185424,9.295187950134277,9.295187950134277,32.11261749267578,1024.8121808185424,22,187.5,NEP10k_raw_r20250912_daily_mesozoo200_o2_so_no3_chlos_ssh_thetao_uo_vo_vollcello_2019.03.nc,NEP10k_raw_r20250912_daily_mesozoo200_o2_so_no3_chlos_ssh_thetao_uo_vo_vollcello_2019.03.nc
W19,NH,MaN,5,1,4,2019-03-05,2019-03-05T13:07:10Z,-125.1313,44.6517,0.7,23,2019,3,116,127,-125.09332275390625,44.6298828125,3.8617905684048868,34.55163934286482,0,49.05868440728138,0,14.507045064416566,5,1024.8121808185424,9.295187950134277,9.295187950134277,32.11261749267578,1024.8121808185424,22,187.5,NEP10k_raw_r20250912_daily_mesozoo200_o2_so_no3_chlos_ssh_thetao_uo_vo_vollcello_2019.03.nc,NEP10k_raw_r20250912_daily_mesozoo200_o2_so_no3_chlos_ssh_thetao_uo_vo_vollcello_2019.03.nc
W19,NH,MaN,5,4,4,2019-03-05,2019-03-05T13:07:10Z,-125.1313,44.6517,0.7,23,2019,3,116,127,-125.09332275390625,44.6298828125,3.8617905684048868,34.55163934286482,0,49.05868440728138,0,14.507045064416566,5,1024.8121808185424,9.295187950134277,9.295187950134277,32.11261749267578,1024.8121808185424,22,187.5,NEP10k_raw_r20250912_daily_mesozoo200_o2_so_no3_chlos_ssh_thetao_uo_vo_vollcello_2019.03.nc,NEP10k_raw_r20250912_daily_mesozoo200_o2_so_no3_chlos_ssh_thetao_uo_vo_vollcello_2019.03.nc
W19,NH,MaD,5,1,0,2019-03-05,2019-03-05T16:14:44Z,-125.11588,44.65211,0.863,100.779,2019,3,116,127,-125.09332275390625,44.6298828125,3.0485477013100972,34.55163934286482,0,49.05868440728138,0,14.507045064416566,5,1024.8121808185424,9.295187950134277,9.295187950134277,32.11261749267578,1024.8121808185424,22,187.5,NEP10k_raw_r20250912_daily_mesozoo200_o2_so_no3_chlos_ssh_thetao_uo_vo_vollcello_2019.03.nc,NEP10k_raw_r20250912_daily_mesozoo200_o2_so_no3_chlos_ssh_thetao_uo_vo_vollcello_2019.03.nc
W19,NH,MaD,5,4,0,2019-03-05,2019-03-05T16:14:44Z,-125.11588,44.65211,0.863,100.779,2019,3,116,127,-125.09332275390625,44.6298828125,3.0485477013100972,34.55163934286482,0,49.05868440728138,0,14.507045064416566,5,1024.8121808185424,9.295187950134277,9.295187950134277,32.11261749267578,1024.8121808185424,22,187.5,NEP10k_raw_r20250912_daily_mesozoo200_o2_so_no3_chlos_ssh_thetao_uo_vo_vollcello_2019.03.nc,NEP10k_raw_r20250912_daily_mesozoo200_o2_so_no3_chlos_ssh_thetao_uo_vo_vollcello_2019.03.nc
W19,NH,MaD,5,1,1,2019-03-05,2019-03-05T16:22:33Z,-125.11058,44.65268,74.6,100.301,2019,3,116,127,-125.09332275390625,44.6298828125,2.8792455456886845,34.55163934286482,0,49.05868440728138,0,14.507045064416566,5,1024.8121808185424,9.295187950134277,9.295187950134277,32.11261749267578,1024.8121808185424,22,187.5,NEP10k_raw_r20250912_daily_mesozoo200_o2_so_no3_chlos_ssh_thetao_uo_vo_vollcello_2019.03.nc,NEP10k_raw_r20250912_daily_mesozoo200_o2_so_no3_chlos_ssh_thetao_uo_vo_vollcello_2019.03.nc
W19,NH,MaD,5,4,1,2019-03-05,2019-03-05T16:22:33Z,-125.11058,44.65268,74.6,100.301,2019,3,116,127,-125.09332275390625,44.6298828125,2.8792455456886845,34.55163934286482,0,49.05868440728138,0,14.507045064416566,5,1024.8121808185424,9.295187950134277,9.295187950134277,32.11261749267578,1024.8121808185424,22,187.5,NEP10k_raw_r20250912_daily_mesozoo200_o2_so_no3_chlos_ssh_thetao_uo_vo_vollcello_2019.03.nc,NEP10k_raw_r20250912_daily_mesozoo200_o2_so_no3_chlos_ssh_thetao_uo_vo_vollcello_2019.03.nc
W19,NH,MaD,5,1,2,2019-03-05,2019-03-05T16:29:13Z,-125.10617,44.65311,50.3,73.899,2019,3,116,127,-125.09332275390625,44.6298828125,2.775557261904709,34.55163934286482,0,49.05868440728138,0,14.507045064416566,5,1024.8121808185424,9.295187950134277,9.295187950134277,32.11261749267578,1024.8121808185424,22,187.5,NEP10k_raw_r20250912_daily_mesozoo200_o2_so_no3_chlos_ssh_thetao_uo_vo_vollcello_2019.03.nc,NEP10k_raw_r20250912_daily_mesozoo200_o2_so_no3_chlos_ssh_thetao_uo_vo_vollcello_2019.03.nc
W19,NH,MaD,5,4,2,2019-03-05,2019-03-05T16:29:13Z,-125.10617,44.65311,50.3,73.899,2019,3,116,127,-125.09332275390625,44.6298828125,2.775557261904709,34.55163934286482,0,49.05868440728138,0,14.507045064416566,5,1024.8121808185424,9.295187950134277,9.295187950134277,32.11261749267578,1024.8121808185424,22,187.5,NEP10k_raw_r20250912_daily_mesozoo200_o2_so_no3_chlos_ssh_thetao_uo_vo_vollcello_2019.03.nc,NEP10k_raw_r20250912_daily_mesozoo200_o2_so_no3_chlos_ssh_thetao_uo_vo_vollcello_2019.03.nc
W19,NH,MaD,5,1,3,2019-03-05,2019-03-05T16:35:04Z,-125.10216,44.65361,25.021,49.979,2019,3,116,127,-125.09332275390625,44.6298828125,2.7294134825183938,34.55163934286482,0,49.05868440728138,0,14.507045064416566,5,1024.8121808185424,9.295187950134277,9.295187950134277,32.11261749267578,1024.8121808185424,22,187.5,NEP10k_raw_r20250912_daily_mesozoo200_o2_so_no3_chlos_ssh_thetao_uo_vo_vollcello_2019.03.nc,NEP10k_raw_r20250912_daily_mesozoo200_o2_so_no3_chlos_ssh_thetao_uo_vo_vollcello_2019.03.nc
W19,NH,MaD,5,4,3,2019-03-05,2019-03-05T16:35:04Z,-125.10216,44.65361,25.021,49.979,2019,3,116,127,-125.09332275390625,44.6298828125,2.7294134825183938,34.55163934286482,0,49.05868440728138,0,14.507045064416566,5,1024.8121808185424,9.295187950134277,9.295187950134277,32.11261749267578,1024.8121808185424,22,187.5,NEP10k_raw_r20250912_daily_mesozoo200_o2_so_no3_chlos_ssh_thetao_uo_vo_vollcello_2019.03.nc,NEP10k_raw_r20250912_daily_mesozoo200_o2_so_no3_chlos_ssh_thetao_uo_vo_vollcello_2019.03.nc
W19,NH,MaD,5,1,4,2019-03-05,2019-03-05T16:41:05Z,-125.098,44.65425,1.4,24.8,2019,3,116,127,-125.09332275390625,44.6298828125,2.7346601341389083,34.55163934286482,0,49.05868440728138,0,14.507045064416566,5,1024.8121808185424,9.295187950134277,9.295187950134277,32.11261749267578,1024.8121808185424,22,187.5,NEP10k_raw_r20250912_daily_mesozoo200_o2_so_no3_chlos_ssh_thetao_uo_vo_vollcello_2019.03.nc,NEP10k_raw_r20250912_daily_mesozoo200_o2_so_no3_chlos_ssh_thetao_uo_vo_vollcello_2019.03.nc
W19,NH,MaD,5,4,4,2019-03-05,2019-03-05T16:41:05Z,-125.098,44.65425,1.4,24.8,2019,3,116,127,-125.09332275390625,44.6298828125,2.7346601341389083,34.55163934286482,0,49.05868440728138,0,14.507045064416566,5,1024.8121808185424,9.295187950134277,9.295187950134277,32.11261749267578,1024.8121808185424,22,187.5,NEP10k_raw_r20250912_daily_mesozoo200_o2_so_no3_chlos_ssh_thetao_uo_vo_vollcello_2019.03.nc,NEP10k_raw_r20250912_daily_mesozoo200_o2_so_no3_chlos_ssh_thetao_uo_vo_vollcello_2019.03.nc
W19,NH,MaD,4,1,0,2019-03-05,2019-03-05T18:15:31Z,-124.88201,44.65241,0.1,100.8,2019,3,115,129,-124.80775451660156,44.62838363647461,6.453914672689282,32.68524337175279,0,34.66328583093822,0,1.9780424591854313,5,1024.7940963940723,9.259178161621094,9.259178161621094,32.082237243652344,1024.7940963940723,22,187.5,NEP10k_raw_r20250912_daily_mesozoo200_o2_so_no3_chlos_ssh_thetao_uo_vo_vollcello_2019.03.nc,NEP10k_raw_r20250912_daily_mesozoo200_o2_so_no3_chlos_ssh_thetao_uo_vo_vollcello_2019.03.nc
W19,NH,MaD,4,4,0,2019-03-05,2019-03-05T18:15:31Z,-124.88201,44.65241,0.1,100.8,2019,3,115,129,-124.80775451660156,44.62838363647461,6.453914672689282,32.68524337175279,0,34.66328583093822,0,1.9780424591854313,5,1024.7940963940723,9.259178161621094,9.259178161621094,32.082237243652344,1024.7940963940723,22,187.5,NEP10k_raw_r20250912_daily_mesozoo200_o2_so_no3_chlos_ssh_thetao_uo_vo_vollcello_2019.03.nc,NEP10k_raw_r20250912_daily_mesozoo200_o2_so_no3_chlos_ssh_thetao_uo_vo_vollcello_2019.03.nc
W19,NH,MaD,4,1,1,2019-03-05,2019-03-05T18:22:37Z,-124.87792,44.65202,73.2,99.4,2019,3,115,129,-124.80775451660156,44.62838363647461,6.142138522098241,32.68524337175279,0,34.66328583093822,0,1.9780424591854313,5,1024.7940963940723,9.259178161621094,9.259178161621094,32.082237243652344,1024.7940963940723,22,187.5,NEP10k_raw_r20250912_daily_mesozoo200_o2_so_no3_chlos_ssh_thetao_uo_vo_vollcello_2019.03.nc,NEP10k_raw_r20250912_daily_mesozoo200_o2_so_no3_chlos_ssh_thetao_uo_vo_vollcello_2019.03.nc
W19,NH,MaD,4,4,1,2019-03-05,2019-03-05T18:22:37Z,-124.87792,44.65202,73.2,99.4,2019,3,115,129,-124.80775451660156,44.62838363647461,6.142138522098241,32.68524337175279,0,34.66328583093822,0,1.9780424591854313,5,1024.7940963940723,9.259178161621094,9.259178161621094,32.082237243652344,1024.7940963940723,22,187.5,NEP10k_raw_r20250912_daily_mesozoo200_o2_so_no3_chlos_ssh_thetao_uo_vo_vollcello_2019.03.nc,NEP10k_raw_r20250912_daily_mesozoo200_o2_so_no3_chlos_ssh_thetao_uo_vo_vollcello_2019.03.nc
W19,NH,MaD,4,1,2,2019-03-05,2019-03-05T18:27:56Z,-124.87493,44.65179,49.9,72.685,2019,3,115,129,-124.80775451660156,44.62838363647461,5.9179063610663665,32.68524337175279,0,34.66328583093822,0,1.9780424591854313,5,1024.7940963940723,9.259178161621094,9.259178161621094,32.082237243652344,1024.7940963940723,22,187.5,NEP10k_raw_r20250912_daily_mesozoo200_o2_so_no3_chlos_ssh_thetao_uo_vo_vollcello_2019.03.nc,NEP10k_raw_r20250912_daily_mesozoo200_o2_so_no3_chlos_ssh_thetao_uo_vo_vollcello_2019.03.nc
W19,NH,MaD,4,4,2,2019-03-05,2019-03-05T18:27:56Z,-124.87493,44.65179,49.9,72.685,2019,3,115,129,-124.80775451660156,44.62838363647461,5.9179063610663665,32.68524337175279,0,34.66328583093822,0,1.9780424591854313,5,1024.7940963940723,9.259178161621094,9.259178161621094,32.082237243652344,1024.7940963940723,22,187.5,NEP10k_raw_r20250912_daily_mesozoo200_o2_so_no3_chlos_ssh_thetao_uo_vo_vollcello_2019.03.nc,NEP10k_raw_r20250912_daily_mesozoo200_o2_so_no3_chlos_ssh_thetao_uo_vo_vollcello_2019.03.nc
W19,NH,MaD,4,1,3,2019-03-05,2019-03-05T18:32:09Z,-124.87235,44.65167,25.291,49.218,2019,3,115,129,-124.80775451660156,44.62838363647461,5.729244726781742,32.68524337175279,0,34.66328583093822,0,1.9780424591854313,5,1024.7940963940723,9.259178161621094,9.259178161621094,32.082237243652344,1024.7940963940723,22,187.5,NEP10k_raw_r20250912_daily_mesozoo200_o2_so_no3_chlos_ssh_thetao_uo_vo_vollcello_2019.03.nc,NEP10k_raw_r20250912_daily_mesozoo200_o2_so_no3_chlos_ssh_thetao_uo_vo_vollcello_2019.03.nc
W19,NH,MaD,4,4,3,2019-03-05,2019-03-05T18:32:09Z,-124.87235,44.65167,25.291,49.218,2019,3,115,129,-124.80775451660156,44.62838363647461,5.729244726781742,32.68524337175279,0,34.66328583093822,0,1.9780424591854313,5,1024.7940963940723,9.259178161621094,9.259178161621094,32.082237243652344,1024.7940963940723,22,187.5,NEP10k_raw_r20250912_daily_mesozoo200_o2_so_no3_chlos_ssh_thetao_uo_vo_vollcello_2019.03.nc,NEP10k_raw_r20250912_daily_mesozoo200_o2_so_no3_chlos_ssh_thetao_uo_vo_vollcello_2019.03.nc
W19,NH,MaD,4,1,4,2019-03-05,2019-03-05T18:37:05Z,-124.86933,44.6515,0.6,24.9,2019,3,115,129,-124.80775451660156,44.62838363647461,5.508316897632919,32.68524337175279,0,34.66328583093822,0,1.9780424591854313,5,1024.7940963940723,9.259178161621094,9.259178161621094,32.082237243652344,1024.7940963940723,22,187.5,NEP10k_raw_r20250912_daily_mesozoo200_o2_so_no3_chlos_ssh_thetao_uo_vo_vollcello_2019.03.nc,NEP10k_raw_r20250912_daily_mesozoo200_o2_so_no3_chlos_ssh_thetao_uo_vo_vollcello_2019.03.nc
W19,NH,MaD,4,4,4,2019-03-05,2019-03-05T18:37:05Z,-124.86933,44.6515,0.6,24.9,2019,3,115,129,-124.80775451660156,44.62838363647461,5.508316897632919,32.68524337175279,0,34.66328583093822,0,1.9780424591854313,5,1024.7940963940723,9.259178161621094,9.259178161621094,32.082237243652344,1024.7940963940723,22,187.5,NEP10k_raw_r20250912_daily_mesozoo200_o2_so_no3_chlos_ssh_thetao_uo_vo_vollcello_2019.03.nc,NEP10k_raw_r20250912_daily_mesozoo200_o2_so_no3_chlos_ssh_thetao_uo_vo_vollcello_2019.03.nc
W19,NH,MaD,3,1,0,2019-03-05,2019-03-05T20:38:40Z,-124.64949,44.65187,0.2,101.4,2019,3,115,130,-124.69290161132812,44.668212890625,3.8847561739420065,29.748377849569195,0,31.598798159262515,0,1.8504203096933196,5,1024.785644288316,9.233885765075684,9.233885765075684,32.066349029541016,1024.785644288316,22,187.5,NEP10k_raw_r20250912_daily_mesozoo200_o2_so_no3_chlos_ssh_thetao_uo_vo_vollcello_2019.03.nc,NEP10k_raw_r20250912_daily_mesozoo200_o2_so_no3_chlos_ssh_thetao_uo_vo_vollcello_2019.03.nc
W19,NH,MaD,3,4,0,2019-03-05,2019-03-05T20:38:40Z,-124.64949,44.65187,0.2,101.4,2019,3,115,130,-124.69290161132812,44.668212890625,3.8847561739420065,29.748377849569195,0,31.598798159262515,0,1.8504203096933196,5,1024.785644288316,9.233885765075684,9.233885765075684,32.066349029541016,1024.785644288316,22,187.5,NEP10k_raw_r20250912_daily_mesozoo200_o2_so_no3_chlos_ssh_thetao_uo_vo_vollcello_2019.03.nc,NEP10k_raw_r20250912_daily_mesozoo200_o2_so_no3_chlos_ssh_thetao_uo_vo_vollcello_2019.03.nc
W19,NH,MaD,3,1,1,2019-03-05,2019-03-05T20:46:14Z,-124.64565,44.65146,73.307,99.693,2019,3,115,130,-124.69290161132812,44.668212890625,4.175768394863188,29.748377849569195,0,31.598798159262515,0,1.8504203096933196,5,1024.785644288316,9.233885765075684,9.233885765075684,32.066349029541016,1024.785644288316,22,187.5,NEP10k_raw_r20250912_daily_mesozoo200_o2_so_no3_chlos_ssh_thetao_uo_vo_vollcello_2019.03.nc,NEP10k_raw_r20250912_daily_mesozoo200_o2_so_no3_chlos_ssh_thetao_uo_vo_vollcello_2019.03.nc
W19,NH,MaD,3,4,1,2019-03-05,2019-03-05T20:46:14Z,-124.64565,44.65146,73.307,99.693,2019,3,115,130,-124.69290161132812,44.668212890625,4.175768394863188,29.748377849569195,0,31.598798159262515,0,1.8504203096933196,5,1024.785644288316,9.233885765075684,9.233885765075684,32.066349029541016,1024.785644288316,22,187.5,NEP10k_raw_r20250912_daily_mesozoo200_o2_so_no3_chlos_ssh_thetao_uo_vo_vollcello_2019.03.nc,NEP10k_raw_r20250912_daily_mesozoo200_o2_so_no3_chlos_ssh_thetao_uo_vo_vollcello_2019.03.nc
W19,NH,MaD,3,1,2,2019-03-05,2019-03-05T20:52:08Z,-124.64281,44.65121,47.1,72.5,2019,3,115,130,-124.69290161132812,44.668212890625,4.389855401350377,29.748377849569195,0,31.598798159262515,0,1.8504203096933196,5,1024.785644288316,9.233885765075684,9.233885765075684,32.066349029541016,1024.785644288316,22,187.5,NEP10k_raw_r20250912_daily_mesozoo200_o2_so_no3_chlos_ssh_thetao_uo_vo_vollcello_2019.03.nc,NEP10k_raw_r20250912_daily_mesozoo200_o2_so_no3_chlos_ssh_thetao_uo_vo_vollcello_2019.03.nc
W19,NH,MaD,3,4,2,2019-03-05,2019-03-05T20:52:08Z,-124.64281,44.65121,47.1,72.5,2019,3,115,130,-124.69290161132812,44.668212890625,4.389855401350377,29.748377849569195,0,31.598798159262515,0,1.8504203096933196,5,1024.785644288316,9.233885765075684,9.233885765075684,32.066349029541016,1024.785644288316,22,187.5,NEP10k_raw_r20250912_daily_mesozoo200_o2_so_no3_chlos_ssh_thetao_uo_vo_vollcello_2019.03.nc,NEP10k_raw_r20250912_daily_mesozoo200_o2_so_no3_chlos_ssh_thetao_uo_vo_vollcello_2019.03.nc
W19,NH,MaD,3,1,3,2019-03-05,2019-03-05T20:56:13Z,-124.64077,44.651,23.5,46.5,2019,3,115,130,-124.69290161132812,44.668212890625,4.54579417374014,29.748377849569195,0,31.598798159262515,0,1.8504203096933196,5,1024.785644288316,9.233885765075684,9.233885765075684,32.066349029541016,1024.785644288316,22,187.5,NEP10k_raw_r20250912_daily_mesozoo200_o2_so_no3_chlos_ssh_thetao_uo_vo_vollcello_2019.03.nc,NEP10k_raw_r20250912_daily_mesozoo200_o2_so_no3_chlos_ssh_thetao_uo_vo_vollcello_2019.03.nc
W19,NH,MaD,3,4,3,2019-03-05,2019-03-05T20:56:13Z,-124.64077,44.651,23.5,46.5,2019,3,115,130,-124.69290161132812,44.668212890625,4.54579417374014,29.748377849569195,0,31.598798159262515,0,1.8504203096933196,5,1024.785644288316,9.233885765075684,9.233885765075684,32.066349029541016,1024.785644288316,22,187.5,NEP10k_raw_r20250912_daily_mesozoo200_o2_so_no3_chlos_ssh_thetao_uo_vo_vollcello_2019.03.nc,NEP10k_raw_r20250912_daily_mesozoo200_o2_so_no3_chlos_ssh_thetao_uo_vo_vollcello_2019.03.nc
W19,NH,MaD,3,1,4,2019-03-05,2019-03-05T21:01:44Z,-124.63825,44.65078,0,23.1,2019,3,115,130,-124.69290161132812,44.668212890625,4.737288520045192,29.748377849569195,0,31.598798159262515,0,1.8504203096933196,5,1024.785644288316,9.233885765075684,9.233885765075684,32.066349029541016,1024.785644288316,22,187.5,NEP10k_raw_r20250912_daily_mesozoo200_o2_so_no3_chlos_ssh_thetao_uo_vo_vollcello_2019.03.nc,NEP10k_raw_r20250912_daily_mesozoo200_o2_so_no3_chlos_ssh_thetao_uo_vo_vollcello_2019.03.nc
W19,NH,MaD,3,4,4,2019-03-05,2019-03-05T21:01:44Z,-124.63825,44.65078,0,23.1,2019,3,115,130,-124.69290161132812,44.668212890625,4.737288520045192,29.748377849569195,0,31.598798159262515,0,1.8504203096933196,5,1024.785644288316,9.233885765075684,9.233885765075684,32.066349029541016,1024.785644288316,22,187.5,NEP10k_raw_r20250912_daily_mesozoo200_o2_so_no3_chlos_ssh_thetao_uo_vo_vollcello_2019.03.nc,NEP10k_raw_r20250912_daily_mesozoo200_o2_so_no3_chlos_ssh_thetao_uo_vo_vollcello_2019.03.nc
W19,NH,MaD,2,1,0,2019-03-05,2019-03-05T22:45:08Z,-124.41058,44.65206,0.1,75.8,2019,3,114,132,-124.40715026855469,44.66562271118164,1.5323076575427195,28.12590909368123,0,28.590835608605698,0,0.4649265149244677,5,1024.7459907069072,9.233067512512207,9.233067512512207,32.015464782714844,1024.7459907069072,15,95,NEP10k_raw_r20250912_daily_mesozoo200_o2_so_no3_chlos_ssh_thetao_uo_vo_vollcello_2019.03.nc,NEP10k_raw_r20250912_daily_mesozoo200_o2_so_no3_chlos_ssh_thetao_uo_vo_vollcello_2019.03.nc
W19,NH,MaD,2,4,0,2019-03-05,2019-03-05T22:45:08Z,-124.41058,44.65206,0.1,75.8,2019,3,114,132,-124.40715026855469,44.66562271118164,1.5323076575427195,28.12590909368123,0,28.590835608605698,0,0.4649265149244677,5,1024.7459907069072,9.233067512512207,9.233067512512207,32.015464782714844,1024.7459907069072,15,95,NEP10k_raw_r20250912_daily_mesozoo200_o2_so_no3_chlos_ssh_thetao_uo_vo_vollcello_2019.03.nc,NEP10k_raw_r20250912_daily_mesozoo200_o2_so_no3_chlos_ssh_thetao_uo_vo_vollcello_2019.03.nc
W19,NH,MaD,2,1,2,2019-03-05,2019-03-05T22:51:59Z,-124.40605,44.65211,50.1,74.7,2019,3,114,132,-124.40715026855469,44.66562271118164,1.5050629357652945,28.12590909368123,0,28.590835608605698,0,0.4649265149244677,5,1024.7459907069072,9.233067512512207,9.233067512512207,32.015464782714844,1024.7459907069072,15,95,NEP10k_raw_r20250912_daily_mesozoo200_o2_so_no3_chlos_ssh_thetao_uo_vo_vollcello_2019.03.nc,NEP10k_raw_r20250912_daily_mesozoo200_o2_so_no3_chlos_ssh_thetao_uo_vo_vollcello_2019.03.nc
W19,NH,MaD,2,4,2,2019-03-05,2019-03-05T22:51:59Z,-124.40605,44.65211,50.1,74.7,2019,3,114,132,-124.40715026855469,44.66562271118164,1.5050629357652945,28.12590909368123,0,28.590835608605698,0,0.4649265149244677,5,1024.7459907069072,9.233067512512207,9.233067512512207,32.015464782714844,1024.7459907069072,15,95,NEP10k_raw_r20250912_daily_mesozoo200_o2_so_no3_chlos_ssh_thetao_uo_vo_vollcello_2019.03.nc,NEP10k_raw_r20250912_daily_mesozoo200_o2_so_no3_chlos_ssh_thetao_uo_vo_vollcello_2019.03.nc
W19,NH,MaD,2,1,3,2019-03-05,2019-03-05T22:57:29Z,-124.40229,44.65208,24.8,49.905,2019,3,114,132,-124.40715026855469,44.66562271118164,1.5541724817799578,28.12590909368123,0,28.590835608605698,0,0.4649265149244677,5,1024.7459907069072,9.233067512512207,9.233067512512207,32.015464782714844,1024.7459907069072,15,95,NEP10k_raw_r20250912_daily_mesozoo200_o2_so_no3_chlos_ssh_thetao_uo_vo_vollcello_2019.03.nc,NEP10k_raw_r20250912_daily_mesozoo200_o2_so_no3_chlos_ssh_thetao_uo_vo_vollcello_2019.03.nc
W19,NH,MaD,2,4,3,2019-03-05,2019-03-05T22:57:29Z,-124.40229,44.65208,24.8,49.905,2019,3,114,132,-124.40715026855469,44.66562271118164,1.5541724817799578,28.12590909368123,0,28.590835608605698,0,0.4649265149244677,5,1024.7459907069072,9.233067512512207,9.233067512512207,32.015464782714844,1024.7459907069072,15,95,NEP10k_raw_r20250912_daily_mesozoo200_o2_so_no3_chlos_ssh_thetao_uo_vo_vollcello_2019.03.nc,NEP10k_raw_r20250912_daily_mesozoo200_o2_so_no3_chlos_ssh_thetao_uo_vo_vollcello_2019.03.nc
W19,NH,MaD,2,1,4,2019-03-05,2019-03-05T23:04:07Z,-124.39785,44.65211,3.1,24.401,2019,3,114,132,-124.40715026855469,44.66562271118164,1.6729417362916923,28.12590909368123,0,28.590835608605698,0,0.4649265149244677,5,1024.7459907069072,9.233067512512207,9.233067512512207,32.015464782714844,1024.7459907069072,15,95,NEP10k_raw_r20250912_daily_mesozoo200_o2_so_no3_chlos_ssh_thetao_uo_vo_vollcello_2019.03.nc,NEP10k_raw_r20250912_daily_mesozoo200_o2_so_no3_chlos_ssh_thetao_uo_vo_vollcello_2019.03.nc
W19,NH,MaD,2,4,4,2019-03-05,2019-03-05T23:04:07Z,-124.39785,44.65211,3.1,24.401,2019,3,114,132,-124.40715026855469,44.66562271118164,1.6729417362916923,28.12590909368123,0,28.590835608605698,0,0.4649265149244677,5,1024.7459907069072,9.233067512512207,9.233067512512207,32.015464782714844,1024.7459907069072,15,95,NEP10k_raw_r20250912_daily_mesozoo200_o2_so_no3_chlos_ssh_thetao_uo_vo_vollcello_2019.03.nc,NEP10k_raw_r20250912_daily_mesozoo200_o2_so_no3_chlos_ssh_thetao_uo_vo_vollcello_2019.03.nc
W19,NH,MaD,1,1,0,2019-03-05,2019-03-06T00:26:23Z,-124.29245,44.65214,0.3,50.1,2019,3,113,133,-124.23666381835938,44.623046875,5.472488379552964,24.01607151088858,0,24.25820090971189,0,0.24212939882330886,5,1024.7298561359448,9.345112800598145,9.345112800598145,32.017364501953125,1024.7298561359448,12,65,NEP10k_raw_r20250912_daily_mesozoo200_o2_so_no3_chlos_ssh_thetao_uo_vo_vollcello_2019.03.nc,NEP10k_raw_r20250912_daily_mesozoo200_o2_so_no3_chlos_ssh_thetao_uo_vo_vollcello_2019.03.nc
W19,NH,MaD,1,4,0,2019-03-05,2019-03-06T00:26:23Z,-124.29245,44.65214,0.3,50.1,2019,3,113,133,-124.23666381835938,44.623046875,5.472488379552964,24.01607151088858,0,24.25820090971189,0,0.24212939882330886,5,1024.7298561359448,9.345112800598145,9.345112800598145,32.017364501953125,1024.7298561359448,12,65,NEP10k_raw_r20250912_daily_mesozoo200_o2_so_no3_chlos_ssh_thetao_uo_vo_vollcello_2019.03.nc,NEP10k_raw_r20250912_daily_mesozoo200_o2_so_no3_chlos_ssh_thetao_uo_vo_vollcello_2019.03.nc
W19,NH,MaD,1,1,3,2019-03-05,2019-03-06T00:31:28Z,-124.2896,44.65211,25.583,50.3,2019,3,113,133,-124.23666381835938,44.623046875,5.290249449680734,24.01607151088858,0,24.25820090971189,0,0.24212939882330886,5,1024.7298561359448,9.345112800598145,9.345112800598145,32.017364501953125,1024.7298561359448,12,65,NEP10k_raw_r20250912_daily_mesozoo200_o2_so_no3_chlos_ssh_thetao_uo_vo_vollcello_2019.03.nc,NEP10k_raw_r20250912_daily_mesozoo200_o2_so_no3_chlos_ssh_thetao_uo_vo_vollcello_2019.03.nc
W19,NH,MaD,1,4,3,2019-03-05,2019-03-06T00:31:28Z,-124.2896,44.65211,25.583,50.3,2019,3,113,133,-124.23666381835938,44.623046875,5.290249449680734,24.01607151088858,0,24.25820090971189,0,0.24212939882330886,5,1024.7298561359448,9.345112800598145,9.345112800598145,32.017364501953125,1024.7298561359448,12,65,NEP10k_raw_r20250912_daily_mesozoo200_o2_so_no3_chlos_ssh_thetao_uo_vo_vollcello_2019.03.nc,NEP10k_raw_r20250912_daily_mesozoo200_o2_so_no3_chlos_ssh_thetao_uo_vo_vollcello_2019.03.nc
W19,NH,MaD,1,1,4,2019-03-05,2019-03-06T00:36:20Z,-124.28667,44.65207,1.4,25.149,2019,3,113,133,-124.23666381835938,44.623046875,5.105855907819676,24.01607151088858,0,24.25820090971189,0,0.24212939882330886,5,1024.7298561359448,9.345112800598145,9.345112800598145,32.017364501953125,1024.7298561359448,12,65,NEP10k_raw_r20250912_daily_mesozoo200_o2_so_no3_chlos_ssh_thetao_uo_vo_vollcello_2019.03.nc,NEP10k_raw_r20250912_daily_mesozoo200_o2_so_no3_chlos_ssh_thetao_uo_vo_vollcello_2019.03.nc
W19,NH,MaD,1,4,4,2019-03-05,2019-03-06T00:36:20Z,-124.28667,44.65207,1.4,25.149,2019,3,113,133,-124.23666381835938,44.623046875,5.105855907819676,24.01607151088858,0,24.25820090971189,0,0.24212939882330886,5,1024.7298561359448,9.345112800598145,9.345112800598145,32.017364501953125,1024.7298561359448,12,65,NEP10k_raw_r20250912_daily_mesozoo200_o2_so_no3_chlos_ssh_thetao_uo_vo_vollcello_2019.03.nc,NEP10k_raw_r20250912_daily_mesozoo200_o2_so_no3_chlos_ssh_thetao_uo_vo_vollcello_2019.03.nc
W19,NH,MbN,1,1,0,2019-03-06,2019-03-07T03:31:17Z,-124.29686,44.65171,0.3,49.7,2019,3,113,133,-124.23666381835938,44.623046875,5.730906535443606,24.534438188670126,0,25.292515302502515,0,0.758077113832389,5,1024.7396679999397,9.346263885498047,9.346263885498047,32.0301513671875,1024.7396679999397,12,65,NEP10k_raw_r20250912_daily_mesozoo200_o2_so_no3_chlos_ssh_thetao_uo_vo_vollcello_2019.03.nc,NEP10k_raw_r20250912_daily_mesozoo200_o2_so_no3_chlos_ssh_thetao_uo_vo_vollcello_2019.03.nc
W19,NH,MbN,1,4,0,2019-03-06,2019-03-07T03:31:17Z,-124.29686,44.65171,0.3,49.7,2019,3,113,133,-124.23666381835938,44.623046875,5.730906535443606,24.534438188670126,0,25.292515302502515,0,0.758077113832389,5,1024.7396679999397,9.346263885498047,9.346263885498047,32.0301513671875,1024.7396679999397,12,65,NEP10k_raw_r20250912_daily_mesozoo200_o2_so_no3_chlos_ssh_thetao_uo_vo_vollcello_2019.03.nc,NEP10k_raw_r20250912_daily_mesozoo200_o2_so_no3_chlos_ssh_thetao_uo_vo_vollcello_2019.03.nc
W19,NH,MbN,1,1,3,2019-03-06,2019-03-07T03:39:56Z,-124.30198,44.65134,24.8,49.4,2019,3,114,133,-124.29193115234375,44.705013275146484,6.020850836299832,30.075832231633726,0,31.68829371320721,0,1.612461481573483,5,1024.7636771690375,9.298504829406738,9.298504829406738,32.05123519897461,1024.7636771690375,14,85,NEP10k_raw_r20250912_daily_mesozoo200_o2_so_no3_chlos_ssh_thetao_uo_vo_vollcello_2019.03.nc,NEP10k_raw_r20250912_daily_mesozoo200_o2_so_no3_chlos_ssh_thetao_uo_vo_vollcello_2019.03.nc
W19,NH,MbN,1,4,3,2019-03-06,2019-03-07T03:39:56Z,-124.30198,44.65134,24.8,49.4,2019,3,114,133,-124.29193115234375,44.705013275146484,6.020850836299832,30.075832231633726,0,31.68829371320721,0,1.612461481573483,5,1024.7636771690375,9.298504829406738,9.298504829406738,32.05123519897461,1024.7636771690375,14,85,NEP10k_raw_r20250912_daily_mesozoo200_o2_so_no3_chlos_ssh_thetao_uo_vo_vollcello_2019.03.nc,NEP10k_raw_r20250912_daily_mesozoo200_o2_so_no3_chlos_ssh_thetao_uo_vo_vollcello_2019.03.nc
W19,NH,MbN,1,1,4,2019-03-06,2019-03-07T03:45:46Z,-124.30569,44.65116,2.3,24.529,2019,3,114,133,-124.29193115234375,44.705013275146484,6.086225379432026,30.075832231633726,0,31.68829371320721,0,1.612461481573483,5,1024.7636771690375,9.298504829406738,9.298504829406738,32.05123519897461,1024.7636771690375,14,85,NEP10k_raw_r20250912_daily_mesozoo200_o2_so_no3_chlos_ssh_thetao_uo_vo_vollcello_2019.03.nc,NEP10k_raw_r20250912_daily_mesozoo200_o2_so_no3_chlos_ssh_thetao_uo_vo_vollcello_2019.03.nc
W19,NH,MbN,1,4,4,2019-03-06,2019-03-07T03:45:46Z,-124.30569,44.65116,2.3,24.529,2019,3,114,133,-124.29193115234375,44.705013275146484,6.086225379432026,30.075832231633726,0,31.68829371320721,0,1.612461481573483,5,1024.7636771690375,9.298504829406738,9.298504829406738,32.05123519897461,1024.7636771690375,14,85,NEP10k_raw_r20250912_daily_mesozoo200_o2_so_no3_chlos_ssh_thetao_uo_vo_vollcello_2019.03.nc,NEP10k_raw_r20250912_daily_mesozoo200_o2_so_no3_chlos_ssh_thetao_uo_vo_vollcello_2019.03.nc
W19,NH,MbN,2,1,0,2019-03-06,2019-03-07T05:17:11Z,-124.4146,44.65193,0.345,74.755,2019,3,114,132,-124.40715026855469,44.66562271118164,1.6325979043768568,27.33387813847238,0,28.157440794970867,0,0.8235626564984884,5,1024.7497929939227,9.208832740783691,9.208832740783691,32.01547622680664,1024.7497929939227,15,95,NEP10k_raw_r20250912_daily_mesozoo200_o2_so_no3_chlos_ssh_thetao_uo_vo_vollcello_2019.03.nc,NEP10k_raw_r20250912_daily_mesozoo200_o2_so_no3_chlos_ssh_thetao_uo_vo_vollcello_2019.03.nc
W19,NH,MbN,2,4,0,2019-03-06,2019-03-07T05:17:11Z,-124.4146,44.65193,0.345,74.755,2019,3,114,132,-124.40715026855469,44.66562271118164,1.6325979043768568,27.33387813847238,0,28.157440794970867,0,0.8235626564984884,5,1024.7497929939227,9.208832740783691,9.208832740783691,32.01547622680664,1024.7497929939227,15,95,NEP10k_raw_r20250912_daily_mesozoo200_o2_so_no3_chlos_ssh_thetao_uo_vo_vollcello_2019.03.nc,NEP10k_raw_r20250912_daily_mesozoo200_o2_so_no3_chlos_ssh_thetao_uo_vo_vollcello_2019.03.nc
W19,NH,MbN,2,1,2,2019-03-06,2019-03-07T05:23:24Z,-124.418,44.65193,50.7,74.4,2019,3,114,132,-124.40715026855469,44.66562271118164,1.747741315636502,27.33387813847238,0,28.157440794970867,0,0.8235626564984884,5,1024.7497929939227,9.208832740783691,9.208832740783691,32.01547622680664,1024.7497929939227,15,95,NEP10k_raw_r20250912_daily_mesozoo200_o2_so_no3_chlos_ssh_thetao_uo_vo_vollcello_2019.03.nc,NEP10k_raw_r20250912_daily_mesozoo200_o2_so_no3_chlos_ssh_thetao_uo_vo_vollcello_2019.03.nc
W19,NH,MbN,2,4,2,2019-03-06,2019-03-07T05:23:24Z,-124.418,44.65193,50.7,74.4,2019,3,114,132,-124.40715026855469,44.66562271118164,1.747741315636502,27.33387813847238,0,28.157440794970867,0,0.8235626564984884,5,1024.7497929939227,9.208832740783691,9.208832740783691,32.01547622680664,1024.7497929939227,15,95,NEP10k_raw_r20250912_daily_mesozoo200_o2_so_no3_chlos_ssh_thetao_uo_vo_vollcello_2019.03.nc,NEP10k_raw_r20250912_daily_mesozoo200_o2_so_no3_chlos_ssh_thetao_uo_vo_vollcello_2019.03.nc
W19,NH,MbN,2,1,3,2019-03-06,2019-03-07T05:30:24Z,-124.4214,44.65197,25.026,49.837,2019,3,114,132,-124.40715026855469,44.66562271118164,1.8907491041600601,27.33387813847238,0,28.157440794970867,0,0.8235626564984884,5,1024.7497929939227,9.208832740783691,9.208832740783691,32.01547622680664,1024.7497929939227,15,95,NEP10k_raw_r20250912_daily_mesozoo200_o2_so_no3_chlos_ssh_thetao_uo_vo_vollcello_2019.03.nc,NEP10k_raw_r20250912_daily_mesozoo200_o2_so_no3_chlos_ssh_thetao_uo_vo_vollcello_2019.03.nc
W19,NH,MbN,2,4,3,2019-03-06,2019-03-07T05:30:24Z,-124.4214,44.65197,25.026,49.837,2019,3,114,132,-124.40715026855469,44.66562271118164,1.8907491041600601,27.33387813847238,0,28.157440794970867,0,0.8235626564984884,5,1024.7497929939227,9.208832740783691,9.208832740783691,32.01547622680664,1024.7497929939227,15,95,NEP10k_raw_r20250912_daily_mesozoo200_o2_so_no3_chlos_ssh_thetao_uo_vo_vollcello_2019.03.nc,NEP10k_raw_r20250912_daily_mesozoo200_o2_so_no3_chlos_ssh_thetao_uo_vo_vollcello_2019.03.nc
W19,NH,MbN,2,1,4,2019-03-06,2019-03-07T05:35:06Z,-124.42347,44.65198,2.3,24.027,2019,3,114,132,-124.40715026855469,44.66562271118164,1.9918372149712613,27.33387813847238,0,28.157440794970867,0,0.8235626564984884,5,1024.7497929939227,9.208832740783691,9.208832740783691,32.01547622680664,1024.7497929939227,15,95,NEP10k_raw_r20250912_daily_mesozoo200_o2_so_no3_chlos_ssh_thetao_uo_vo_vollcello_2019.03.nc,NEP10k_raw_r20250912_daily_mesozoo200_o2_so_no3_chlos_ssh_thetao_uo_vo_vollcello_2019.03.nc
W19,NH,MbN,2,4,4,2019-03-06,2019-03-07T05:35:06Z,-124.42347,44.65198,2.3,24.027,2019,3,114,132,-124.40715026855469,44.66562271118164,1.9918372149712613,27.33387813847238,0,28.157440794970867,0,0.8235626564984884,5,1024.7497929939227,9.208832740783691,9.208832740783691,32.01547622680664,1024.7497929939227,15,95,NEP10k_raw_r20250912_daily_mesozoo200_o2_so_no3_chlos_ssh_thetao_uo_vo_vollcello_2019.03.nc,NEP10k_raw_r20250912_daily_mesozoo200_o2_so_no3_chlos_ssh_thetao_uo_vo_vollcello_2019.03.nc
W19,NH,MbN,3,1,0,2019-03-06,2019-03-07T07:29:12Z,-124.65339,44.65203,0.2,99,2019,3,115,130,-124.69290161132812,44.668212890625,3.606094939777735,28.644478823465125,0,30.450240859156416,0,1.8057620356912913,5,1024.786565551586,9.191781997680664,9.191781997680664,32.05909729003906,1024.786565551586,22,187.5,NEP10k_raw_r20250912_daily_mesozoo200_o2_so_no3_chlos_ssh_thetao_uo_vo_vollcello_2019.03.nc,NEP10k_raw_r20250912_daily_mesozoo200_o2_so_no3_chlos_ssh_thetao_uo_vo_vollcello_2019.03.nc
W19,NH,MbN,3,4,0,2019-03-06,2019-03-07T07:29:12Z,-124.65339,44.65203,0.2,99,2019,3,115,130,-124.69290161132812,44.668212890625,3.606094939777735,28.644478823465125,0,30.450240859156416,0,1.8057620356912913,5,1024.786565551586,9.191781997680664,9.191781997680664,32.05909729003906,1024.786565551586,22,187.5,NEP10k_raw_r20250912_daily_mesozoo200_o2_so_no3_chlos_ssh_thetao_uo_vo_vollcello_2019.03.nc,NEP10k_raw_r20250912_daily_mesozoo200_o2_so_no3_chlos_ssh_thetao_uo_vo_vollcello_2019.03.nc
W19,NH,MbN,3,1,1,2019-03-06,2019-03-07T07:37:23Z,-124.6589,44.65209,76.1,96.9,2019,3,115,130,-124.69290161132812,44.668212890625,3.2320439272990695,28.644478823465125,0,30.450240859156416,0,1.8057620356912913,5,1024.786565551586,9.191781997680664,9.191781997680664,32.05909729003906,1024.786565551586,22,187.5,NEP10k_raw_r20250912_daily_mesozoo200_o2_so_no3_chlos_ssh_thetao_uo_vo_vollcello_2019.03.nc,NEP10k_raw_r20250912_daily_mesozoo200_o2_so_no3_chlos_ssh_thetao_uo_vo_vollcello_2019.03.nc
W19,NH,MbN,3,4,1,2019-03-06,2019-03-07T07:37:23Z,-124.6589,44.65209,76.1,96.9,2019,3,115,130,-124.69290161132812,44.668212890625,3.2320439272990695,28.644478823465125,0,30.450240859156416,0,1.8057620356912913,5,1024.786565551586,9.191781997680664,9.191781997680664,32.05909729003906,1024.786565551586,22,187.5,NEP10k_raw_r20250912_daily_mesozoo200_o2_so_no3_chlos_ssh_thetao_uo_vo_vollcello_2019.03.nc,NEP10k_raw_r20250912_daily_mesozoo200_o2_so_no3_chlos_ssh_thetao_uo_vo_vollcello_2019.03.nc
W19,NH,MbN,3,1,2,2019-03-06,2019-03-07T07:42:39Z,-124.66199,44.65224,53.787,75.8,2019,3,115,130,-124.69290161132812,44.668212890625,3.02189143685734,28.644478823465125,0,30.450240859156416,0,1.8057620356912913,5,1024.786565551586,9.191781997680664,9.191781997680664,32.05909729003906,1024.786565551586,22,187.5,NEP10k_raw_r20250912_daily_mesozoo200_o2_so_no3_chlos_ssh_thetao_uo_vo_vollcello_2019.03.nc,NEP10k_raw_r20250912_daily_mesozoo200_o2_so_no3_chlos_ssh_thetao_uo_vo_vollcello_2019.03.nc
W19,NH,MbN,3,4,2,2019-03-06,2019-03-07T07:42:39Z,-124.66199,44.65224,53.787,75.8,2019,3,115,130,-124.69290161132812,44.668212890625,3.02189143685734,28.644478823465125,0,30.450240859156416,0,1.8057620356912913,5,1024.786565551586,9.191781997680664,9.191781997680664,32.05909729003906,1024.786565551586,22,187.5,NEP10k_raw_r20250912_daily_mesozoo200_o2_so_no3_chlos_ssh_thetao_uo_vo_vollcello_2019.03.nc,NEP10k_raw_r20250912_daily_mesozoo200_o2_so_no3_chlos_ssh_thetao_uo_vo_vollcello_2019.03.nc
W19,NH,MbN,3,1,3,2019-03-06,2019-03-07T07:49:13Z,-124.66559,44.65254,26.8,52.8,2019,3,115,130,-124.69290161132812,44.668212890625,2.7754729088886747,28.644478823465125,0,30.450240859156416,0,1.8057620356912913,5,1024.786565551586,9.191781997680664,9.191781997680664,32.05909729003906,1024.786565551586,22,187.5,NEP10k_raw_r20250912_daily_mesozoo200_o2_so_no3_chlos_ssh_thetao_uo_vo_vollcello_2019.03.nc,NEP10k_raw_r20250912_daily_mesozoo200_o2_so_no3_chlos_ssh_thetao_uo_vo_vollcello_2019.03.nc
W19,NH,MbN,3,4,3,2019-03-06,2019-03-07T07:49:13Z,-124.66559,44.65254,26.8,52.8,2019,3,115,130,-124.69290161132812,44.668212890625,2.7754729088886747,28.644478823465125,0,30.450240859156416,0,1.8057620356912913,5,1024.786565551586,9.191781997680664,9.191781997680664,32.05909729003906,1024.786565551586,22,187.5,NEP10k_raw_r20250912_daily_mesozoo200_o2_so_no3_chlos_ssh_thetao_uo_vo_vollcello_2019.03.nc,NEP10k_raw_r20250912_daily_mesozoo200_o2_so_no3_chlos_ssh_thetao_uo_vo_vollcello_2019.03.nc
W19,NH,MbN,3,1,4,2019-03-06,2019-03-07T07:54:14Z,-124.6682,44.65265,0.7,26.031,2019,3,115,130,-124.69290161132812,44.668212890625,2.6098955745409227,28.644478823465125,0,30.450240859156416,0,1.8057620356912913,5,1024.786565551586,9.191781997680664,9.191781997680664,32.05909729003906,1024.786565551586,22,187.5,NEP10k_raw_r20250912_daily_mesozoo200_o2_so_no3_chlos_ssh_thetao_uo_vo_vollcello_2019.03.nc,NEP10k_raw_r20250912_daily_mesozoo200_o2_so_no3_chlos_ssh_thetao_uo_vo_vollcello_2019.03.nc
W19,NH,MbN,3,4,4,2019-03-06,2019-03-07T07:54:14Z,-124.6682,44.65265,0.7,26.031,2019,3,115,130,-124.69290161132812,44.668212890625,2.6098955745409227,28.644478823465125,0,30.450240859156416,0,1.8057620356912913,5,1024.786565551586,9.191781997680664,9.191781997680664,32.05909729003906,1024.786565551586,22,187.5,NEP10k_raw_r20250912_daily_mesozoo200_o2_so_no3_chlos_ssh_thetao_uo_vo_vollcello_2019.03.nc,NEP10k_raw_r20250912_daily_mesozoo200_o2_so_no3_chlos_ssh_thetao_uo_vo_vollcello_2019.03.nc
W19,NH,MbN,4,1,0,2019-03-07,2019-03-07T09:44:23Z,-124.8841,44.6516,0.2,101.3,2019,3,115,129,-124.80775451660156,44.62838363647461,6.568917654642696,29.628726254212022,0,31.475892404771773,0,1.847166150559751,5,1024.793338083174,9.17319393157959,9.17319393157959,32.06404495239258,1024.793338083174,22,187.5,NEP10k_raw_r20250912_daily_mesozoo200_o2_so_no3_chlos_ssh_thetao_uo_vo_vollcello_2019.03.nc,NEP10k_raw_r20250912_daily_mesozoo200_o2_so_no3_chlos_ssh_thetao_uo_vo_vollcello_2019.03.nc
W19,NH,MbN,4,4,0,2019-03-07,2019-03-07T09:44:23Z,-124.8841,44.6516,0.2,101.3,2019,3,115,129,-124.80775451660156,44.62838363647461,6.568917654642696,29.628726254212022,0,31.475892404771773,0,1.847166150559751,5,1024.793338083174,9.17319393157959,9.17319393157959,32.06404495239258,1024.793338083174,22,187.5,NEP10k_raw_r20250912_daily_mesozoo200_o2_so_no3_chlos_ssh_thetao_uo_vo_vollcello_2019.03.nc,NEP10k_raw_r20250912_daily_mesozoo200_o2_so_no3_chlos_ssh_thetao_uo_vo_vollcello_2019.03.nc
W19,NH,MbN,4,1,1,2019-03-07,2019-03-07T09:50:44Z,-124.88676,44.65162,76.7,101,2019,3,116,129,-124.8638916015625,44.710044860839844,6.743455923907138,33.39038141050561,0,35.65483228376815,0,2.2644508732625397,5,1024.8295782991195,9.1874847412109375,9.1874847412109375,32.11324691772461,1024.8295782991195,22,187.5,NEP10k_raw_r20250912_daily_mesozoo200_o2_so_no3_chlos_ssh_thetao_uo_vo_vollcello_2019.03.nc,NEP10k_raw_r20250912_daily_mesozoo200_o2_so_no3_chlos_ssh_thetao_uo_vo_vollcello_2019.03.nc
W19,NH,MbN,4,4,1,2019-03-07,2019-03-07T09:50:44Z,-124.88676,44.65162,76.7,101,2019,3,116,129,-124.8638916015625,44.710044860839844,6.743455923907138,33.39038141050561,0,35.65483228376815,0,2.2644508732625397,5,1024.8295782991195,9.1874847412109375,9.1874847412109375,32.11324691772461,1024.8295782991195,22,187.5,NEP10k_raw_r20250912_daily_mesozoo200_o2_so_no3_chlos_ssh_thetao_uo_vo_vollcello_2019.03.nc,NEP10k_raw_r20250912_daily_mesozoo200_o2_so_no3_chlos_ssh_thetao_uo_vo_vollcello_2019.03.nc
W19,NH,MbN,4,1,2,2019-03-07,2019-03-07T09:55:48Z,-124.88873,44.6516,49.6,76.5,2019,3,116,129,-124.8638916015625,44.710044860839844,6.789004783036931,33.39038141050561,0,35.65483228376815,0,2.2644508732625397,5,1024.8295782991195,9.1874847412109375,9.1874847412109375,32.11324691772461,1024.8295782991195,22,187.5,NEP10k_raw_r20250912_daily_mesozoo200_o2_so_no3_chlos_ssh_thetao_uo_vo_vollcello_2019.03.nc,NEP10k_raw_r20250912_daily_mesozoo200_o2_so_no3_chlos_ssh_thetao_uo_vo_vollcello_2019.03.nc
W19,NH,MbN,4,4,2,2019-03-07,2019-03-07T09:55:48Z,-124.88873,44.6516,49.6,76.5,2019,3,116,129,-124.8638916015625,44.710044860839844,6.789004783036931,33.39038141050561,0,35.65483228376815,0,2.2644508732625397,5,1024.8295782991195,9.1874847412109375,9.1874847412109375,32.11324691772461,1024.8295782991195,22,187.5,NEP10k_raw_r20250912_daily_mesozoo200_o2_so_no3_chlos_ssh_thetao_uo_vo_vollcello_2019.03.nc,NEP10k_raw_r20250912_daily_mesozoo200_o2_so_no3_chlos_ssh_thetao_uo_vo_vollcello_2019.03.nc
W19,NH,MbN,4,1,3,2019-03-07,2019-03-07T10:00:21Z,-124.89053,44.65165,25.6,48.7,2019,3,116,129,-124.8638916015625,44.710044860839844,6.826240501917697,33.39038141050561,0,35.65483228376815,0,2.2644508732625397,5,1024.8295782991195,9.1874847412109375,9.1874847412109375,32.11324691772461,1024.8295782991195,22,187.5,NEP10k_raw_r20250912_daily_mesozoo200_o2_so_no3_chlos_ssh_thetao_uo_vo_vollcello_2019.03.nc,NEP10k_raw_r20250912_daily_mesozoo200_o2_so_no3_chlos_ssh_thetao_uo_vo_vollcello_2019.03.nc
W19,NH,MbN,4,4,3,2019-03-07,2019-03-07T10:00:21Z,-124.89053,44.65165,25.6,48.7,2019,3,116,129,-124.8638916015625,44.710044860839844,6.826240501917697,33.39038141050561,0,35.65483228376815,0,2.2644508732625397,5,1024.8295782991195,9.1874847412109375,9.1874847412109375,32.11324691772461,1024.8295782991195,22,187.5,NEP10k_raw_r20250912_daily_mesozoo200_o2_so_no3_chlos_ssh_thetao_uo_vo_vollcello_2019.03.nc,NEP10k_raw_r20250912_daily_mesozoo200_o2_so_no3_chlos_ssh_thetao_uo_vo_vollcello_2019.03.nc
W19,NH,MbN,4,1,4,2019-03-07,2019-03-07T10:04:15Z,-124.89243,44.65162,2.2,25.135,2019,3,116,129,-124.8638916015625,44.710044860839844,6.877225150545107,33.39038141050561,0,35.65483228376815,0,2.2644508732625397,5,1024.8295782991195,9.1874847412109375,9.1874847412109375,32.11324691772461,1024.8295782991195,22,187.5,NEP10k_raw_r20250912_daily_mesozoo200_o2_so_no3_chlos_ssh_thetao_uo_vo_vollcello_2019.03.nc,NEP10k_raw_r20250912_daily_mesozoo200_o2_so_no3_chlos_ssh_thetao_uo_vo_vollcello_2019.03.nc
W19,NH,MbN,4,4,4,2019-03-07,2019-03-07T10:04:15Z,-124.89243,44.65162,2.2,25.135,2019,3,116,129,-124.8638916015625,44.710044860839844,6.877225150545107,33.39038141050561,0,35.65483228376815,0,2.2644508732625397,5,1024.8295782991195,9.1874847412109375,9.1874847412109375,32.11324691772461,1024.8295782991195,22,187.5,NEP10k_raw_r20250912_daily_mesozoo200_o2_so_no3_chlos_ssh_thetao_uo_vo_vollcello_2019.03.nc,NEP10k_raw_r20250912_daily_mesozoo200_o2_so_no3_chlos_ssh_thetao_uo_vo_vollcello_2019.03.nc
W19,NH,MbN,5,1,0,2019-03-07,2019-03-07T11:54:09Z,-125.11697,44.65148,0.5,101.2,2019,3,116,127,-125.09332275390625,44.6298828125,3.0442672843794467,33.342436529191595,0,37.25165852010936,0,3.9092219909177643,5,1024.8066054735511,9.206050872802734,9.206050872802734,32.087581634521484,1024.8066054735511,22,187.5,NEP10k_raw_r20250912_daily_mesozoo200_o2_so_no3_chlos_ssh_thetao_uo_vo_vollcello_2019.03.nc,NEP10k_raw_r20250912_daily_mesozoo200_o2_so_no3_chlos_ssh_thetao_uo_vo_vollcello_2019.03.nc
W19,NH,MbN,5,4,0,2019-03-07,2019-03-07T11:54:09Z,-125.11697,44.65148,0.5,101.2,2019,3,116,127,-125.09332275390625,44.6298828125,3.0442672843794467,33.342436529191595,0,37.25165852010936,0,3.9092219909177643,5,1024.8066054735511,9.206050872802734,9.206050872802734,32.087581634521484,1024.8066054735511,22,187.5,NEP10k_raw_r20250912_daily_mesozoo200_o2_so_no3_chlos_ssh_thetao_uo_vo_vollcello_2019.03.nc,NEP10k_raw_r20250912_daily_mesozoo200_o2_so_no3_chlos_ssh_thetao_uo_vo_vollcello_2019.03.nc
W19,NH,MbN,5,1,1,2019-03-07,2019-03-07T12:02:55Z,-125.12253,44.65137,73.439,101.6,2019,3,116,127,-125.09332275390625,44.6298828125,3.3239310697835913,33.342436529191595,0,37.25165852010936,0,3.9092219909177643,5,1024.8066054735511,9.206050872802734,9.206050872802734,32.087581634521484,1024.8066054735511,22,187.5,NEP10k_raw_r20250912_daily_mesozoo200_o2_so_no3_chlos_ssh_thetao_uo_vo_vollcello_2019.03.nc,NEP10k_raw_r20250912_daily_mesozoo200_o2_so_no3_chlos_ssh_thetao_uo_vo_vollcello_2019.03.nc
W19,NH,MbN,5,4,1,2019-03-07,2019-03-07T12:02:55Z,-125.12253,44.65137,73.439,101.6,2019,3,116,127,-125.09332275390625,44.6298828125,3.3239310697835913,33.342436529191595,0,37.25165852010936,0,3.9092219909177643,5,1024.8066054735511,9.206050872802734,9.206050872802734,32.087581634521484,1024.8066054735511,22,187.5,NEP10k_raw_r20250912_daily_mesozoo200_o2_so_no3_chlos_ssh_thetao_uo_vo_vollcello_2019.03.nc,NEP10k_raw_r20250912_daily_mesozoo200_o2_so_no3_chlos_ssh_thetao_uo_vo_vollcello_2019.03.nc
W19,NH,MbN,5,1,2,2019-03-07,2019-03-07T12:10:45Z,-125.12722,44.65114,54.023,72.259,2019,3,116,127,-125.09332275390625,44.6298828125,3.574858463511578,33.342436529191595,0,37.25165852010936,0,3.9092219909177643,5,1024.8066054735511,9.206050872802734,9.206050872802734,32.087581634521484,1024.8066054735511,22,187.5,NEP10k_raw_r20250912_daily_mesozoo200_o2_so_no3_chlos_ssh_thetao_uo_vo_vollcello_2019.03.nc,NEP10k_raw_r20250912_daily_mesozoo200_o2_so_no3_chlos_ssh_thetao_uo_vo_vollcello_2019.03.nc
W19,NH,MbN,5,4,2,2019-03-07,2019-03-07T12:10:45Z,-125.12722,44.65114,54.023,72.259,2019,3,116,127,-125.09332275390625,44.6298828125,3.574858463511578,33.342436529191595,0,37.25165852010936,0,3.9092219909177643,5,1024.8066054735511,9.206050872802734,9.206050872802734,32.087581634521484,1024.8066054735511,22,187.5,NEP10k_raw_r20250912_daily_mesozoo200_o2_so_no3_chlos_ssh_thetao_uo_vo_vollcello_2019.03.nc,NEP10k_raw_r20250912_daily_mesozoo200_o2_so_no3_chlos_ssh_thetao_uo_vo_vollcello_2019.03.nc
W19,NH,MbN,5,1,3,2019-03-07,2019-03-07T12:13:36Z,-125.12905,44.65095,24.755,53.59,2019,3,116,127,-125.09332275390625,44.6298828125,3.671209590703001,33.342436529191595,0,37.25165852010936,0,3.9092219909177643,5,1024.8066054735511,9.206050872802734,9.206050872802734,32.087581634521484,1024.8066054735511,22,187.5,NEP10k_raw_r20250912_daily_mesozoo200_o2_so_no3_chlos_ssh_thetao_uo_vo_vollcello_2019.03.nc,NEP10k_raw_r20250912_daily_mesozoo200_o2_so_no3_chlos_ssh_thetao_uo_vo_vollcello_2019.03.nc
W19,NH,MbN,5,4,3,2019-03-07,2019-03-07T12:13:36Z,-125.12905,44.65095,24.755,53.59,2019,3,116,127,-125.09332275390625,44.6298828125,3.671209590703001,33.342436529191595,0,37.25165852010936,0,3.9092219909177643,5,1024.8066054735511,9.206050872802734,9.206050872802734,32.087581634521484,1024.8066054735511,22,187.5,NEP10k_raw_r20250912_daily_mesozoo200_o2_so_no3_chlos_ssh_thetao_uo_vo_vollcello_2019.03.nc,NEP10k_raw_r20250912_daily_mesozoo200_o2_so_no3_chlos_ssh_thetao_uo_vo_vollcello_2019.03.nc
W19,NH,MbN,5,1,4,2019-03-07,2019-03-07T12:19:54Z,-125.13301,44.65062,0.8,24.1,2019,3,116,127,-125.09332275390625,44.6298828125,3.8957265605591958,33.342436529191595,0,37.25165852010936,0,3.9092219909177643,5,1024.8066054735511,9.206050872802734,9.206050872802734,32.087581634521484,1024.8066054735511,22,187.5,NEP10k_raw_r20250912_daily_mesozoo200_o2_so_no3_chlos_ssh_thetao_uo_vo_vollcello_2019.03.nc,NEP10k_raw_r20250912_daily_mesozoo200_o2_so_no3_chlos_ssh_thetao_uo_vo_vollcello_2019.03.nc
W19,NH,MbN,5,4,4,2019-03-07,2019-03-07T12:19:54Z,-125.13301,44.65062,0.8,24.1,2019,3,116,127,-125.09332275390625,44.6298828125,3.8957265605591958,33.342436529191595,0,37.25165852010936,0,3.9092219909177643,5,1024.8066054735511,9.206050872802734,9.206050872802734,32.087581634521484,1024.8066054735511,22,187.5,NEP10k_raw_r20250912_daily_mesozoo200_o2_so_no3_chlos_ssh_thetao_uo_vo_vollcello_2019.03.nc,NEP10k_raw_r20250912_daily_mesozoo200_o2_so_no3_chlos_ssh_thetao_uo_vo_vollcello_2019.03.nc
W19,NH,MbD,5,1,0,2019-03-07,2019-03-07T16:00:46Z,-125.1133,44.65274,0.3,101.279,2019,3,116,127,-125.09332275390625,44.6298828125,2.9929711711252915,33.342436529191595,0,37.25165852010936,0,3.9092219909177643,5,1024.8066054735511,9.206050872802734,9.206050872802734,32.087581634521484,1024.8066054735511,22,187.5,NEP10k_raw_r20250912_daily_mesozoo200_o2_so_no3_chlos_ssh_thetao_uo_vo_vollcello_2019.03.nc,NEP10k_raw_r20250912_daily_mesozoo200_o2_so_no3_chlos_ssh_thetao_uo_vo_vollcello_2019.03.nc
W19,NH,MbD,5,4,0,2019-03-07,2019-03-07T16:00:46Z,-125.1133,44.65274,0.3,101.279,2019,3,116,127,-125.09332275390625,44.6298828125,2.9929711711252915,33.342436529191595,0,37.25165852010936,0,3.9092219909177643,5,1024.8066054735511,9.206050872802734,9.206050872802734,32.087581634521484,1024.8066054735511,22,187.5,NEP10k_raw_r20250912_daily_mesozoo200_o2_so_no3_chlos_ssh_thetao_uo_vo_vollcello_2019.03.nc,NEP10k_raw_r20250912_daily_mesozoo200_o2_so_no3_chlos_ssh_thetao_uo_vo_vollcello_2019.03.nc
W19,NH,MbD,5,1,1,2019-03-07,2019-03-07T16:10:09Z,-125.1066,44.65265,74.1,101.4,2019,3,116,127,-125.09332275390625,44.6298828125,2.740884257619765,33.342436529191595,0,37.25165852010936,0,3.9092219909177643,5,1024.8066054735511,9.206050872802734,9.206050872802734,32.087581634521484,1024.8066054735511,22,187.5,NEP10k_raw_r20250912_daily_mesozoo200_o2_so_no3_chlos_ssh_thetao_uo_vo_vollcello_2019.03.nc,NEP10k_raw_r20250912_daily_mesozoo200_o2_so_no3_chlos_ssh_thetao_uo_vo_vollcello_2019.03.nc
W19,NH,MbD,5,4,1,2019-03-07,2019-03-07T16:10:09Z,-125.1066,44.65265,74.1,101.4,2019,3,116,127,-125.09332275390625,44.6298828125,2.740884257619765,33.342436529191595,0,37.25165852010936,0,3.9092219909177643,5,1024.8066054735511,9.206050872802734,9.206050872802734,32.087581634521484,1024.8066054735511,22,187.5,NEP10k_raw_r20250912_daily_mesozoo200_o2_so_no3_chlos_ssh_thetao_uo_vo_vollcello_2019.03.nc,NEP10k_raw_r20250912_daily_mesozoo200_o2_so_no3_chlos_ssh_thetao_uo_vo_vollcello_2019.03.nc
W19,NH,MbD,5,1,2,2019-03-07,2019-03-07T16:15:39Z,-125.10292,44.65248,54.343,73.1,2019,3,116,127,-125.09332275390625,44.6298828125,2.624914595880791,33.342436529191595,0,37.25165852010936,0,3.9092219909177643,5,1024.8066054735511,9.206050872802734,9.206050872802734,32.087581634521484,1024.8066054735511,22,187.5,NEP10k_raw_r20250912_daily_mesozoo200_o2_so_no3_chlos_ssh_thetao_uo_vo_vollcello_2019.03.nc,NEP10k_raw_r20250912_daily_mesozoo200_o2_so_no3_chlos_ssh_thetao_uo_vo_vollcello_2019.03.nc
W19,NH,MbD,5,4,2,2019-03-07,2019-03-07T16:15:39Z,-125.10292,44.65248,54.343,73.1,2019,3,116,127,-125.09332275390625,44.6298828125,2.624914595880791,33.342436529191595,0,37.25165852010936,0,3.9092219909177643,5,1024.8066054735511,9.206050872802734,9.206050872802734,32.087581634521484,1024.8066054735511,22,187.5,NEP10k_raw_r20250912_daily_mesozoo200_o2_so_no3_chlos_ssh_thetao_uo_vo_vollcello_2019.03.nc,NEP10k_raw_r20250912_daily_mesozoo200_o2_so_no3_chlos_ssh_thetao_uo_vo_vollcello_2019.03.nc
W19,NH,MbD,5,1,3,2019-03-07,2019-03-07T16:20:11Z,-125.09971,44.65248,24.6,54,2019,3,116,127,-125.09332275390625,44.6298828125,2.5630052498353124,33.342436529191595,0,37.25165852010936,0,3.9092219909177643,5,1024.8066054735511,9.206050872802734,9.206050872802734,32.087581634521484,1024.8066054735511,22,187.5,NEP10k_raw_r20250912_daily_mesozoo200_o2_so_no3_chlos_ssh_thetao_uo_vo_vollcello_2019.03.nc,NEP10k_raw_r20250912_daily_mesozoo200_o2_so_no3_chlos_ssh_thetao_uo_vo_vollcello_2019.03.nc
W19,NH,MbD,5,4,3,2019-03-07,2019-03-07T16:20:11Z,-125.09971,44.65248,24.6,54,2019,3,116,127,-125.09332275390625,44.6298828125,2.5630052498353124,33.342436529191595,0,37.25165852010936,0,3.9092219909177643,5,1024.8066054735511,9.206050872802734,9.206050872802734,32.087581634521484,1024.8066054735511,22,187.5,NEP10k_raw_r20250912_daily_mesozoo200_o2_so_no3_chlos_ssh_thetao_uo_vo_vollcello_2019.03.nc,NEP10k_raw_r20250912_daily_mesozoo200_o2_so_no3_chlos_ssh_thetao_uo_vo_vollcello_2019.03.nc
W19,NH,MbD,5,1,4,2019-03-07,2019-03-07T16:25:15Z,-125.09629,44.65244,-0.1,23.8,2019,3,116,127,-125.09332275390625,44.6298828125,2.5192071955814854,33.342436529191595,0,37.25165852010936,0,3.9092219909177643,5,1024.8066054735511,9.206050872802734,9.206050872802734,32.087581634521484,1024.8066054735511,22,187.5,NEP10k_raw_r20250912_daily_mesozoo200_o2_so_no3_chlos_ssh_thetao_uo_vo_vollcello_2019.03.nc,NEP10k_raw_r20250912_daily_mesozoo200_o2_so_no3_chlos_ssh_thetao_uo_vo_vollcello_2019.03.nc
W19,NH,MbD,5,4,4,2019-03-07,2019-03-07T16:25:15Z,-125.09629,44.65244,-0.1,23.8,2019,3,116,127,-125.09332275390625,44.6298828125,2.5192071955814854,33.342436529191595,0,37.25165852010936,0,3.9092219909177643,5,1024.8066054735511,9.206050872802734,9.206050872802734,32.087581634521484,1024.8066054735511,22,187.5,NEP10k_raw_r20250912_daily_mesozoo200_o2_so_no3_chlos_ssh_thetao_uo_vo_vollcello_2019.03.nc,NEP10k_raw_r20250912_daily_mesozoo200_o2_so_no3_chlos_ssh_thetao_uo_vo_vollcello_2019.03.nc
W19,NH,MbD,4,1,0,2019-03-07,2019-03-07T17:59:24Z,-124.8796,44.65225,0.1,101.9,2019,3,115,129,-124.80775451660156,44.62838363647461,6.273298790828629,29.628726254212022,0,31.475892404771773,0,1.847166150559751,5,1024.793338083174,9.17319393157959,9.17319393157959,32.06404495239258,1024.793338083174,22,187.5,NEP10k_raw_r20250912_daily_mesozoo200_o2_so_no3_chlos_ssh_thetao_uo_vo_vollcello_2019.03.nc,NEP10k_raw_r20250912_daily_mesozoo200_o2_so_no3_chlos_ssh_thetao_uo_vo_vollcello_2019.03.nc
W19,NH,MbD,4,4,0,2019-03-07,2019-03-07T17:59:24Z,-124.8796,44.65225,0.1,101.9,2019,3,115,129,-124.80775451660156,44.62838363647461,6.273298790828629,29.628726254212022,0,31.475892404771773,0,1.847166150559751,5,1024.793338083174,9.17319393157959,9.17319393157959,32.06404495239258,1024.793338083174,22,187.5,NEP10k_raw_r20250912_daily_mesozoo200_o2_so_no3_chlos_ssh_thetao_uo_vo_vollcello_2019.03.nc,NEP10k_raw_r20250912_daily_mesozoo200_o2_so_no3_chlos_ssh_thetao_uo_vo_vollcello_2019.03.nc
W19,NH,MbD,4,1,1,2019-03-07,2019-03-07T18:07:58Z,-124.87339,44.65235,74.7,101.2,2019,3,115,129,-124.80775451660156,44.62838363647461,5.836869923009737,29.628726254212022,0,31.475892404771773,0,1.847166150559751,5,1024.793338083174,9.17319393157959,9.17319393157959,32.06404495239258,1024.793338083174,22,187.5,NEP10k_raw_r20250912_daily_mesozoo200_o2_so_no3_chlos_ssh_thetao_uo_vo_vollcello_2019.03.nc,NEP10k_raw_r20250912_daily_mesozoo200_o2_so_no3_chlos_ssh_thetao_uo_vo_vollcello_2019.03.nc
W19,NH,MbD,4,4,1,2019-03-07,2019-03-07T18:07:58Z,-124.87339,44.65235,74.7,101.2,2019,3,115,129,-124.80775451660156,44.62838363647461,5.836869923009737,29.628726254212022,0,31.475892404771773,0,1.847166150559751,5,1024.793338083174,9.17319393157959,9.17319393157959,32.06404495239258,1024.793338083174,22,187.5,NEP10k_raw_r20250912_daily_mesozoo200_o2_so_no3_chlos_ssh_thetao_uo_vo_vollcello_2019.03.nc,NEP10k_raw_r20250912_daily_mesozoo200_o2_so_no3_chlos_ssh_thetao_uo_vo_vollcello_2019.03.nc
W19,NH,MbD,4,1,2,2019-03-07,2019-03-07T18:13:10Z,-124.87003,44.6523,49.631,74.076,2019,3,115,129,-124.80775451660156,44.62838363647461,5.59903064984113,29.628726254212022,0,31.475892404771773,0,1.847166150559751,5,1024.793338083174,9.17319393157959,9.17319393157959,32.06404495239258,1024.793338083174,22,187.5,NEP10k_raw_r20250912_daily_mesozoo200_o2_so_no3_chlos_ssh_thetao_uo_vo_vollcello_2019.03.nc,NEP10k_raw_r20250912_daily_mesozoo200_o2_so_no3_chlos_ssh_thetao_uo_vo_vollcello_2019.03.nc
W19,NH,MbD,4,4,2,2019-03-07,2019-03-07T18:13:10Z,-124.87003,44.6523,49.631,74.076,2019,3,115,129,-124.80775451660156,44.62838363647461,5.59903064984113,29.628726254212022,0,31.475892404771773,0,1.847166150559751,5,1024.793338083174,9.17319393157959,9.17319393157959,32.06404495239258,1024.793338083174,22,187.5,NEP10k_raw_r20250912_daily_mesozoo200_o2_so_no3_chlos_ssh_thetao_uo_vo_vollcello_2019.03.nc,NEP10k_raw_r20250912_daily_mesozoo200_o2_so_no3_chlos_ssh_thetao_uo_vo_vollcello_2019.03.nc
W19,NH,MbD,4,1,3,2019-03-07,2019-03-07T18:17:36Z,-124.86692,44.6524,25.5,49.151,2019,3,115,129,-124.80775451660156,44.62838363647461,5.38926475371388,29.628726254212022,0,31.475892404771773,0,1.847166150559751,5,1024.793338083174,9.17319393157959,9.17319393157959,32.06404495239258,1024.793338083174,22,187.5,NEP10k_raw_r20250912_daily_mesozoo200_o2_so_no3_chlos_ssh_thetao_uo_vo_vollcello_2019.03.nc,NEP10k_raw_r20250912_daily_mesozoo200_o2_so_no3_chlos_ssh_thetao_uo_vo_vollcello_2019.03.nc
W19,NH,MbD,4,4,3,2019-03-07,2019-03-07T18:17:36Z,-124.86692,44.6524,25.5,49.151,2019,3,115,129,-124.80775451660156,44.62838363647461,5.38926475371388,29.628726254212022,0,31.475892404771773,0,1.847166150559751,5,1024.793338083174,9.17319393157959,9.17319393157959,32.06404495239258,1024.793338083174,22,187.5,NEP10k_raw_r20250912_daily_mesozoo200_o2_so_no3_chlos_ssh_thetao_uo_vo_vollcello_2019.03.nc,NEP10k_raw_r20250912_daily_mesozoo200_o2_so_no3_chlos_ssh_thetao_uo_vo_vollcello_2019.03.nc
W19,NH,MbD,4,1,4,2019-03-07,2019-03-07T18:22:11Z,-124.86351,44.65241,0.6,25,2019,3,115,129,-124.80775451660156,44.62838363647461,5.1572313531961145,29.628726254212022,0,31.475892404771773,0,1.847166150559751,5,1024.793338083174,9.17319393157959,9.17319393157959,32.06404495239258,1024.793338083174,22,187.5,NEP10k_raw_r20250912_daily_mesozoo200_o2_so_no3_chlos_ssh_thetao_uo_vo_vollcello_2019.03.nc,NEP10k_raw_r20250912_daily_mesozoo200_o2_so_no3_chlos_ssh_thetao_uo_vo_vollcello_2019.03.nc
W19,NH,MbD,4,4,4,2019-03-07,2019-03-07T18:22:11Z,-124.86351,44.65241,0.6,25,2019,3,115,129,-124.80775451660156,44.62838363647461,5.1572313531961145,29.628726254212022,0,31.475892404771773,0,1.847166150559751,5,1024.793338083174,9.17319393157959,9.17319393157959,32.06404495239258,1024.793338083174,22,187.5,NEP10k_raw_r20250912_daily_mesozoo200_o2_so_no3_chlos_ssh_thetao_uo_vo_vollcello_2019.03.nc,NEP10k_raw_r20250912_daily_mesozoo200_o2_so_no3_chlos_ssh_thetao_uo_vo_vollcello_2019.03.nc
W19,NH,MbD,3,1,0,2019-03-07,2019-03-07T20:14:53Z,-124.64964,44.6516,0,102,2019,3,115,130,-124.69290161132812,44.668212890625,3.888454137517317,28.82571685668227,0,30.404751000287284,0,1.5790341436050142,5,1024.7920808563365,9.163761138916016,9.163761138916016,32.06055450439453,1024.7920808563365,22,187.5,NEP10k_raw_r20250912_daily_mesozoo200_o2_so_no3_chlos_ssh_thetao_uo_vo_vollcello_2019.03.nc,NEP10k_raw_r20250912_daily_mesozoo200_o2_so_no3_chlos_ssh_thetao_uo_vo_vollcello_2019.03.nc
W19,NH,MbD,3,4,0,2019-03-07,2019-03-07T20:14:53Z,-124.64964,44.6516,0,102,2019,3,115,130,-124.69290161132812,44.668212890625,3.888454137517317,28.82571685668227,0,30.404751000287284,0,1.5790341436050142,5,1024.7920808563365,9.163761138916016,9.163761138916016,32.06055450439453,1024.7920808563365,22,187.5,NEP10k_raw_r20250912_daily_mesozoo200_o2_so_no3_chlos_ssh_thetao_uo_vo_vollcello_2019.03.nc,NEP10k_raw_r20250912_daily_mesozoo200_o2_so_no3_chlos_ssh_thetao_uo_vo_vollcello_2019.03.nc
W19,NH,MbD,3,1,1,2019-03-07,2019-03-07T20:21:54Z,-124.64613,44.6518,74.2,100.247,2019,3,115,130,-124.69290161132812,44.668212890625,4.124950466325357,28.82571685668227,0,30.404751000287284,0,1.5790341436050142,5,1024.7920808563365,9.163761138916016,9.163761138916016,32.06055450439453,1024.7920808563365,22,187.5,NEP10k_raw_r20250912_daily_mesozoo200_o2_so_no3_chlos_ssh_thetao_uo_vo_vollcello_2019.03.nc,NEP10k_raw_r20250912_daily_mesozoo200_o2_so_no3_chlos_ssh_thetao_uo_vo_vollcello_2019.03.nc
W19,NH,MbD,3,4,1,2019-03-07,2019-03-07T20:21:54Z,-124.64613,44.6518,74.2,100.247,2019,3,115,130,-124.69290161132812,44.668212890625,4.124950466325357,28.82571685668227,0,30.404751000287284,0,1.5790341436050142,5,1024.7920808563365,9.163761138916016,9.163761138916016,32.06055450439453,1024.7920808563365,22,187.5,NEP10k_raw_r20250912_daily_mesozoo200_o2_so_no3_chlos_ssh_thetao_uo_vo_vollcello_2019.03.nc,NEP10k_raw_r20250912_daily_mesozoo200_o2_so_no3_chlos_ssh_thetao_uo_vo_vollcello_2019.03.nc
W19,NH,MbD,3,1,2,2019-03-07,2019-03-07T20:26:31Z,-124.64403,44.65187,49.871,74.158,2019,3,115,130,-124.69290161132812,44.668212890625,4.271214678119502,28.82571685668227,0,30.404751000287284,0,1.5790341436050142,5,1024.7920808563365,9.163761138916016,9.163761138916016,32.06055450439453,1024.7920808563365,22,187.5,NEP10k_raw_r20250912_daily_mesozoo200_o2_so_no3_chlos_ssh_thetao_uo_vo_vollcello_2019.03.nc,NEP10k_raw_r20250912_daily_mesozoo200_o2_so_no3_chlos_ssh_thetao_uo_vo_vollcello_2019.03.nc
W19,NH,MbD,3,4,2,2019-03-07,2019-03-07T20:26:31Z,-124.64403,44.65187,49.871,74.158,2019,3,115,130,-124.69290161132812,44.668212890625,4.271214678119502,28.82571685668227,0,30.404751000287284,0,1.5790341436050142,5,1024.7920808563365,9.163761138916016,9.163761138916016,32.06055450439453,1024.7920808563365,22,187.5,NEP10k_raw_r20250912_daily_mesozoo200_o2_so_no3_chlos_ssh_thetao_uo_vo_vollcello_2019.03.nc,NEP10k_raw_r20250912_daily_mesozoo200_o2_so_no3_chlos_ssh_thetao_uo_vo_vollcello_2019.03.nc
W19,NH,MbD,3,1,3,2019-03-07,2019-03-07T20:29:37Z,-124.64249,44.65191,24.2,48.9,2019,3,115,130,-124.69290161132812,44.668212890625,4.3799043985648165,28.82571685668227,0,30.404751000287284,0,1.5790341436050142,5,1024.7920808563365,9.163761138916016,9.163761138916016,32.06055450439453,1024.7920808563365,22,187.5,NEP10k_raw_r20250912_daily_mesozoo200_o2_so_no3_chlos_ssh_thetao_uo_vo_vollcello_2019.03.nc,NEP10k_raw_r20250912_daily_mesozoo200_o2_so_no3_chlos_ssh_thetao_uo_vo_vollcello_2019.03.nc
W19,NH,MbD,3,4,3,2019-03-07,2019-03-07T20:29:37Z,-124.64249,44.65191,24.2,48.9,2019,3,115,130,-124.69290161132812,44.668212890625,4.3799043985648165,28.82571685668227,0,30.404751000287284,0,1.5790341436050142,5,1024.7920808563365,9.163761138916016,9.163761138916016,32.06055450439453,1024.7920808563365,22,187.5,NEP10k_raw_r20250912_daily_mesozoo200_o2_so_no3_chlos_ssh_thetao_uo_vo_vollcello_2019.03.nc,NEP10k_raw_r20250912_daily_mesozoo200_o2_so_no3_chlos_ssh_thetao_uo_vo_vollcello_2019.03.nc
W19,NH,MbD,3,1,4,2019-03-07,2019-03-07T20:33:17Z,-124.64049,44.65192,1.1,23.7,2019,3,115,130,-124.69290161132812,44.668212890625,4.52393115075689,28.82571685668227,0,30.404751000287284,0,1.5790341436050142,5,1024.7920808563365,9.163761138916016,9.163761138916016,32.06055450439453,1024.7920808563365,22,187.5,NEP10k_raw_r20250912_daily_mesozoo200_o2_so_no3_chlos_ssh_thetao_uo_vo_vollcello_2019.03.nc,NEP10k_raw_r20250912_daily_mesozoo200_o2_so_no3_chlos_ssh_thetao_uo_vo_vollcello_2019.03.nc
W19,NH,MbD,3,4,4,2019-03-07,2019-03-07T20:33:17Z,-124.64049,44.65192,1.1,23.7,2019,3,115,130,-124.69290161132812,44.668212890625,4.52393115075689,28.82571685668227,0,30.404751000287284,0,1.5790341436050142,5,1024.7920808563365,9.163761138916016,9.163761138916016,32.06055450439453,1024.7920808563365,22,187.5,NEP10k_raw_r20250912_daily_mesozoo200_o2_so_no3_chlos_ssh_thetao_uo_vo_vollcello_2019.03.nc,NEP10k_raw_r20250912_daily_mesozoo200_o2_so_no3_chlos_ssh_thetao_uo_vo_vollcello_2019.03.nc
W19,NH,MbD,2,1,0,2019-03-07,2019-03-07T22:19:16Z,-124.40993,44.65234,0.2,76.645,2019,3,114,132,-124.40715026855469,44.66562271118164,1.4932441941023784,27.099988393926473,0,27.93996933734598,0,0.8399809434195049,5,1024.759924637766,9.179705619812012,9.179705619812012,32.022613525390625,1024.759924637766,15,95,NEP10k_raw_r20250912_daily_mesozoo200_o2_so_no3_chlos_ssh_thetao_uo_vo_vollcello_2019.03.nc,NEP10k_raw_r20250912_daily_mesozoo200_o2_so_no3_chlos_ssh_thetao_uo_vo_vollcello_2019.03.nc
W19,NH,MbD,2,4,0,2019-03-07,2019-03-07T22:19:16Z,-124.40993,44.65234,0.2,76.645,2019,3,114,132,-124.40715026855469,44.66562271118164,1.4932441941023784,27.099988393926473,0,27.93996933734598,0,0.8399809434195049,5,1024.759924637766,9.179705619812012,9.179705619812012,32.022613525390625,1024.759924637766,15,95,NEP10k_raw_r20250912_daily_mesozoo200_o2_so_no3_chlos_ssh_thetao_uo_vo_vollcello_2019.03.nc,NEP10k_raw_r20250912_daily_mesozoo200_o2_so_no3_chlos_ssh_thetao_uo_vo_vollcello_2019.03.nc
W19,NH,MbD,2,1,2,2019-03-07,2019-03-07T22:25:37Z,-124.40623,44.65234,48.373,76.027,2019,3,114,132,-124.40715026855469,44.66562271118164,1.4787625290424269,27.099988393926473,0,27.93996933734598,0,0.8399809434195049,5,1024.759924637766,9.179705619812012,9.179705619812012,32.022613525390625,1024.759924637766,15,95,NEP10k_raw_r20250912_daily_mesozoo200_o2_so_no3_chlos_ssh_thetao_uo_vo_vollcello_2019.03.nc,NEP10k_raw_r20250912_daily_mesozoo200_o2_so_no3_chlos_ssh_thetao_uo_vo_vollcello_2019.03.nc
W19,NH,MbD,2,4,2,2019-03-07,2019-03-07T22:25:37Z,-124.40623,44.65234,48.373,76.027,2019,3,114,132,-124.40715026855469,44.66562271118164,1.4787625290424269,27.099988393926473,0,27.93996933734598,0,0.8399809434195049,5,1024.759924637766,9.179705619812012,9.179705619812012,32.022613525390625,1024.759924637766,15,95,NEP10k_raw_r20250912_daily_mesozoo200_o2_so_no3_chlos_ssh_thetao_uo_vo_vollcello_2019.03.nc,NEP10k_raw_r20250912_daily_mesozoo200_o2_so_no3_chlos_ssh_thetao_uo_vo_vollcello_2019.03.nc
W19,NH,MbD,2,1,3,2019-03-07,2019-03-07T22:28:44Z,-124.40416,44.65251,24.498,47.302,2019,3,114,132,-124.40715026855469,44.66562271118164,1.477124275019665,27.099988393926473,0,27.93996933734598,0,0.8399809434195049,5,1024.759924637766,9.179705619812012,9.179705619812012,32.022613525390625,1024.759924637766,15,95,NEP10k_raw_r20250912_daily_mesozoo200_o2_so_no3_chlos_ssh_thetao_uo_vo_vollcello_2019.03.nc,NEP10k_raw_r20250912_daily_mesozoo200_o2_so_no3_chlos_ssh_thetao_uo_vo_vollcello_2019.03.nc
W19,NH,MbD,2,4,3,2019-03-07,2019-03-07T22:28:44Z,-124.40416,44.65251,24.498,47.302,2019,3,114,132,-124.40715026855469,44.66562271118164,1.477124275019665,27.099988393926473,0,27.93996933734598,0,0.8399809434195049,5,1024.759924637766,9.179705619812012,9.179705619812012,32.022613525390625,1024.759924637766,15,95,NEP10k_raw_r20250912_daily_mesozoo200_o2_so_no3_chlos_ssh_thetao_uo_vo_vollcello_2019.03.nc,NEP10k_raw_r20250912_daily_mesozoo200_o2_so_no3_chlos_ssh_thetao_uo_vo_vollcello_2019.03.nc
W19,NH,MbD,2,1,4,2019-03-07,2019-03-07T22:32:04Z,-124.40168,44.65264,0.747,24.053,2019,3,114,132,-124.40715026855469,44.66562271118164,1.5070532299632466,27.099988393926473,0,27.93996933734598,0,0.8399809434195049,5,1024.759924637766,9.179705619812012,9.179705619812012,32.022613525390625,1024.759924637766,15,95,NEP10k_raw_r20250912_daily_mesozoo200_o2_so_no3_chlos_ssh_thetao_uo_vo_vollcello_2019.03.nc,NEP10k_raw_r20250912_daily_mesozoo200_o2_so_no3_chlos_ssh_thetao_uo_vo_vollcello_2019.03.nc
W19,NH,MbD,2,4,4,2019-03-07,2019-03-07T22:32:04Z,-124.40168,44.65264,0.747,24.053,2019,3,114,132,-124.40715026855469,44.66562271118164,1.5070532299632466,27.099988393926473,0,27.93996933734598,0,0.8399809434195049,5,1024.759924637766,9.179705619812012,9.179705619812012,32.022613525390625,1024.759924637766,15,95,NEP10k_raw_r20250912_daily_mesozoo200_o2_so_no3_chlos_ssh_thetao_uo_vo_vollcello_2019.03.nc,NEP10k_raw_r20250912_daily_mesozoo200_o2_so_no3_chlos_ssh_thetao_uo_vo_vollcello_2019.03.nc
W19,NH,MbD,1,1,0,2019-03-07,2019-03-07T23:56:35Z,-124.29475,44.65207,0.3,49.9,2019,3,113,133,-124.23666381835938,44.623046875,5.615824358955622,25.01515252922911,0,25.211536550364332,0,0.19638402113522346,5,1024.7566836299545,9.332188606262207,9.332188606262207,32.04907989501953,1024.7566836299545,12,65,NEP10k_raw_r20250912_daily_mesozoo200_o2_so_no3_chlos_ssh_thetao_uo_vo_vollcello_2019.03.nc,NEP10k_raw_r20250912_daily_mesozoo200_o2_so_no3_chlos_ssh_thetao_uo_vo_vollcello_2019.03.nc
W19,NH,MbD,1,4,0,2019-03-07,2019-03-07T23:56:35Z,-124.29475,44.65207,0.3,49.9,2019,3,113,133,-124.23666381835938,44.623046875,5.615824358955622,25.01515252922911,0,25.211536550364332,0,0.19638402113522346,5,1024.7566836299545,9.332188606262207,9.332188606262207,32.04907989501953,1024.7566836299545,12,65,NEP10k_raw_r20250912_daily_mesozoo200_o2_so_no3_chlos_ssh_thetao_uo_vo_vollcello_2019.03.nc,NEP10k_raw_r20250912_daily_mesozoo200_o2_so_no3_chlos_ssh_thetao_uo_vo_vollcello_2019.03.nc
W19,NH,MbD,1,1,3,2019-03-07,2019-03-08T00:03:25Z,-124.29034,44.65208,24.435,51,2019,3,113,133,-124.23666381835938,44.623046875,5.334706991435824,25.01515252922911,0,25.211536550364332,0,0.19638402113522346,5,1024.7566836299545,9.332188606262207,9.332188606262207,32.04907989501953,1024.7566836299545,12,65,NEP10k_raw_r20250912_daily_mesozoo200_o2_so_no3_chlos_ssh_thetao_uo_vo_vollcello_2019.03.nc,NEP10k_raw_r20250912_daily_mesozoo200_o2_so_no3_chlos_ssh_thetao_uo_vo_vollcello_2019.03.nc
W19,NH,MbD,1,4,3,2019-03-07,2019-03-08T00:03:25Z,-124.29034,44.65208,24.435,51,2019,3,113,133,-124.23666381835938,44.623046875,5.334706991435824,25.01515252922911,0,25.211536550364332,0,0.19638402113522346,5,1024.7566836299545,9.332188606262207,9.332188606262207,32.04907989501953,1024.7566836299545,12,65,NEP10k_raw_r20250912_daily_mesozoo200_o2_so_no3_chlos_ssh_thetao_uo_vo_vollcello_2019.03.nc,NEP10k_raw_r20250912_daily_mesozoo200_o2_so_no3_chlos_ssh_thetao_uo_vo_vollcello_2019.03.nc
W19,NH,MbD,1,1,4,2019-03-07,2019-03-08T00:09:38Z,-124.28644,44.65205,0.8,23.9,2019,3,113,133,-124.23666381835938,44.623046875,5.090358114851009,25.01515252922911,0,25.211536550364332,0,0.19638402113522346,5,1024.7566836299545,9.332188606262207,9.332188606262207,32.04907989501953,1024.7566836299545,12,65,NEP10k_raw_r20250912_daily_mesozoo200_o2_so_no3_chlos_ssh_thetao_uo_vo_vollcello_2019.03.nc,NEP10k_raw_r20250912_daily_mesozoo200_o2_so_no3_chlos_ssh_thetao_uo_vo_vollcello_2019.03.nc
W19,NH,MbD,1,4,4,2019-03-07,2019-03-08T00:09:38Z,-124.28644,44.65205,0.8,23.9,2019,3,113,133,-124.23666381835938,44.623046875,5.090358114851009,25.01515252922911,0,25.211536550364332,0,0.19638402113522346,5,1024.7566836299545,9.332188606262207,9.332188606262207,32.04907989501953,1024.7566836299545,12,65,NEP10k_raw_r20250912_daily_mesozoo200_o2_so_no3_chlos_ssh_thetao_uo_vo_vollcello_2019.03.nc,NEP10k_raw_r20250912_daily_mesozoo200_o2_so_no3_chlos_ssh_thetao_uo_vo_vollcello_2019.03.nc
W19,TR,MaD,1,1,0,2019-03-09,2019-03-09T16:10:17Z,-124.27087,41.0583,0.1,52.1,2019,3,78,116,-124.26214599609375,41.09885025024414,4.567891975200788,2.8825433101267297,0,4.7785124793025675,0,1.8959691691758378,5,1023.9208007840163,9.859028816223145,9.859028816223145,31.086217880249023,1023.9208007840163,13,75,NEP10k_raw_r20250912_daily_mesozoo200_o2_so_no3_chlos_ssh_thetao_uo_vo_vollcello_2019.03.nc,NEP10k_raw_r20250912_daily_mesozoo200_o2_so_no3_chlos_ssh_thetao_uo_vo_vollcello_2019.03.nc
W19,TR,MaD,1,4,0,2019-03-09,2019-03-09T16:10:17Z,-124.27087,41.0583,0.1,52.1,2019,3,78,116,-124.26214599609375,41.09885025024414,4.567891975200788,2.8825433101267297,0,4.7785124793025675,0,1.8959691691758378,5,1023.9208007840163,9.859028816223145,9.859028816223145,31.086217880249023,1023.9208007840163,13,75,NEP10k_raw_r20250912_daily_mesozoo200_o2_so_no3_chlos_ssh_thetao_uo_vo_vollcello_2019.03.nc,NEP10k_raw_r20250912_daily_mesozoo200_o2_so_no3_chlos_ssh_thetao_uo_vo_vollcello_2019.03.nc
W19,TR,MaD,1,1,3,2019-03-09,2019-03-09T16:15:11Z,-124.27337,41.05838,25.8,52.6,2019,3,78,116,-124.26214599609375,41.09885025024414,4.597376349479363,2.8825433101267297,0,4.7785124793025675,0,1.8959691691758378,5,1023.9208007840163,9.859028816223145,9.859028816223145,31.086217880249023,1023.9208007840163,13,75,NEP10k_raw_r20250912_daily_mesozoo200_o2_so_no3_chlos_ssh_thetao_uo_vo_vollcello_2019.03.nc,NEP10k_raw_r20250912_daily_mesozoo200_o2_so_no3_chlos_ssh_thetao_uo_vo_vollcello_2019.03.nc
W19,TR,MaD,1,4,3,2019-03-09,2019-03-09T16:15:11Z,-124.27337,41.05838,25.8,52.6,2019,3,78,116,-124.26214599609375,41.09885025024414,4.597376349479363,2.8825433101267297,0,4.7785124793025675,0,1.8959691691758378,5,1023.9208007840163,9.859028816223145,9.859028816223145,31.086217880249023,1023.9208007840163,13,75,NEP10k_raw_r20250912_daily_mesozoo200_o2_so_no3_chlos_ssh_thetao_uo_vo_vollcello_2019.03.nc,NEP10k_raw_r20250912_daily_mesozoo200_o2_so_no3_chlos_ssh_thetao_uo_vo_vollcello_2019.03.nc
W19,TR,MaD,1,1,4,2019-03-09,2019-03-09T16:20:57Z,-124.27583,41.05846,1.1,25.6,2019,3,78,116,-124.26214599609375,41.09885025024414,4.635340129879104,2.8825433101267297,0,4.7785124793025675,0,1.8959691691758378,5,1023.9208007840163,9.859028816223145,9.859028816223145,31.086217880249023,1023.9208007840163,13,75,NEP10k_raw_r20250912_daily_mesozoo200_o2_so_no3_chlos_ssh_thetao_uo_vo_vollcello_2019.03.nc,NEP10k_raw_r20250912_daily_mesozoo200_o2_so_no3_chlos_ssh_thetao_uo_vo_vollcello_2019.03.nc
W19,TR,MaD,1,4,4,2019-03-09,2019-03-09T16:20:57Z,-124.27583,41.05846,1.1,25.6,2019,3,78,116,-124.26214599609375,41.09885025024414,4.635340129879104,2.8825433101267297,0,4.7785124793025675,0,1.8959691691758378,5,1023.9208007840163,9.859028816223145,9.859028816223145,31.086217880249023,1023.9208007840163,13,75,NEP10k_raw_r20250912_daily_mesozoo200_o2_so_no3_chlos_ssh_thetao_uo_vo_vollcello_2019.03.nc,NEP10k_raw_r20250912_daily_mesozoo200_o2_so_no3_chlos_ssh_thetao_uo_vo_vollcello_2019.03.nc
W19,TR,MaD,2,1,0,2019-03-09,2019-03-09T17:24:10Z,-124.34351,41.05866,-0.1,101.5,2019,3,78,115,-124.37002563476562,41.05979537963867,2.226769804243066,3.4280277038563787,0,7.766199452966725,0,4.338171749110346,5,1024.09952835827,9.863142013549805,9.863142013549805,31.316165924072266,1024.09952835827,22,187.5,NEP10k_raw_r20250912_daily_mesozoo200_o2_so_no3_chlos_ssh_thetao_uo_vo_vollcello_2019.03.nc,NEP10k_raw_r20250912_daily_mesozoo200_o2_so_no3_chlos_ssh_thetao_uo_vo_vollcello_2019.03.nc
W19,TR,MaD,2,4,0,2019-03-09,2019-03-09T17:24:10Z,-124.34351,41.05866,-0.1,101.5,2019,3,78,115,-124.37002563476562,41.05979537963867,2.226769804243066,3.4280277038563787,0,7.766199452966725,0,4.338171749110346,5,1024.09952835827,9.863142013549805,9.863142013549805,31.316165924072266,1024.09952835827,22,187.5,NEP10k_raw_r20250912_daily_mesozoo200_o2_so_no3_chlos_ssh_thetao_uo_vo_vollcello_2019.03.nc,NEP10k_raw_r20250912_daily_mesozoo200_o2_so_no3_chlos_ssh_thetao_uo_vo_vollcello_2019.03.nc
W19,TR,MaD,2,1,1,2019-03-09,2019-03-09T17:33:17Z,-124.34855,41.0585,74.8,101.1,2019,3,78,115,-124.37002563476562,41.05979537963867,1.8063663746462086,3.4280277038563787,0,7.766199452966725,0,4.338171749110346,5,1024.09952835827,9.863142013549805,9.863142013549805,31.316165924072266,1024.09952835827,22,187.5,NEP10k_raw_r20250912_daily_mesozoo200_o2_so_no3_chlos_ssh_thetao_uo_vo_vollcello_2019.03.nc,NEP10k_raw_r20250912_daily_mesozoo200_o2_so_no3_chlos_ssh_thetao_uo_vo_vollcello_2019.03.nc
W19,TR,MaD,2,4,1,2019-03-09,2019-03-09T17:33:17Z,-124.34855,41.0585,74.8,101.1,2019,3,78,115,-124.37002563476562,41.05979537963867,1.8063663746462086,3.4280277038563787,0,7.766199452966725,0,4.338171749110346,5,1024.09952835827,9.863142013549805,9.863142013549805,31.316165924072266,1024.09952835827,22,187.5,NEP10k_raw_r20250912_daily_mesozoo200_o2_so_no3_chlos_ssh_thetao_uo_vo_vollcello_2019.03.nc,NEP10k_raw_r20250912_daily_mesozoo200_o2_so_no3_chlos_ssh_thetao_uo_vo_vollcello_2019.03.nc
W19,TR,MaD,2,1,2,2019-03-09,2019-03-09T17:39:05Z,-124.35118,41.05853,49.8,74.482,2019,3,78,115,-124.37002563476562,41.05979537963867,1.5863551734057333,3.4280277038563787,0,7.766199452966725,0,4.338171749110346,5,1024.09952835827,9.863142013549805,9.863142013549805,31.316165924072266,1024.09952835827,22,187.5,NEP10k_raw_r20250912_daily_mesozoo200_o2_so_no3_chlos_ssh_thetao_uo_vo_vollcello_2019.03.nc,NEP10k_raw_r20250912_daily_mesozoo200_o2_so_no3_chlos_ssh_thetao_uo_vo_vollcello_2019.03.nc
W19,TR,MaD,2,4,2,2019-03-09,2019-03-09T17:39:05Z,-124.35118,41.05853,49.8,74.482,2019,3,78,115,-124.37002563476562,41.05979537963867,1.5863551734057333,3.4280277038563787,0,7.766199452966725,0,4.338171749110346,5,1024.09952835827,9.863142013549805,9.863142013549805,31.316165924072266,1024.09952835827,22,187.5,NEP10k_raw_r20250912_daily_mesozoo200_o2_so_no3_chlos_ssh_thetao_uo_vo_vollcello_2019.03.nc,NEP10k_raw_r20250912_daily_mesozoo200_o2_so_no3_chlos_ssh_thetao_uo_vo_vollcello_2019.03.nc
W19,TR,MaD,2,1,3,2019-03-09,2019-03-09T17:43:45Z,-124.3535,41.05851,25.7,49.4,2019,3,78,115,-124.37002563476562,41.05979537963867,1.3929360957836021,3.4280277038563787,0,7.766199452966725,0,4.338171749110346,5,1024.09952835827,9.863142013549805,9.863142013549805,31.316165924072266,1024.09952835827,22,187.5,NEP10k_raw_r20250912_daily_mesozoo200_o2_so_no3_chlos_ssh_thetao_uo_vo_vollcello_2019.03.nc,NEP10k_raw_r20250912_daily_mesozoo200_o2_so_no3_chlos_ssh_thetao_uo_vo_vollcello_2019.03.nc
W19,TR,MaD,2,4,3,2019-03-09,2019-03-09T17:43:45Z,-124.3535,41.05851,25.7,49.4,2019,3,78,115,-124.37002563476562,41.05979537963867,1.3929360957836021,3.4280277038563787,0,7.766199452966725,0,4.338171749110346,5,1024.09952835827,9.863142013549805,9.863142013549805,31.316165924072266,1024.09952835827,22,187.5,NEP10k_raw_r20250912_daily_mesozoo200_o2_so_no3_chlos_ssh_thetao_uo_vo_vollcello_2019.03.nc,NEP10k_raw_r20250912_daily_mesozoo200_o2_so_no3_chlos_ssh_thetao_uo_vo_vollcello_2019.03.nc
W19,TR,MaD,2,1,4,2019-03-09,2019-03-09T17:49:49Z,-124.3564,41.05856,0.2,25.2,2019,3,78,115,-124.37002563476562,41.05979537963867,1.1506633531204091,3.4280277038563787,0,7.766199452966725,0,4.338171749110346,5,1024.09952835827,9.863142013549805,9.863142013549805,31.316165924072266,1024.09952835827,22,187.5,NEP10k_raw_r20250912_daily_mesozoo200_o2_so_no3_chlos_ssh_thetao_uo_vo_vollcello_2019.03.nc,NEP10k_raw_r20250912_daily_mesozoo200_o2_so_no3_chlos_ssh_thetao_uo_vo_vollcello_2019.03.nc
W19,TR,MaD,2,4,4,2019-03-09,2019-03-09T17:49:49Z,-124.3564,41.05856,0.2,25.2,2019,3,78,115,-124.37002563476562,41.05979537963867,1.1506633531204091,3.4280277038563787,0,7.766199452966725,0,4.338171749110346,5,1024.09952835827,9.863142013549805,9.863142013549805,31.316165924072266,1024.09952835827,22,187.5,NEP10k_raw_r20250912_daily_mesozoo200_o2_so_no3_chlos_ssh_thetao_uo_vo_vollcello_2019.03.nc,NEP10k_raw_r20250912_daily_mesozoo200_o2_so_no3_chlos_ssh_thetao_uo_vo_vollcello_2019.03.nc
W19,TR,MaD,3,1,0,2019-03-09,2019-03-09T19:21:00Z,-124.43427,41.05866,0,102.825,2019,3,78,115,-124.37002563476562,41.05979537963867,5.388010798877213,3.4280277038563787,0,7.766199452966725,0,4.338171749110346,5,1024.09952835827,9.863142013549805,9.863142013549805,31.316165924072266,1024.09952835827,22,187.5,NEP10k_raw_r20250912_daily_mesozoo200_o2_so_no3_chlos_ssh_thetao_uo_vo_vollcello_2019.03.nc,NEP10k_raw_r20250912_daily_mesozoo200_o2_so_no3_chlos_ssh_thetao_uo_vo_vollcello_2019.03.nc
W19,TR,MaD,3,4,0,2019-03-09,2019-03-09T19:21:00Z,-124.43427,41.05866,0,102.825,2019,3,78,115,-124.37002563476562,41.05979537963867,5.388010798877213,3.4280277038563787,0,7.766199452966725,0,4.338171749110346,5,1024.09952835827,9.863142013549805,9.863142013549805,31.316165924072266,1024.09952835827,22,187.5,NEP10k_raw_r20250912_daily_mesozoo200_o2_so_no3_chlos_ssh_thetao_uo_vo_vollcello_2019.03.nc,NEP10k_raw_r20250912_daily_mesozoo200_o2_so_no3_chlos_ssh_thetao_uo_vo_vollcello_2019.03.nc
W19,TR,MaD,3,1,1,2019-03-09,2019-03-09T19:27:32Z,-124.43741,41.05858,73.9,103.4,2019,3,78,114,-124.47773742675781,41.0206298828125,5.408027091662271,4.137324910751841,0,8.678287900526064,0,4.540962989774223,5,1024.2001104465069,9.877449989318848,9.877449989318848,31.44805908203125,1024.2001104465069,22,187.5,NEP10k_raw_r20250912_daily_mesozoo200_o2_so_no3_chlos_ssh_thetao_uo_vo_vollcello_2019.03.nc,NEP10k_raw_r20250912_daily_mesozoo200_o2_so_no3_chlos_ssh_thetao_uo_vo_vollcello_2019.03.nc
W19,TR,MaD,3,4,1,2019-03-09,2019-03-09T19:27:32Z,-124.43741,41.05858,73.9,103.4,2019,3,78,114,-124.47773742675781,41.0206298828125,5.408027091662271,4.137324910751841,0,8.678287900526064,0,4.540962989774223,5,1024.2001104465069,9.877449989318848,9.877449989318848,31.44805908203125,1024.2001104465069,22,187.5,NEP10k_raw_r20250912_daily_mesozoo200_o2_so_no3_chlos_ssh_thetao_uo_vo_vollcello_2019.03.nc,NEP10k_raw_r20250912_daily_mesozoo200_o2_so_no3_chlos_ssh_thetao_uo_vo_vollcello_2019.03.nc
W19,TR,MaD,3,1,2,2019-03-09,2019-03-09T19:32:40Z,-124.43942,41.05871,50.9,73.3,2019,3,78,114,-124.47773742675781,41.0206298828125,5.315733650976882,4.137324910751841,0,8.678287900526064,0,4.540962989774223,5,1024.2001104465069,9.877449989318848,9.877449989318848,31.44805908203125,1024.2001104465069,22,187.5,NEP10k_raw_r20250912_daily_mesozoo200_o2_so_no3_chlos_ssh_thetao_uo_vo_vollcello_2019.03.nc,NEP10k_raw_r20250912_daily_mesozoo200_o2_so_no3_chlos_ssh_thetao_uo_vo_vollcello_2019.03.nc
W19,TR,MaD,3,4,2,2019-03-09,2019-03-09T19:32:40Z,-124.43942,41.05871,50.9,73.3,2019,3,78,114,-124.47773742675781,41.0206298828125,5.315733650976882,4.137324910751841,0,8.678287900526064,0,4.540962989774223,5,1024.2001104465069,9.877449989318848,9.877449989318848,31.44805908203125,1024.2001104465069,22,187.5,NEP10k_raw_r20250912_daily_mesozoo200_o2_so_no3_chlos_ssh_thetao_uo_vo_vollcello_2019.03.nc,NEP10k_raw_r20250912_daily_mesozoo200_o2_so_no3_chlos_ssh_thetao_uo_vo_vollcello_2019.03.nc
W19,TR,MaD,3,1,3,2019-03-09,2019-03-09T19:36:40Z,-124.44106,41.05873,25.7,50.1,2019,3,78,114,-124.47773742675781,41.0206298828125,5.23552565632634,4.137324910751841,0,8.678287900526064,0,4.540962989774223,5,1024.2001104465069,9.877449989318848,9.877449989318848,31.44805908203125,1024.2001104465069,22,187.5,NEP10k_raw_r20250912_daily_mesozoo200_o2_so_no3_chlos_ssh_thetao_uo_vo_vollcello_2019.03.nc,NEP10k_raw_r20250912_daily_mesozoo200_o2_so_no3_chlos_ssh_thetao_uo_vo_vollcello_2019.03.nc
W19,TR,MaD,3,4,3,2019-03-09,2019-03-09T19:36:40Z,-124.44106,41.05873,25.7,50.1,2019,3,78,114,-124.47773742675781,41.0206298828125,5.23552565632634,4.137324910751841,0,8.678287900526064,0,4.540962989774223,5,1024.2001104465069,9.877449989318848,9.877449989318848,31.44805908203125,1024.2001104465069,22,187.5,NEP10k_raw_r20250912_daily_mesozoo200_o2_so_no3_chlos_ssh_thetao_uo_vo_vollcello_2019.03.nc,NEP10k_raw_r20250912_daily_mesozoo200_o2_so_no3_chlos_ssh_thetao_uo_vo_vollcello_2019.03.nc
W19,TR,MaD,3,1,4,2019-03-09,2019-03-09T19:43:29Z,-124.44374,41.05857,0.4,25.1,2019,3,78,114,-124.47773742675781,41.0206298828125,5.0919550984975315,4.137324910751841,0,8.678287900526064,0,4.540962989774223,5,1024.2001104465069,9.877449989318848,9.877449989318848,31.44805908203125,1024.2001104465069,22,187.5,NEP10k_raw_r20250912_daily_mesozoo200_o2_so_no3_chlos_ssh_thetao_uo_vo_vollcello_2019.03.nc,NEP10k_raw_r20250912_daily_mesozoo200_o2_so_no3_chlos_ssh_thetao_uo_vo_vollcello_2019.03.nc
W19,TR,MaD,3,4,4,2019-03-09,2019-03-09T19:43:29Z,-124.44374,41.05857,0.4,25.1,2019,3,78,114,-124.47773742675781,41.0206298828125,5.0919550984975315,4.137324910751841,0,8.678287900526064,0,4.540962989774223,5,1024.2001104465069,9.877449989318848,9.877449989318848,31.44805908203125,1024.2001104465069,22,187.5,NEP10k_raw_r20250912_daily_mesozoo200_o2_so_no3_chlos_ssh_thetao_uo_vo_vollcello_2019.03.nc,NEP10k_raw_r20250912_daily_mesozoo200_o2_so_no3_chlos_ssh_thetao_uo_vo_vollcello_2019.03.nc
W19,TR,MaD,4,1,0,2019-03-09,2019-03-09T21:31:52Z,-124.58397,41.05826,0.1,102.7,2019,3,79,113,-124.63748168945312,41.06249237060547,4.51119336545329,4.293048754865996,0,9.278633616269175,0,4.985584861403179,5,1024.1200642343426,9.856231689453125,9.856231689453125,31.341054916381836,1024.1200642343426,22,187.5,NEP10k_raw_r20250912_daily_mesozoo200_o2_so_no3_chlos_ssh_thetao_uo_vo_vollcello_2019.03.nc,NEP10k_raw_r20250912_daily_mesozoo200_o2_so_no3_chlos_ssh_thetao_uo_vo_vollcello_2019.03.nc
W19,TR,MaD,4,4,0,2019-03-09,2019-03-09T21:31:52Z,-124.58397,41.05826,0.1,102.7,2019,3,79,113,-124.63748168945312,41.06249237060547,4.51119336545329,4.293048754865996,0,9.278633616269175,0,4.985584861403179,5,1024.1200642343426,9.856231689453125,9.856231689453125,31.341054916381836,1024.1200642343426,22,187.5,NEP10k_raw_r20250912_daily_mesozoo200_o2_so_no3_chlos_ssh_thetao_uo_vo_vollcello_2019.03.nc,NEP10k_raw_r20250912_daily_mesozoo200_o2_so_no3_chlos_ssh_thetao_uo_vo_vollcello_2019.03.nc
W19,TR,MaD,4,1,1,2019-03-09,2019-03-09T21:38:41Z,-124.58655,41.05809,74.4,102.9,2019,3,79,113,-124.63748168945312,41.06249237060547,4.298235421387832,4.293048754865996,0,9.278633616269175,0,4.985584861403179,5,1024.1200642343426,9.856231689453125,9.856231689453125,31.341054916381836,1024.1200642343426,22,187.5,NEP10k_raw_r20250912_daily_mesozoo200_o2_so_no3_chlos_ssh_thetao_uo_vo_vollcello_2019.03.nc,NEP10k_raw_r20250912_daily_mesozoo200_o2_so_no3_chlos_ssh_thetao_uo_vo_vollcello_2019.03.nc
W19,TR,MaD,4,4,1,2019-03-09,2019-03-09T21:38:41Z,-124.58655,41.05809,74.4,102.9,2019,3,79,113,-124.63748168945312,41.06249237060547,4.298235421387832,4.293048754865996,0,9.278633616269175,0,4.985584861403179,5,1024.1200642343426,9.856231689453125,9.856231689453125,31.341054916381836,1024.1200642343426,22,187.5,NEP10k_raw_r20250912_daily_mesozoo200_o2_so_no3_chlos_ssh_thetao_uo_vo_vollcello_2019.03.nc,NEP10k_raw_r20250912_daily_mesozoo200_o2_so_no3_chlos_ssh_thetao_uo_vo_vollcello_2019.03.nc
W19,TR,MaD,4,1,2,2019-03-09,2019-03-09T21:42:25Z,-124.58801,41.05823,50,73.4,2019,3,79,113,-124.63748168945312,41.06249237060547,4.174843969108607,4.293048754865996,0,9.278633616269175,0,4.985584861403179,5,1024.1200642343426,9.856231689453125,9.856231689453125,31.341054916381836,1024.1200642343426,22,187.5,NEP10k_raw_r20250912_daily_mesozoo200_o2_so_no3_chlos_ssh_thetao_uo_vo_vollcello_2019.03.nc,NEP10k_raw_r20250912_daily_mesozoo200_o2_so_no3_chlos_ssh_thetao_uo_vo_vollcello_2019.03.nc
W19,TR,MaD,4,4,2,2019-03-09,2019-03-09T21:42:25Z,-124.58801,41.05823,50,73.4,2019,3,79,113,-124.63748168945312,41.06249237060547,4.174843969108607,4.293048754865996,0,9.278633616269175,0,4.985584861403179,5,1024.1200642343426,9.856231689453125,9.856231689453125,31.341054916381836,1024.1200642343426,22,187.5,NEP10k_raw_r20250912_daily_mesozoo200_o2_so_no3_chlos_ssh_thetao_uo_vo_vollcello_2019.03.nc,NEP10k_raw_r20250912_daily_mesozoo200_o2_so_no3_chlos_ssh_thetao_uo_vo_vollcello_2019.03.nc
W19,TR,MaD,4,1,3,2019-03-09,2019-03-09T21:49:06Z,-124.59033,41.05837,22.1,49.4,2019,3,79,113,-124.63748168945312,41.06249237060547,3.979819838995262,4.293048754865996,0,9.278633616269175,0,4.985584861403179,5,1024.1200642343426,9.856231689453125,9.856231689453125,31.341054916381836,1024.1200642343426,22,187.5,NEP10k_raw_r20250912_daily_mesozoo200_o2_so_no3_chlos_ssh_thetao_uo_vo_vollcello_2019.03.nc,NEP10k_raw_r20250912_daily_mesozoo200_o2_so_no3_chlos_ssh_thetao_uo_vo_vollcello_2019.03.nc
W19,TR,MaD,4,4,3,2019-03-09,2019-03-09T21:49:06Z,-124.59033,41.05837,22.1,49.4,2019,3,79,113,-124.63748168945312,41.06249237060547,3.979819838995262,4.293048754865996,0,9.278633616269175,0,4.985584861403179,5,1024.1200642343426,9.856231689453125,9.856231689453125,31.341054916381836,1024.1200642343426,22,187.5,NEP10k_raw_r20250912_daily_mesozoo200_o2_so_no3_chlos_ssh_thetao_uo_vo_vollcello_2019.03.nc,NEP10k_raw_r20250912_daily_mesozoo200_o2_so_no3_chlos_ssh_thetao_uo_vo_vollcello_2019.03.nc
W19,TR,MaD,4,1,4,2019-03-09,2019-03-09T21:52:46Z,-124.59196,41.05829,1,21.758,2019,3,79,113,-124.63748168945312,41.06249237060547,3.8451708732671053,4.293048754865996,0,9.278633616269175,0,4.985584861403179,5,1024.1200642343426,9.856231689453125,9.856231689453125,31.341054916381836,1024.1200642343426,22,187.5,NEP10k_raw_r20250912_daily_mesozoo200_o2_so_no3_chlos_ssh_thetao_uo_vo_vollcello_2019.03.nc,NEP10k_raw_r20250912_daily_mesozoo200_o2_so_no3_chlos_ssh_thetao_uo_vo_vollcello_2019.03.nc
W19,TR,MaD,4,4,4,2019-03-09,2019-03-09T21:52:46Z,-124.59196,41.05829,1,21.758,2019,3,79,113,-124.63748168945312,41.06249237060547,3.8451708732671053,4.293048754865996,0,9.278633616269175,0,4.985584861403179,5,1024.1200642343426,9.856231689453125,9.856231689453125,31.341054916381836,1024.1200642343426,22,187.5,NEP10k_raw_r20250912_daily_mesozoo200_o2_so_no3_chlos_ssh_thetao_uo_vo_vollcello_2019.03.nc,NEP10k_raw_r20250912_daily_mesozoo200_o2_so_no3_chlos_ssh_thetao_uo_vo_vollcello_2019.03.nc
W19,TR,MaD,5,1,0,2019-03-09,2019-03-10T00:02:00Z,-124.75311,41.05782,0.2,102.1,2019,3,79,112,-124.74502563476562,41.02303695678711,3.926678236742706,7.747508613568215,0,11.237207559870344,0,3.489698946302129,5,1024.2072801500465,9.870843887329102,9.870843887329102,31.455875396728516,1024.2072801500465,22,187.5,NEP10k_raw_r20250912_daily_mesozoo200_o2_so_no3_chlos_ssh_thetao_uo_vo_vollcello_2019.03.nc,NEP10k_raw_r20250912_daily_mesozoo200_o2_so_no3_chlos_ssh_thetao_uo_vo_vollcello_2019.03.nc
W19,TR,MaD,5,4,0,2019-03-09,2019-03-10T00:02:00Z,-124.75311,41.05782,0.2,102.1,2019,3,79,112,-124.74502563476562,41.02303695678711,3.926678236742706,7.747508613568215,0,11.237207559870344,0,3.489698946302129,5,1024.2072801500465,9.870843887329102,9.870843887329102,31.455875396728516,1024.2072801500465,22,187.5,NEP10k_raw_r20250912_daily_mesozoo200_o2_so_no3_chlos_ssh_thetao_uo_vo_vollcello_2019.03.nc,NEP10k_raw_r20250912_daily_mesozoo200_o2_so_no3_chlos_ssh_thetao_uo_vo_vollcello_2019.03.nc
W19,TR,MaD,5,1,1,2019-03-09,2019-03-10T00:09:08Z,-124.75608,41.05769,75.2,101.934,2019,3,79,112,-124.74502563476562,41.02303695678711,3.963207824735915,7.747508613568215,0,11.237207559870344,0,3.489698946302129,5,1024.2072801500465,9.870843887329102,9.870843887329102,31.455875396728516,1024.2072801500465,22,187.5,NEP10k_raw_r20250912_daily_mesozoo200_o2_so_no3_chlos_ssh_thetao_uo_vo_vollcello_2019.03.nc,NEP10k_raw_r20250912_daily_mesozoo200_o2_so_no3_chlos_ssh_thetao_uo_vo_vollcello_2019.03.nc
W19,TR,MaD,5,4,1,2019-03-09,2019-03-10T00:09:08Z,-124.75608,41.05769,75.2,101.934,2019,3,79,112,-124.74502563476562,41.02303695678711,3.963207824735915,7.747508613568215,0,11.237207559870344,0,3.489698946302129,5,1024.2072801500465,9.870843887329102,9.870843887329102,31.455875396728516,1024.2072801500465,22,187.5,NEP10k_raw_r20250912_daily_mesozoo200_o2_so_no3_chlos_ssh_thetao_uo_vo_vollcello_2019.03.nc,NEP10k_raw_r20250912_daily_mesozoo200_o2_so_no3_chlos_ssh_thetao_uo_vo_vollcello_2019.03.nc
W19,TR,MaD,5,1,2,2019-03-09,2019-03-10T00:14:00Z,-124.75831,41.05771,54.4,74.6,2019,3,79,112,-124.74502563476562,41.02303695678711,4.013219130937298,7.747508613568215,0,11.237207559870344,0,3.489698946302129,5,1024.2072801500465,9.870843887329102,9.870843887329102,31.455875396728516,1024.2072801500465,22,187.5,NEP10k_raw_r20250912_daily_mesozoo200_o2_so_no3_chlos_ssh_thetao_uo_vo_vollcello_2019.03.nc,NEP10k_raw_r20250912_daily_mesozoo200_o2_so_no3_chlos_ssh_thetao_uo_vo_vollcello_2019.03.nc
W19,TR,MaD,5,4,2,2019-03-09,2019-03-10T00:14:00Z,-124.75831,41.05771,54.4,74.6,2019,3,79,112,-124.74502563476562,41.02303695678711,4.013219130937298,7.747508613568215,0,11.237207559870344,0,3.489698946302129,5,1024.2072801500465,9.870843887329102,9.870843887329102,31.455875396728516,1024.2072801500465,22,187.5,NEP10k_raw_r20250912_daily_mesozoo200_o2_so_no3_chlos_ssh_thetao_uo_vo_vollcello_2019.03.nc,NEP10k_raw_r20250912_daily_mesozoo200_o2_so_no3_chlos_ssh_thetao_uo_vo_vollcello_2019.03.nc
W19,TR,MaD,5,1,3,2019-03-09,2019-03-10T00:17:48Z,-124.75996,41.05771,25.9,53.8,2019,3,79,112,-124.74502563476562,41.02303695678711,4.053817127804778,7.747508613568215,0,11.237207559870344,0,3.489698946302129,5,1024.2072801500465,9.870843887329102,9.870843887329102,31.455875396728516,1024.2072801500465,22,187.5,NEP10k_raw_r20250912_daily_mesozoo200_o2_so_no3_chlos_ssh_thetao_uo_vo_vollcello_2019.03.nc,NEP10k_raw_r20250912_daily_mesozoo200_o2_so_no3_chlos_ssh_thetao_uo_vo_vollcello_2019.03.nc
W19,TR,MaD,5,4,3,2019-03-09,2019-03-10T00:17:48Z,-124.75996,41.05771,25.9,53.8,2019,3,79,112,-124.74502563476562,41.02303695678711,4.053817127804778,7.747508613568215,0,11.237207559870344,0,3.489698946302129,5,1024.2072801500465,9.870843887329102,9.870843887329102,31.455875396728516,1024.2072801500465,22,187.5,NEP10k_raw_r20250912_daily_mesozoo200_o2_so_no3_chlos_ssh_thetao_uo_vo_vollcello_2019.03.nc,NEP10k_raw_r20250912_daily_mesozoo200_o2_so_no3_chlos_ssh_thetao_uo_vo_vollcello_2019.03.nc
W19,TR,MaD,5,1,4,2019-03-09,2019-03-10T00:23:13Z,-124.76232,41.05772,0.709,25.8,2019,3,79,112,-124.74502563476562,41.02303695678711,4.120316333245298,7.747508613568215,0,11.237207559870344,0,3.489698946302129,5,1024.2072801500465,9.870843887329102,9.870843887329102,31.455875396728516,1024.2072801500465,22,187.5,NEP10k_raw_r20250912_daily_mesozoo200_o2_so_no3_chlos_ssh_thetao_uo_vo_vollcello_2019.03.nc,NEP10k_raw_r20250912_daily_mesozoo200_o2_so_no3_chlos_ssh_thetao_uo_vo_vollcello_2019.03.nc
W19,TR,MaD,5,4,4,2019-03-09,2019-03-10T00:23:13Z,-124.76232,41.05772,0.709,25.8,2019,3,79,112,-124.74502563476562,41.02303695678711,4.120316333245298,7.747508613568215,0,11.237207559870344,0,3.489698946302129,5,1024.2072801500465,9.870843887329102,9.870843887329102,31.455875396728516,1024.2072801500465,22,187.5,NEP10k_raw_r20250912_daily_mesozoo200_o2_so_no3_chlos_ssh_thetao_uo_vo_vollcello_2019.03.nc,NEP10k_raw_r20250912_daily_mesozoo200_o2_so_no3_chlos_ssh_thetao_uo_vo_vollcello_2019.03.nc
W19,TR,MaN,5,1,0,2019-03-09,2019-03-10T03:52:39Z,-124.75568,41.0593,0.2,102.649,2019,3,79,112,-124.74502563476562,41.02303695678711,4.1300861721299,7.747508613568215,0,11.237207559870344,0,3.489698946302129,5,1024.2072801500465,9.870843887329102,9.870843887329102,31.455875396728516,1024.2072801500465,22,187.5,NEP10k_raw_r20250912_daily_mesozoo200_o2_so_no3_chlos_ssh_thetao_uo_vo_vollcello_2019.03.nc,NEP10k_raw_r20250912_daily_mesozoo200_o2_so_no3_chlos_ssh_thetao_uo_vo_vollcello_2019.03.nc
W19,TR,MaN,5,4,0,2019-03-09,2019-03-10T03:52:39Z,-124.75568,41.0593,0.2,102.649,2019,3,79,112,-124.74502563476562,41.02303695678711,4.1300861721299,7.747508613568215,0,11.237207559870344,0,3.489698946302129,5,1024.2072801500465,9.870843887329102,9.870843887329102,31.455875396728516,1024.2072801500465,22,187.5,NEP10k_raw_r20250912_daily_mesozoo200_o2_so_no3_chlos_ssh_thetao_uo_vo_vollcello_2019.03.nc,NEP10k_raw_r20250912_daily_mesozoo200_o2_so_no3_chlos_ssh_thetao_uo_vo_vollcello_2019.03.nc
W19,TR,MaN,5,1,1,2019-03-09,2019-03-10T03:58:56Z,-124.75448,41.05905,75.7,102.4,2019,3,79,112,-124.74502563476562,41.02303695678711,4.082214535132351,7.747508613568215,0,11.237207559870344,0,3.489698946302129,5,1024.2072801500465,9.870843887329102,9.870843887329102,31.455875396728516,1024.2072801500465,22,187.5,NEP10k_raw_r20250912_daily_mesozoo200_o2_so_no3_chlos_ssh_thetao_uo_vo_vollcello_2019.03.nc,NEP10k_raw_r20250912_daily_mesozoo200_o2_so_no3_chlos_ssh_thetao_uo_vo_vollcello_2019.03.nc
W19,TR,MaN,5,4,1,2019-03-09,2019-03-10T03:58:56Z,-124.75448,41.05905,75.7,102.4,2019,3,79,112,-124.74502563476562,41.02303695678711,4.082214535132351,7.747508613568215,0,11.237207559870344,0,3.489698946302129,5,1024.2072801500465,9.870843887329102,9.870843887329102,31.455875396728516,1024.2072801500465,22,187.5,NEP10k_raw_r20250912_daily_mesozoo200_o2_so_no3_chlos_ssh_thetao_uo_vo_vollcello_2019.03.nc,NEP10k_raw_r20250912_daily_mesozoo200_o2_so_no3_chlos_ssh_thetao_uo_vo_vollcello_2019.03.nc
W19,TR,MaN,5,1,2,2019-03-09,2019-03-10T04:03:01Z,-124.75357,41.0588,48.855,76.249,2019,3,79,112,-124.74502563476562,41.02303695678711,4.0407186128383525,7.747508613568215,0,11.237207559870344,0,3.489698946302129,5,1024.2072801500465,9.870843887329102,9.870843887329102,31.455875396728516,1024.2072801500465,22,187.5,NEP10k_raw_r20250912_daily_mesozoo200_o2_so_no3_chlos_ssh_thetao_uo_vo_vollcello_2019.03.nc,NEP10k_raw_r20250912_daily_mesozoo200_o2_so_no3_chlos_ssh_thetao_uo_vo_vollcello_2019.03.nc
W19,TR,MaN,5,4,2,2019-03-09,2019-03-10T04:03:01Z,-124.75357,41.0588,48.855,76.249,2019,3,79,112,-124.74502563476562,41.02303695678711,4.0407186128383525,7.747508613568215,0,11.237207559870344,0,3.489698946302129,5,1024.2072801500465,9.870843887329102,9.870843887329102,31.455875396728516,1024.2072801500465,22,187.5,NEP10k_raw_r20250912_daily_mesozoo200_o2_so_no3_chlos_ssh_thetao_uo_vo_vollcello_2019.03.nc,NEP10k_raw_r20250912_daily_mesozoo200_o2_so_no3_chlos_ssh_thetao_uo_vo_vollcello_2019.03.nc
W19,TR,MaN,5,1,3,2019-03-09,2019-03-10T04:05:57Z,-124.75241,41.05863,25.943,47.757,2019,3,79,112,-124.74502563476562,41.02303695678711,4.005927653492458,7.747508613568215,0,11.237207559870344,0,3.489698946302129,5,1024.2072801500465,9.870843887329102,9.870843887329102,31.455875396728516,1024.2072801500465,22,187.5,NEP10k_raw_r20250912_daily_mesozoo200_o2_so_no3_chlos_ssh_thetao_uo_vo_vollcello_2019.03.nc,NEP10k_raw_r20250912_daily_mesozoo200_o2_so_no3_chlos_ssh_thetao_uo_vo_vollcello_2019.03.nc
W19,TR,MaN,5,4,3,2019-03-09,2019-03-10T04:05:57Z,-124.75241,41.05863,25.943,47.757,2019,3,79,112,-124.74502563476562,41.02303695678711,4.005927653492458,7.747508613568215,0,11.237207559870344,0,3.489698946302129,5,1024.2072801500465,9.870843887329102,9.870843887329102,31.455875396728516,1024.2072801500465,22,187.5,NEP10k_raw_r20250912_daily_mesozoo200_o2_so_no3_chlos_ssh_thetao_uo_vo_vollcello_2019.03.nc,NEP10k_raw_r20250912_daily_mesozoo200_o2_so_no3_chlos_ssh_thetao_uo_vo_vollcello_2019.03.nc
W19,TR,MaN,5,1,4,2019-03-09,2019-03-10T04:08:49Z,-124.75101,41.05853,1.8,25,2019,3,79,112,-124.74502563476562,41.02303695678711,3.978431498812464,7.747508613568215,0,11.237207559870344,0,3.489698946302129,5,1024.2072801500465,9.870843887329102,9.870843887329102,31.455875396728516,1024.2072801500465,22,187.5,NEP10k_raw_r20250912_daily_mesozoo200_o2_so_no3_chlos_ssh_thetao_uo_vo_vollcello_2019.03.nc,NEP10k_raw_r20250912_daily_mesozoo200_o2_so_no3_chlos_ssh_thetao_uo_vo_vollcello_2019.03.nc
W19,TR,MaN,5,4,4,2019-03-09,2019-03-10T04:08:49Z,-124.75101,41.05853,1.8,25,2019,3,79,112,-124.74502563476562,41.02303695678711,3.978431498812464,7.747508613568215,0,11.237207559870344,0,3.489698946302129,5,1024.2072801500465,9.870843887329102,9.870843887329102,31.455875396728516,1024.2072801500465,22,187.5,NEP10k_raw_r20250912_daily_mesozoo200_o2_so_no3_chlos_ssh_thetao_uo_vo_vollcello_2019.03.nc,NEP10k_raw_r20250912_daily_mesozoo200_o2_so_no3_chlos_ssh_thetao_uo_vo_vollcello_2019.03.nc
W19,TR,MaN,4,1,0,2019-03-09,2019-03-10T05:50:02Z,-124.58517,41.06067,0.2,97.36,2019,3,79,113,-124.63748168945312,41.06249237060547,4.39056501584145,4.293048754865996,0,9.278633616269175,0,4.985584861403179,5,1024.1200642343426,9.856231689453125,9.856231689453125,31.341054916381836,1024.1200642343426,22,187.5,NEP10k_raw_r20250912_daily_mesozoo200_o2_so_no3_chlos_ssh_thetao_uo_vo_vollcello_2019.03.nc,NEP10k_raw_r20250912_daily_mesozoo200_o2_so_no3_chlos_ssh_thetao_uo_vo_vollcello_2019.03.nc
W19,TR,MaN,4,4,0,2019-03-09,2019-03-10T05:50:02Z,-124.58517,41.06067,0.2,97.36,2019,3,79,113,-124.63748168945312,41.06249237060547,4.39056501584145,4.293048754865996,0,9.278633616269175,0,4.985584861403179,5,1024.1200642343426,9.856231689453125,9.856231689453125,31.341054916381836,1024.1200642343426,22,187.5,NEP10k_raw_r20250912_daily_mesozoo200_o2_so_no3_chlos_ssh_thetao_uo_vo_vollcello_2019.03.nc,NEP10k_raw_r20250912_daily_mesozoo200_o2_so_no3_chlos_ssh_thetao_uo_vo_vollcello_2019.03.nc
W19,TR,MaN,4,1,1,2019-03-09,2019-03-10T05:56:35Z,-124.58242,41.06043,69.289,99.4,2019,3,79,113,-124.63748168945312,41.06249237060547,4.6221510623127084,4.293048754865996,0,9.278633616269175,0,4.985584861403179,5,1024.1200642343426,9.856231689453125,9.856231689453125,31.341054916381836,1024.1200642343426,22,187.5,NEP10k_raw_r20250912_daily_mesozoo200_o2_so_no3_chlos_ssh_thetao_uo_vo_vollcello_2019.03.nc,NEP10k_raw_r20250912_daily_mesozoo200_o2_so_no3_chlos_ssh_thetao_uo_vo_vollcello_2019.03.nc
W19,TR,MaN,4,4,1,2019-03-09,2019-03-10T05:56:35Z,-124.58242,41.06043,69.289,99.4,2019,3,79,113,-124.63748168945312,41.06249237060547,4.6221510623127084,4.293048754865996,0,9.278633616269175,0,4.985584861403179,5,1024.1200642343426,9.856231689453125,9.856231689453125,31.341054916381836,1024.1200642343426,22,187.5,NEP10k_raw_r20250912_daily_mesozoo200_o2_so_no3_chlos_ssh_thetao_uo_vo_vollcello_2019.03.nc,NEP10k_raw_r20250912_daily_mesozoo200_o2_so_no3_chlos_ssh_thetao_uo_vo_vollcello_2019.03.nc
W19,TR,MaN,4,1,2,2019-03-09,2019-03-10T05:59:37Z,-124.57999,41.06051,50.651,68.4,2019,3,79,113,-124.63748168945312,41.06249237060547,4.825228268398709,4.293048754865996,0,9.278633616269175,0,4.985584861403179,5,1024.1200642343426,9.856231689453125,9.856231689453125,31.341054916381836,1024.1200642343426,22,187.5,NEP10k_raw_r20250912_daily_mesozoo200_o2_so_no3_chlos_ssh_thetao_uo_vo_vollcello_2019.03.nc,NEP10k_raw_r20250912_daily_mesozoo200_o2_so_no3_chlos_ssh_thetao_uo_vo_vollcello_2019.03.nc
W19,TR,MaN,4,4,2,2019-03-09,2019-03-10T05:59:37Z,-124.57999,41.06051,50.651,68.4,2019,3,79,113,-124.63748168945312,41.06249237060547,4.825228268398709,4.293048754865996,0,9.278633616269175,0,4.985584861403179,5,1024.1200642343426,9.856231689453125,9.856231689453125,31.341054916381836,1024.1200642343426,22,187.5,NEP10k_raw_r20250912_daily_mesozoo200_o2_so_no3_chlos_ssh_thetao_uo_vo_vollcello_2019.03.nc,NEP10k_raw_r20250912_daily_mesozoo200_o2_so_no3_chlos_ssh_thetao_uo_vo_vollcello_2019.03.nc
W19,TR,MaN,4,1,3,2019-03-09,2019-03-10T06:05:53Z,-124.57562,41.06066,25.2,50.5,2019,3,79,113,-124.63748168945312,41.06249237060547,5.190572789118991,4.293048754865996,0,9.278633616269175,0,4.985584861403179,5,1024.1200642343426,9.856231689453125,9.856231689453125,31.341054916381836,1024.1200642343426,22,187.5,NEP10k_raw_r20250912_daily_mesozoo200_o2_so_no3_chlos_ssh_thetao_uo_vo_vollcello_2019.03.nc,NEP10k_raw_r20250912_daily_mesozoo200_o2_so_no3_chlos_ssh_thetao_uo_vo_vollcello_2019.03.nc
W19,TR,MaN,4,4,3,2019-03-09,2019-03-10T06:05:53Z,-124.57562,41.06066,25.2,50.5,2019,3,79,113,-124.63748168945312,41.06249237060547,5.190572789118991,4.293048754865996,0,9.278633616269175,0,4.985584861403179,5,1024.1200642343426,9.856231689453125,9.856231689453125,31.341054916381836,1024.1200642343426,22,187.5,NEP10k_raw_r20250912_daily_mesozoo200_o2_so_no3_chlos_ssh_thetao_uo_vo_vollcello_2019.03.nc,NEP10k_raw_r20250912_daily_mesozoo200_o2_so_no3_chlos_ssh_thetao_uo_vo_vollcello_2019.03.nc
W19,TR,MaN,4,1,4,2019-03-09,2019-03-10T06:12:48Z,-124.57128,41.06081,0.8,24.8,2019,3,79,113,-124.63748168945312,41.06249237060547,5.553589302505264,4.293048754865996,0,9.278633616269175,0,4.985584861403179,5,1024.1200642343426,9.856231689453125,9.856231689453125,31.341054916381836,1024.1200642343426,22,187.5,NEP10k_raw_r20250912_daily_mesozoo200_o2_so_no3_chlos_ssh_thetao_uo_vo_vollcello_2019.03.nc,NEP10k_raw_r20250912_daily_mesozoo200_o2_so_no3_chlos_ssh_thetao_uo_vo_vollcello_2019.03.nc
W19,TR,MaN,4,4,4,2019-03-09,2019-03-10T06:12:48Z,-124.57128,41.06081,0.8,24.8,2019,3,79,113,-124.63748168945312,41.06249237060547,5.553589302505264,4.293048754865996,0,9.278633616269175,0,4.985584861403179,5,1024.1200642343426,9.856231689453125,9.856231689453125,31.341054916381836,1024.1200642343426,22,187.5,NEP10k_raw_r20250912_daily_mesozoo200_o2_so_no3_chlos_ssh_thetao_uo_vo_vollcello_2019.03.nc,NEP10k_raw_r20250912_daily_mesozoo200_o2_so_no3_chlos_ssh_thetao_uo_vo_vollcello_2019.03.nc
W19,TR,MaN,3,1,0,2019-03-09,2019-03-10T07:55:35Z,-124.42959,41.05779,0.4,101.7,2019,3,78,115,-124.37002563476562,41.05979537963867,4.999148359833421,3.4280277038563787,0,7.766199452966725,0,4.338171749110346,5,1024.09952835827,9.863142013549805,9.863142013549805,31.316165924072266,1024.09952835827,22,187.5,NEP10k_raw_r20250912_daily_mesozoo200_o2_so_no3_chlos_ssh_thetao_uo_vo_vollcello_2019.03.nc,NEP10k_raw_r20250912_daily_mesozoo200_o2_so_no3_chlos_ssh_thetao_uo_vo_vollcello_2019.03.nc
W19,TR,MaN,3,4,0,2019-03-09,2019-03-10T07:55:35Z,-124.42959,41.05779,0.4,101.7,2019,3,78,115,-124.37002563476562,41.05979537963867,4.999148359833421,3.4280277038563787,0,7.766199452966725,0,4.338171749110346,5,1024.09952835827,9.863142013549805,9.863142013549805,31.316165924072266,1024.09952835827,22,187.5,NEP10k_raw_r20250912_daily_mesozoo200_o2_so_no3_chlos_ssh_thetao_uo_vo_vollcello_2019.03.nc,NEP10k_raw_r20250912_daily_mesozoo200_o2_so_no3_chlos_ssh_thetao_uo_vo_vollcello_2019.03.nc
W19,TR,MaN,3,1,1,2019-03-10,2019-03-10T08:03:38Z,-124.42488,41.05809,75.9,100.3,2019,3,78,115,-124.37002563476562,41.05979537963867,4.603159968973587,3.2500691702114466,0,7.0928132172328615,0,3.842744047021415,5,1024.0297360894892,9.849453926086426,9.849453926086426,31.223873138427734,1024.0297360894892,22,187.5,NEP10k_raw_r20250912_daily_mesozoo200_o2_so_no3_chlos_ssh_thetao_uo_vo_vollcello_2019.03.nc,NEP10k_raw_r20250912_daily_mesozoo200_o2_so_no3_chlos_ssh_thetao_uo_vo_vollcello_2019.03.nc
W19,TR,MaN,3,4,1,2019-03-10,2019-03-10T08:03:38Z,-124.42488,41.05809,75.9,100.3,2019,3,78,115,-124.37002563476562,41.05979537963867,4.603159968973587,3.2500691702114466,0,7.0928132172328615,0,3.842744047021415,5,1024.0297360894892,9.849453926086426,9.849453926086426,31.223873138427734,1024.0297360894892,22,187.5,NEP10k_raw_r20250912_daily_mesozoo200_o2_so_no3_chlos_ssh_thetao_uo_vo_vollcello_2019.03.nc,NEP10k_raw_r20250912_daily_mesozoo200_o2_so_no3_chlos_ssh_thetao_uo_vo_vollcello_2019.03.nc
W19,TR,MaN,3,1,2,2019-03-10,2019-03-10T08:07:37Z,-124.42247,41.0582,51.4,76,2019,3,78,115,-124.37002563476562,41.05979537963867,4.4007597512206935,3.2500691702114466,0,7.0928132172328615,0,3.842744047021415,5,1024.0297360894892,9.849453926086426,9.849453926086426,31.223873138427734,1024.0297360894892,22,187.5,NEP10k_raw_r20250912_daily_mesozoo200_o2_so_no3_chlos_ssh_thetao_uo_vo_vollcello_2019.03.nc,NEP10k_raw_r20250912_daily_mesozoo200_o2_so_no3_chlos_ssh_thetao_uo_vo_vollcello_2019.03.nc
W19,TR,MaN,3,4,2,2019-03-10,2019-03-10T08:07:37Z,-124.42247,41.0582,51.4,76,2019,3,78,115,-124.37002563476562,41.05979537963867,4.4007597512206935,3.2500691702114466,0,7.0928132172328615,0,3.842744047021415,5,1024.0297360894892,9.849453926086426,9.849453926086426,31.223873138427734,1024.0297360894892,22,187.5,NEP10k_raw_r20250912_daily_mesozoo200_o2_so_no3_chlos_ssh_thetao_uo_vo_vollcello_2019.03.nc,NEP10k_raw_r20250912_daily_mesozoo200_o2_so_no3_chlos_ssh_thetao_uo_vo_vollcello_2019.03.nc
W19,TR,MaN,3,1,3,2019-03-10,2019-03-10T08:12:56Z,-124.41931,41.05828,24.771,51.129,2019,3,78,115,-124.37002563476562,41.05979537963867,4.135665106871108,3.2500691702114466,0,7.0928132172328615,0,3.842744047021415,5,1024.0297360894892,9.849453926086426,9.849453926086426,31.223873138427734,1024.0297360894892,22,187.5,NEP10k_raw_r20250912_daily_mesozoo200_o2_so_no3_chlos_ssh_thetao_uo_vo_vollcello_2019.03.nc,NEP10k_raw_r20250912_daily_mesozoo200_o2_so_no3_chlos_ssh_thetao_uo_vo_vollcello_2019.03.nc
W19,TR,MaN,3,4,3,2019-03-10,2019-03-10T08:12:56Z,-124.41931,41.05828,24.771,51.129,2019,3,78,115,-124.37002563476562,41.05979537963867,4.135665106871108,3.2500691702114466,0,7.0928132172328615,0,3.842744047021415,5,1024.0297360894892,9.849453926086426,9.849453926086426,31.223873138427734,1024.0297360894892,22,187.5,NEP10k_raw_r20250912_daily_mesozoo200_o2_so_no3_chlos_ssh_thetao_uo_vo_vollcello_2019.03.nc,NEP10k_raw_r20250912_daily_mesozoo200_o2_so_no3_chlos_ssh_thetao_uo_vo_vollcello_2019.03.nc
W19,TR,MaN,3,1,4,2019-03-10,2019-03-10T08:17:42Z,-124.41648,41.05833,1.5,24.9,2019,3,78,115,-124.37002563476562,41.05979537963867,3.8983559139656023,3.2500691702114466,0,7.0928132172328615,0,3.842744047021415,5,1024.0297360894892,9.849453926086426,9.849453926086426,31.223873138427734,1024.0297360894892,22,187.5,NEP10k_raw_r20250912_daily_mesozoo200_o2_so_no3_chlos_ssh_thetao_uo_vo_vollcello_2019.03.nc,NEP10k_raw_r20250912_daily_mesozoo200_o2_so_no3_chlos_ssh_thetao_uo_vo_vollcello_2019.03.nc
W19,TR,MaN,3,4,4,2019-03-10,2019-03-10T08:17:42Z,-124.41648,41.05833,1.5,24.9,2019,3,78,115,-124.37002563476562,41.05979537963867,3.8983559139656023,3.2500691702114466,0,7.0928132172328615,0,3.842744047021415,5,1024.0297360894892,9.849453926086426,9.849453926086426,31.223873138427734,1024.0297360894892,22,187.5,NEP10k_raw_r20250912_daily_mesozoo200_o2_so_no3_chlos_ssh_thetao_uo_vo_vollcello_2019.03.nc,NEP10k_raw_r20250912_daily_mesozoo200_o2_so_no3_chlos_ssh_thetao_uo_vo_vollcello_2019.03.nc
W19,TR,MaN,2,1,0,2019-03-10,2019-03-10T10:19:18Z,-124.33958,41.05802,0.3,103.033,2019,3,78,115,-124.37002563476562,41.05979537963867,2.5603311117452736,3.2500691702114466,0,7.0928132172328615,0,3.842744047021415,5,1024.0297360894892,9.849453926086426,9.849453926086426,31.223873138427734,1024.0297360894892,22,187.5,NEP10k_raw_r20250912_daily_mesozoo200_o2_so_no3_chlos_ssh_thetao_uo_vo_vollcello_2019.03.nc,NEP10k_raw_r20250912_daily_mesozoo200_o2_so_no3_chlos_ssh_thetao_uo_vo_vollcello_2019.03.nc
W19,TR,MaN,2,4,0,2019-03-10,2019-03-10T10:19:18Z,-124.33958,41.05802,0.3,103.033,2019,3,78,115,-124.37002563476562,41.05979537963867,2.5603311117452736,3.2500691702114466,0,7.0928132172328615,0,3.842744047021415,5,1024.0297360894892,9.849453926086426,9.849453926086426,31.223873138427734,1024.0297360894892,22,187.5,NEP10k_raw_r20250912_daily_mesozoo200_o2_so_no3_chlos_ssh_thetao_uo_vo_vollcello_2019.03.nc,NEP10k_raw_r20250912_daily_mesozoo200_o2_so_no3_chlos_ssh_thetao_uo_vo_vollcello_2019.03.nc
W19,TR,MaN,2,1,1,2019-03-10,2019-03-10T10:27:24Z,-124.33507,41.05802,73.382,103.009,2019,3,78,115,-124.37002563476562,41.05979537963867,2.937490266989641,3.2500691702114466,0,7.0928132172328615,0,3.842744047021415,5,1024.0297360894892,9.849453926086426,9.849453926086426,31.223873138427734,1024.0297360894892,22,187.5,NEP10k_raw_r20250912_daily_mesozoo200_o2_so_no3_chlos_ssh_thetao_uo_vo_vollcello_2019.03.nc,NEP10k_raw_r20250912_daily_mesozoo200_o2_so_no3_chlos_ssh_thetao_uo_vo_vollcello_2019.03.nc
W19,TR,MaN,2,4,1,2019-03-10,2019-03-10T10:27:24Z,-124.33507,41.05802,73.382,103.009,2019,3,78,115,-124.37002563476562,41.05979537963867,2.937490266989641,3.2500691702114466,0,7.0928132172328615,0,3.842744047021415,5,1024.0297360894892,9.849453926086426,9.849453926086426,31.223873138427734,1024.0297360894892,22,187.5,NEP10k_raw_r20250912_daily_mesozoo200_o2_so_no3_chlos_ssh_thetao_uo_vo_vollcello_2019.03.nc,NEP10k_raw_r20250912_daily_mesozoo200_o2_so_no3_chlos_ssh_thetao_uo_vo_vollcello_2019.03.nc
W19,TR,MaN,2,1,2,2019-03-10,2019-03-10T10:32:20Z,-124.33241,41.05805,48.563,71.937,2019,3,78,115,-124.37002563476562,41.05979537963867,3.15984147643561,3.2500691702114466,0,7.0928132172328615,0,3.842744047021415,5,1024.0297360894892,9.849453926086426,9.849453926086426,31.223873138427734,1024.0297360894892,22,187.5,NEP10k_raw_r20250912_daily_mesozoo200_o2_so_no3_chlos_ssh_thetao_uo_vo_vollcello_2019.03.nc,NEP10k_raw_r20250912_daily_mesozoo200_o2_so_no3_chlos_ssh_thetao_uo_vo_vollcello_2019.03.nc
W19,TR,MaN,2,4,2,2019-03-10,2019-03-10T10:32:20Z,-124.33241,41.05805,48.563,71.937,2019,3,78,115,-124.37002563476562,41.05979537963867,3.15984147643561,3.2500691702114466,0,7.0928132172328615,0,3.842744047021415,5,1024.0297360894892,9.849453926086426,9.849453926086426,31.223873138427734,1024.0297360894892,22,187.5,NEP10k_raw_r20250912_daily_mesozoo200_o2_so_no3_chlos_ssh_thetao_uo_vo_vollcello_2019.03.nc,NEP10k_raw_r20250912_daily_mesozoo200_o2_so_no3_chlos_ssh_thetao_uo_vo_vollcello_2019.03.nc
W19,TR,MaN,2,1,3,2019-03-10,2019-03-10T10:35:22Z,-124.3304,41.05812,25.4,48.1,2019,3,78,115,-124.37002563476562,41.05979537963867,3.327620860099129,3.2500691702114466,0,7.0928132172328615,0,3.842744047021415,5,1024.0297360894892,9.849453926086426,9.849453926086426,31.223873138427734,1024.0297360894892,22,187.5,NEP10k_raw_r20250912_daily_mesozoo200_o2_so_no3_chlos_ssh_thetao_uo_vo_vollcello_2019.03.nc,NEP10k_raw_r20250912_daily_mesozoo200_o2_so_no3_chlos_ssh_thetao_uo_vo_vollcello_2019.03.nc
W19,TR,MaN,2,4,3,2019-03-10,2019-03-10T10:35:22Z,-124.3304,41.05812,25.4,48.1,2019,3,78,115,-124.37002563476562,41.05979537963867,3.327620860099129,3.2500691702114466,0,7.0928132172328615,0,3.842744047021415,5,1024.0297360894892,9.849453926086426,9.849453926086426,31.223873138427734,1024.0297360894892,22,187.5,NEP10k_raw_r20250912_daily_mesozoo200_o2_so_no3_chlos_ssh_thetao_uo_vo_vollcello_2019.03.nc,NEP10k_raw_r20250912_daily_mesozoo200_o2_so_no3_chlos_ssh_thetao_uo_vo_vollcello_2019.03.nc
W19,TR,MaN,2,1,4,2019-03-10,2019-03-10T10:42:28Z,-124.32625,41.05823,0,24.4,2019,3,78,115,-124.37002563476562,41.05979537963867,3.6744797584384545,3.2500691702114466,0,7.0928132172328615,0,3.842744047021415,5,1024.0297360894892,9.849453926086426,9.849453926086426,31.223873138427734,1024.0297360894892,22,187.5,NEP10k_raw_r20250912_daily_mesozoo200_o2_so_no3_chlos_ssh_thetao_uo_vo_vollcello_2019.03.nc,NEP10k_raw_r20250912_daily_mesozoo200_o2_so_no3_chlos_ssh_thetao_uo_vo_vollcello_2019.03.nc
W19,TR,MaN,2,4,4,2019-03-10,2019-03-10T10:42:28Z,-124.32625,41.05823,0,24.4,2019,3,78,115,-124.37002563476562,41.05979537963867,3.6744797584384545,3.2500691702114466,0,7.0928132172328615,0,3.842744047021415,5,1024.0297360894892,9.849453926086426,9.849453926086426,31.223873138427734,1024.0297360894892,22,187.5,NEP10k_raw_r20250912_daily_mesozoo200_o2_so_no3_chlos_ssh_thetao_uo_vo_vollcello_2019.03.nc,NEP10k_raw_r20250912_daily_mesozoo200_o2_so_no3_chlos_ssh_thetao_uo_vo_vollcello_2019.03.nc
W19,TR,MaN,1,1,0,2019-03-10,2019-03-10T11:33:43Z,-124.2868,41.05831,0.3,51.4,2019,3,78,116,-124.26214599609375,41.09885025024414,4.958959915357806,2.8041923745098445,0,4.471003813902605,0,1.6668114393927609,5,1023.8494560244135,9.856649398803711,9.856649398803711,30.99427032470703,1023.8494560244135,13,75,NEP10k_raw_r20250912_daily_mesozoo200_o2_so_no3_chlos_ssh_thetao_uo_vo_vollcello_2019.03.nc,NEP10k_raw_r20250912_daily_mesozoo200_o2_so_no3_chlos_ssh_thetao_uo_vo_vollcello_2019.03.nc
W19,TR,MaN,1,4,0,2019-03-10,2019-03-10T11:33:43Z,-124.2868,41.05831,0.3,51.4,2019,3,78,116,-124.26214599609375,41.09885025024414,4.958959915357806,2.8041923745098445,0,4.471003813902605,0,1.6668114393927609,5,1023.8494560244135,9.856649398803711,9.856649398803711,30.99427032470703,1023.8494560244135,13,75,NEP10k_raw_r20250912_daily_mesozoo200_o2_so_no3_chlos_ssh_thetao_uo_vo_vollcello_2019.03.nc,NEP10k_raw_r20250912_daily_mesozoo200_o2_so_no3_chlos_ssh_thetao_uo_vo_vollcello_2019.03.nc
W19,TR,MaN,1,1,3,2019-03-10,2019-03-10T11:39:40Z,-124.28345,41.05822,21.937,51.226,2019,3,78,116,-124.26214599609375,41.09885025024414,4.857976305854406,2.8041923745098445,0,4.471003813902605,0,1.6668114393927609,5,1023.8494560244135,9.856649398803711,9.856649398803711,30.99427032470703,1023.8494560244135,13,75,NEP10k_raw_r20250912_daily_mesozoo200_o2_so_no3_chlos_ssh_thetao_uo_vo_vollcello_2019.03.nc,NEP10k_raw_r20250912_daily_mesozoo200_o2_so_no3_chlos_ssh_thetao_uo_vo_vollcello_2019.03.nc
W19,TR,MaN,1,4,3,2019-03-10,2019-03-10T11:39:40Z,-124.28345,41.05822,21.937,51.226,2019,3,78,116,-124.26214599609375,41.09885025024414,4.857976305854406,2.8041923745098445,0,4.471003813902605,0,1.6668114393927609,5,1023.8494560244135,9.856649398803711,9.856649398803711,30.99427032470703,1023.8494560244135,13,75,NEP10k_raw_r20250912_daily_mesozoo200_o2_so_no3_chlos_ssh_thetao_uo_vo_vollcello_2019.03.nc,NEP10k_raw_r20250912_daily_mesozoo200_o2_so_no3_chlos_ssh_thetao_uo_vo_vollcello_2019.03.nc
W19,TR,MaN,1,1,4,2019-03-10,2019-03-10T11:45:49Z,-124.27983,41.05823,0.2,21.1,2019,3,78,116,-124.26214599609375,41.09885025024414,4.753766484072921,2.8041923745098445,0,4.471003813902605,0,1.6668114393927609,5,1023.8494560244135,9.856649398803711,9.856649398803711,30.99427032470703,1023.8494560244135,13,75,NEP10k_raw_r20250912_daily_mesozoo200_o2_so_no3_chlos_ssh_thetao_uo_vo_vollcello_2019.03.nc,NEP10k_raw_r20250912_daily_mesozoo200_o2_so_no3_chlos_ssh_thetao_uo_vo_vollcello_2019.03.nc
W19,TR,MaN,1,4,4,2019-03-10,2019-03-10T11:45:49Z,-124.27983,41.05823,0.2,21.1,2019,3,78,116,-124.26214599609375,41.09885025024414,4.753766484072921,2.8041923745098445,0,4.471003813902605,0,1.6668114393927609,5,1023.8494560244135,9.856649398803711,9.856649398803711,30.99427032470703,1023.8494560244135,13,75,NEP10k_raw_r20250912_daily_mesozoo200_o2_so_no3_chlos_ssh_thetao_uo_vo_vollcello_2019.03.nc,NEP10k_raw_r20250912_daily_mesozoo200_o2_so_no3_chlos_ssh_thetao_uo_vo_vollcello_2019.03.nc
W19,TR,MbD,1,1,0,2019-03-11,2019-03-11T15:56:20Z,-124.2687,41.05781,0.2,51.7,2019,3,78,116,-124.26214599609375,41.09885025024414,4.596414884705384,2.7423052548233007,0,4.758110087001464,0,2.0158048321781634,5,1023.8351238749254,10.064946174621582,10.064946174621582,31.019195556640625,1023.8351238749254,13,75,NEP10k_raw_r20250912_daily_mesozoo200_o2_so_no3_chlos_ssh_thetao_uo_vo_vollcello_2019.03.nc,NEP10k_raw_r20250912_daily_mesozoo200_o2_so_no3_chlos_ssh_thetao_uo_vo_vollcello_2019.03.nc
W19,TR,MbD,1,4,0,2019-03-11,2019-03-11T15:56:20Z,-124.2687,41.05781,0.2,51.7,2019,3,78,116,-124.26214599609375,41.09885025024414,4.596414884705384,2.7423052548233007,0,4.758110087001464,0,2.0158048321781634,5,1023.8351238749254,10.064946174621582,10.064946174621582,31.019195556640625,1023.8351238749254,13,75,NEP10k_raw_r20250912_daily_mesozoo200_o2_so_no3_chlos_ssh_thetao_uo_vo_vollcello_2019.03.nc,NEP10k_raw_r20250912_daily_mesozoo200_o2_so_no3_chlos_ssh_thetao_uo_vo_vollcello_2019.03.nc
W19,TR,MbD,1,1,3,2019-03-11,2019-03-11T16:02:24Z,-124.27176,41.0581,26.2,51.5,2019,3,78,116,-124.26214599609375,41.09885025024414,4.602320074743498,2.7423052548233007,0,4.758110087001464,0,2.0158048321781634,5,1023.8351238749254,10.064946174621582,10.064946174621582,31.019195556640625,1023.8351238749254,13,75,NEP10k_raw_r20250912_daily_mesozoo200_o2_so_no3_chlos_ssh_thetao_uo_vo_vollcello_2019.03.nc,NEP10k_raw_r20250912_daily_mesozoo200_o2_so_no3_chlos_ssh_thetao_uo_vo_vollcello_2019.03.nc
W19,TR,MbD,1,4,3,2019-03-11,2019-03-11T16:02:24Z,-124.27176,41.0581,26.2,51.5,2019,3,78,116,-124.26214599609375,41.09885025024414,4.602320074743498,2.7423052548233007,0,4.758110087001464,0,2.0158048321781634,5,1023.8351238749254,10.064946174621582,10.064946174621582,31.019195556640625,1023.8351238749254,13,75,NEP10k_raw_r20250912_daily_mesozoo200_o2_so_no3_chlos_ssh_thetao_uo_vo_vollcello_2019.03.nc,NEP10k_raw_r20250912_daily_mesozoo200_o2_so_no3_chlos_ssh_thetao_uo_vo_vollcello_2019.03.nc
W19,TR,MbD,1,1,4,2019-03-11,2019-03-11T16:07:55Z,-124.27461,41.05828,0.3,26.5,2019,3,78,116,-124.26214599609375,41.09885025024414,4.630598231115093,2.7423052548233007,0,4.758110087001464,0,2.0158048321781634,5,1023.8351238749254,10.064946174621582,10.064946174621582,31.019195556640625,1023.8351238749254,13,75,NEP10k_raw_r20250912_daily_mesozoo200_o2_so_no3_chlos_ssh_thetao_uo_vo_vollcello_2019.03.nc,NEP10k_raw_r20250912_daily_mesozoo200_o2_so_no3_chlos_ssh_thetao_uo_vo_vollcello_2019.03.nc
W19,TR,MbD,1,4,4,2019-03-11,2019-03-11T16:07:55Z,-124.27461,41.05828,0.3,26.5,2019,3,78,116,-124.26214599609375,41.09885025024414,4.630598231115093,2.7423052548233007,0,4.758110087001464,0,2.0158048321781634,5,1023.8351238749254,10.064946174621582,10.064946174621582,31.019195556640625,1023.8351238749254,13,75,NEP10k_raw_r20250912_daily_mesozoo200_o2_so_no3_chlos_ssh_thetao_uo_vo_vollcello_2019.03.nc,NEP10k_raw_r20250912_daily_mesozoo200_o2_so_no3_chlos_ssh_thetao_uo_vo_vollcello_2019.03.nc
W19,TR,MbD,2,1,0,2019-03-11,2019-03-11T17:15:24Z,-124.34459,41.05795,0.2,101.4,2019,3,78,115,-124.37002563476562,41.05979537963867,2.142496548155704,2.9465156438044753,0,6.844430127485385,0,3.8979144836809096,5,1023.9432044485735,10.026142120361328,10.026142120361328,31.14969253540039,1023.9432044485735,22,187.5,NEP10k_raw_r20250912_daily_mesozoo200_o2_so_no3_chlos_ssh_thetao_uo_vo_vollcello_2019.03.nc,NEP10k_raw_r20250912_daily_mesozoo200_o2_so_no3_chlos_ssh_thetao_uo_vo_vollcello_2019.03.nc
W19,TR,MbD,2,4,0,2019-03-11,2019-03-11T17:15:24Z,-124.34459,41.05795,0.2,101.4,2019,3,78,115,-124.37002563476562,41.05979537963867,2.142496548155704,2.9465156438044753,0,6.844430127485385,0,3.8979144836809096,5,1023.9432044485735,10.026142120361328,10.026142120361328,31.14969253540039,1023.9432044485735,22,187.5,NEP10k_raw_r20250912_daily_mesozoo200_o2_so_no3_chlos_ssh_thetao_uo_vo_vollcello_2019.03.nc,NEP10k_raw_r20250912_daily_mesozoo200_o2_so_no3_chlos_ssh_thetao_uo_vo_vollcello_2019.03.nc
W19,TR,MbD,2,1,1,2019-03-11,2019-03-11T17:24:03Z,-124.34979,41.05809,73.907,100.6,2019,3,78,115,-124.37002563476562,41.05979537963867,1.7072166998518468,2.9465156438044753,0,6.844430127485385,0,3.8979144836809096,5,1023.9432044485735,10.026142120361328,10.026142120361328,31.14969253540039,1023.9432044485735,22,187.5,NEP10k_raw_r20250912_daily_mesozoo200_o2_so_no3_chlos_ssh_thetao_uo_vo_vollcello_2019.03.nc,NEP10k_raw_r20250912_daily_mesozoo200_o2_so_no3_chlos_ssh_thetao_uo_vo_vollcello_2019.03.nc
W19,TR,MbD,2,4,1,2019-03-11,2019-03-11T17:24:03Z,-124.34979,41.05809,73.907,100.6,2019,3,78,115,-124.37002563476562,41.05979537963867,1.7072166998518468,2.9465156438044753,0,6.844430127485385,0,3.8979144836809096,5,1023.9432044485735,10.026142120361328,10.026142120361328,31.14969253540039,1023.9432044485735,22,187.5,NEP10k_raw_r20250912_daily_mesozoo200_o2_so_no3_chlos_ssh_thetao_uo_vo_vollcello_2019.03.nc,NEP10k_raw_r20250912_daily_mesozoo200_o2_so_no3_chlos_ssh_thetao_uo_vo_vollcello_2019.03.nc
W19,TR,MbD,2,1,2,2019-03-11,2019-03-11T17:29:57Z,-124.35303,41.05809,51,73.4,2019,3,78,115,-124.37002563476562,41.05979537963867,1.437557329955147,2.9465156438044753,0,6.844430127485385,0,3.8979144836809096,5,1023.9432044485735,10.026142120361328,10.026142120361328,31.14969253540039,1023.9432044485735,22,187.5,NEP10k_raw_r20250912_daily_mesozoo200_o2_so_no3_chlos_ssh_thetao_uo_vo_vollcello_2019.03.nc,NEP10k_raw_r20250912_daily_mesozoo200_o2_so_no3_chlos_ssh_thetao_uo_vo_vollcello_2019.03.nc
W19,TR,MbD,2,4,2,2019-03-11,2019-03-11T17:29:57Z,-124.35303,41.05809,51,73.4,2019,3,78,115,-124.37002563476562,41.05979537963867,1.437557329955147,2.9465156438044753,0,6.844430127485385,0,3.8979144836809096,5,1023.9432044485735,10.026142120361328,10.026142120361328,31.14969253540039,1023.9432044485735,22,187.5,NEP10k_raw_r20250912_daily_mesozoo200_o2_so_no3_chlos_ssh_thetao_uo_vo_vollcello_2019.03.nc,NEP10k_raw_r20250912_daily_mesozoo200_o2_so_no3_chlos_ssh_thetao_uo_vo_vollcello_2019.03.nc
W19,TR,MbD,2,1,3,2019-03-11,2019-03-11T17:33:41Z,-124.35517,41.05807,24.727,50.873,2019,3,78,115,-124.37002563476562,41.05979537963867,1.2602565658360647,2.9465156438044753,0,6.844430127485385,0,3.8979144836809096,5,1023.9432044485735,10.026142120361328,10.026142120361328,31.14969253540039,1023.9432044485735,22,187.5,NEP10k_raw_r20250912_daily_mesozoo200_o2_so_no3_chlos_ssh_thetao_uo_vo_vollcello_2019.03.nc,NEP10k_raw_r20250912_daily_mesozoo200_o2_so_no3_chlos_ssh_thetao_uo_vo_vollcello_2019.03.nc
W19,TR,MbD,2,4,3,2019-03-11,2019-03-11T17:33:41Z,-124.35517,41.05807,24.727,50.873,2019,3,78,115,-124.37002563476562,41.05979537963867,1.2602565658360647,2.9465156438044753,0,6.844430127485385,0,3.8979144836809096,5,1023.9432044485735,10.026142120361328,10.026142120361328,31.14969253540039,1023.9432044485735,22,187.5,NEP10k_raw_r20250912_daily_mesozoo200_o2_so_no3_chlos_ssh_thetao_uo_vo_vollcello_2019.03.nc,NEP10k_raw_r20250912_daily_mesozoo200_o2_so_no3_chlos_ssh_thetao_uo_vo_vollcello_2019.03.nc
W19,TR,MbD,2,1,4,2019-03-11,2019-03-11T17:39:45Z,-124.35825,41.05791,0.2,24.4,2019,3,78,115,-124.37002563476562,41.05979537963867,1.0093390460895,2.9465156438044753,0,6.844430127485385,0,3.8979144836809096,5,1023.9432044485735,10.026142120361328,10.026142120361328,31.14969253540039,1023.9432044485735,22,187.5,NEP10k_raw_r20250912_daily_mesozoo200_o2_so_no3_chlos_ssh_thetao_uo_vo_vollcello_2019.03.nc,NEP10k_raw_r20250912_daily_mesozoo200_o2_so_no3_chlos_ssh_thetao_uo_vo_vollcello_2019.03.nc
W19,TR,MbD,2,4,4,2019-03-11,2019-03-11T17:39:45Z,-124.35825,41.05791,0.2,24.4,2019,3,78,115,-124.37002563476562,41.05979537963867,1.0093390460895,2.9465156438044753,0,6.844430127485385,0,3.8979144836809096,5,1023.9432044485735,10.026142120361328,10.026142120361328,31.14969253540039,1023.9432044485735,22,187.5,NEP10k_raw_r20250912_daily_mesozoo200_o2_so_no3_chlos_ssh_thetao_uo_vo_vollcello_2019.03.nc,NEP10k_raw_r20250912_daily_mesozoo200_o2_so_no3_chlos_ssh_thetao_uo_vo_vollcello_2019.03.nc
W19,TR,MbD,3,1,0,2019-03-11,2019-03-11T19:01:48Z,-124.43658,41.05822,0.161,102.7,2019,3,78,114,-124.47773742675781,41.0206298828125,5.4209144126441275,3.215999379509296,0,7.960245701971147,0,4.7442463224618505,5,1024.0802418548126,9.983748435974121,9.983748435974121,31.316553115844727,1024.0802418548126,22,187.5,NEP10k_raw_r20250912_daily_mesozoo200_o2_so_no3_chlos_ssh_thetao_uo_vo_vollcello_2019.03.nc,NEP10k_raw_r20250912_daily_mesozoo200_o2_so_no3_chlos_ssh_thetao_uo_vo_vollcello_2019.03.nc
W19,TR,MbD,3,4,0,2019-03-11,2019-03-11T19:01:48Z,-124.43658,41.05822,0.161,102.7,2019,3,78,114,-124.47773742675781,41.0206298828125,5.4209144126441275,3.215999379509296,0,7.960245701971147,0,4.7442463224618505,5,1024.0802418548126,9.983748435974121,9.983748435974121,31.316553115844727,1024.0802418548126,22,187.5,NEP10k_raw_r20250912_daily_mesozoo200_o2_so_no3_chlos_ssh_thetao_uo_vo_vollcello_2019.03.nc,NEP10k_raw_r20250912_daily_mesozoo200_o2_so_no3_chlos_ssh_thetao_uo_vo_vollcello_2019.03.nc
W19,TR,MbD,3,1,1,2019-03-11,2019-03-11T19:09:50Z,-124.44098,41.05823,72.483,102.217,2019,3,78,114,-124.47773742675781,41.0206298828125,5.194625502881566,3.215999379509296,0,7.960245701971147,0,4.7442463224618505,5,1024.0802418548126,9.983748435974121,9.983748435974121,31.316553115844727,1024.0802418548126,22,187.5,NEP10k_raw_r20250912_daily_mesozoo200_o2_so_no3_chlos_ssh_thetao_uo_vo_vollcello_2019.03.nc,NEP10k_raw_r20250912_daily_mesozoo200_o2_so_no3_chlos_ssh_thetao_uo_vo_vollcello_2019.03.nc
W19,TR,MbD,3,4,1,2019-03-11,2019-03-11T19:09:50Z,-124.44098,41.05823,72.483,102.217,2019,3,78,114,-124.47773742675781,41.0206298828125,5.194625502881566,3.215999379509296,0,7.960245701971147,0,4.7442463224618505,5,1024.0802418548126,9.983748435974121,9.983748435974121,31.316553115844727,1024.0802418548126,22,187.5,NEP10k_raw_r20250912_daily_mesozoo200_o2_so_no3_chlos_ssh_thetao_uo_vo_vollcello_2019.03.nc,NEP10k_raw_r20250912_daily_mesozoo200_o2_so_no3_chlos_ssh_thetao_uo_vo_vollcello_2019.03.nc
W19,TR,MbD,3,1,2,2019-03-11,2019-03-11T19:14:42Z,-124.44361,41.05815,50.3,71.4,2019,3,78,114,-124.47773742675781,41.0206298828125,5.059494900877309,3.215999379509296,0,7.960245701971147,0,4.7442463224618505,5,1024.0802418548126,9.983748435974121,9.983748435974121,31.316553115844727,1024.0802418548126,22,187.5,NEP10k_raw_r20250912_daily_mesozoo200_o2_so_no3_chlos_ssh_thetao_uo_vo_vollcello_2019.03.nc,NEP10k_raw_r20250912_daily_mesozoo200_o2_so_no3_chlos_ssh_thetao_uo_vo_vollcello_2019.03.nc
W19,TR,MbD,3,4,2,2019-03-11,2019-03-11T19:14:42Z,-124.44361,41.05815,50.3,71.4,2019,3,78,114,-124.47773742675781,41.0206298828125,5.059494900877309,3.215999379509296,0,7.960245701971147,0,4.7442463224618505,5,1024.0802418548126,9.983748435974121,9.983748435974121,31.316553115844727,1024.0802418548126,22,187.5,NEP10k_raw_r20250912_daily_mesozoo200_o2_so_no3_chlos_ssh_thetao_uo_vo_vollcello_2019.03.nc,NEP10k_raw_r20250912_daily_mesozoo200_o2_so_no3_chlos_ssh_thetao_uo_vo_vollcello_2019.03.nc
W19,TR,MbD,3,1,3,2019-03-11,2019-03-11T19:18:12Z,-124.44548,41.05832,25.061,50.939,2019,3,78,114,-124.47773742675781,41.0206298828125,4.988320604300235,3.215999379509296,0,7.960245701971147,0,4.7442463224618505,5,1024.0802418548126,9.983748435974121,9.983748435974121,31.316553115844727,1024.0802418548126,22,187.5,NEP10k_raw_r20250912_daily_mesozoo200_o2_so_no3_chlos_ssh_thetao_uo_vo_vollcello_2019.03.nc,NEP10k_raw_r20250912_daily_mesozoo200_o2_so_no3_chlos_ssh_thetao_uo_vo_vollcello_2019.03.nc
W19,TR,MbD,3,4,3,2019-03-11,2019-03-11T19:18:12Z,-124.44548,41.05832,25.061,50.939,2019,3,78,114,-124.47773742675781,41.0206298828125,4.988320604300235,3.215999379509296,0,7.960245701971147,0,4.7442463224618505,5,1024.0802418548126,9.983748435974121,9.983748435974121,31.316553115844727,1024.0802418548126,22,187.5,NEP10k_raw_r20250912_daily_mesozoo200_o2_so_no3_chlos_ssh_thetao_uo_vo_vollcello_2019.03.nc,NEP10k_raw_r20250912_daily_mesozoo200_o2_so_no3_chlos_ssh_thetao_uo_vo_vollcello_2019.03.nc
W19,TR,MbD,3,1,4,2019-03-11,2019-03-11T19:24:33Z,-124.44895,41.05851,0.2,24.3,2019,3,78,114,-124.47773742675781,41.0206298828125,4.854982202833141,3.215999379509296,0,7.960245701971147,0,4.7442463224618505,5,1024.0802418548126,9.983748435974121,9.983748435974121,31.316553115844727,1024.0802418548126,22,187.5,NEP10k_raw_r20250912_daily_mesozoo200_o2_so_no3_chlos_ssh_thetao_uo_vo_vollcello_2019.03.nc,NEP10k_raw_r20250912_daily_mesozoo200_o2_so_no3_chlos_ssh_thetao_uo_vo_vollcello_2019.03.nc
W19,TR,MbD,3,4,4,2019-03-11,2019-03-11T19:24:33Z,-124.44895,41.05851,0.2,24.3,2019,3,78,114,-124.47773742675781,41.0206298828125,4.854982202833141,3.215999379509296,0,7.960245701971147,0,4.7442463224618505,5,1024.0802418548126,9.983748435974121,9.983748435974121,31.316553115844727,1024.0802418548126,22,187.5,NEP10k_raw_r20250912_daily_mesozoo200_o2_so_no3_chlos_ssh_thetao_uo_vo_vollcello_2019.03.nc,NEP10k_raw_r20250912_daily_mesozoo200_o2_so_no3_chlos_ssh_thetao_uo_vo_vollcello_2019.03.nc
W19,TR,MbD,4,1,0,2019-03-11,2019-03-11T21:02:43Z,-124.58646,41.05834,0.2,101.8,2019,3,79,113,-124.63748168945312,41.06249237060547,4.3026523897901665,3.374949928555922,0,8.561417664355558,0,5.186467735799636,5,1024.0265896471567,9.920546531677246,9.920546531677246,31.234586715698242,1024.0265896471567,22,187.5,NEP10k_raw_r20250912_daily_mesozoo200_o2_so_no3_chlos_ssh_thetao_uo_vo_vollcello_2019.03.nc,NEP10k_raw_r20250912_daily_mesozoo200_o2_so_no3_chlos_ssh_thetao_uo_vo_vollcello_2019.03.nc
W19,TR,MbD,4,4,0,2019-03-11,2019-03-11T21:02:43Z,-124.58646,41.05834,0.2,101.8,2019,3,79,113,-124.63748168945312,41.06249237060547,4.3026523897901665,3.374949928555922,0,8.561417664355558,0,5.186467735799636,5,1024.0265896471567,9.920546531677246,9.920546531677246,31.234586715698242,1024.0265896471567,22,187.5,NEP10k_raw_r20250912_daily_mesozoo200_o2_so_no3_chlos_ssh_thetao_uo_vo_vollcello_2019.03.nc,NEP10k_raw_r20250912_daily_mesozoo200_o2_so_no3_chlos_ssh_thetao_uo_vo_vollcello_2019.03.nc
W19,TR,MbD,4,1,1,2019-03-11,2019-03-11T21:11:36Z,-124.59207,41.05798,75.558,102.2,2019,3,79,113,-124.63748168945312,41.06249237060547,3.840376968342555,3.374949928555922,0,8.561417664355558,0,5.186467735799636,5,1024.0265896471567,9.920546531677246,9.920546531677246,31.234586715698242,1024.0265896471567,22,187.5,NEP10k_raw_r20250912_daily_mesozoo200_o2_so_no3_chlos_ssh_thetao_uo_vo_vollcello_2019.03.nc,NEP10k_raw_r20250912_daily_mesozoo200_o2_so_no3_chlos_ssh_thetao_uo_vo_vollcello_2019.03.nc
W19,TR,MbD,4,4,1,2019-03-11,2019-03-11T21:11:36Z,-124.59207,41.05798,75.558,102.2,2019,3,79,113,-124.63748168945312,41.06249237060547,3.840376968342555,3.374949928555922,0,8.561417664355558,0,5.186467735799636,5,1024.0265896471567,9.920546531677246,9.920546531677246,31.234586715698242,1024.0265896471567,22,187.5,NEP10k_raw_r20250912_daily_mesozoo200_o2_so_no3_chlos_ssh_thetao_uo_vo_vollcello_2019.03.nc,NEP10k_raw_r20250912_daily_mesozoo200_o2_so_no3_chlos_ssh_thetao_uo_vo_vollcello_2019.03.nc
W19,TR,MbD,4,1,2,2019-03-11,2019-03-11T21:16:26Z,-124.59468,41.05807,51.1,75.1,2019,3,79,113,-124.63748168945312,41.06249237060547,3.6221603148446246,3.374949928555922,0,8.561417664355558,0,5.186467735799636,5,1024.0265896471567,9.920546531677246,9.920546531677246,31.234586715698242,1024.0265896471567,22,187.5,NEP10k_raw_r20250912_daily_mesozoo200_o2_so_no3_chlos_ssh_thetao_uo_vo_vollcello_2019.03.nc,NEP10k_raw_r20250912_daily_mesozoo200_o2_so_no3_chlos_ssh_thetao_uo_vo_vollcello_2019.03.nc
W19,TR,MbD,4,4,2,2019-03-11,2019-03-11T21:16:26Z,-124.59468,41.05807,51.1,75.1,2019,3,79,113,-124.63748168945312,41.06249237060547,3.6221603148446246,3.374949928555922,0,8.561417664355558,0,5.186467735799636,5,1024.0265896471567,9.920546531677246,9.920546531677246,31.234586715698242,1024.0265896471567,22,187.5,NEP10k_raw_r20250912_daily_mesozoo200_o2_so_no3_chlos_ssh_thetao_uo_vo_vollcello_2019.03.nc,NEP10k_raw_r20250912_daily_mesozoo200_o2_so_no3_chlos_ssh_thetao_uo_vo_vollcello_2019.03.nc
W19,TR,MbD,4,1,3,2019-03-11,2019-03-11T21:21:18Z,-124.59732,41.05823,24.6,50.6,2019,3,79,113,-124.63748168945312,41.06249237060547,3.4004671768466657,3.374949928555922,0,8.561417664355558,0,5.186467735799636,5,1024.0265896471567,9.920546531677246,9.920546531677246,31.234586715698242,1024.0265896471567,22,187.5,NEP10k_raw_r20250912_daily_mesozoo200_o2_so_no3_chlos_ssh_thetao_uo_vo_vollcello_2019.03.nc,NEP10k_raw_r20250912_daily_mesozoo200_o2_so_no3_chlos_ssh_thetao_uo_vo_vollcello_2019.03.nc
W19,TR,MbD,4,4,3,2019-03-11,2019-03-11T21:21:18Z,-124.59732,41.05823,24.6,50.6,2019,3,79,113,-124.63748168945312,41.06249237060547,3.4004671768466657,3.374949928555922,0,8.561417664355558,0,5.186467735799636,5,1024.0265896471567,9.920546531677246,9.920546531677246,31.234586715698242,1024.0265896471567,22,187.5,NEP10k_raw_r20250912_daily_mesozoo200_o2_so_no3_chlos_ssh_thetao_uo_vo_vollcello_2019.03.nc,NEP10k_raw_r20250912_daily_mesozoo200_o2_so_no3_chlos_ssh_thetao_uo_vo_vollcello_2019.03.nc
W19,TR,MbD,4,1,4,2019-03-11,2019-03-11T21:26:43Z,-124.60016,41.05822,1.8,23.698,2019,3,79,113,-124.63748168945312,41.06249237060547,3.1650183020535727,3.374949928555922,0,8.561417664355558,0,5.186467735799636,5,1024.0265896471567,9.920546531677246,9.920546531677246,31.234586715698242,1024.0265896471567,22,187.5,NEP10k_raw_r20250912_daily_mesozoo200_o2_so_no3_chlos_ssh_thetao_uo_vo_vollcello_2019.03.nc,NEP10k_raw_r20250912_daily_mesozoo200_o2_so_no3_chlos_ssh_thetao_uo_vo_vollcello_2019.03.nc
W19,TR,MbD,4,4,4,2019-03-11,2019-03-11T21:26:43Z,-124.60016,41.05822,1.8,23.698,2019,3,79,113,-124.63748168945312,41.06249237060547,3.1650183020535727,3.374949928555922,0,8.561417664355558,0,5.186467735799636,5,1024.0265896471567,9.920546531677246,9.920546531677246,31.234586715698242,1024.0265896471567,22,187.5,NEP10k_raw_r20250912_daily_mesozoo200_o2_so_no3_chlos_ssh_thetao_uo_vo_vollcello_2019.03.nc,NEP10k_raw_r20250912_daily_mesozoo200_o2_so_no3_chlos_ssh_thetao_uo_vo_vollcello_2019.03.nc
W19,TR,MbD,5,1,0,2019-03-11,2019-03-11T23:27:13Z,-124.75053,41.05783,0.1,100.7,2019,3,79,112,-124.74502563476562,41.02303695678711,3.8962550500784974,5.778346353027278,0,10.910472343339604,0,5.132125990312327,5,1024.1897003736224,9.935403823852539,9.935403823852539,31.446788787841797,1024.1897003736224,22,187.5,NEP10k_raw_r20250912_daily_mesozoo200_o2_so_no3_chlos_ssh_thetao_uo_vo_vollcello_2019.03.nc,NEP10k_raw_r20250912_daily_mesozoo200_o2_so_no3_chlos_ssh_thetao_uo_vo_vollcello_2019.03.nc
W19,TR,MbD,5,4,0,2019-03-11,2019-03-11T23:27:13Z,-124.75053,41.05783,0.1,100.7,2019,3,79,112,-124.74502563476562,41.02303695678711,3.8962550500784974,5.778346353027278,0,10.910472343339604,0,5.132125990312327,5,1024.1897003736224,9.935403823852539,9.935403823852539,31.446788787841797,1024.1897003736224,22,187.5,NEP10k_raw_r20250912_daily_mesozoo200_o2_so_no3_chlos_ssh_thetao_uo_vo_vollcello_2019.03.nc,NEP10k_raw_r20250912_daily_mesozoo200_o2_so_no3_chlos_ssh_thetao_uo_vo_vollcello_2019.03.nc
W19,TR,MbD,5,1,1,2019-03-11,2019-03-11T23:34:18Z,-124.75405,41.05732,74.3,102.218,2019,3,79,112,-124.74502563476562,41.02303695678711,3.8865086806795133,5.778346353027278,0,10.910472343339604,0,5.132125990312327,5,1024.1897003736224,9.935403823852539,9.935403823852539,31.446788787841797,1024.1897003736224,22,187.5,NEP10k_raw_r20250912_daily_mesozoo200_o2_so_no3_chlos_ssh_thetao_uo_vo_vollcello_2019.03.nc,NEP10k_raw_r20250912_daily_mesozoo200_o2_so_no3_chlos_ssh_thetao_uo_vo_vollcello_2019.03.nc
W19,TR,MbD,5,4,1,2019-03-11,2019-03-11T23:34:18Z,-124.75405,41.05732,74.3,102.218,2019,3,79,112,-124.74502563476562,41.02303695678711,3.8865086806795133,5.778346353027278,0,10.910472343339604,0,5.132125990312327,5,1024.1897003736224,9.935403823852539,9.935403823852539,31.446788787841797,1024.1897003736224,22,187.5,NEP10k_raw_r20250912_daily_mesozoo200_o2_so_no3_chlos_ssh_thetao_uo_vo_vollcello_2019.03.nc,NEP10k_raw_r20250912_daily_mesozoo200_o2_so_no3_chlos_ssh_thetao_uo_vo_vollcello_2019.03.nc
W19,TR,MbD,5,1,2,2019-03-11,2019-03-11T23:40:29Z,-124.75685,41.05678,50.027,73.473,2019,3,79,112,-124.74502563476562,41.02303695678711,3.8808998397920336,5.778346353027278,0,10.910472343339604,0,5.132125990312327,5,1024.1897003736224,9.935403823852539,9.935403823852539,31.446788787841797,1024.1897003736224,22,187.5,NEP10k_raw_r20250912_daily_mesozoo200_o2_so_no3_chlos_ssh_thetao_uo_vo_vollcello_2019.03.nc,NEP10k_raw_r20250912_daily_mesozoo200_o2_so_no3_chlos_ssh_thetao_uo_vo_vollcello_2019.03.nc
W19,TR,MbD,5,4,2,2019-03-11,2019-03-11T23:40:29Z,-124.75685,41.05678,50.027,73.473,2019,3,79,112,-124.74502563476562,41.02303695678711,3.8808998397920336,5.778346353027278,0,10.910472343339604,0,5.132125990312327,5,1024.1897003736224,9.935403823852539,9.935403823852539,31.446788787841797,1024.1897003736224,22,187.5,NEP10k_raw_r20250912_daily_mesozoo200_o2_so_no3_chlos_ssh_thetao_uo_vo_vollcello_2019.03.nc,NEP10k_raw_r20250912_daily_mesozoo200_o2_so_no3_chlos_ssh_thetao_uo_vo_vollcello_2019.03.nc
W19,TR,MbD,5,1,3,2019-03-11,2019-03-11T23:44:53Z,-124.75886,41.05638,25.4,49.5,2019,3,79,112,-124.74502563476562,41.02303695678711,3.884890617055598,5.778346353027278,0,10.910472343339604,0,5.132125990312327,5,1024.1897003736224,9.935403823852539,9.935403823852539,31.446788787841797,1024.1897003736224,22,187.5,NEP10k_raw_r20250912_daily_mesozoo200_o2_so_no3_chlos_ssh_thetao_uo_vo_vollcello_2019.03.nc,NEP10k_raw_r20250912_daily_mesozoo200_o2_so_no3_chlos_ssh_thetao_uo_vo_vollcello_2019.03.nc
W19,TR,MbD,5,4,3,2019-03-11,2019-03-11T23:44:53Z,-124.75886,41.05638,25.4,49.5,2019,3,79,112,-124.74502563476562,41.02303695678711,3.884890617055598,5.778346353027278,0,10.910472343339604,0,5.132125990312327,5,1024.1897003736224,9.935403823852539,9.935403823852539,31.446788787841797,1024.1897003736224,22,187.5,NEP10k_raw_r20250912_daily_mesozoo200_o2_so_no3_chlos_ssh_thetao_uo_vo_vollcello_2019.03.nc,NEP10k_raw_r20250912_daily_mesozoo200_o2_so_no3_chlos_ssh_thetao_uo_vo_vollcello_2019.03.nc
W19,TR,MbD,5,1,4,2019-03-11,2019-03-11T23:48:42Z,-124.76052,41.05599,1.316,24.7,2019,3,79,112,-124.74502563476562,41.02303695678711,3.8878217540550075,5.778346353027278,0,10.910472343339604,0,5.132125990312327,5,1024.1897003736224,9.935403823852539,9.935403823852539,31.446788787841797,1024.1897003736224,22,187.5,NEP10k_raw_r20250912_daily_mesozoo200_o2_so_no3_chlos_ssh_thetao_uo_vo_vollcello_2019.03.nc,NEP10k_raw_r20250912_daily_mesozoo200_o2_so_no3_chlos_ssh_thetao_uo_vo_vollcello_2019.03.nc
W19,TR,MbD,5,4,4,2019-03-11,2019-03-11T23:48:42Z,-124.76052,41.05599,1.316,24.7,2019,3,79,112,-124.74502563476562,41.02303695678711,3.8878217540550075,5.778346353027278,0,10.910472343339604,0,5.132125990312327,5,1024.1897003736224,9.935403823852539,9.935403823852539,31.446788787841797,1024.1897003736224,22,187.5,NEP10k_raw_r20250912_daily_mesozoo200_o2_so_no3_chlos_ssh_thetao_uo_vo_vollcello_2019.03.nc,NEP10k_raw_r20250912_daily_mesozoo200_o2_so_no3_chlos_ssh_thetao_uo_vo_vollcello_2019.03.nc
W19,TR,MbN,5,1,0,2019-03-11,2019-03-12T03:28:37Z,-124.75009,41.05694,0.3,101.614,2019,3,79,112,-124.74502563476562,41.02303695678711,3.7936985200536038,5.778346353027278,0,10.910472343339604,0,5.132125990312327,5,1024.1897003736224,9.935403823852539,9.935403823852539,31.446788787841797,1024.1897003736224,22,187.5,NEP10k_raw_r20250912_daily_mesozoo200_o2_so_no3_chlos_ssh_thetao_uo_vo_vollcello_2019.03.nc,NEP10k_raw_r20250912_daily_mesozoo200_o2_so_no3_chlos_ssh_thetao_uo_vo_vollcello_2019.03.nc
W19,TR,MbN,5,4,0,2019-03-11,2019-03-12T03:28:37Z,-124.75009,41.05694,0.3,101.614,2019,3,79,112,-124.74502563476562,41.02303695678711,3.7936985200536038,5.778346353027278,0,10.910472343339604,0,5.132125990312327,5,1024.1897003736224,9.935403823852539,9.935403823852539,31.446788787841797,1024.1897003736224,22,187.5,NEP10k_raw_r20250912_daily_mesozoo200_o2_so_no3_chlos_ssh_thetao_uo_vo_vollcello_2019.03.nc,NEP10k_raw_r20250912_daily_mesozoo200_o2_so_no3_chlos_ssh_thetao_uo_vo_vollcello_2019.03.nc
W19,TR,MbN,5,1,1,2019-03-11,2019-03-12T03:36:32Z,-124.74654,41.05653,75.6,101.2,2019,3,79,112,-124.74502563476562,41.02303695678711,3.726421545747803,5.778346353027278,0,10.910472343339604,0,5.132125990312327,5,1024.1897003736224,9.935403823852539,9.935403823852539,31.446788787841797,1024.1897003736224,22,187.5,NEP10k_raw_r20250912_daily_mesozoo200_o2_so_no3_chlos_ssh_thetao_uo_vo_vollcello_2019.03.nc,NEP10k_raw_r20250912_daily_mesozoo200_o2_so_no3_chlos_ssh_thetao_uo_vo_vollcello_2019.03.nc
W19,TR,MbN,5,4,1,2019-03-11,2019-03-12T03:36:32Z,-124.74654,41.05653,75.6,101.2,2019,3,79,112,-124.74502563476562,41.02303695678711,3.726421545747803,5.778346353027278,0,10.910472343339604,0,5.132125990312327,5,1024.1897003736224,9.935403823852539,9.935403823852539,31.446788787841797,1024.1897003736224,22,187.5,NEP10k_raw_r20250912_daily_mesozoo200_o2_so_no3_chlos_ssh_thetao_uo_vo_vollcello_2019.03.nc,NEP10k_raw_r20250912_daily_mesozoo200_o2_so_no3_chlos_ssh_thetao_uo_vo_vollcello_2019.03.nc
W19,TR,MbN,5,1,2,2019-03-11,2019-03-12T03:43:29Z,-124.74364,41.05646,50.2,75.3,2019,3,79,112,-124.74502563476562,41.02303695678711,3.7182893404343793,5.778346353027278,0,10.910472343339604,0,5.132125990312327,5,1024.1897003736224,9.935403823852539,9.935403823852539,31.446788787841797,1024.1897003736224,22,187.5,NEP10k_raw_r20250912_daily_mesozoo200_o2_so_no3_chlos_ssh_thetao_uo_vo_vollcello_2019.03.nc,NEP10k_raw_r20250912_daily_mesozoo200_o2_so_no3_chlos_ssh_thetao_uo_vo_vollcello_2019.03.nc
W19,TR,MbN,5,4,2,2019-03-11,2019-03-12T03:43:29Z,-124.74364,41.05646,50.2,75.3,2019,3,79,112,-124.74502563476562,41.02303695678711,3.7182893404343793,5.778346353027278,0,10.910472343339604,0,5.132125990312327,5,1024.1897003736224,9.935403823852539,9.935403823852539,31.446788787841797,1024.1897003736224,22,187.5,NEP10k_raw_r20250912_daily_mesozoo200_o2_so_no3_chlos_ssh_thetao_uo_vo_vollcello_2019.03.nc,NEP10k_raw_r20250912_daily_mesozoo200_o2_so_no3_chlos_ssh_thetao_uo_vo_vollcello_2019.03.nc
W19,TR,MbN,5,1,3,2019-03-11,2019-03-12T03:48:34Z,-124.74184,41.05658,25.2,50,2019,3,79,112,-124.74502563476562,41.02303695678711,3.7393732638389268,5.778346353027278,0,10.910472343339604,0,5.132125990312327,5,1024.1897003736224,9.935403823852539,9.935403823852539,31.446788787841797,1024.1897003736224,22,187.5,NEP10k_raw_r20250912_daily_mesozoo200_o2_so_no3_chlos_ssh_thetao_uo_vo_vollcello_2019.03.nc,NEP10k_raw_r20250912_daily_mesozoo200_o2_so_no3_chlos_ssh_thetao_uo_vo_vollcello_2019.03.nc
W19,TR,MbN,5,4,3,2019-03-11,2019-03-12T03:48:34Z,-124.74184,41.05658,25.2,50,2019,3,79,112,-124.74502563476562,41.02303695678711,3.7393732638389268,5.778346353027278,0,10.910472343339604,0,5.132125990312327,5,1024.1897003736224,9.935403823852539,9.935403823852539,31.446788787841797,1024.1897003736224,22,187.5,NEP10k_raw_r20250912_daily_mesozoo200_o2_so_no3_chlos_ssh_thetao_uo_vo_vollcello_2019.03.nc,NEP10k_raw_r20250912_daily_mesozoo200_o2_so_no3_chlos_ssh_thetao_uo_vo_vollcello_2019.03.nc
W19,TR,MbN,5,1,4,2019-03-11,2019-03-12T03:54:17Z,-124.73994,41.05676,1.9,24.7,2019,3,79,112,-124.74502563476562,41.02303695678711,3.774011194546983,5.778346353027278,0,10.910472343339604,0,5.132125990312327,5,1024.1897003736224,9.935403823852539,9.935403823852539,31.446788787841797,1024.1897003736224,22,187.5,NEP10k_raw_r20250912_daily_mesozoo200_o2_so_no3_chlos_ssh_thetao_uo_vo_vollcello_2019.03.nc,NEP10k_raw_r20250912_daily_mesozoo200_o2_so_no3_chlos_ssh_thetao_uo_vo_vollcello_2019.03.nc
W19,TR,MbN,5,4,4,2019-03-11,2019-03-12T03:54:17Z,-124.73994,41.05676,1.9,24.7,2019,3,79,112,-124.74502563476562,41.02303695678711,3.774011194546983,5.778346353027278,0,10.910472343339604,0,5.132125990312327,5,1024.1897003736224,9.935403823852539,9.935403823852539,31.446788787841797,1024.1897003736224,22,187.5,NEP10k_raw_r20250912_daily_mesozoo200_o2_so_no3_chlos_ssh_thetao_uo_vo_vollcello_2019.03.nc,NEP10k_raw_r20250912_daily_mesozoo200_o2_so_no3_chlos_ssh_thetao_uo_vo_vollcello_2019.03.nc
W19,TR,MbN,4,1,0,2019-03-11,2019-03-12T05:24:35Z,-124.58061,41.05815,0.4,99.8,2019,3,79,113,-124.63748168945312,41.06249237060547,4.792679465988354,3.374949928555922,0,8.561417664355558,0,5.186467735799636,5,1024.0265896471567,9.920546531677246,9.920546531677246,31.234586715698242,1024.0265896471567,22,187.5,NEP10k_raw_r20250912_daily_mesozoo200_o2_so_no3_chlos_ssh_thetao_uo_vo_vollcello_2019.03.nc,NEP10k_raw_r20250912_daily_mesozoo200_o2_so_no3_chlos_ssh_thetao_uo_vo_vollcello_2019.03.nc
W19,TR,MbN,4,4,0,2019-03-11,2019-03-12T05:24:35Z,-124.58061,41.05815,0.4,99.8,2019,3,79,113,-124.63748168945312,41.06249237060547,4.792679465988354,3.374949928555922,0,8.561417664355558,0,5.186467735799636,5,1024.0265896471567,9.920546531677246,9.920546531677246,31.234586715698242,1024.0265896471567,22,187.5,NEP10k_raw_r20250912_daily_mesozoo200_o2_so_no3_chlos_ssh_thetao_uo_vo_vollcello_2019.03.nc,NEP10k_raw_r20250912_daily_mesozoo200_o2_so_no3_chlos_ssh_thetao_uo_vo_vollcello_2019.03.nc
W19,TR,MbN,4,1,1,2019-03-11,2019-03-12T05:33:19Z,-124.57549,41.0577,75.315,102.9,2019,3,79,113,-124.63748168945312,41.06249237060547,5.224834542282625,3.374949928555922,0,8.561417664355558,0,5.186467735799636,5,1024.0265896471567,9.920546531677246,9.920546531677246,31.234586715698242,1024.0265896471567,22,187.5,NEP10k_raw_r20250912_daily_mesozoo200_o2_so_no3_chlos_ssh_thetao_uo_vo_vollcello_2019.03.nc,NEP10k_raw_r20250912_daily_mesozoo200_o2_so_no3_chlos_ssh_thetao_uo_vo_vollcello_2019.03.nc
W19,TR,MbN,4,4,1,2019-03-11,2019-03-12T05:33:19Z,-124.57549,41.0577,75.315,102.9,2019,3,79,113,-124.63748168945312,41.06249237060547,5.224834542282625,3.374949928555922,0,8.561417664355558,0,5.186467735799636,5,1024.0265896471567,9.920546531677246,9.920546531677246,31.234586715698242,1024.0265896471567,22,187.5,NEP10k_raw_r20250912_daily_mesozoo200_o2_so_no3_chlos_ssh_thetao_uo_vo_vollcello_2019.03.nc,NEP10k_raw_r20250912_daily_mesozoo200_o2_so_no3_chlos_ssh_thetao_uo_vo_vollcello_2019.03.nc
W19,TR,MbN,4,1,2,2019-03-11,2019-03-12T05:39:11Z,-124.57223,41.0575,49.909,75.194,2019,3,79,113,-124.63748168945312,41.06249237060547,5.499017865262423,3.374949928555922,0,8.561417664355558,0,5.186467735799636,5,1024.0265896471567,9.920546531677246,9.920546531677246,31.234586715698242,1024.0265896471567,22,187.5,NEP10k_raw_r20250912_daily_mesozoo200_o2_so_no3_chlos_ssh_thetao_uo_vo_vollcello_2019.03.nc,NEP10k_raw_r20250912_daily_mesozoo200_o2_so_no3_chlos_ssh_thetao_uo_vo_vollcello_2019.03.nc
W19,TR,MbN,4,4,2,2019-03-11,2019-03-12T05:39:11Z,-124.57223,41.0575,49.909,75.194,2019,3,79,113,-124.63748168945312,41.06249237060547,5.499017865262423,3.374949928555922,0,8.561417664355558,0,5.186467735799636,5,1024.0265896471567,9.920546531677246,9.920546531677246,31.234586715698242,1024.0265896471567,22,187.5,NEP10k_raw_r20250912_daily_mesozoo200_o2_so_no3_chlos_ssh_thetao_uo_vo_vollcello_2019.03.nc,NEP10k_raw_r20250912_daily_mesozoo200_o2_so_no3_chlos_ssh_thetao_uo_vo_vollcello_2019.03.nc
W19,TR,MbN,4,1,3,2019-03-11,2019-03-12T05:45:03Z,-124.56896,41.05748,24.4,50.3,2019,3,79,113,-124.63748168945312,41.06249237060547,5.772066853933149,3.374949928555922,0,8.561417664355558,0,5.186467735799636,5,1024.0265896471567,9.920546531677246,9.920546531677246,31.234586715698242,1024.0265896471567,22,187.5,NEP10k_raw_r20250912_daily_mesozoo200_o2_so_no3_chlos_ssh_thetao_uo_vo_vollcello_2019.03.nc,NEP10k_raw_r20250912_daily_mesozoo200_o2_so_no3_chlos_ssh_thetao_uo_vo_vollcello_2019.03.nc
W19,TR,MbN,4,4,3,2019-03-11,2019-03-12T05:45:03Z,-124.56896,41.05748,24.4,50.3,2019,3,79,113,-124.63748168945312,41.06249237060547,5.772066853933149,3.374949928555922,0,8.561417664355558,0,5.186467735799636,5,1024.0265896471567,9.920546531677246,9.920546531677246,31.234586715698242,1024.0265896471567,22,187.5,NEP10k_raw_r20250912_daily_mesozoo200_o2_so_no3_chlos_ssh_thetao_uo_vo_vollcello_2019.03.nc,NEP10k_raw_r20250912_daily_mesozoo200_o2_so_no3_chlos_ssh_thetao_uo_vo_vollcello_2019.03.nc
W19,TR,MbN,4,1,4,2019-03-11,2019-03-12T05:50:04Z,-124.56607,41.05744,0.8,23.5,2019,3,79,114,-124.52980041503906,41.10184097290039,5.7980627093936405,2.8233175333869136,0,6.082291065248659,0,3.258973531861745,5,1023.8318427793214,9.943921089172363,9.943921089172363,30.98975372314453,1023.8318427793214,22,187.5,NEP10k_raw_r20250912_daily_mesozoo200_o2_so_no3_chlos_ssh_thetao_uo_vo_vollcello_2019.03.nc,NEP10k_raw_r20250912_daily_mesozoo200_o2_so_no3_chlos_ssh_thetao_uo_vo_vollcello_2019.03.nc
W19,TR,MbN,4,4,4,2019-03-11,2019-03-12T05:50:04Z,-124.56607,41.05744,0.8,23.5,2019,3,79,114,-124.52980041503906,41.10184097290039,5.7980627093936405,2.8233175333869136,0,6.082291065248659,0,3.258973531861745,5,1023.8318427793214,9.943921089172363,9.943921089172363,30.98975372314453,1023.8318427793214,22,187.5,NEP10k_raw_r20250912_daily_mesozoo200_o2_so_no3_chlos_ssh_thetao_uo_vo_vollcello_2019.03.nc,NEP10k_raw_r20250912_daily_mesozoo200_o2_so_no3_chlos_ssh_thetao_uo_vo_vollcello_2019.03.nc
W19,TR,MbN,3,1,0,2019-03-12,2019-03-12T07:12:16Z,-124.42946,41.05763,0.3,99.883,2019,3,78,115,-124.37002563476562,41.05979537963867,4.9890924103236705,2.9287861035556415,0,10.784163945695138,0,7.855377842139497,5,1023.86976685194,10.286629676818848,10.286629676818848,31.110437393188477,1023.86976685194,22,187.5,NEP10k_raw_r20250912_daily_mesozoo200_o2_so_no3_chlos_ssh_thetao_uo_vo_vollcello_2019.03.nc,NEP10k_raw_r20250912_daily_mesozoo200_o2_so_no3_chlos_ssh_thetao_uo_vo_vollcello_2019.03.nc
W19,TR,MbN,3,4,0,2019-03-12,2019-03-12T07:12:16Z,-124.42946,41.05763,0.3,99.883,2019,3,78,115,-124.37002563476562,41.05979537963867,4.9890924103236705,2.9287861035556415,0,10.784163945695138,0,7.855377842139497,5,1023.86976685194,10.286629676818848,10.286629676818848,31.110437393188477,1023.86976685194,22,187.5,NEP10k_raw_r20250912_daily_mesozoo200_o2_so_no3_chlos_ssh_thetao_uo_vo_vollcello_2019.03.nc,NEP10k_raw_r20250912_daily_mesozoo200_o2_so_no3_chlos_ssh_thetao_uo_vo_vollcello_2019.03.nc
W19,TR,MbN,3,1,1,2019-03-12,2019-03-12T07:21:48Z,-124.42201,41.05771,74.881,101.5,2019,3,78,115,-124.37002563476562,41.05979537963867,4.364794301709093,2.9287861035556415,0,10.784163945695138,0,7.855377842139497,5,1023.86976685194,10.286629676818848,10.286629676818848,31.110437393188477,1023.86976685194,22,187.5,NEP10k_raw_r20250912_daily_mesozoo200_o2_so_no3_chlos_ssh_thetao_uo_vo_vollcello_2019.03.nc,NEP10k_raw_r20250912_daily_mesozoo200_o2_so_no3_chlos_ssh_thetao_uo_vo_vollcello_2019.03.nc
W19,TR,MbN,3,4,1,2019-03-12,2019-03-12T07:21:48Z,-124.42201,41.05771,74.881,101.5,2019,3,78,115,-124.37002563476562,41.05979537963867,4.364794301709093,2.9287861035556415,0,10.784163945695138,0,7.855377842139497,5,1023.86976685194,10.286629676818848,10.286629676818848,31.110437393188477,1023.86976685194,22,187.5,NEP10k_raw_r20250912_daily_mesozoo200_o2_so_no3_chlos_ssh_thetao_uo_vo_vollcello_2019.03.nc,NEP10k_raw_r20250912_daily_mesozoo200_o2_so_no3_chlos_ssh_thetao_uo_vo_vollcello_2019.03.nc
W19,TR,MbN,3,1,2,2019-03-12,2019-03-12T07:28:19Z,-124.41715,41.05789,51.113,74.087,2019,3,78,115,-124.37002563476562,41.05979537963867,3.9568145621089355,2.9287861035556415,0,10.784163945695138,0,7.855377842139497,5,1023.86976685194,10.286629676818848,10.286629676818848,31.110437393188477,1023.86976685194,22,187.5,NEP10k_raw_r20250912_daily_mesozoo200_o2_so_no3_chlos_ssh_thetao_uo_vo_vollcello_2019.03.nc,NEP10k_raw_r20250912_daily_mesozoo200_o2_so_no3_chlos_ssh_thetao_uo_vo_vollcello_2019.03.nc
W19,TR,MbN,3,4,2,2019-03-12,2019-03-12T07:28:19Z,-124.41715,41.05789,51.113,74.087,2019,3,78,115,-124.37002563476562,41.05979537963867,3.9568145621089355,2.9287861035556415,0,10.784163945695138,0,7.855377842139497,5,1023.86976685194,10.286629676818848,10.286629676818848,31.110437393188477,1023.86976685194,22,187.5,NEP10k_raw_r20250912_daily_mesozoo200_o2_so_no3_chlos_ssh_thetao_uo_vo_vollcello_2019.03.nc,NEP10k_raw_r20250912_daily_mesozoo200_o2_so_no3_chlos_ssh_thetao_uo_vo_vollcello_2019.03.nc
W19,TR,MbN,3,1,3,2019-03-12,2019-03-12T07:32:36Z,-124.41373,41.058,26.6,50.4,2019,3,78,115,-124.37002563476562,41.05979537963867,3.6698196846045796,2.9287861035556415,0,10.784163945695138,0,7.855377842139497,5,1023.86976685194,10.286629676818848,10.286629676818848,31.110437393188477,1023.86976685194,22,187.5,NEP10k_raw_r20250912_daily_mesozoo200_o2_so_no3_chlos_ssh_thetao_uo_vo_vollcello_2019.03.nc,NEP10k_raw_r20250912_daily_mesozoo200_o2_so_no3_chlos_ssh_thetao_uo_vo_vollcello_2019.03.nc
W19,TR,MbN,3,4,3,2019-03-12,2019-03-12T07:32:36Z,-124.41373,41.058,26.6,50.4,2019,3,78,115,-124.37002563476562,41.05979537963867,3.6698196846045796,2.9287861035556415,0,10.784163945695138,0,7.855377842139497,5,1023.86976685194,10.286629676818848,10.286629676818848,31.110437393188477,1023.86976685194,22,187.5,NEP10k_raw_r20250912_daily_mesozoo200_o2_so_no3_chlos_ssh_thetao_uo_vo_vollcello_2019.03.nc,NEP10k_raw_r20250912_daily_mesozoo200_o2_so_no3_chlos_ssh_thetao_uo_vo_vollcello_2019.03.nc
W19,TR,MbN,3,1,4,2019-03-12,2019-03-12T07:37:40Z,-124.40955,41.05807,0.8,26.2,2019,3,78,115,-124.37002563476562,41.05979537963867,3.319461241802393,2.9287861035556415,0,10.784163945695138,0,7.855377842139497,5,1023.86976685194,10.286629676818848,10.286629676818848,31.110437393188477,1023.86976685194,22,187.5,NEP10k_raw_r20250912_daily_mesozoo200_o2_so_no3_chlos_ssh_thetao_uo_vo_vollcello_2019.03.nc,NEP10k_raw_r20250912_daily_mesozoo200_o2_so_no3_chlos_ssh_thetao_uo_vo_vollcello_2019.03.nc
W19,TR,MbN,3,4,4,2019-03-12,2019-03-12T07:37:40Z,-124.40955,41.05807,0.8,26.2,2019,3,78,115,-124.37002563476562,41.05979537963867,3.319461241802393,2.9287861035556415,0,10.784163945695138,0,7.855377842139497,5,1023.86976685194,10.286629676818848,10.286629676818848,31.110437393188477,1023.86976685194,22,187.5,NEP10k_raw_r20250912_daily_mesozoo200_o2_so_no3_chlos_ssh_thetao_uo_vo_vollcello_2019.03.nc,NEP10k_raw_r20250912_daily_mesozoo200_o2_so_no3_chlos_ssh_thetao_uo_vo_vollcello_2019.03.nc
W19,TR,MbN,2,1,0,2019-03-12,2019-03-12T09:05:42Z,-124.33876,41.05837,0.4,99.231,2019,3,78,115,-124.37002563476562,41.05979537963867,2.6262418090985618,2.9287861035556415,0,10.784163945695138,0,7.855377842139497,5,1023.86976685194,10.286629676818848,10.286629676818848,31.110437393188477,1023.86976685194,22,187.5,NEP10k_raw_r20250912_daily_mesozoo200_o2_so_no3_chlos_ssh_thetao_uo_vo_vollcello_2019.03.nc,NEP10k_raw_r20250912_daily_mesozoo200_o2_so_no3_chlos_ssh_thetao_uo_vo_vollcello_2019.03.nc
W19,TR,MbN,2,4,0,2019-03-12,2019-03-12T09:05:42Z,-124.33876,41.05837,0.4,99.231,2019,3,78,115,-124.37002563476562,41.05979537963867,2.6262418090985618,2.9287861035556415,0,10.784163945695138,0,7.855377842139497,5,1023.86976685194,10.286629676818848,10.286629676818848,31.110437393188477,1023.86976685194,22,187.5,NEP10k_raw_r20250912_daily_mesozoo200_o2_so_no3_chlos_ssh_thetao_uo_vo_vollcello_2019.03.nc,NEP10k_raw_r20250912_daily_mesozoo200_o2_so_no3_chlos_ssh_thetao_uo_vo_vollcello_2019.03.nc
W19,TR,MbN,2,1,1,2019-03-12,2019-03-12T09:15:27Z,-124.3312,41.05828,75.4,101.3,2019,3,78,115,-124.37002563476562,41.05979537963867,3.259680369150441,2.9287861035556415,0,10.784163945695138,0,7.855377842139497,5,1023.86976685194,10.286629676818848,10.286629676818848,31.110437393188477,1023.86976685194,22,187.5,NEP10k_raw_r20250912_daily_mesozoo200_o2_so_no3_chlos_ssh_thetao_uo_vo_vollcello_2019.03.nc,NEP10k_raw_r20250912_daily_mesozoo200_o2_so_no3_chlos_ssh_thetao_uo_vo_vollcello_2019.03.nc
W19,TR,MbN,2,4,1,2019-03-12,2019-03-12T09:15:27Z,-124.3312,41.05828,75.4,101.3,2019,3,78,115,-124.37002563476562,41.05979537963867,3.259680369150441,2.9287861035556415,0,10.784163945695138,0,7.855377842139497,5,1023.86976685194,10.286629676818848,10.286629676818848,31.110437393188477,1023.86976685194,22,187.5,NEP10k_raw_r20250912_daily_mesozoo200_o2_so_no3_chlos_ssh_thetao_uo_vo_vollcello_2019.03.nc,NEP10k_raw_r20250912_daily_mesozoo200_o2_so_no3_chlos_ssh_thetao_uo_vo_vollcello_2019.03.nc
W19,TR,MbN,2,1,2,2019-03-12,2019-03-12T09:20:47Z,-124.32718,41.05846,49.7,75.3,2019,3,78,115,-124.37002563476562,41.05979537963867,3.5954403680131186,2.9287861035556415,0,10.784163945695138,0,7.855377842139497,5,1023.86976685194,10.286629676818848,10.286629676818848,31.110437393188477,1023.86976685194,22,187.5,NEP10k_raw_r20250912_daily_mesozoo200_o2_so_no3_chlos_ssh_thetao_uo_vo_vollcello_2019.03.nc,NEP10k_raw_r20250912_daily_mesozoo200_o2_so_no3_chlos_ssh_thetao_uo_vo_vollcello_2019.03.nc
W19,TR,MbN,2,4,2,2019-03-12,2019-03-12T09:20:47Z,-124.32718,41.05846,49.7,75.3,2019,3,78,115,-124.37002563476562,41.05979537963867,3.5954403680131186,2.9287861035556415,0,10.784163945695138,0,7.855377842139497,5,1023.86976685194,10.286629676818848,10.286629676818848,31.110437393188477,1023.86976685194,22,187.5,NEP10k_raw_r20250912_daily_mesozoo200_o2_so_no3_chlos_ssh_thetao_uo_vo_vollcello_2019.03.nc,NEP10k_raw_r20250912_daily_mesozoo200_o2_so_no3_chlos_ssh_thetao_uo_vo_vollcello_2019.03.nc
W19,TR,MbN,2,1,3,2019-03-12,2019-03-12T09:26:34Z,-124.32292,41.05847,25.5,49.1,2019,3,78,115,-124.37002563476562,41.05979537963867,3.952299012398321,2.9287861035556415,0,10.784163945695138,0,7.855377842139497,5,1023.86976685194,10.286629676818848,10.286629676818848,31.110437393188477,1023.86976685194,22,187.5,NEP10k_raw_r20250912_daily_mesozoo200_o2_so_no3_chlos_ssh_thetao_uo_vo_vollcello_2019.03.nc,NEP10k_raw_r20250912_daily_mesozoo200_o2_so_no3_chlos_ssh_thetao_uo_vo_vollcello_2019.03.nc
W19,TR,MbN,2,4,3,2019-03-12,2019-03-12T09:26:34Z,-124.32292,41.05847,25.5,49.1,2019,3,78,115,-124.37002563476562,41.05979537963867,3.952299012398321,2.9287861035556415,0,10.784163945695138,0,7.855377842139497,5,1023.86976685194,10.286629676818848,10.286629676818848,31.110437393188477,1023.86976685194,22,187.5,NEP10k_raw_r20250912_daily_mesozoo200_o2_so_no3_chlos_ssh_thetao_uo_vo_vollcello_2019.03.nc,NEP10k_raw_r20250912_daily_mesozoo200_o2_so_no3_chlos_ssh_thetao_uo_vo_vollcello_2019.03.nc
W19,TR,MbN,2,1,4,2019-03-12,2019-03-12T09:31:17Z,-124.31955,41.05859,1.2,25.314,2019,3,78,115,-124.37002563476562,41.05979537963867,4.2342244728761544,2.9287861035556415,0,10.784163945695138,0,7.855377842139497,5,1023.86976685194,10.286629676818848,10.286629676818848,31.110437393188477,1023.86976685194,22,187.5,NEP10k_raw_r20250912_daily_mesozoo200_o2_so_no3_chlos_ssh_thetao_uo_vo_vollcello_2019.03.nc,NEP10k_raw_r20250912_daily_mesozoo200_o2_so_no3_chlos_ssh_thetao_uo_vo_vollcello_2019.03.nc
W19,TR,MbN,2,4,4,2019-03-12,2019-03-12T09:31:17Z,-124.31955,41.05859,1.2,25.314,2019,3,78,115,-124.37002563476562,41.05979537963867,4.2342244728761544,2.9287861035556415,0,10.784163945695138,0,7.855377842139497,5,1023.86976685194,10.286629676818848,10.286629676818848,31.110437393188477,1023.86976685194,22,187.5,NEP10k_raw_r20250912_daily_mesozoo200_o2_so_no3_chlos_ssh_thetao_uo_vo_vollcello_2019.03.nc,NEP10k_raw_r20250912_daily_mesozoo200_o2_so_no3_chlos_ssh_thetao_uo_vo_vollcello_2019.03.nc
W19,TR,MbN,1,1,0,2019-03-12,2019-03-12T10:58:20Z,-124.28289,41.05863,0.4,52,2019,3,78,116,-124.26214599609375,41.09885025024414,4.798397575048026,2.718134661778018,0,6.011452835748922,0,3.2933181739709037,5,1023.8051336529462,10.306966781616211,10.306966781616211,31.031810760498047,1023.8051336529462,13,75,NEP10k_raw_r20250912_daily_mesozoo200_o2_so_no3_chlos_ssh_thetao_uo_vo_vollcello_2019.03.nc,NEP10k_raw_r20250912_daily_mesozoo200_o2_so_no3_chlos_ssh_thetao_uo_vo_vollcello_2019.03.nc
W19,TR,MbN,1,4,0,2019-03-12,2019-03-12T10:58:20Z,-124.28289,41.05863,0.4,52,2019,3,78,116,-124.26214599609375,41.09885025024414,4.798397575048026,2.718134661778018,0,6.011452835748922,0,3.2933181739709037,5,1023.8051336529462,10.306966781616211,10.306966781616211,31.031810760498047,1023.8051336529462,13,75,NEP10k_raw_r20250912_daily_mesozoo200_o2_so_no3_chlos_ssh_thetao_uo_vo_vollcello_2019.03.nc,NEP10k_raw_r20250912_daily_mesozoo200_o2_so_no3_chlos_ssh_thetao_uo_vo_vollcello_2019.03.nc
W19,TR,MbN,1,1,3,2019-03-12,2019-03-12T11:05:25Z,-124.27827,41.05873,24.423,51.5,2019,3,78,116,-124.26214599609375,41.09885025024414,4.661393528303347,2.718134661778018,0,6.011452835748922,0,3.2933181739709037,5,1023.8051336529462,10.306966781616211,10.306966781616211,31.031810760498047,1023.8051336529462,13,75,NEP10k_raw_r20250912_daily_mesozoo200_o2_so_no3_chlos_ssh_thetao_uo_vo_vollcello_2019.03.nc,NEP10k_raw_r20250912_daily_mesozoo200_o2_so_no3_chlos_ssh_thetao_uo_vo_vollcello_2019.03.nc
W19,TR,MbN,1,4,3,2019-03-12,2019-03-12T11:05:25Z,-124.27827,41.05873,24.423,51.5,2019,3,78,116,-124.26214599609375,41.09885025024414,4.661393528303347,2.718134661778018,0,6.011452835748922,0,3.2933181739709037,5,1023.8051336529462,10.306966781616211,10.306966781616211,31.031810760498047,1023.8051336529462,13,75,NEP10k_raw_r20250912_daily_mesozoo200_o2_so_no3_chlos_ssh_thetao_uo_vo_vollcello_2019.03.nc,NEP10k_raw_r20250912_daily_mesozoo200_o2_so_no3_chlos_ssh_thetao_uo_vo_vollcello_2019.03.nc
W19,TR,MbN,1,1,4,2019-03-12,2019-03-12T11:11:27Z,-124.27438,41.05879,0.251,24.447,2019,3,78,116,-124.26214599609375,41.09885025024414,4.5710044865383965,2.718134661778018,0,6.011452835748922,0,3.2933181739709037,5,1023.8051336529462,10.306966781616211,10.306966781616211,31.031810760498047,1023.8051336529462,13,75,NEP10k_raw_r20250912_daily_mesozoo200_o2_so_no3_chlos_ssh_thetao_uo_vo_vollcello_2019.03.nc,NEP10k_raw_r20250912_daily_mesozoo200_o2_so_no3_chlos_ssh_thetao_uo_vo_vollcello_2019.03.nc
W19,TR,MbN,1,4,4,2019-03-12,2019-03-12T11:11:27Z,-124.27438,41.05879,0.251,24.447,2019,3,78,116,-124.26214599609375,41.09885025024414,4.5710044865383965,2.718134661778018,0,6.011452835748922,0,3.2933181739709037,5,1023.8051336529462,10.306966781616211,10.306966781616211,31.031810760498047,1023.8051336529462,13,75,NEP10k_raw_r20250912_daily_mesozoo200_o2_so_no3_chlos_ssh_thetao_uo_vo_vollcello_2019.03.nc,NEP10k_raw_r20250912_daily_mesozoo200_o2_so_no3_chlos_ssh_thetao_uo_vo_vollcello_2019.03.nc
W22,GH,NA,4,1,0,2022-03-02,2022-03-02T17:09:45Z,-125.19715,47.10507,1.7,106.7,2022,3,141,138,-125.253173828125,47.11430740356445,4.362469972045089,19.74802774865823,0,25.262741055434482,0,5.514713306776251,5,1024.4004716297625,7.959633827209473,7.959633827209473,31.33203125,1024.4004716297625,22,187.5,NEP10k_raw_r20250912_daily_mesozoo200_o2_so_no3_chlos_ssh_thetao_uo_vo_vollcello_2022.03.nc,NEP10k_raw_r20250912_daily_mesozoo200_o2_so_no3_chlos_ssh_thetao_uo_vo_vollcello_2022.03.nc
W22,GH,NA,4,4,0,2022-03-02,2022-03-02T17:09:45Z,-125.19715,47.10507,1.7,106.7,2022,3,141,138,-125.253173828125,47.11430740356445,4.362469972045089,19.74802774865823,0,25.262741055434482,0,5.514713306776251,5,1024.4004716297625,7.959633827209473,7.959633827209473,31.33203125,1024.4004716297625,22,187.5,NEP10k_raw_r20250912_daily_mesozoo200_o2_so_no3_chlos_ssh_thetao_uo_vo_vollcello_2022.03.nc,NEP10k_raw_r20250912_daily_mesozoo200_o2_so_no3_chlos_ssh_thetao_uo_vo_vollcello_2022.03.nc
W22,GH,NA,4,1,1,2022-03-02,2022-03-02T17:18:52Z,-125.20385,47.10233,73.6,107.8,2022,3,141,138,-125.253173828125,47.11430740356445,3.96334264670177,19.74802774865823,0,25.262741055434482,0,5.514713306776251,5,1024.4004716297625,7.959633827209473,7.959633827209473,31.33203125,1024.4004716297625,22,187.5,NEP10k_raw_r20250912_daily_mesozoo200_o2_so_no3_chlos_ssh_thetao_uo_vo_vollcello_2022.03.nc,NEP10k_raw_r20250912_daily_mesozoo200_o2_so_no3_chlos_ssh_thetao_uo_vo_vollcello_2022.03.nc
W22,GH,NA,4,4,1,2022-03-02,2022-03-02T17:18:52Z,-125.20385,47.10233,73.6,107.8,2022,3,141,138,-125.253173828125,47.11430740356445,3.96334264670177,19.74802774865823,0,25.262741055434482,0,5.514713306776251,5,1024.4004716297625,7.959633827209473,7.959633827209473,31.33203125,1024.4004716297625,22,187.5,NEP10k_raw_r20250912_daily_mesozoo200_o2_so_no3_chlos_ssh_thetao_uo_vo_vollcello_2022.03.nc,NEP10k_raw_r20250912_daily_mesozoo200_o2_so_no3_chlos_ssh_thetao_uo_vo_vollcello_2022.03.nc
W22,GH,NA,4,1,2,2022-03-02,2022-03-02T17:24:20Z,-125.2075,47.10089,51.2,73.9,2022,3,141,138,-125.253173828125,47.11430740356445,3.7649114366138683,19.74802774865823,0,25.262741055434482,0,5.514713306776251,5,1024.4004716297625,7.959633827209473,7.959633827209473,31.33203125,1024.4004716297625,22,187.5,NEP10k_raw_r20250912_daily_mesozoo200_o2_so_no3_chlos_ssh_thetao_uo_vo_vollcello_2022.03.nc,NEP10k_raw_r20250912_daily_mesozoo200_o2_so_no3_chlos_ssh_thetao_uo_vo_vollcello_2022.03.nc
W22,GH,NA,4,4,2,2022-03-02,2022-03-02T17:24:20Z,-125.2075,47.10089,51.2,73.9,2022,3,141,138,-125.253173828125,47.11430740356445,3.7649114366138683,19.74802774865823,0,25.262741055434482,0,5.514713306776251,5,1024.4004716297625,7.959633827209473,7.959633827209473,31.33203125,1024.4004716297625,22,187.5,NEP10k_raw_r20250912_daily_mesozoo200_o2_so_no3_chlos_ssh_thetao_uo_vo_vollcello_2022.03.nc,NEP10k_raw_r20250912_daily_mesozoo200_o2_so_no3_chlos_ssh_thetao_uo_vo_vollcello_2022.03.nc
W22,GH,NA,4,1,3,2022-03-02,2022-03-02T17:28:55Z,-125.2107,47.09959,25.437,51.005,2022,3,141,138,-125.253173828125,47.11430740356445,3.6071314688387064,19.74802774865823,0,25.262741055434482,0,5.514713306776251,5,1024.4004716297625,7.959633827209473,7.959633827209473,31.33203125,1024.4004716297625,22,187.5,NEP10k_raw_r20250912_daily_mesozoo200_o2_so_no3_chlos_ssh_thetao_uo_vo_vollcello_2022.03.nc,NEP10k_raw_r20250912_daily_mesozoo200_o2_so_no3_chlos_ssh_thetao_uo_vo_vollcello_2022.03.nc
W22,GH,NA,4,4,3,2022-03-02,2022-03-02T17:28:55Z,-125.2107,47.09959,25.437,51.005,2022,3,141,138,-125.253173828125,47.11430740356445,3.6071314688387064,19.74802774865823,0,25.262741055434482,0,5.514713306776251,5,1024.4004716297625,7.959633827209473,7.959633827209473,31.33203125,1024.4004716297625,22,187.5,NEP10k_raw_r20250912_daily_mesozoo200_o2_so_no3_chlos_ssh_thetao_uo_vo_vollcello_2022.03.nc,NEP10k_raw_r20250912_daily_mesozoo200_o2_so_no3_chlos_ssh_thetao_uo_vo_vollcello_2022.03.nc
W22,GH,NA,4,1,4,2022-03-02,2022-03-02T17:33:45Z,-125.21402,47.0984,0,26.4,2022,3,141,138,-125.253173828125,47.11430740356445,3.4510741343144904,19.74802774865823,0,25.262741055434482,0,5.514713306776251,5,1024.4004716297625,7.959633827209473,7.959633827209473,31.33203125,1024.4004716297625,22,187.5,NEP10k_raw_r20250912_daily_mesozoo200_o2_so_no3_chlos_ssh_thetao_uo_vo_vollcello_2022.03.nc,NEP10k_raw_r20250912_daily_mesozoo200_o2_so_no3_chlos_ssh_thetao_uo_vo_vollcello_2022.03.nc
W22,GH,NA,4,4,4,2022-03-02,2022-03-02T17:33:45Z,-125.21402,47.0984,0,26.4,2022,3,141,138,-125.253173828125,47.11430740356445,3.4510741343144904,19.74802774865823,0,25.262741055434482,0,5.514713306776251,5,1024.4004716297625,7.959633827209473,7.959633827209473,31.33203125,1024.4004716297625,22,187.5,NEP10k_raw_r20250912_daily_mesozoo200_o2_so_no3_chlos_ssh_thetao_uo_vo_vollcello_2022.03.nc,NEP10k_raw_r20250912_daily_mesozoo200_o2_so_no3_chlos_ssh_thetao_uo_vo_vollcello_2022.03.nc
W22,GH,NA,5,1,0,2022-03-02,2022-03-02T20:29:28Z,-125.65585,47.10623,1.7,99.1,2022,3,142,135,-125.67250061035156,47.073665618896484,3.8341398061833885,18.08618190808567,0,28.428264249919728,0,10.342082341834058,5,1024.4840216232992,7.7274346351623535,7.7274346351623535,31.397066116333008,1024.4840216232992,22,187.5,NEP10k_raw_r20250912_daily_mesozoo200_o2_so_no3_chlos_ssh_thetao_uo_vo_vollcello_2022.03.nc,NEP10k_raw_r20250912_daily_mesozoo200_o2_so_no3_chlos_ssh_thetao_uo_vo_vollcello_2022.03.nc
W22,GH,NA,5,4,0,2022-03-02,2022-03-02T20:29:28Z,-125.65585,47.10623,1.7,99.1,2022,3,142,135,-125.67250061035156,47.073665618896484,3.8341398061833885,18.08618190808567,0,28.428264249919728,0,10.342082341834058,5,1024.4840216232992,7.7274346351623535,7.7274346351623535,31.397066116333008,1024.4840216232992,22,187.5,NEP10k_raw_r20250912_daily_mesozoo200_o2_so_no3_chlos_ssh_thetao_uo_vo_vollcello_2022.03.nc,NEP10k_raw_r20250912_daily_mesozoo200_o2_so_no3_chlos_ssh_thetao_uo_vo_vollcello_2022.03.nc
W22,GH,NA,5,1,1,2022-03-02,2022-03-02T20:40:05Z,-125.66291,47.10323,74.917,98.966,2022,3,142,135,-125.67250061035156,47.073665618896484,3.366641592758098,18.08618190808567,0,28.428264249919728,0,10.342082341834058,5,1024.4840216232992,7.7274346351623535,7.7274346351623535,31.397066116333008,1024.4840216232992,22,187.5,NEP10k_raw_r20250912_daily_mesozoo200_o2_so_no3_chlos_ssh_thetao_uo_vo_vollcello_2022.03.nc,NEP10k_raw_r20250912_daily_mesozoo200_o2_so_no3_chlos_ssh_thetao_uo_vo_vollcello_2022.03.nc
W22,GH,NA,5,4,1,2022-03-02,2022-03-02T20:40:05Z,-125.66291,47.10323,74.917,98.966,2022,3,142,135,-125.67250061035156,47.073665618896484,3.366641592758098,18.08618190808567,0,28.428264249919728,0,10.342082341834058,5,1024.4840216232992,7.7274346351623535,7.7274346351623535,31.397066116333008,1024.4840216232992,22,187.5,NEP10k_raw_r20250912_daily_mesozoo200_o2_so_no3_chlos_ssh_thetao_uo_vo_vollcello_2022.03.nc,NEP10k_raw_r20250912_daily_mesozoo200_o2_so_no3_chlos_ssh_thetao_uo_vo_vollcello_2022.03.nc
W22,GH,NA,5,1,2,2022-03-02,2022-03-02T20:46:04Z,-125.66724,47.10149,48.7,74.6,2022,3,142,135,-125.67250061035156,47.073665618896484,3.1194602198057795,18.08618190808567,0,28.428264249919728,0,10.342082341834058,5,1024.4840216232992,7.7274346351623535,7.7274346351623535,31.397066116333008,1024.4840216232992,22,187.5,NEP10k_raw_r20250912_daily_mesozoo200_o2_so_no3_chlos_ssh_thetao_uo_vo_vollcello_2022.03.nc,NEP10k_raw_r20250912_daily_mesozoo200_o2_so_no3_chlos_ssh_thetao_uo_vo_vollcello_2022.03.nc
W22,GH,NA,5,4,2,2022-03-02,2022-03-02T20:46:04Z,-125.66724,47.10149,48.7,74.6,2022,3,142,135,-125.67250061035156,47.073665618896484,3.1194602198057795,18.08618190808567,0,28.428264249919728,0,10.342082341834058,5,1024.4840216232992,7.7274346351623535,7.7274346351623535,31.397066116333008,1024.4840216232992,22,187.5,NEP10k_raw_r20250912_daily_mesozoo200_o2_so_no3_chlos_ssh_thetao_uo_vo_vollcello_2022.03.nc,NEP10k_raw_r20250912_daily_mesozoo200_o2_so_no3_chlos_ssh_thetao_uo_vo_vollcello_2022.03.nc
W22,GH,NA,5,1,3,2022-03-02,2022-03-02T20:49:58Z,-125.67012,47.10032,24.1,48.6,2022,3,142,135,-125.67250061035156,47.073665618896484,2.9693073065647724,18.08618190808567,0,28.428264249919728,0,10.342082341834058,5,1024.4840216232992,7.7274346351623535,7.7274346351623535,31.397066116333008,1024.4840216232992,22,187.5,NEP10k_raw_r20250912_daily_mesozoo200_o2_so_no3_chlos_ssh_thetao_uo_vo_vollcello_2022.03.nc,NEP10k_raw_r20250912_daily_mesozoo200_o2_so_no3_chlos_ssh_thetao_uo_vo_vollcello_2022.03.nc
W22,GH,NA,5,4,3,2022-03-02,2022-03-02T20:49:58Z,-125.67012,47.10032,24.1,48.6,2022,3,142,135,-125.67250061035156,47.073665618896484,2.9693073065647724,18.08618190808567,0,28.428264249919728,0,10.342082341834058,5,1024.4840216232992,7.7274346351623535,7.7274346351623535,31.397066116333008,1024.4840216232992,22,187.5,NEP10k_raw_r20250912_daily_mesozoo200_o2_so_no3_chlos_ssh_thetao_uo_vo_vollcello_2022.03.nc,NEP10k_raw_r20250912_daily_mesozoo200_o2_so_no3_chlos_ssh_thetao_uo_vo_vollcello_2022.03.nc
W22,GH,NA,5,1,4,2022-03-02,2022-03-02T20:53:51Z,-125.67269,47.09925,1.5,23.347,2022,3,142,135,-125.67250061035156,47.073665618896484,2.8448895167731485,18.08618190808567,0,28.428264249919728,0,10.342082341834058,5,1024.4840216232992,7.7274346351623535,7.7274346351623535,31.397066116333008,1024.4840216232992,22,187.5,NEP10k_raw_r20250912_daily_mesozoo200_o2_so_no3_chlos_ssh_thetao_uo_vo_vollcello_2022.03.nc,NEP10k_raw_r20250912_daily_mesozoo200_o2_so_no3_chlos_ssh_thetao_uo_vo_vollcello_2022.03.nc
W22,GH,NA,5,4,4,2022-03-02,2022-03-02T20:53:51Z,-125.67269,47.09925,1.5,23.347,2022,3,142,135,-125.67250061035156,47.073665618896484,2.8448895167731485,18.08618190808567,0,28.428264249919728,0,10.342082341834058,5,1024.4840216232992,7.7274346351623535,7.7274346351623535,31.397066116333008,1024.4840216232992,22,187.5,NEP10k_raw_r20250912_daily_mesozoo200_o2_so_no3_chlos_ssh_thetao_uo_vo_vollcello_2022.03.nc,NEP10k_raw_r20250912_daily_mesozoo200_o2_so_no3_chlos_ssh_thetao_uo_vo_vollcello_2022.03.nc
W22,GH,NA,6,1,0,2022-03-02,2022-03-03T01:00:11Z,-126.45362,47.10149,4.1,101.7,2022,3,145,130,-126.45159912109375,47.11043167114258,1.005963756357882,21.53964062312739,0,166.36805352237263,0,144.82841289924525,5,1024.5611661616708,7.549248695373535,7.549248695373535,31.464014053344727,1024.5611661616708,22,187.5,NEP10k_raw_r20250912_daily_mesozoo200_o2_so_no3_chlos_ssh_thetao_uo_vo_vollcello_2022.03.nc,NEP10k_raw_r20250912_daily_mesozoo200_o2_so_no3_chlos_ssh_thetao_uo_vo_vollcello_2022.03.nc
W22,GH,NA,6,4,0,2022-03-02,2022-03-03T01:00:11Z,-126.45362,47.10149,4.1,101.7,2022,3,145,130,-126.45159912109375,47.11043167114258,1.005963756357882,21.53964062312739,0,166.36805352237263,0,144.82841289924525,5,1024.5611661616708,7.549248695373535,7.549248695373535,31.464014053344727,1024.5611661616708,22,187.5,NEP10k_raw_r20250912_daily_mesozoo200_o2_so_no3_chlos_ssh_thetao_uo_vo_vollcello_2022.03.nc,NEP10k_raw_r20250912_daily_mesozoo200_o2_so_no3_chlos_ssh_thetao_uo_vo_vollcello_2022.03.nc
W22,GH,NA,6,1,1,2022-03-02,2022-03-03T01:09:17Z,-126.45918,47.10356,72.713,104.529,2022,3,145,130,-126.45159912109375,47.11043167114258,0.9555212315539218,21.53964062312739,0,166.36805352237263,0,144.82841289924525,5,1024.5611661616708,7.549248695373535,7.549248695373535,31.464014053344727,1024.5611661616708,22,187.5,NEP10k_raw_r20250912_daily_mesozoo200_o2_so_no3_chlos_ssh_thetao_uo_vo_vollcello_2022.03.nc,NEP10k_raw_r20250912_daily_mesozoo200_o2_so_no3_chlos_ssh_thetao_uo_vo_vollcello_2022.03.nc
W22,GH,NA,6,4,1,2022-03-02,2022-03-03T01:09:17Z,-126.45918,47.10356,72.713,104.529,2022,3,145,130,-126.45159912109375,47.11043167114258,0.9555212315539218,21.53964062312739,0,166.36805352237263,0,144.82841289924525,5,1024.5611661616708,7.549248695373535,7.549248695373535,31.464014053344727,1024.5611661616708,22,187.5,NEP10k_raw_r20250912_daily_mesozoo200_o2_so_no3_chlos_ssh_thetao_uo_vo_vollcello_2022.03.nc,NEP10k_raw_r20250912_daily_mesozoo200_o2_so_no3_chlos_ssh_thetao_uo_vo_vollcello_2022.03.nc
W22,GH,NA,6,1,2,2022-03-02,2022-03-03T01:14:03Z,-126.46202,47.10454,50.2,71.8,2022,3,145,130,-126.45159912109375,47.11043167114258,1.0252772610541863,21.53964062312739,0,166.36805352237263,0,144.82841289924525,5,1024.5611661616708,7.549248695373535,7.549248695373535,31.464014053344727,1024.5611661616708,22,187.5,NEP10k_raw_r20250912_daily_mesozoo200_o2_so_no3_chlos_ssh_thetao_uo_vo_vollcello_2022.03.nc,NEP10k_raw_r20250912_daily_mesozoo200_o2_so_no3_chlos_ssh_thetao_uo_vo_vollcello_2022.03.nc
W22,GH,NA,6,4,2,2022-03-02,2022-03-03T01:14:03Z,-126.46202,47.10454,50.2,71.8,2022,3,145,130,-126.45159912109375,47.11043167114258,1.0252772610541863,21.53964062312739,0,166.36805352237263,0,144.82841289924525,5,1024.5611661616708,7.549248695373535,7.549248695373535,31.464014053344727,1024.5611661616708,22,187.5,NEP10k_raw_r20250912_daily_mesozoo200_o2_so_no3_chlos_ssh_thetao_uo_vo_vollcello_2022.03.nc,NEP10k_raw_r20250912_daily_mesozoo200_o2_so_no3_chlos_ssh_thetao_uo_vo_vollcello_2022.03.nc
W22,GH,NA,6,1,3,2022-03-02,2022-03-03T01:16:19Z,-126.46354,47.10514,28.7,49.3,2022,3,145,130,-126.45159912109375,47.11043167114258,1.0783811895796567,21.53964062312739,0,166.36805352237263,0,144.82841289924525,5,1024.5611661616708,7.549248695373535,7.549248695373535,31.464014053344727,1024.5611661616708,22,187.5,NEP10k_raw_r20250912_daily_mesozoo200_o2_so_no3_chlos_ssh_thetao_uo_vo_vollcello_2022.03.nc,NEP10k_raw_r20250912_daily_mesozoo200_o2_so_no3_chlos_ssh_thetao_uo_vo_vollcello_2022.03.nc
W22,GH,NA,6,4,3,2022-03-02,2022-03-03T01:16:19Z,-126.46354,47.10514,28.7,49.3,2022,3,145,130,-126.45159912109375,47.11043167114258,1.0783811895796567,21.53964062312739,0,166.36805352237263,0,144.82841289924525,5,1024.5611661616708,7.549248695373535,7.549248695373535,31.464014053344727,1024.5611661616708,22,187.5,NEP10k_raw_r20250912_daily_mesozoo200_o2_so_no3_chlos_ssh_thetao_uo_vo_vollcello_2022.03.nc,NEP10k_raw_r20250912_daily_mesozoo200_o2_so_no3_chlos_ssh_thetao_uo_vo_vollcello_2022.03.nc
W22,GH,NA,6,1,4,2022-03-02,2022-03-03T01:21:37Z,-126.46662,47.10627,2.181,28.219,2022,3,145,130,-126.45159912109375,47.11043167114258,1.2273717019143344,21.53964062312739,0,166.36805352237263,0,144.82841289924525,5,1024.5611661616708,7.549248695373535,7.549248695373535,31.464014053344727,1024.5611661616708,22,187.5,NEP10k_raw_r20250912_daily_mesozoo200_o2_so_no3_chlos_ssh_thetao_uo_vo_vollcello_2022.03.nc,NEP10k_raw_r20250912_daily_mesozoo200_o2_so_no3_chlos_ssh_thetao_uo_vo_vollcello_2022.03.nc
W22,GH,NA,6,4,4,2022-03-02,2022-03-03T01:21:37Z,-126.46662,47.10627,2.181,28.219,2022,3,145,130,-126.45159912109375,47.11043167114258,1.2273717019143344,21.53964062312739,0,166.36805352237263,0,144.82841289924525,5,1024.5611661616708,7.549248695373535,7.549248695373535,31.464014053344727,1024.5611661616708,22,187.5,NEP10k_raw_r20250912_daily_mesozoo200_o2_so_no3_chlos_ssh_thetao_uo_vo_vollcello_2022.03.nc,NEP10k_raw_r20250912_daily_mesozoo200_o2_so_no3_chlos_ssh_thetao_uo_vo_vollcello_2022.03.nc
W22,GH,NA,3,1,0,2022-03-03,2022-03-03T16:19:55Z,-124.80528,47.10072,2.334,99.7,2022,3,139,141,-124.77438354492188,47.07140350341797,4.012315635296344,2.972031124285924,0,26.09460524795607,0,23.122574123670148,5,1023.7320284176316,8.192317008972168,8.192317008972168,30.521595001220703,1023.7320284176316,18,125,NEP10k_raw_r20250912_daily_mesozoo200_o2_so_no3_chlos_ssh_thetao_uo_vo_vollcello_2022.03.nc,NEP10k_raw_r20250912_daily_mesozoo200_o2_so_no3_chlos_ssh_thetao_uo_vo_vollcello_2022.03.nc
W22,GH,NA,3,4,0,2022-03-03,2022-03-03T16:19:55Z,-124.80528,47.10072,2.334,99.7,2022,3,139,141,-124.77438354492188,47.07140350341797,4.012315635296344,2.972031124285924,0,26.09460524795607,0,23.122574123670148,5,1023.7320284176316,8.192317008972168,8.192317008972168,30.521595001220703,1023.7320284176316,18,125,NEP10k_raw_r20250912_daily_mesozoo200_o2_so_no3_chlos_ssh_thetao_uo_vo_vollcello_2022.03.nc,NEP10k_raw_r20250912_daily_mesozoo200_o2_so_no3_chlos_ssh_thetao_uo_vo_vollcello_2022.03.nc
W22,GH,NA,3,1,1,2022-03-03,2022-03-03T16:31:19Z,-124.79415,47.09874,72.9,99.2,2022,3,139,141,-124.77438354492188,47.07140350341797,3.388134013561155,2.972031124285924,0,26.09460524795607,0,23.122574123670148,5,1023.7320284176316,8.192317008972168,8.192317008972168,30.521595001220703,1023.7320284176316,18,125,NEP10k_raw_r20250912_daily_mesozoo200_o2_so_no3_chlos_ssh_thetao_uo_vo_vollcello_2022.03.nc,NEP10k_raw_r20250912_daily_mesozoo200_o2_so_no3_chlos_ssh_thetao_uo_vo_vollcello_2022.03.nc
W22,GH,NA,3,4,1,2022-03-03,2022-03-03T16:31:19Z,-124.79415,47.09874,72.9,99.2,2022,3,139,141,-124.77438354492188,47.07140350341797,3.388134013561155,2.972031124285924,0,26.09460524795607,0,23.122574123670148,5,1023.7320284176316,8.192317008972168,8.192317008972168,30.521595001220703,1023.7320284176316,18,125,NEP10k_raw_r20250912_daily_mesozoo200_o2_so_no3_chlos_ssh_thetao_uo_vo_vollcello_2022.03.nc,NEP10k_raw_r20250912_daily_mesozoo200_o2_so_no3_chlos_ssh_thetao_uo_vo_vollcello_2022.03.nc
W22,GH,NA,3,1,2,2022-03-03,2022-03-03T16:40:38Z,-124.78524,47.09718,40,72,2022,3,139,141,-124.77438354492188,47.07140350341797,2.9817563554674416,2.972031124285924,0,26.09460524795607,0,23.122574123670148,5,1023.7320284176316,8.192317008972168,8.192317008972168,30.521595001220703,1023.7320284176316,18,125,NEP10k_raw_r20250912_daily_mesozoo200_o2_so_no3_chlos_ssh_thetao_uo_vo_vollcello_2022.03.nc,NEP10k_raw_r20250912_daily_mesozoo200_o2_so_no3_chlos_ssh_thetao_uo_vo_vollcello_2022.03.nc
W22,GH,NA,3,4,2,2022-03-03,2022-03-03T16:40:38Z,-124.78524,47.09718,40,72,2022,3,139,141,-124.77438354492188,47.07140350341797,2.9817563554674416,2.972031124285924,0,26.09460524795607,0,23.122574123670148,5,1023.7320284176316,8.192317008972168,8.192317008972168,30.521595001220703,1023.7320284176316,18,125,NEP10k_raw_r20250912_daily_mesozoo200_o2_so_no3_chlos_ssh_thetao_uo_vo_vollcello_2022.03.nc,NEP10k_raw_r20250912_daily_mesozoo200_o2_so_no3_chlos_ssh_thetao_uo_vo_vollcello_2022.03.nc
W22,GH,NA,3,1,3,2022-03-03,2022-03-03T16:47:34Z,-124.77863,47.09615,21.171,39.429,2022,3,139,141,-124.77438354492188,47.07140350341797,2.770405576542997,2.972031124285924,0,26.09460524795607,0,23.122574123670148,5,1023.7320284176316,8.192317008972168,8.192317008972168,30.521595001220703,1023.7320284176316,18,125,NEP10k_raw_r20250912_daily_mesozoo200_o2_so_no3_chlos_ssh_thetao_uo_vo_vollcello_2022.03.nc,NEP10k_raw_r20250912_daily_mesozoo200_o2_so_no3_chlos_ssh_thetao_uo_vo_vollcello_2022.03.nc
W22,GH,NA,3,4,3,2022-03-03,2022-03-03T16:47:34Z,-124.77863,47.09615,21.171,39.429,2022,3,139,141,-124.77438354492188,47.07140350341797,2.770405576542997,2.972031124285924,0,26.09460524795607,0,23.122574123670148,5,1023.7320284176316,8.192317008972168,8.192317008972168,30.521595001220703,1023.7320284176316,18,125,NEP10k_raw_r20250912_daily_mesozoo200_o2_so_no3_chlos_ssh_thetao_uo_vo_vollcello_2022.03.nc,NEP10k_raw_r20250912_daily_mesozoo200_o2_so_no3_chlos_ssh_thetao_uo_vo_vollcello_2022.03.nc
W22,GH,NA,3,1,4,2022-03-03,2022-03-03T16:50:40Z,-124.77552,47.09565,1.4,21.5,2022,3,139,141,-124.77438354492188,47.07140350341797,2.697460207151305,2.972031124285924,0,26.09460524795607,0,23.122574123670148,5,1023.7320284176316,8.192317008972168,8.192317008972168,30.521595001220703,1023.7320284176316,18,125,NEP10k_raw_r20250912_daily_mesozoo200_o2_so_no3_chlos_ssh_thetao_uo_vo_vollcello_2022.03.nc,NEP10k_raw_r20250912_daily_mesozoo200_o2_so_no3_chlos_ssh_thetao_uo_vo_vollcello_2022.03.nc
W22,GH,NA,3,4,4,2022-03-03,2022-03-03T16:50:40Z,-124.77552,47.09565,1.4,21.5,2022,3,139,141,-124.77438354492188,47.07140350341797,2.697460207151305,2.972031124285924,0,26.09460524795607,0,23.122574123670148,5,1023.7320284176316,8.192317008972168,8.192317008972168,30.521595001220703,1023.7320284176316,18,125,NEP10k_raw_r20250912_daily_mesozoo200_o2_so_no3_chlos_ssh_thetao_uo_vo_vollcello_2022.03.nc,NEP10k_raw_r20250912_daily_mesozoo200_o2_so_no3_chlos_ssh_thetao_uo_vo_vollcello_2022.03.nc
W22,GH,NA,2,1,0,2022-03-03,2022-03-03T18:59:20Z,-124.55268,47.10114,5.3,52.6,2022,3,139,143,-124.53335571289062,47.15110397338867,5.744881591565848,2.587873452683045,0,25.870493638431817,0,23.282620185748772,5,1021.9732930611993,8.157153129577637,8.157153129577637,28.270614624023438,1021.9732930611993,12,65,NEP10k_raw_r20250912_daily_mesozoo200_o2_so_no3_chlos_ssh_thetao_uo_vo_vollcello_2022.03.nc,NEP10k_raw_r20250912_daily_mesozoo200_o2_so_no3_chlos_ssh_thetao_uo_vo_vollcello_2022.03.nc
W22,GH,NA,2,4,0,2022-03-03,2022-03-03T18:59:20Z,-124.55268,47.10114,5.3,52.6,2022,3,139,143,-124.53335571289062,47.15110397338867,5.744881591565848,2.587873452683045,0,25.870493638431817,0,23.282620185748772,5,1021.9732930611993,8.157153129577637,8.157153129577637,28.270614624023438,1021.9732930611993,12,65,NEP10k_raw_r20250912_daily_mesozoo200_o2_so_no3_chlos_ssh_thetao_uo_vo_vollcello_2022.03.nc,NEP10k_raw_r20250912_daily_mesozoo200_o2_so_no3_chlos_ssh_thetao_uo_vo_vollcello_2022.03.nc
W22,GH,NA,2,1,3,2022-03-03,2022-03-03T19:04:43Z,-124.54851,47.10128,25.195,52.821,2022,3,139,143,-124.53335571289062,47.15110397338867,5.657560432407673,2.587873452683045,0,25.870493638431817,0,23.282620185748772,5,1021.9732930611993,8.157153129577637,8.157153129577637,28.270614624023438,1021.9732930611993,12,65,NEP10k_raw_r20250912_daily_mesozoo200_o2_so_no3_chlos_ssh_thetao_uo_vo_vollcello_2022.03.nc,NEP10k_raw_r20250912_daily_mesozoo200_o2_so_no3_chlos_ssh_thetao_uo_vo_vollcello_2022.03.nc
W22,GH,NA,2,4,3,2022-03-03,2022-03-03T19:04:43Z,-124.54851,47.10128,25.195,52.821,2022,3,139,143,-124.53335571289062,47.15110397338867,5.657560432407673,2.587873452683045,0,25.870493638431817,0,23.282620185748772,5,1021.9732930611993,8.157153129577637,8.157153129577637,28.270614624023438,1021.9732930611993,12,65,NEP10k_raw_r20250912_daily_mesozoo200_o2_so_no3_chlos_ssh_thetao_uo_vo_vollcello_2022.03.nc,NEP10k_raw_r20250912_daily_mesozoo200_o2_so_no3_chlos_ssh_thetao_uo_vo_vollcello_2022.03.nc
W22,GH,NA,2,1,4,2022-03-03,2022-03-03T19:09:33Z,-124.54515,47.10174,1.4,25,2022,3,139,143,-124.53335571289062,47.15110397338867,5.561076702204103,2.587873452683045,0,25.870493638431817,0,23.282620185748772,5,1021.9732930611993,8.157153129577637,8.157153129577637,28.270614624023438,1021.9732930611993,12,65,NEP10k_raw_r20250912_daily_mesozoo200_o2_so_no3_chlos_ssh_thetao_uo_vo_vollcello_2022.03.nc,NEP10k_raw_r20250912_daily_mesozoo200_o2_so_no3_chlos_ssh_thetao_uo_vo_vollcello_2022.03.nc
W22,GH,NA,2,4,4,2022-03-03,2022-03-03T19:09:33Z,-124.54515,47.10174,1.4,25,2022,3,139,143,-124.53335571289062,47.15110397338867,5.561076702204103,2.587873452683045,0,25.870493638431817,0,23.282620185748772,5,1021.9732930611993,8.157153129577637,8.157153129577637,28.270614624023438,1021.9732930611993,12,65,NEP10k_raw_r20250912_daily_mesozoo200_o2_so_no3_chlos_ssh_thetao_uo_vo_vollcello_2022.03.nc,NEP10k_raw_r20250912_daily_mesozoo200_o2_so_no3_chlos_ssh_thetao_uo_vo_vollcello_2022.03.nc
W22,GH,NA,1,1,0,2022-03-03,2022-03-03T21:00:19Z,-124.33973,47.10252,5.3,35.5,2022,3,138,144,-124.35440063476562,47.10859298706055,1.299567028338714,2.582309799194216,0,38.42531378103649,0,35.84300398184228,5,1021.1841051370303,8.21790885925293,8.21790885925293,27.273242950439453,1021.1841051370303,9,42.5,NEP10k_raw_r20250912_daily_mesozoo200_o2_so_no3_chlos_ssh_thetao_uo_vo_vollcello_2022.03.nc,NEP10k_raw_r20250912_daily_mesozoo200_o2_so_no3_chlos_ssh_thetao_uo_vo_vollcello_2022.03.nc
W22,GH,NA,1,4,0,2022-03-03,2022-03-03T21:00:19Z,-124.33973,47.10252,5.3,35.5,2022,3,138,144,-124.35440063476562,47.10859298706055,1.299567028338714,2.582309799194216,0,38.42531378103649,0,35.84300398184228,5,1021.1841051370303,8.21790885925293,8.21790885925293,27.273242950439453,1021.1841051370303,9,42.5,NEP10k_raw_r20250912_daily_mesozoo200_o2_so_no3_chlos_ssh_thetao_uo_vo_vollcello_2022.03.nc,NEP10k_raw_r20250912_daily_mesozoo200_o2_so_no3_chlos_ssh_thetao_uo_vo_vollcello_2022.03.nc
W22,GH,NA,1,1,3,2022-03-03,2022-03-03T21:03:40Z,-124.34215,47.102,23.7,36,2022,3,138,144,-124.35440063476562,47.10859298706055,1.1820023052761361,2.582309799194216,0,38.42531378103649,0,35.84300398184228,5,1021.1841051370303,8.21790885925293,8.21790885925293,27.273242950439453,1021.1841051370303,9,42.5,NEP10k_raw_r20250912_daily_mesozoo200_o2_so_no3_chlos_ssh_thetao_uo_vo_vollcello_2022.03.nc,NEP10k_raw_r20250912_daily_mesozoo200_o2_so_no3_chlos_ssh_thetao_uo_vo_vollcello_2022.03.nc
W22,GH,NA,1,4,3,2022-03-03,2022-03-03T21:03:40Z,-124.34215,47.102,23.7,36,2022,3,138,144,-124.35440063476562,47.10859298706055,1.1820023052761361,2.582309799194216,0,38.42531378103649,0,35.84300398184228,5,1021.1841051370303,8.21790885925293,8.21790885925293,27.273242950439453,1021.1841051370303,9,42.5,NEP10k_raw_r20250912_daily_mesozoo200_o2_so_no3_chlos_ssh_thetao_uo_vo_vollcello_2022.03.nc,NEP10k_raw_r20250912_daily_mesozoo200_o2_so_no3_chlos_ssh_thetao_uo_vo_vollcello_2022.03.nc
W22,GH,NA,1,1,4,2022-03-03,2022-03-03T21:05:35Z,-124.34366,47.10169,0,23.8,2022,3,138,144,-124.35440063476562,47.10859298706055,1.1180322197711838,2.582309799194216,0,38.42531378103649,0,35.84300398184228,5,1021.1841051370303,8.21790885925293,8.21790885925293,27.273242950439453,1021.1841051370303,9,42.5,NEP10k_raw_r20250912_daily_mesozoo200_o2_so_no3_chlos_ssh_thetao_uo_vo_vollcello_2022.03.nc,NEP10k_raw_r20250912_daily_mesozoo200_o2_so_no3_chlos_ssh_thetao_uo_vo_vollcello_2022.03.nc
W22,GH,NA,1,4,4,2022-03-03,2022-03-03T21:05:35Z,-124.34366,47.10169,0,23.8,2022,3,138,144,-124.35440063476562,47.10859298706055,1.1180322197711838,2.582309799194216,0,38.42531378103649,0,35.84300398184228,5,1021.1841051370303,8.21790885925293,8.21790885925293,27.273242950439453,1021.1841051370303,9,42.5,NEP10k_raw_r20250912_daily_mesozoo200_o2_so_no3_chlos_ssh_thetao_uo_vo_vollcello_2022.03.nc,NEP10k_raw_r20250912_daily_mesozoo200_o2_so_no3_chlos_ssh_thetao_uo_vo_vollcello_2022.03.nc
W22,CR,NA,4,1,0,2022-03-04,2022-03-04T16:52:39Z,-125.15167,46.16622,3.1,100,2022,3,131,134,-125.1402587890625,46.13576126098633,3.4990686555374872,7.596342737752434,0,26.46474117786843,0,18.868398440115996,5,1024.3964314593682,8.414154052734375,8.414154052734375,31.41025161743164,1024.3964314593682,22,187.5,NEP10k_raw_r20250912_daily_mesozoo200_o2_so_no3_chlos_ssh_thetao_uo_vo_vollcello_2022.03.nc,NEP10k_raw_r20250912_daily_mesozoo200_o2_so_no3_chlos_ssh_thetao_uo_vo_vollcello_2022.03.nc
W22,CR,NA,4,4,0,2022-03-04,2022-03-04T16:52:39Z,-125.15167,46.16622,3.1,100,2022,3,131,134,-125.1402587890625,46.13576126098633,3.4990686555374872,7.596342737752434,0,26.46474117786843,0,18.868398440115996,5,1024.3964314593682,8.414154052734375,8.414154052734375,31.41025161743164,1024.3964314593682,22,187.5,NEP10k_raw_r20250912_daily_mesozoo200_o2_so_no3_chlos_ssh_thetao_uo_vo_vollcello_2022.03.nc,NEP10k_raw_r20250912_daily_mesozoo200_o2_so_no3_chlos_ssh_thetao_uo_vo_vollcello_2022.03.nc
W22,CR,NA,4,1,1,2022-03-04,2022-03-04T17:01:22Z,-125.15392,46.17135,75.9,99.4,2022,3,131,134,-125.1402587890625,46.13576126098633,4.094806929018333,7.596342737752434,0,26.46474117786843,0,18.868398440115996,5,1024.3964314593682,8.414154052734375,8.414154052734375,31.41025161743164,1024.3964314593682,22,187.5,NEP10k_raw_r20250912_daily_mesozoo200_o2_so_no3_chlos_ssh_thetao_uo_vo_vollcello_2022.03.nc,NEP10k_raw_r20250912_daily_mesozoo200_o2_so_no3_chlos_ssh_thetao_uo_vo_vollcello_2022.03.nc
W22,CR,NA,4,4,1,2022-03-04,2022-03-04T17:01:22Z,-125.15392,46.17135,75.9,99.4,2022,3,131,134,-125.1402587890625,46.13576126098633,4.094806929018333,7.596342737752434,0,26.46474117786843,0,18.868398440115996,5,1024.3964314593682,8.414154052734375,8.414154052734375,31.41025161743164,1024.3964314593682,22,187.5,NEP10k_raw_r20250912_daily_mesozoo200_o2_so_no3_chlos_ssh_thetao_uo_vo_vollcello_2022.03.nc,NEP10k_raw_r20250912_daily_mesozoo200_o2_so_no3_chlos_ssh_thetao_uo_vo_vollcello_2022.03.nc
W22,CR,NA,4,1,2,2022-03-04,2022-03-04T17:06:50Z,-125.15531,46.17455,51.4,75.59,2022,3,131,134,-125.1402587890625,46.13576126098633,4.4662029630412095,7.596342737752434,0,26.46474117786843,0,18.868398440115996,5,1024.3964314593682,8.414154052734375,8.414154052734375,31.41025161743164,1024.3964314593682,22,187.5,NEP10k_raw_r20250912_daily_mesozoo200_o2_so_no3_chlos_ssh_thetao_uo_vo_vollcello_2022.03.nc,NEP10k_raw_r20250912_daily_mesozoo200_o2_so_no3_chlos_ssh_thetao_uo_vo_vollcello_2022.03.nc
W22,CR,NA,4,4,2,2022-03-04,2022-03-04T17:06:50Z,-125.15531,46.17455,51.4,75.59,2022,3,131,134,-125.1402587890625,46.13576126098633,4.4662029630412095,7.596342737752434,0,26.46474117786843,0,18.868398440115996,5,1024.3964314593682,8.414154052734375,8.414154052734375,31.41025161743164,1024.3964314593682,22,187.5,NEP10k_raw_r20250912_daily_mesozoo200_o2_so_no3_chlos_ssh_thetao_uo_vo_vollcello_2022.03.nc,NEP10k_raw_r20250912_daily_mesozoo200_o2_so_no3_chlos_ssh_thetao_uo_vo_vollcello_2022.03.nc
W22,CR,NA,4,1,3,2022-03-04,2022-03-04T17:11:28Z,-125.15639,46.17739,25.399,51.002,2022,3,131,134,-125.1402587890625,46.13576126098633,4.79275747304559,7.596342737752434,0,26.46474117786843,0,18.868398440115996,5,1024.3964314593682,8.414154052734375,8.414154052734375,31.41025161743164,1024.3964314593682,22,187.5,NEP10k_raw_r20250912_daily_mesozoo200_o2_so_no3_chlos_ssh_thetao_uo_vo_vollcello_2022.03.nc,NEP10k_raw_r20250912_daily_mesozoo200_o2_so_no3_chlos_ssh_thetao_uo_vo_vollcello_2022.03.nc
W22,CR,NA,4,4,3,2022-03-04,2022-03-04T17:11:28Z,-125.15639,46.17739,25.399,51.002,2022,3,131,134,-125.1402587890625,46.13576126098633,4.79275747304559,7.596342737752434,0,26.46474117786843,0,18.868398440115996,5,1024.3964314593682,8.414154052734375,8.414154052734375,31.41025161743164,1024.3964314593682,22,187.5,NEP10k_raw_r20250912_daily_mesozoo200_o2_so_no3_chlos_ssh_thetao_uo_vo_vollcello_2022.03.nc,NEP10k_raw_r20250912_daily_mesozoo200_o2_so_no3_chlos_ssh_thetao_uo_vo_vollcello_2022.03.nc
W22,CR,NA,4,1,4,2022-03-04,2022-03-04T17:16:28Z,-125.15752,46.18049,1.579,25,2022,3,131,134,-125.1402587890625,46.13576126098633,5.148233746965994,7.596342737752434,0,26.46474117786843,0,18.868398440115996,5,1024.3964314593682,8.414154052734375,8.414154052734375,31.41025161743164,1024.3964314593682,22,187.5,NEP10k_raw_r20250912_daily_mesozoo200_o2_so_no3_chlos_ssh_thetao_uo_vo_vollcello_2022.03.nc,NEP10k_raw_r20250912_daily_mesozoo200_o2_so_no3_chlos_ssh_thetao_uo_vo_vollcello_2022.03.nc
W22,CR,NA,4,4,4,2022-03-04,2022-03-04T17:16:28Z,-125.15752,46.18049,1.579,25,2022,3,131,134,-125.1402587890625,46.13576126098633,5.148233746965994,7.596342737752434,0,26.46474117786843,0,18.868398440115996,5,1024.3964314593682,8.414154052734375,8.414154052734375,31.41025161743164,1024.3964314593682,22,187.5,NEP10k_raw_r20250912_daily_mesozoo200_o2_so_no3_chlos_ssh_thetao_uo_vo_vollcello_2022.03.nc,NEP10k_raw_r20250912_daily_mesozoo200_o2_so_no3_chlos_ssh_thetao_uo_vo_vollcello_2022.03.nc
W22,CR,NA,3,1,0,2022-03-04,2022-03-04T20:23:33Z,-124.69777,46.16931,2.615,100.285,2022,3,130,137,-124.7281494140625,46.17433166503906,2.4050034056046137,2.5764604998885625,0,5.9027661493928365,0,3.326305649504274,5,1022.0920452310346,8.504746437072754,8.504746437072754,28.483726501464844,1022.0920452310346,22,187.5,NEP10k_raw_r20250912_daily_mesozoo200_o2_so_no3_chlos_ssh_thetao_uo_vo_vollcello_2022.03.nc,NEP10k_raw_r20250912_daily_mesozoo200_o2_so_no3_chlos_ssh_thetao_uo_vo_vollcello_2022.03.nc
W22,CR,NA,3,4,0,2022-03-04,2022-03-04T20:23:33Z,-124.69777,46.16931,2.615,100.285,2022,3,130,137,-124.7281494140625,46.17433166503906,2.4050034056046137,2.5764604998885625,0,5.9027661493928365,0,3.326305649504274,5,1022.0920452310346,8.504746437072754,8.504746437072754,28.483726501464844,1022.0920452310346,22,187.5,NEP10k_raw_r20250912_daily_mesozoo200_o2_so_no3_chlos_ssh_thetao_uo_vo_vollcello_2022.03.nc,NEP10k_raw_r20250912_daily_mesozoo200_o2_so_no3_chlos_ssh_thetao_uo_vo_vollcello_2022.03.nc
W22,CR,NA,3,1,1,2022-03-04,2022-03-04T20:34:31Z,-124.70321,46.17544,75.71,100,2022,3,130,137,-124.7281494140625,46.17433166503906,1.9242351668191526,2.5764604998885625,0,5.9027661493928365,0,3.326305649504274,5,1022.0920452310346,8.504746437072754,8.504746437072754,28.483726501464844,1022.0920452310346,22,187.5,NEP10k_raw_r20250912_daily_mesozoo200_o2_so_no3_chlos_ssh_thetao_uo_vo_vollcello_2022.03.nc,NEP10k_raw_r20250912_daily_mesozoo200_o2_so_no3_chlos_ssh_thetao_uo_vo_vollcello_2022.03.nc
W22,CR,NA,3,4,1,2022-03-04,2022-03-04T20:34:31Z,-124.70321,46.17544,75.71,100,2022,3,130,137,-124.7281494140625,46.17433166503906,1.9242351668191526,2.5764604998885625,0,5.9027661493928365,0,3.326305649504274,5,1022.0920452310346,8.504746437072754,8.504746437072754,28.483726501464844,1022.0920452310346,22,187.5,NEP10k_raw_r20250912_daily_mesozoo200_o2_so_no3_chlos_ssh_thetao_uo_vo_vollcello_2022.03.nc,NEP10k_raw_r20250912_daily_mesozoo200_o2_so_no3_chlos_ssh_thetao_uo_vo_vollcello_2022.03.nc
W22,CR,NA,3,1,2,2022-03-04,2022-03-04T20:40:24Z,-124.70562,46.17883,50.7,75.2,2022,3,130,137,-124.7281494140625,46.17433166503906,1.805341480196659,2.5764604998885625,0,5.9027661493928365,0,3.326305649504274,5,1022.0920452310346,8.504746437072754,8.504746437072754,28.483726501464844,1022.0920452310346,22,187.5,NEP10k_raw_r20250912_daily_mesozoo200_o2_so_no3_chlos_ssh_thetao_uo_vo_vollcello_2022.03.nc,NEP10k_raw_r20250912_daily_mesozoo200_o2_so_no3_chlos_ssh_thetao_uo_vo_vollcello_2022.03.nc
W22,CR,NA,3,4,2,2022-03-04,2022-03-04T20:40:24Z,-124.70562,46.17883,50.7,75.2,2022,3,130,137,-124.7281494140625,46.17433166503906,1.805341480196659,2.5764604998885625,0,5.9027661493928365,0,3.326305649504274,5,1022.0920452310346,8.504746437072754,8.504746437072754,28.483726501464844,1022.0920452310346,22,187.5,NEP10k_raw_r20250912_daily_mesozoo200_o2_so_no3_chlos_ssh_thetao_uo_vo_vollcello_2022.03.nc,NEP10k_raw_r20250912_daily_mesozoo200_o2_so_no3_chlos_ssh_thetao_uo_vo_vollcello_2022.03.nc
W22,CR,NA,3,1,3,2022-03-04,2022-03-04T20:46:09Z,-124.70786,46.18207,25.6,50,2022,3,130,137,-124.7281494140625,46.17433166503906,1.7834543258320037,2.5764604998885625,0,5.9027661493928365,0,3.326305649504274,5,1022.0920452310346,8.504746437072754,8.504746437072754,28.483726501464844,1022.0920452310346,22,187.5,NEP10k_raw_r20250912_daily_mesozoo200_o2_so_no3_chlos_ssh_thetao_uo_vo_vollcello_2022.03.nc,NEP10k_raw_r20250912_daily_mesozoo200_o2_so_no3_chlos_ssh_thetao_uo_vo_vollcello_2022.03.nc
W22,CR,NA,3,4,3,2022-03-04,2022-03-04T20:46:09Z,-124.70786,46.18207,25.6,50,2022,3,130,137,-124.7281494140625,46.17433166503906,1.7834543258320037,2.5764604998885625,0,5.9027661493928365,0,3.326305649504274,5,1022.0920452310346,8.504746437072754,8.504746437072754,28.483726501464844,1022.0920452310346,22,187.5,NEP10k_raw_r20250912_daily_mesozoo200_o2_so_no3_chlos_ssh_thetao_uo_vo_vollcello_2022.03.nc,NEP10k_raw_r20250912_daily_mesozoo200_o2_so_no3_chlos_ssh_thetao_uo_vo_vollcello_2022.03.nc
W22,CR,NA,3,1,4,2022-03-04,2022-03-04T20:51:56Z,-124.71022,46.18535,1.6,25.217,2022,3,130,137,-124.7281494140625,46.17433166503906,1.8456947711610623,2.5764604998885625,0,5.9027661493928365,0,3.326305649504274,5,1022.0920452310346,8.504746437072754,8.504746437072754,28.483726501464844,1022.0920452310346,22,187.5,NEP10k_raw_r20250912_daily_mesozoo200_o2_so_no3_chlos_ssh_thetao_uo_vo_vollcello_2022.03.nc,NEP10k_raw_r20250912_daily_mesozoo200_o2_so_no3_chlos_ssh_thetao_uo_vo_vollcello_2022.03.nc
W22,CR,NA,3,4,4,2022-03-04,2022-03-04T20:51:56Z,-124.71022,46.18535,1.6,25.217,2022,3,130,137,-124.7281494140625,46.17433166503906,1.8456947711610623,2.5764604998885625,0,5.9027661493928365,0,3.326305649504274,5,1022.0920452310346,8.504746437072754,8.504746437072754,28.483726501464844,1022.0920452310346,22,187.5,NEP10k_raw_r20250912_daily_mesozoo200_o2_so_no3_chlos_ssh_thetao_uo_vo_vollcello_2022.03.nc,NEP10k_raw_r20250912_daily_mesozoo200_o2_so_no3_chlos_ssh_thetao_uo_vo_vollcello_2022.03.nc
W22,CR,NA,1,1,0,2022-03-05,2022-03-05T21:28:10Z,-124.11309,46.17017,3.753,25.288,2022,3,128,141,-124.13993835449219,46.16850280761719,2.0757723533232917,2.5288849517493355,0,28.158783959628906,0,25.62989900787957,5,1018.7354552237962,8.661922454833984,8.661922454833984,24.2174015045166,1018.7354552237962,10,47.5,NEP10k_raw_r20250912_daily_mesozoo200_o2_so_no3_chlos_ssh_thetao_uo_vo_vollcello_2022.03.nc,NEP10k_raw_r20250912_daily_mesozoo200_o2_so_no3_chlos_ssh_thetao_uo_vo_vollcello_2022.03.nc
W22,CR,NA,1,4,0,2022-03-05,2022-03-05T21:28:10Z,-124.11309,46.17017,3.753,25.288,2022,3,128,141,-124.13993835449219,46.16850280761719,2.0757723533232917,2.5288849517493355,0,28.158783959628906,0,25.62989900787957,5,1018.7354552237962,8.661922454833984,8.661922454833984,24.2174015045166,1018.7354552237962,10,47.5,NEP10k_raw_r20250912_daily_mesozoo200_o2_so_no3_chlos_ssh_thetao_uo_vo_vollcello_2022.03.nc,NEP10k_raw_r20250912_daily_mesozoo200_o2_so_no3_chlos_ssh_thetao_uo_vo_vollcello_2022.03.nc
W22,CR,NA,1,1,4,2022-03-05,2022-03-05T21:31:07Z,-124.11534,46.17031,2.1,29,2022,3,128,141,-124.13993835449219,46.16850280761719,1.904841581795492,2.5288849517493355,0,28.158783959628906,0,25.62989900787957,5,1018.7354552237962,8.661922454833984,8.661922454833984,24.2174015045166,1018.7354552237962,10,47.5,NEP10k_raw_r20250912_daily_mesozoo200_o2_so_no3_chlos_ssh_thetao_uo_vo_vollcello_2022.03.nc,NEP10k_raw_r20250912_daily_mesozoo200_o2_so_no3_chlos_ssh_thetao_uo_vo_vollcello_2022.03.nc
W22,CR,NA,1,4,4,2022-03-05,2022-03-05T21:31:07Z,-124.11534,46.17031,2.1,29,2022,3,128,141,-124.13993835449219,46.16850280761719,1.904841581795492,2.5288849517493355,0,28.158783959628906,0,25.62989900787957,5,1018.7354552237962,8.661922454833984,8.661922454833984,24.2174015045166,1018.7354552237962,10,47.5,NEP10k_raw_r20250912_daily_mesozoo200_o2_so_no3_chlos_ssh_thetao_uo_vo_vollcello_2022.03.nc,NEP10k_raw_r20250912_daily_mesozoo200_o2_so_no3_chlos_ssh_thetao_uo_vo_vollcello_2022.03.nc
W22,CR,NA,2,1,0,2022-03-05,2022-03-05T23:46:02Z,-124.30546,46.1689,3.4,100,2022,3,129,140,-124.31546020507812,46.211326599121094,4.78001334079302,2.540544855953857,0,5.310901809194213,0,2.7703569532403565,5,1020.0722958418783,8.459461212158203,8.459461212158203,25.893579483032227,1020.0722958418783,17,115,NEP10k_raw_r20250912_daily_mesozoo200_o2_so_no3_chlos_ssh_thetao_uo_vo_vollcello_2022.03.nc,NEP10k_raw_r20250912_daily_mesozoo200_o2_so_no3_chlos_ssh_thetao_uo_vo_vollcello_2022.03.nc
W22,CR,NA,2,4,0,2022-03-05,2022-03-05T23:46:02Z,-124.30546,46.1689,3.4,100,2022,3,129,140,-124.31546020507812,46.211326599121094,4.78001334079302,2.540544855953857,0,5.310901809194213,0,2.7703569532403565,5,1020.0722958418783,8.459461212158203,8.459461212158203,25.893579483032227,1020.0722958418783,17,115,NEP10k_raw_r20250912_daily_mesozoo200_o2_so_no3_chlos_ssh_thetao_uo_vo_vollcello_2022.03.nc,NEP10k_raw_r20250912_daily_mesozoo200_o2_so_no3_chlos_ssh_thetao_uo_vo_vollcello_2022.03.nc
W22,CR,NA,2,1,1,2022-03-05,2022-03-05T23:53:46Z,-124.30755,46.1714,77.5,101.5,2022,3,129,140,-124.31546020507812,46.211326599121094,4.481194586151953,2.540544855953857,0,5.310901809194213,0,2.7703569532403565,5,1020.0722958418783,8.459461212158203,8.459461212158203,25.893579483032227,1020.0722958418783,17,115,NEP10k_raw_r20250912_daily_mesozoo200_o2_so_no3_chlos_ssh_thetao_uo_vo_vollcello_2022.03.nc,NEP10k_raw_r20250912_daily_mesozoo200_o2_so_no3_chlos_ssh_thetao_uo_vo_vollcello_2022.03.nc
W22,CR,NA,2,4,1,2022-03-05,2022-03-05T23:53:46Z,-124.30755,46.1714,77.5,101.5,2022,3,129,140,-124.31546020507812,46.211326599121094,4.481194586151953,2.540544855953857,0,5.310901809194213,0,2.7703569532403565,5,1020.0722958418783,8.459461212158203,8.459461212158203,25.893579483032227,1020.0722958418783,17,115,NEP10k_raw_r20250912_daily_mesozoo200_o2_so_no3_chlos_ssh_thetao_uo_vo_vollcello_2022.03.nc,NEP10k_raw_r20250912_daily_mesozoo200_o2_so_no3_chlos_ssh_thetao_uo_vo_vollcello_2022.03.nc
W22,CR,NA,2,1,2,2022-03-05,2022-03-05T23:59:36Z,-124.30854,46.17293,46.565,77.3,2022,3,129,140,-124.31546020507812,46.211326599121094,4.30260764324028,2.540544855953857,0,5.310901809194213,0,2.7703569532403565,5,1020.0722958418783,8.459461212158203,8.459461212158203,25.893579483032227,1020.0722958418783,17,115,NEP10k_raw_r20250912_daily_mesozoo200_o2_so_no3_chlos_ssh_thetao_uo_vo_vollcello_2022.03.nc,NEP10k_raw_r20250912_daily_mesozoo200_o2_so_no3_chlos_ssh_thetao_uo_vo_vollcello_2022.03.nc
W22,CR,NA,2,4,2,2022-03-05,2022-03-05T23:59:36Z,-124.30854,46.17293,46.565,77.3,2022,3,129,140,-124.31546020507812,46.211326599121094,4.30260764324028,2.540544855953857,0,5.310901809194213,0,2.7703569532403565,5,1020.0722958418783,8.459461212158203,8.459461212158203,25.893579483032227,1020.0722958418783,17,115,NEP10k_raw_r20250912_daily_mesozoo200_o2_so_no3_chlos_ssh_thetao_uo_vo_vollcello_2022.03.nc,NEP10k_raw_r20250912_daily_mesozoo200_o2_so_no3_chlos_ssh_thetao_uo_vo_vollcello_2022.03.nc
W22,CR,NA,2,1,3,2022-03-05,2022-03-06T00:04:03Z,-124.30949,46.1741,24.7,45.5,2022,3,129,140,-124.31546020507812,46.211326599121094,4.1648394704298415,2.540544855953857,0,5.310901809194213,0,2.7703569532403565,5,1020.0722958418783,8.459461212158203,8.459461212158203,25.893579483032227,1020.0722958418783,17,115,NEP10k_raw_r20250912_daily_mesozoo200_o2_so_no3_chlos_ssh_thetao_uo_vo_vollcello_2022.03.nc,NEP10k_raw_r20250912_daily_mesozoo200_o2_so_no3_chlos_ssh_thetao_uo_vo_vollcello_2022.03.nc
W22,CR,NA,2,4,3,2022-03-05,2022-03-06T00:04:03Z,-124.30949,46.1741,24.7,45.5,2022,3,129,140,-124.31546020507812,46.211326599121094,4.1648394704298415,2.540544855953857,0,5.310901809194213,0,2.7703569532403565,5,1020.0722958418783,8.459461212158203,8.459461212158203,25.893579483032227,1020.0722958418783,17,115,NEP10k_raw_r20250912_daily_mesozoo200_o2_so_no3_chlos_ssh_thetao_uo_vo_vollcello_2022.03.nc,NEP10k_raw_r20250912_daily_mesozoo200_o2_so_no3_chlos_ssh_thetao_uo_vo_vollcello_2022.03.nc
W22,CR,NA,2,1,4,2022-03-05,2022-03-06T00:06:16Z,-124.31003,46.17476,1.7,26.4,2022,3,129,140,-124.31546020507812,46.211326599121094,4.087447329876826,2.540544855953857,0,5.310901809194213,0,2.7703569532403565,5,1020.0722958418783,8.459461212158203,8.459461212158203,25.893579483032227,1020.0722958418783,17,115,NEP10k_raw_r20250912_daily_mesozoo200_o2_so_no3_chlos_ssh_thetao_uo_vo_vollcello_2022.03.nc,NEP10k_raw_r20250912_daily_mesozoo200_o2_so_no3_chlos_ssh_thetao_uo_vo_vollcello_2022.03.nc
W22,CR,NA,2,4,4,2022-03-05,2022-03-06T00:06:16Z,-124.31003,46.17476,1.7,26.4,2022,3,129,140,-124.31546020507812,46.211326599121094,4.087447329876826,2.540544855953857,0,5.310901809194213,0,2.7703569532403565,5,1020.0722958418783,8.459461212158203,8.459461212158203,25.893579483032227,1020.0722958418783,17,115,NEP10k_raw_r20250912_daily_mesozoo200_o2_so_no3_chlos_ssh_thetao_uo_vo_vollcello_2022.03.nc,NEP10k_raw_r20250912_daily_mesozoo200_o2_so_no3_chlos_ssh_thetao_uo_vo_vollcello_2022.03.nc
W22,CM,NA,4,1,0,2022-03-07,2022-03-07T15:17:28Z,-125.04903,45.48063,2.1,102.4,2022,3,124,131,-125.08700561523438,45.44335174560547,5.094516524674184,3.0306740613154264,0,26.528171154485445,0,23.49749709317002,5,1024.1685188403258,8.47455883026123,8.47455883026123,31.1306095123291,1024.1685188403258,22,187.5,NEP10k_raw_r20250912_daily_mesozoo200_o2_so_no3_chlos_ssh_thetao_uo_vo_vollcello_2022.03.nc,NEP10k_raw_r20250912_daily_mesozoo200_o2_so_no3_chlos_ssh_thetao_uo_vo_vollcello_2022.03.nc
W22,CM,NA,4,4,0,2022-03-07,2022-03-07T15:17:28Z,-125.04903,45.48063,2.1,102.4,2022,3,124,131,-125.08700561523438,45.44335174560547,5.094516524674184,3.0306740613154264,0,26.528171154485445,0,23.49749709317002,5,1024.1685188403258,8.47455883026123,8.47455883026123,31.1306095123291,1024.1685188403258,22,187.5,NEP10k_raw_r20250912_daily_mesozoo200_o2_so_no3_chlos_ssh_thetao_uo_vo_vollcello_2022.03.nc,NEP10k_raw_r20250912_daily_mesozoo200_o2_so_no3_chlos_ssh_thetao_uo_vo_vollcello_2022.03.nc
W22,CM,NA,4,1,1,2022-03-07,2022-03-07T15:28:33Z,-125.05534,45.48589,74.8,102.532,2022,3,124,131,-125.08700561523438,45.44335174560547,5.335882698011542,3.0306740613154264,0,26.528171154485445,0,23.49749709317002,5,1024.1685188403258,8.47455883026123,8.47455883026123,31.1306095123291,1024.1685188403258,22,187.5,NEP10k_raw_r20250912_daily_mesozoo200_o2_so_no3_chlos_ssh_thetao_uo_vo_vollcello_2022.03.nc,NEP10k_raw_r20250912_daily_mesozoo200_o2_so_no3_chlos_ssh_thetao_uo_vo_vollcello_2022.03.nc
W22,CM,NA,4,1,2,2022-03-07,2022-03-07T15:34:42Z,-125.05876,45.48861,51.019,73.9,2022,3,124,131,-125.08700561523438,45.44335174560547,5.493444238133702,3.0306740613154264,0,26.528171154485445,0,23.49749709317002,5,1024.1685188403258,8.47455883026123,8.47455883026123,31.1306095123291,1024.1685188403258,22,187.5,NEP10k_raw_r20250912_daily_mesozoo200_o2_so_no3_chlos_ssh_thetao_uo_vo_vollcello_2022.03.nc,NEP10k_raw_r20250912_daily_mesozoo200_o2_so_no3_chlos_ssh_thetao_uo_vo_vollcello_2022.03.nc
W22,CM,NA,4,1,3,2022-03-07,2022-03-07T15:40:02Z,-125.06193,45.4912,24.906,50.941,2022,3,124,131,-125.08700561523438,45.44335174560547,5.66845601982951,3.0306740613154264,0,26.528171154485445,0,23.49749709317002,5,1024.1685188403258,8.47455883026123,8.47455883026123,31.1306095123291,1024.1685188403258,22,187.5,NEP10k_raw_r20250912_daily_mesozoo200_o2_so_no3_chlos_ssh_thetao_uo_vo_vollcello_2022.03.nc,NEP10k_raw_r20250912_daily_mesozoo200_o2_so_no3_chlos_ssh_thetao_uo_vo_vollcello_2022.03.nc
W22,CM,NA,4,1,4,2022-03-07,2022-03-07T15:45:56Z,-125.06532,45.49404,1.7,24.3,2022,3,124,131,-125.08700561523438,45.44335174560547,5.8844973833019125,3.0306740613154264,0,26.528171154485445,0,23.49749709317002,5,1024.1685188403258,8.47455883026123,8.47455883026123,31.1306095123291,1024.1685188403258,22,187.5,NEP10k_raw_r20250912_daily_mesozoo200_o2_so_no3_chlos_ssh_thetao_uo_vo_vollcello_2022.03.nc,NEP10k_raw_r20250912_daily_mesozoo200_o2_so_no3_chlos_ssh_thetao_uo_vo_vollcello_2022.03.nc
W22,CM,NA,3,1,0,2022-03-07,2022-03-07T18:45:15Z,-124.60679,45.47952,1.789,101.1,2022,3,123,134,-124.68032836914062,45.481693267822266,5.738464748709144,2.803919325605286,0,22.692021625914442,0,19.888102300309157,5,1023.8342366082319,8.537667274475098,8.537667274475098,30.71554946899414,1023.8342366082319,22,187.5,NEP10k_raw_r20250912_daily_mesozoo200_o2_so_no3_chlos_ssh_thetao_uo_vo_vollcello_2022.03.nc,NEP10k_raw_r20250912_daily_mesozoo200_o2_so_no3_chlos_ssh_thetao_uo_vo_vollcello_2022.03.nc
W22,CM,NA,3,4,0,2022-03-07,2022-03-07T18:45:15Z,-124.60679,45.47952,1.789,101.1,2022,3,123,134,-124.68032836914062,45.481693267822266,5.738464748709144,2.803919325605286,0,22.692021625914442,0,19.888102300309157,5,1023.8342366082319,8.537667274475098,8.537667274475098,30.71554946899414,1023.8342366082319,22,187.5,NEP10k_raw_r20250912_daily_mesozoo200_o2_so_no3_chlos_ssh_thetao_uo_vo_vollcello_2022.03.nc,NEP10k_raw_r20250912_daily_mesozoo200_o2_so_no3_chlos_ssh_thetao_uo_vo_vollcello_2022.03.nc
W22,CM,NA,3,1,1,2022-03-07,2022-03-07T18:57:39Z,-124.59484,45.47977,75.5,101.2,2022,3,123,135,-124.56350708007812,45.52143478393555,5.237095452127764,2.768537929446567,0,6.896526639301303,0,4.127988709854736,5,1023.6844011598414,8.533964157104492,8.533964157104492,30.523494720458984,1023.6844011598414,22,187.5,NEP10k_raw_r20250912_daily_mesozoo200_o2_so_no3_chlos_ssh_thetao_uo_vo_vollcello_2022.03.nc,NEP10k_raw_r20250912_daily_mesozoo200_o2_so_no3_chlos_ssh_thetao_uo_vo_vollcello_2022.03.nc
W22,CM,NA,3,1,2,2022-03-07,2022-03-07T19:06:34Z,-124.58664,45.47992,53.6,75.065,2022,3,123,135,-124.56350708007812,45.52143478393555,4.955811097114443,2.768537929446567,0,6.896526639301303,0,4.127988709854736,5,1023.6844011598414,8.533964157104492,8.533964157104492,30.523494720458984,1023.6844011598414,22,187.5,NEP10k_raw_r20250912_daily_mesozoo200_o2_so_no3_chlos_ssh_thetao_uo_vo_vollcello_2022.03.nc,NEP10k_raw_r20250912_daily_mesozoo200_o2_so_no3_chlos_ssh_thetao_uo_vo_vollcello_2022.03.nc
W22,CM,NA,3,1,3,2022-03-07,2022-03-07T19:12:10Z,-124.58118,45.47999,24.6,52.486,2022,3,123,135,-124.56350708007812,45.52143478393555,4.809880193856553,2.768537929446567,0,6.896526639301303,0,4.127988709854736,5,1023.6844011598414,8.533964157104492,8.533964157104492,30.523494720458984,1023.6844011598414,22,187.5,NEP10k_raw_r20250912_daily_mesozoo200_o2_so_no3_chlos_ssh_thetao_uo_vo_vollcello_2022.03.nc,NEP10k_raw_r20250912_daily_mesozoo200_o2_so_no3_chlos_ssh_thetao_uo_vo_vollcello_2022.03.nc
W22,CM,NA,3,1,4,2022-03-07,2022-03-07T19:18:08Z,-124.57521,45.48018,1.7,24.2,2022,3,123,135,-124.56350708007812,45.52143478393555,4.677117291602352,2.768537929446567,0,6.896526639301303,0,4.127988709854736,5,1023.6844011598414,8.533964157104492,8.533964157104492,30.523494720458984,1023.6844011598414,22,187.5,NEP10k_raw_r20250912_daily_mesozoo200_o2_so_no3_chlos_ssh_thetao_uo_vo_vollcello_2022.03.nc,NEP10k_raw_r20250912_daily_mesozoo200_o2_so_no3_chlos_ssh_thetao_uo_vo_vollcello_2022.03.nc
W22,CM,NA,2,1,0,2022-03-07,2022-03-07T21:46:25Z,-124.21645,45.4798,3.2,102.4,2022,3,121,137,-124.21699523925781,45.4364013671875,4.8258951681371345,2.7488904703125865,0,5.706105376449293,0,2.9572149061367066,5,1023.7021868852145,8.604233741760254,8.604233741760254,30.559324264526367,1023.7021868852145,19,135,NEP10k_raw_r20250912_daily_mesozoo200_o2_so_no3_chlos_ssh_thetao_uo_vo_vollcello_2022.03.nc,NEP10k_raw_r20250912_daily_mesozoo200_o2_so_no3_chlos_ssh_thetao_uo_vo_vollcello_2022.03.nc
W22,CM,NA,2,4,0,2022-03-07,2022-03-07T21:46:25Z,-124.21645,45.4798,3.2,102.4,2022,3,121,137,-124.21699523925781,45.4364013671875,4.8258951681371345,2.7488904703125865,0,5.706105376449293,0,2.9572149061367066,5,1023.7021868852145,8.604233741760254,8.604233741760254,30.559324264526367,1023.7021868852145,19,135,NEP10k_raw_r20250912_daily_mesozoo200_o2_so_no3_chlos_ssh_thetao_uo_vo_vollcello_2022.03.nc,NEP10k_raw_r20250912_daily_mesozoo200_o2_so_no3_chlos_ssh_thetao_uo_vo_vollcello_2022.03.nc
W22,CM,NA,2,1,1,2022-03-07,2022-03-07T21:54:54Z,-124.20972,45.47997,75.618,102.123,2022,3,121,137,-124.21699523925781,45.4364013671875,4.877728755182841,2.7488904703125865,0,5.706105376449293,0,2.9572149061367066,5,1023.7021868852145,8.604233741760254,8.604233741760254,30.559324264526367,1023.7021868852145,19,135,NEP10k_raw_r20250912_daily_mesozoo200_o2_so_no3_chlos_ssh_thetao_uo_vo_vollcello_2022.03.nc,NEP10k_raw_r20250912_daily_mesozoo200_o2_so_no3_chlos_ssh_thetao_uo_vo_vollcello_2022.03.nc
W22,CM,NA,2,4,1,2022-03-07,2022-03-07T21:54:54Z,-124.20972,45.47997,75.618,102.123,2022,3,121,137,-124.21699523925781,45.4364013671875,4.877728755182841,2.7488904703125865,0,5.706105376449293,0,2.9572149061367066,5,1023.7021868852145,8.604233741760254,8.604233741760254,30.559324264526367,1023.7021868852145,19,135,NEP10k_raw_r20250912_daily_mesozoo200_o2_so_no3_chlos_ssh_thetao_uo_vo_vollcello_2022.03.nc,NEP10k_raw_r20250912_daily_mesozoo200_o2_so_no3_chlos_ssh_thetao_uo_vo_vollcello_2022.03.nc
W22,CM,NA,2,1,2,2022-03-07,2022-03-07T22:01:14Z,-124.20485,45.48011,51.071,75.3,2022,3,121,137,-124.21699523925781,45.4364013671875,4.951631647694686,2.7488904703125865,0,5.706105376449293,0,2.9572149061367066,5,1023.7021868852145,8.604233741760254,8.604233741760254,30.559324264526367,1023.7021868852145,19,135,NEP10k_raw_r20250912_daily_mesozoo200_o2_so_no3_chlos_ssh_thetao_uo_vo_vollcello_2022.03.nc,NEP10k_raw_r20250912_daily_mesozoo200_o2_so_no3_chlos_ssh_thetao_uo_vo_vollcello_2022.03.nc
W22,CM,NA,2,4,2,2022-03-07,2022-03-07T22:01:14Z,-124.20485,45.48011,51.071,75.3,2022,3,121,137,-124.21699523925781,45.4364013671875,4.951631647694686,2.7488904703125865,0,5.706105376449293,0,2.9572149061367066,5,1023.7021868852145,8.604233741760254,8.604233741760254,30.559324264526367,1023.7021868852145,19,135,NEP10k_raw_r20250912_daily_mesozoo200_o2_so_no3_chlos_ssh_thetao_uo_vo_vollcello_2022.03.nc,NEP10k_raw_r20250912_daily_mesozoo200_o2_so_no3_chlos_ssh_thetao_uo_vo_vollcello_2022.03.nc
W22,CM,NA,2,1,3,2022-03-07,2022-03-07T22:06:00Z,-124.20126,45.48009,22.197,50.403,2022,3,121,137,-124.21699523925781,45.4364013671875,5.01058123032665,2.7488904703125865,0,5.706105376449293,0,2.9572149061367066,5,1023.7021868852145,8.604233741760254,8.604233741760254,30.559324264526367,1023.7021868852145,19,135,NEP10k_raw_r20250912_daily_mesozoo200_o2_so_no3_chlos_ssh_thetao_uo_vo_vollcello_2022.03.nc,NEP10k_raw_r20250912_daily_mesozoo200_o2_so_no3_chlos_ssh_thetao_uo_vo_vollcello_2022.03.nc
W22,CM,NA,2,4,3,2022-03-07,2022-03-07T22:06:00Z,-124.20126,45.48009,22.197,50.403,2022,3,121,137,-124.21699523925781,45.4364013671875,5.01058123032665,2.7488904703125865,0,5.706105376449293,0,2.9572149061367066,5,1023.7021868852145,8.604233741760254,8.604233741760254,30.559324264526367,1023.7021868852145,19,135,NEP10k_raw_r20250912_daily_mesozoo200_o2_so_no3_chlos_ssh_thetao_uo_vo_vollcello_2022.03.nc,NEP10k_raw_r20250912_daily_mesozoo200_o2_so_no3_chlos_ssh_thetao_uo_vo_vollcello_2022.03.nc
W22,CM,NA,2,1,4,2022-03-07,2022-03-07T22:10:59Z,-124.19733,45.48004,2.4,21.4,2022,3,121,137,-124.21699523925781,45.4364013671875,5.089034039181778,2.7488904703125865,0,5.706105376449293,0,2.9572149061367066,5,1023.7021868852145,8.604233741760254,8.604233741760254,30.559324264526367,1023.7021868852145,19,135,NEP10k_raw_r20250912_daily_mesozoo200_o2_so_no3_chlos_ssh_thetao_uo_vo_vollcello_2022.03.nc,NEP10k_raw_r20250912_daily_mesozoo200_o2_so_no3_chlos_ssh_thetao_uo_vo_vollcello_2022.03.nc
W22,CM,NA,2,4,4,2022-03-07,2022-03-07T22:10:59Z,-124.19733,45.48004,2.4,21.4,2022,3,121,137,-124.21699523925781,45.4364013671875,5.089034039181778,2.7488904703125865,0,5.706105376449293,0,2.9572149061367066,5,1023.7021868852145,8.604233741760254,8.604233741760254,30.559324264526367,1023.7021868852145,19,135,NEP10k_raw_r20250912_daily_mesozoo200_o2_so_no3_chlos_ssh_thetao_uo_vo_vollcello_2022.03.nc,NEP10k_raw_r20250912_daily_mesozoo200_o2_so_no3_chlos_ssh_thetao_uo_vo_vollcello_2022.03.nc
W22,CM,NA,1,1,0,2022-03-07,2022-03-08T00:25:55Z,-124.02081,45.47952,21.3,37.5,2022,3,121,139,-123.98268127441406,45.51472854614258,4.915178357886974,2.7289062577545287,0,7.4948364232227584,0,4.76593016546823,5,1023.8205029860636,8.714475631713867,8.714475631713867,30.73123550415039,1023.8205029860636,4,17.5,NEP10k_raw_r20250912_daily_mesozoo200_o2_so_no3_chlos_ssh_thetao_uo_vo_vollcello_2022.03.nc,NEP10k_raw_r20250912_daily_mesozoo200_o2_so_no3_chlos_ssh_thetao_uo_vo_vollcello_2022.03.nc
W22,CM,NA,1,4,0,2022-03-07,2022-03-08T00:25:55Z,-124.02081,45.47952,21.3,37.5,2022,3,121,139,-123.98268127441406,45.51472854614258,4.915178357886974,2.7289062577545287,0,7.4948364232227584,0,4.76593016546823,5,1023.8205029860636,8.714475631713867,8.714475631713867,30.73123550415039,1023.8205029860636,4,17.5,NEP10k_raw_r20250912_daily_mesozoo200_o2_so_no3_chlos_ssh_thetao_uo_vo_vollcello_2022.03.nc,NEP10k_raw_r20250912_daily_mesozoo200_o2_so_no3_chlos_ssh_thetao_uo_vo_vollcello_2022.03.nc
W22,CM,NA,1,1,3,2022-03-07,2022-03-08T00:27:36Z,-124.02073,45.48009,21.9,37.8,2022,3,121,139,-123.98268127441406,45.51472854614258,4.861029663064516,2.7289062577545287,0,7.4948364232227584,0,4.76593016546823,5,1023.8205029860636,8.714475631713867,8.714475631713867,30.73123550415039,1023.8205029860636,4,17.5,NEP10k_raw_r20250912_daily_mesozoo200_o2_so_no3_chlos_ssh_thetao_uo_vo_vollcello_2022.03.nc,NEP10k_raw_r20250912_daily_mesozoo200_o2_so_no3_chlos_ssh_thetao_uo_vo_vollcello_2022.03.nc
W22,CM,NA,1,4,3,2022-03-07,2022-03-08T00:27:36Z,-124.02073,45.48009,21.9,37.8,2022,3,121,139,-123.98268127441406,45.51472854614258,4.861029663064516,2.7289062577545287,0,7.4948364232227584,0,4.76593016546823,5,1023.8205029860636,8.714475631713867,8.714475631713867,30.73123550415039,1023.8205029860636,4,17.5,NEP10k_raw_r20250912_daily_mesozoo200_o2_so_no3_chlos_ssh_thetao_uo_vo_vollcello_2022.03.nc,NEP10k_raw_r20250912_daily_mesozoo200_o2_so_no3_chlos_ssh_thetao_uo_vo_vollcello_2022.03.nc
W22,CM,NA,1,1,4,2022-03-07,2022-03-08T00:29:59Z,-124.02067,45.48104,2.8,21.5,2022,3,121,139,-123.98268127441406,45.51472854614258,4.774847653426674,2.7289062577545287,0,7.4948364232227584,0,4.76593016546823,5,1023.8205029860636,8.714475631713867,8.714475631713867,30.73123550415039,1023.8205029860636,4,17.5,NEP10k_raw_r20250912_daily_mesozoo200_o2_so_no3_chlos_ssh_thetao_uo_vo_vollcello_2022.03.nc,NEP10k_raw_r20250912_daily_mesozoo200_o2_so_no3_chlos_ssh_thetao_uo_vo_vollcello_2022.03.nc
W22,CM,NA,1,4,4,2022-03-07,2022-03-08T00:29:59Z,-124.02067,45.48104,2.8,21.5,2022,3,121,139,-123.98268127441406,45.51472854614258,4.774847653426674,2.7289062577545287,0,7.4948364232227584,0,4.76593016546823,5,1023.8205029860636,8.714475631713867,8.714475631713867,30.73123550415039,1023.8205029860636,4,17.5,NEP10k_raw_r20250912_daily_mesozoo200_o2_so_no3_chlos_ssh_thetao_uo_vo_vollcello_2022.03.nc,NEP10k_raw_r20250912_daily_mesozoo200_o2_so_no3_chlos_ssh_thetao_uo_vo_vollcello_2022.03.nc
W22,NH,NA,4,1,0,2022-03-08,2022-03-08T16:20:08Z,-124.95835,44.65402,1.7,102.753,2022,3,116,128,-124.97869873046875,44.67002487182617,2.3994252448004865,15.205280578661823,0,70.76710256133146,0,55.561821982669635,5,1024.700832968622,8.697339057922363,8.697339057922363,31.852575302124023,1024.700832968622,22,187.5,NEP10k_raw_r20250912_daily_mesozoo200_o2_so_no3_chlos_ssh_thetao_uo_vo_vollcello_2022.03.nc,NEP10k_raw_r20250912_daily_mesozoo200_o2_so_no3_chlos_ssh_thetao_uo_vo_vollcello_2022.03.nc
W22,NH,NA,4,4,0,2022-03-08,2022-03-08T16:20:08Z,-124.95835,44.65402,1.7,102.753,2022,3,116,128,-124.97869873046875,44.67002487182617,2.3994252448004865,15.205280578661823,0,70.76710256133146,0,55.561821982669635,5,1024.700832968622,8.697339057922363,8.697339057922363,31.852575302124023,1024.700832968622,22,187.5,NEP10k_raw_r20250912_daily_mesozoo200_o2_so_no3_chlos_ssh_thetao_uo_vo_vollcello_2022.03.nc,NEP10k_raw_r20250912_daily_mesozoo200_o2_so_no3_chlos_ssh_thetao_uo_vo_vollcello_2022.03.nc
W22,NH,NA,4,1,1,2022-03-08,2022-03-08T16:31:22Z,-124.96549,44.65825,75.2,103.3,2022,3,116,128,-124.97869873046875,44.67002487182617,1.6749720809678927,15.205280578661823,0,70.76710256133146,0,55.561821982669635,5,1024.700832968622,8.697339057922363,8.697339057922363,31.852575302124023,1024.700832968622,22,187.5,NEP10k_raw_r20250912_daily_mesozoo200_o2_so_no3_chlos_ssh_thetao_uo_vo_vollcello_2022.03.nc,NEP10k_raw_r20250912_daily_mesozoo200_o2_so_no3_chlos_ssh_thetao_uo_vo_vollcello_2022.03.nc
W22,NH,NA,4,4,1,2022-03-08,2022-03-08T16:31:22Z,-124.96549,44.65825,75.2,103.3,2022,3,116,128,-124.97869873046875,44.67002487182617,1.6749720809678927,15.205280578661823,0,70.76710256133146,0,55.561821982669635,5,1024.700832968622,8.697339057922363,8.697339057922363,31.852575302124023,1024.700832968622,22,187.5,NEP10k_raw_r20250912_daily_mesozoo200_o2_so_no3_chlos_ssh_thetao_uo_vo_vollcello_2022.03.nc,NEP10k_raw_r20250912_daily_mesozoo200_o2_so_no3_chlos_ssh_thetao_uo_vo_vollcello_2022.03.nc
W22,NH,NA,4,1,2,2022-03-08,2022-03-08T16:37:35Z,-124.96933,44.66055,50.2,74.9,2022,3,116,128,-124.97869873046875,44.67002487182617,1.2880025453634865,15.205280578661823,0,70.76710256133146,0,55.561821982669635,5,1024.700832968622,8.697339057922363,8.697339057922363,31.852575302124023,1024.700832968622,22,187.5,NEP10k_raw_r20250912_daily_mesozoo200_o2_so_no3_chlos_ssh_thetao_uo_vo_vollcello_2022.03.nc,NEP10k_raw_r20250912_daily_mesozoo200_o2_so_no3_chlos_ssh_thetao_uo_vo_vollcello_2022.03.nc
W22,NH,NA,4,4,2,2022-03-08,2022-03-08T16:37:35Z,-124.96933,44.66055,50.2,74.9,2022,3,116,128,-124.97869873046875,44.67002487182617,1.2880025453634865,15.205280578661823,0,70.76710256133146,0,55.561821982669635,5,1024.700832968622,8.697339057922363,8.697339057922363,31.852575302124023,1024.700832968622,22,187.5,NEP10k_raw_r20250912_daily_mesozoo200_o2_so_no3_chlos_ssh_thetao_uo_vo_vollcello_2022.03.nc,NEP10k_raw_r20250912_daily_mesozoo200_o2_so_no3_chlos_ssh_thetao_uo_vo_vollcello_2022.03.nc
W22,NH,NA,4,1,3,2022-03-08,2022-03-08T16:43:25Z,-124.97288,44.6627,24.7,49.6,2022,3,116,128,-124.97869873046875,44.67002487182617,0.9354904601300684,15.205280578661823,0,70.76710256133146,0,55.561821982669635,5,1024.700832968622,8.697339057922363,8.697339057922363,31.852575302124023,1024.700832968622,22,187.5,NEP10k_raw_r20250912_daily_mesozoo200_o2_so_no3_chlos_ssh_thetao_uo_vo_vollcello_2022.03.nc,NEP10k_raw_r20250912_daily_mesozoo200_o2_so_no3_chlos_ssh_thetao_uo_vo_vollcello_2022.03.nc
W22,NH,NA,4,4,3,2022-03-08,2022-03-08T16:43:25Z,-124.97288,44.6627,24.7,49.6,2022,3,116,128,-124.97869873046875,44.67002487182617,0.9354904601300684,15.205280578661823,0,70.76710256133146,0,55.561821982669635,5,1024.700832968622,8.697339057922363,8.697339057922363,31.852575302124023,1024.700832968622,22,187.5,NEP10k_raw_r20250912_daily_mesozoo200_o2_so_no3_chlos_ssh_thetao_uo_vo_vollcello_2022.03.nc,NEP10k_raw_r20250912_daily_mesozoo200_o2_so_no3_chlos_ssh_thetao_uo_vo_vollcello_2022.03.nc
W22,NH,NA,4,1,4,2022-03-08,2022-03-08T16:47:23Z,-124.97578,44.66398,1.6,23.9,2022,3,116,128,-124.97869873046875,44.67002487182617,0.7106867796154999,15.205280578661823,0,70.76710256133146,0,55.561821982669635,5,1024.700832968622,8.697339057922363,8.697339057922363,31.852575302124023,1024.700832968622,22,187.5,NEP10k_raw_r20250912_daily_mesozoo200_o2_so_no3_chlos_ssh_thetao_uo_vo_vollcello_2022.03.nc,NEP10k_raw_r20250912_daily_mesozoo200_o2_so_no3_chlos_ssh_thetao_uo_vo_vollcello_2022.03.nc
W22,NH,NA,4,4,4,2022-03-08,2022-03-08T16:47:23Z,-124.97578,44.66398,1.6,23.9,2022,3,116,128,-124.97869873046875,44.67002487182617,0.7106867796154999,15.205280578661823,0,70.76710256133146,0,55.561821982669635,5,1024.700832968622,8.697339057922363,8.697339057922363,31.852575302124023,1024.700832968622,22,187.5,NEP10k_raw_r20250912_daily_mesozoo200_o2_so_no3_chlos_ssh_thetao_uo_vo_vollcello_2022.03.nc,NEP10k_raw_r20250912_daily_mesozoo200_o2_so_no3_chlos_ssh_thetao_uo_vo_vollcello_2022.03.nc
W22,NH,NA,5,1,0,2022-03-08,2022-03-08T19:39:05Z,-125.39584,44.65,1.8,101.2,2022,3,117,125,-125.37890625,44.63059997558594,2.539379192872354,20.796601022154558,0,33.124708534455316,0,12.328107512300758,5,1024.7833817670783,8.296056747436523,8.296056747436523,31.88194465637207,1024.7833817670783,22,187.5,NEP10k_raw_r20250912_daily_mesozoo200_o2_so_no3_chlos_ssh_thetao_uo_vo_vollcello_2022.03.nc,NEP10k_raw_r20250912_daily_mesozoo200_o2_so_no3_chlos_ssh_thetao_uo_vo_vollcello_2022.03.nc
W22,NH,NA,5,4,0,2022-03-08,2022-03-08T19:39:05Z,-125.39584,44.65,1.8,101.2,2022,3,117,125,-125.37890625,44.63059997558594,2.539379192872354,20.796601022154558,0,33.124708534455316,0,12.328107512300758,5,1024.7833817670783,8.296056747436523,8.296056747436523,31.88194465637207,1024.7833817670783,22,187.5,NEP10k_raw_r20250912_daily_mesozoo200_o2_so_no3_chlos_ssh_thetao_uo_vo_vollcello_2022.03.nc,NEP10k_raw_r20250912_daily_mesozoo200_o2_so_no3_chlos_ssh_thetao_uo_vo_vollcello_2022.03.nc
W22,NH,NA,5,1,1,2022-03-08,2022-03-08T19:51:00Z,-125.4053,44.65187,72.9,101.2,2022,3,117,125,-125.37890625,44.63059997558594,3.1550585434820992,20.796601022154558,0,33.124708534455316,0,12.328107512300758,5,1024.7833817670783,8.296056747436523,8.296056747436523,31.88194465637207,1024.7833817670783,22,187.5,NEP10k_raw_r20250912_daily_mesozoo200_o2_so_no3_chlos_ssh_thetao_uo_vo_vollcello_2022.03.nc,NEP10k_raw_r20250912_daily_mesozoo200_o2_so_no3_chlos_ssh_thetao_uo_vo_vollcello_2022.03.nc
W22,NH,NA,5,4,1,2022-03-08,2022-03-08T19:51:00Z,-125.4053,44.65187,72.9,101.2,2022,3,117,125,-125.37890625,44.63059997558594,3.1550585434820992,20.796601022154558,0,33.124708534455316,0,12.328107512300758,5,1024.7833817670783,8.296056747436523,8.296056747436523,31.88194465637207,1024.7833817670783,22,187.5,NEP10k_raw_r20250912_daily_mesozoo200_o2_so_no3_chlos_ssh_thetao_uo_vo_vollcello_2022.03.nc,NEP10k_raw_r20250912_daily_mesozoo200_o2_so_no3_chlos_ssh_thetao_uo_vo_vollcello_2022.03.nc
W22,NH,NA,5,1,2,2022-03-08,2022-03-08T19:59:55Z,-125.4126,44.65191,49.2,72,2022,3,117,125,-125.37890625,44.63059997558594,3.566670746947531,20.796601022154558,0,33.124708534455316,0,12.328107512300758,5,1024.7833817670783,8.296056747436523,8.296056747436523,31.88194465637207,1024.7833817670783,22,187.5,NEP10k_raw_r20250912_daily_mesozoo200_o2_so_no3_chlos_ssh_thetao_uo_vo_vollcello_2022.03.nc,NEP10k_raw_r20250912_daily_mesozoo200_o2_so_no3_chlos_ssh_thetao_uo_vo_vollcello_2022.03.nc
W22,NH,NA,5,4,2,2022-03-08,2022-03-08T19:59:55Z,-125.4126,44.65191,49.2,72,2022,3,117,125,-125.37890625,44.63059997558594,3.566670746947531,20.796601022154558,0,33.124708534455316,0,12.328107512300758,5,1024.7833817670783,8.296056747436523,8.296056747436523,31.88194465637207,1024.7833817670783,22,187.5,NEP10k_raw_r20250912_daily_mesozoo200_o2_so_no3_chlos_ssh_thetao_uo_vo_vollcello_2022.03.nc,NEP10k_raw_r20250912_daily_mesozoo200_o2_so_no3_chlos_ssh_thetao_uo_vo_vollcello_2022.03.nc
W22,NH,NA,5,1,3,2022-03-08,2022-03-08T20:06:24Z,-125.4176,44.65214,23.691,48.412,2022,3,117,125,-125.37890625,44.63059997558594,3.8869696043809867,20.796601022154558,0,33.124708534455316,0,12.328107512300758,5,1024.7833817670783,8.296056747436523,8.296056747436523,31.88194465637207,1024.7833817670783,22,187.5,NEP10k_raw_r20250912_daily_mesozoo200_o2_so_no3_chlos_ssh_thetao_uo_vo_vollcello_2022.03.nc,NEP10k_raw_r20250912_daily_mesozoo200_o2_so_no3_chlos_ssh_thetao_uo_vo_vollcello_2022.03.nc
W22,NH,NA,5,4,3,2022-03-08,2022-03-08T20:06:24Z,-125.4176,44.65214,23.691,48.412,2022,3,117,125,-125.37890625,44.63059997558594,3.8869696043809867,20.796601022154558,0,33.124708534455316,0,12.328107512300758,5,1024.7833817670783,8.296056747436523,8.296056747436523,31.88194465637207,1024.7833817670783,22,187.5,NEP10k_raw_r20250912_daily_mesozoo200_o2_so_no3_chlos_ssh_thetao_uo_vo_vollcello_2022.03.nc,NEP10k_raw_r20250912_daily_mesozoo200_o2_so_no3_chlos_ssh_thetao_uo_vo_vollcello_2022.03.nc
W22,NH,NA,5,1,4,2022-03-08,2022-03-08T20:11:23Z,-125.42141,44.6525,0,23.5,2022,3,117,125,-125.37890625,44.63059997558594,4.151901864680303,20.796601022154558,0,33.124708534455316,0,12.328107512300758,5,1024.7833817670783,8.296056747436523,8.296056747436523,31.88194465637207,1024.7833817670783,22,187.5,NEP10k_raw_r20250912_daily_mesozoo200_o2_so_no3_chlos_ssh_thetao_uo_vo_vollcello_2022.03.nc,NEP10k_raw_r20250912_daily_mesozoo200_o2_so_no3_chlos_ssh_thetao_uo_vo_vollcello_2022.03.nc
W22,NH,NA,5,4,4,2022-03-08,2022-03-08T20:11:23Z,-125.42141,44.6525,0,23.5,2022,3,117,125,-125.37890625,44.63059997558594,4.151901864680303,20.796601022154558,0,33.124708534455316,0,12.328107512300758,5,1024.7833817670783,8.296056747436523,8.296056747436523,31.88194465637207,1024.7833817670783,22,187.5,NEP10k_raw_r20250912_daily_mesozoo200_o2_so_no3_chlos_ssh_thetao_uo_vo_vollcello_2022.03.nc,NEP10k_raw_r20250912_daily_mesozoo200_o2_so_no3_chlos_ssh_thetao_uo_vo_vollcello_2022.03.nc
W22,NH,NA,6,1,0,2022-03-08,2022-03-08T22:48:27Z,-125.80769,44.65039,1.8,101,2022,3,119,122,-125.83612060546875,44.670772552490234,3.192643018449359,20.220703884466587,0,38.43497242297162,0,18.21426853850503,5,1024.8183664121432,8.234637260437012,8.234637260437012,31.915136337280273,1024.8183664121432,22,187.5,NEP10k_raw_r20250912_daily_mesozoo200_o2_so_no3_chlos_ssh_thetao_uo_vo_vollcello_2022.03.nc,NEP10k_raw_r20250912_daily_mesozoo200_o2_so_no3_chlos_ssh_thetao_uo_vo_vollcello_2022.03.nc
W22,NH,NA,6,4,0,2022-03-08,2022-03-08T22:48:27Z,-125.80769,44.65039,1.8,101,2022,3,119,122,-125.83612060546875,44.670772552490234,3.192643018449359,20.220703884466587,0,38.43497242297162,0,18.21426853850503,5,1024.8183664121432,8.234637260437012,8.234637260437012,31.915136337280273,1024.8183664121432,22,187.5,NEP10k_raw_r20250912_daily_mesozoo200_o2_so_no3_chlos_ssh_thetao_uo_vo_vollcello_2022.03.nc,NEP10k_raw_r20250912_daily_mesozoo200_o2_so_no3_chlos_ssh_thetao_uo_vo_vollcello_2022.03.nc
W22,NH,NA,6,1,1,2022-03-08,2022-03-08T22:56:51Z,-125.81185,44.65356,73.5,99.7,2022,3,119,122,-125.83612060546875,44.670772552490234,2.710685808349694,20.220703884466587,0,38.43497242297162,0,18.21426853850503,5,1024.8183664121432,8.234637260437012,8.234637260437012,31.915136337280273,1024.8183664121432,22,187.5,NEP10k_raw_r20250912_daily_mesozoo200_o2_so_no3_chlos_ssh_thetao_uo_vo_vollcello_2022.03.nc,NEP10k_raw_r20250912_daily_mesozoo200_o2_so_no3_chlos_ssh_thetao_uo_vo_vollcello_2022.03.nc
W22,NH,NA,6,4,1,2022-03-08,2022-03-08T22:56:51Z,-125.81185,44.65356,73.5,99.7,2022,3,119,122,-125.83612060546875,44.670772552490234,2.710685808349694,20.220703884466587,0,38.43497242297162,0,18.21426853850503,5,1024.8183664121432,8.234637260437012,8.234637260437012,31.915136337280273,1024.8183664121432,22,187.5,NEP10k_raw_r20250912_daily_mesozoo200_o2_so_no3_chlos_ssh_thetao_uo_vo_vollcello_2022.03.nc,NEP10k_raw_r20250912_daily_mesozoo200_o2_so_no3_chlos_ssh_thetao_uo_vo_vollcello_2022.03.nc
W22,NH,NA,6,1,2,2022-03-08,2022-03-08T23:00:30Z,-125.81425,44.65523,51.001,73.497,2022,3,119,122,-125.83612060546875,44.670772552490234,2.4451406105880147,20.220703884466587,0,38.43497242297162,0,18.21426853850503,5,1024.8183664121432,8.234637260437012,8.234637260437012,31.915136337280273,1024.8183664121432,22,187.5,NEP10k_raw_r20250912_daily_mesozoo200_o2_so_no3_chlos_ssh_thetao_uo_vo_vollcello_2022.03.nc,NEP10k_raw_r20250912_daily_mesozoo200_o2_so_no3_chlos_ssh_thetao_uo_vo_vollcello_2022.03.nc
W22,NH,NA,6,4,2,2022-03-08,2022-03-08T23:00:30Z,-125.81425,44.65523,51.001,73.497,2022,3,119,122,-125.83612060546875,44.670772552490234,2.4451406105880147,20.220703884466587,0,38.43497242297162,0,18.21426853850503,5,1024.8183664121432,8.234637260437012,8.234637260437012,31.915136337280273,1024.8183664121432,22,187.5,NEP10k_raw_r20250912_daily_mesozoo200_o2_so_no3_chlos_ssh_thetao_uo_vo_vollcello_2022.03.nc,NEP10k_raw_r20250912_daily_mesozoo200_o2_so_no3_chlos_ssh_thetao_uo_vo_vollcello_2022.03.nc
W22,NH,NA,6,1,3,2022-03-08,2022-03-08T23:04:41Z,-125.81693,44.65712,23.8,50.4,2022,3,119,122,-125.83612060546875,44.670772552490234,2.1466434827090795,20.220703884466587,0,38.43497242297162,0,18.21426853850503,5,1024.8183664121432,8.234637260437012,8.234637260437012,31.915136337280273,1024.8183664121432,22,187.5,NEP10k_raw_r20250912_daily_mesozoo200_o2_so_no3_chlos_ssh_thetao_uo_vo_vollcello_2022.03.nc,NEP10k_raw_r20250912_daily_mesozoo200_o2_so_no3_chlos_ssh_thetao_uo_vo_vollcello_2022.03.nc
W22,NH,NA,6,4,3,2022-03-08,2022-03-08T23:04:41Z,-125.81693,44.65712,23.8,50.4,2022,3,119,122,-125.83612060546875,44.670772552490234,2.1466434827090795,20.220703884466587,0,38.43497242297162,0,18.21426853850503,5,1024.8183664121432,8.234637260437012,8.234637260437012,31.915136337280273,1024.8183664121432,22,187.5,NEP10k_raw_r20250912_daily_mesozoo200_o2_so_no3_chlos_ssh_thetao_uo_vo_vollcello_2022.03.nc,NEP10k_raw_r20250912_daily_mesozoo200_o2_so_no3_chlos_ssh_thetao_uo_vo_vollcello_2022.03.nc
W22,NH,NA,6,1,4,2022-03-08,2022-03-08T23:10:15Z,-125.82063,44.65975,2.7,23.4,2022,3,119,122,-125.83612060546875,44.670772552490234,1.732922072724323,20.220703884466587,0,38.43497242297162,0,18.21426853850503,5,1024.8183664121432,8.234637260437012,8.234637260437012,31.915136337280273,1024.8183664121432,22,187.5,NEP10k_raw_r20250912_daily_mesozoo200_o2_so_no3_chlos_ssh_thetao_uo_vo_vollcello_2022.03.nc,NEP10k_raw_r20250912_daily_mesozoo200_o2_so_no3_chlos_ssh_thetao_uo_vo_vollcello_2022.03.nc
W22,NH,NA,6,4,4,2022-03-08,2022-03-08T23:10:15Z,-125.82063,44.65975,2.7,23.4,2022,3,119,122,-125.83612060546875,44.670772552490234,1.732922072724323,20.220703884466587,0,38.43497242297162,0,18.21426853850503,5,1024.8183664121432,8.234637260437012,8.234637260437012,31.915136337280273,1024.8183664121432,22,187.5,NEP10k_raw_r20250912_daily_mesozoo200_o2_so_no3_chlos_ssh_thetao_uo_vo_vollcello_2022.03.nc,NEP10k_raw_r20250912_daily_mesozoo200_o2_so_no3_chlos_ssh_thetao_uo_vo_vollcello_2022.03.nc
W22,NH,NA,1,1,0,2022-03-09,2022-03-09T15:24:50Z,-124.12764,44.65037,1.6,38.1,2022,3,113,134,-124.12141418457031,44.66225051879883,1.4098517713319356,6.029012467061877,0,42.5,1,36.470987532938125,5,1024.621977811094,8.94088363647461,8.94088363647461,31.799053192138672,1024.621977811094,9,42.5,NEP10k_raw_r20250912_daily_mesozoo200_o2_so_no3_chlos_ssh_thetao_uo_vo_vollcello_2022.03.nc,NEP10k_raw_r20250912_daily_mesozoo200_o2_so_no3_chlos_ssh_thetao_uo_vo_vollcello_2022.03.nc
W22,NH,NA,1,4,0,2022-03-09,2022-03-09T15:24:50Z,-124.12764,44.65037,1.6,38.1,2022,3,113,134,-124.12141418457031,44.66225051879883,1.4098517713319356,6.029012467061877,0,42.5,1,36.470987532938125,5,1024.621977811094,8.94088363647461,8.94088363647461,31.799053192138672,1024.621977811094,9,42.5,NEP10k_raw_r20250912_daily_mesozoo200_o2_so_no3_chlos_ssh_thetao_uo_vo_vollcello_2022.03.nc,NEP10k_raw_r20250912_daily_mesozoo200_o2_so_no3_chlos_ssh_thetao_uo_vo_vollcello_2022.03.nc
W22,NH,NA,1,1,3,2022-03-09,2022-03-09T15:30:22Z,-124.13144,44.65198,25.7,37.8,2022,3,113,134,-124.12141418457031,44.66225051879883,1.3903526990895254,6.029012467061877,0,42.5,1,36.470987532938125,5,1024.621977811094,8.94088363647461,8.94088363647461,31.799053192138672,1024.621977811094,9,42.5,NEP10k_raw_r20250912_daily_mesozoo200_o2_so_no3_chlos_ssh_thetao_uo_vo_vollcello_2022.03.nc,NEP10k_raw_r20250912_daily_mesozoo200_o2_so_no3_chlos_ssh_thetao_uo_vo_vollcello_2022.03.nc
W22,NH,NA,1,4,3,2022-03-09,2022-03-09T15:30:22Z,-124.13144,44.65198,25.7,37.8,2022,3,113,134,-124.12141418457031,44.66225051879883,1.3903526990895254,6.029012467061877,0,42.5,1,36.470987532938125,5,1024.621977811094,8.94088363647461,8.94088363647461,31.799053192138672,1024.621977811094,9,42.5,NEP10k_raw_r20250912_daily_mesozoo200_o2_so_no3_chlos_ssh_thetao_uo_vo_vollcello_2022.03.nc,NEP10k_raw_r20250912_daily_mesozoo200_o2_so_no3_chlos_ssh_thetao_uo_vo_vollcello_2022.03.nc
W22,NH,NA,1,1,4,2022-03-09,2022-03-09T15:32:24Z,-124.13284,44.65261,1.5,25.3,2022,3,113,134,-124.12141418457031,44.66225051879883,1.4020915822958326,6.029012467061877,0,42.5,1,36.470987532938125,5,1024.621977811094,8.94088363647461,8.94088363647461,31.799053192138672,1024.621977811094,9,42.5,NEP10k_raw_r20250912_daily_mesozoo200_o2_so_no3_chlos_ssh_thetao_uo_vo_vollcello_2022.03.nc,NEP10k_raw_r20250912_daily_mesozoo200_o2_so_no3_chlos_ssh_thetao_uo_vo_vollcello_2022.03.nc
W22,NH,NA,1,4,4,2022-03-09,2022-03-09T15:32:24Z,-124.13284,44.65261,1.5,25.3,2022,3,113,134,-124.12141418457031,44.66225051879883,1.4020915822958326,6.029012467061877,0,42.5,1,36.470987532938125,5,1024.621977811094,8.94088363647461,8.94088363647461,31.799053192138672,1024.621977811094,9,42.5,NEP10k_raw_r20250912_daily_mesozoo200_o2_so_no3_chlos_ssh_thetao_uo_vo_vollcello_2022.03.nc,NEP10k_raw_r20250912_daily_mesozoo200_o2_so_no3_chlos_ssh_thetao_uo_vo_vollcello_2022.03.nc
W22,NH,NA,2,1,0,2022-03-09,2022-03-09T17:35:32Z,-124.31671,44.64656,1.7,75.1,2022,3,114,133,-124.29193115234375,44.705013275146484,6.788589299270696,8.445072871637194,0,72.92146089372444,0,64.47638802208725,5,1024.5897314257857,8.898187637329102,8.898187637329102,31.7495059967041,1024.5897314257857,14,85,NEP10k_raw_r20250912_daily_mesozoo200_o2_so_no3_chlos_ssh_thetao_uo_vo_vollcello_2022.03.nc,NEP10k_raw_r20250912_daily_mesozoo200_o2_so_no3_chlos_ssh_thetao_uo_vo_vollcello_2022.03.nc
W22,NH,NA,2,4,0,2022-03-09,2022-03-09T17:35:32Z,-124.31671,44.64656,1.7,75.1,2022,3,114,133,-124.29193115234375,44.705013275146484,6.788589299270696,8.445072871637194,0,72.92146089372444,0,64.47638802208725,5,1024.5897314257857,8.898187637329102,8.898187637329102,31.7495059967041,1024.5897314257857,14,85,NEP10k_raw_r20250912_daily_mesozoo200_o2_so_no3_chlos_ssh_thetao_uo_vo_vollcello_2022.03.nc,NEP10k_raw_r20250912_daily_mesozoo200_o2_so_no3_chlos_ssh_thetao_uo_vo_vollcello_2022.03.nc
W22,NH,NA,2,1,2,2022-03-09,2022-03-09T17:41:25Z,-124.31605,44.64784,50.2,75.7,2022,3,114,133,-124.29193115234375,44.705013275146484,6.637254735048936,8.445072871637194,0,72.92146089372444,0,64.47638802208725,5,1024.5897314257857,8.898187637329102,8.898187637329102,31.7495059967041,1024.5897314257857,14,85,NEP10k_raw_r20250912_daily_mesozoo200_o2_so_no3_chlos_ssh_thetao_uo_vo_vollcello_2022.03.nc,NEP10k_raw_r20250912_daily_mesozoo200_o2_so_no3_chlos_ssh_thetao_uo_vo_vollcello_2022.03.nc
W22,NH,NA,2,4,2,2022-03-09,2022-03-09T17:41:25Z,-124.31605,44.64784,50.2,75.7,2022,3,114,133,-124.29193115234375,44.705013275146484,6.637254735048936,8.445072871637194,0,72.92146089372444,0,64.47638802208725,5,1024.5897314257857,8.898187637329102,8.898187637329102,31.7495059967041,1024.5897314257857,14,85,NEP10k_raw_r20250912_daily_mesozoo200_o2_so_no3_chlos_ssh_thetao_uo_vo_vollcello_2022.03.nc,NEP10k_raw_r20250912_daily_mesozoo200_o2_so_no3_chlos_ssh_thetao_uo_vo_vollcello_2022.03.nc
W22,NH,NA,2,1,3,2022-03-09,2022-03-09T17:46:45Z,-124.31565,44.64938,21.133,49.734,2022,3,114,133,-124.29193115234375,44.705013275146484,6.464168226618193,8.445072871637194,0,72.92146089372444,0,64.47638802208725,5,1024.5897314257857,8.898187637329102,8.898187637329102,31.7495059967041,1024.5897314257857,14,85,NEP10k_raw_r20250912_daily_mesozoo200_o2_so_no3_chlos_ssh_thetao_uo_vo_vollcello_2022.03.nc,NEP10k_raw_r20250912_daily_mesozoo200_o2_so_no3_chlos_ssh_thetao_uo_vo_vollcello_2022.03.nc
W22,NH,NA,2,4,3,2022-03-09,2022-03-09T17:46:45Z,-124.31565,44.64938,21.133,49.734,2022,3,114,133,-124.29193115234375,44.705013275146484,6.464168226618193,8.445072871637194,0,72.92146089372444,0,64.47638802208725,5,1024.5897314257857,8.898187637329102,8.898187637329102,31.7495059967041,1024.5897314257857,14,85,NEP10k_raw_r20250912_daily_mesozoo200_o2_so_no3_chlos_ssh_thetao_uo_vo_vollcello_2022.03.nc,NEP10k_raw_r20250912_daily_mesozoo200_o2_so_no3_chlos_ssh_thetao_uo_vo_vollcello_2022.03.nc
W22,NH,NA,2,1,4,2022-03-09,2022-03-09T17:49:32Z,-124.31514,44.65048,1.597,21.803,2022,3,114,133,-124.29193115234375,44.705013275146484,6.3354111657079395,8.445072871637194,0,72.92146089372444,0,64.47638802208725,5,1024.5897314257857,8.898187637329102,8.898187637329102,31.7495059967041,1024.5897314257857,14,85,NEP10k_raw_r20250912_daily_mesozoo200_o2_so_no3_chlos_ssh_thetao_uo_vo_vollcello_2022.03.nc,NEP10k_raw_r20250912_daily_mesozoo200_o2_so_no3_chlos_ssh_thetao_uo_vo_vollcello_2022.03.nc
W22,NH,NA,2,4,4,2022-03-09,2022-03-09T17:49:32Z,-124.31514,44.65048,1.597,21.803,2022,3,114,133,-124.29193115234375,44.705013275146484,6.3354111657079395,8.445072871637194,0,72.92146089372444,0,64.47638802208725,5,1024.5897314257857,8.898187637329102,8.898187637329102,31.7495059967041,1024.5897314257857,14,85,NEP10k_raw_r20250912_daily_mesozoo200_o2_so_no3_chlos_ssh_thetao_uo_vo_vollcello_2022.03.nc,NEP10k_raw_r20250912_daily_mesozoo200_o2_so_no3_chlos_ssh_thetao_uo_vo_vollcello_2022.03.nc
W22,NH,NA,3,1,0,2022-03-09,2022-03-09T19:49:11Z,-124.5677,44.64362,1.619,102.362,2022,3,114,131,-124.52220153808594,44.62610626220703,4.093088262399506,11.69738833111485,0,83.10589944783493,0,71.40851111672008,5,1024.6695861237629,9.024158477783203,9.024158477783203,31.87625503540039,1024.6695861237629,19,135,NEP10k_raw_r20250912_daily_mesozoo200_o2_so_no3_chlos_ssh_thetao_uo_vo_vollcello_2022.03.nc,NEP10k_raw_r20250912_daily_mesozoo200_o2_so_no3_chlos_ssh_thetao_uo_vo_vollcello_2022.03.nc
W22,NH,NA,3,4,0,2022-03-09,2022-03-09T19:49:11Z,-124.5677,44.64362,1.619,102.362,2022,3,114,131,-124.52220153808594,44.62610626220703,4.093088262399506,11.69738833111485,0,83.10589944783493,0,71.40851111672008,5,1024.6695861237629,9.024158477783203,9.024158477783203,31.87625503540039,1024.6695861237629,19,135,NEP10k_raw_r20250912_daily_mesozoo200_o2_so_no3_chlos_ssh_thetao_uo_vo_vollcello_2022.03.nc,NEP10k_raw_r20250912_daily_mesozoo200_o2_so_no3_chlos_ssh_thetao_uo_vo_vollcello_2022.03.nc
W22,NH,NA,3,1,1,2022-03-09,2022-03-09T19:58:41Z,-124.5664,44.64753,74.23,105.985,2022,3,114,131,-124.52220153808594,44.62610626220703,4.231417517713593,11.69738833111485,0,83.10589944783493,0,71.40851111672008,5,1024.6695861237629,9.024158477783203,9.024158477783203,31.87625503540039,1024.6695861237629,19,135,NEP10k_raw_r20250912_daily_mesozoo200_o2_so_no3_chlos_ssh_thetao_uo_vo_vollcello_2022.03.nc,NEP10k_raw_r20250912_daily_mesozoo200_o2_so_no3_chlos_ssh_thetao_uo_vo_vollcello_2022.03.nc
W22,NH,NA,3,4,1,2022-03-09,2022-03-09T19:58:41Z,-124.5664,44.64753,74.23,105.985,2022,3,114,131,-124.52220153808594,44.62610626220703,4.231417517713593,11.69738833111485,0,83.10589944783493,0,71.40851111672008,5,1024.6695861237629,9.024158477783203,9.024158477783203,31.87625503540039,1024.6695861237629,19,135,NEP10k_raw_r20250912_daily_mesozoo200_o2_so_no3_chlos_ssh_thetao_uo_vo_vollcello_2022.03.nc,NEP10k_raw_r20250912_daily_mesozoo200_o2_so_no3_chlos_ssh_thetao_uo_vo_vollcello_2022.03.nc
W22,NH,NA,3,1,2,2022-03-09,2022-03-09T20:04:39Z,-124.5655,44.64959,49.5,73.6,2022,3,114,131,-124.52220153808594,44.62610626220703,4.307585554411115,11.69738833111485,0,83.10589944783493,0,71.40851111672008,5,1024.6695861237629,9.024158477783203,9.024158477783203,31.87625503540039,1024.6695861237629,19,135,NEP10k_raw_r20250912_daily_mesozoo200_o2_so_no3_chlos_ssh_thetao_uo_vo_vollcello_2022.03.nc,NEP10k_raw_r20250912_daily_mesozoo200_o2_so_no3_chlos_ssh_thetao_uo_vo_vollcello_2022.03.nc
W22,NH,NA,3,4,2,2022-03-09,2022-03-09T20:04:39Z,-124.5655,44.64959,49.5,73.6,2022,3,114,131,-124.52220153808594,44.62610626220703,4.307585554411115,11.69738833111485,0,83.10589944783493,0,71.40851111672008,5,1024.6695861237629,9.024158477783203,9.024158477783203,31.87625503540039,1024.6695861237629,19,135,NEP10k_raw_r20250912_daily_mesozoo200_o2_so_no3_chlos_ssh_thetao_uo_vo_vollcello_2022.03.nc,NEP10k_raw_r20250912_daily_mesozoo200_o2_so_no3_chlos_ssh_thetao_uo_vo_vollcello_2022.03.nc
W22,NH,NA,3,1,3,2022-03-09,2022-03-09T20:08:32Z,-124.56499,44.65101,25.307,48.886,2022,3,114,131,-124.52220153808594,44.62610626220703,4.373752709282813,11.69738833111485,0,83.10589944783493,0,71.40851111672008,5,1024.6695861237629,9.024158477783203,9.024158477783203,31.87625503540039,1024.6695861237629,19,135,NEP10k_raw_r20250912_daily_mesozoo200_o2_so_no3_chlos_ssh_thetao_uo_vo_vollcello_2022.03.nc,NEP10k_raw_r20250912_daily_mesozoo200_o2_so_no3_chlos_ssh_thetao_uo_vo_vollcello_2022.03.nc
W22,NH,NA,3,4,3,2022-03-09,2022-03-09T20:08:32Z,-124.56499,44.65101,25.307,48.886,2022,3,114,131,-124.52220153808594,44.62610626220703,4.373752709282813,11.69738833111485,0,83.10589944783493,0,71.40851111672008,5,1024.6695861237629,9.024158477783203,9.024158477783203,31.87625503540039,1024.6695861237629,19,135,NEP10k_raw_r20250912_daily_mesozoo200_o2_so_no3_chlos_ssh_thetao_uo_vo_vollcello_2022.03.nc,NEP10k_raw_r20250912_daily_mesozoo200_o2_so_no3_chlos_ssh_thetao_uo_vo_vollcello_2022.03.nc
W22,NH,NA,3,1,4,2022-03-09,2022-03-09T20:12:46Z,-124.56441,44.6525,1.5,24.94,2022,3,114,131,-124.52220153808594,44.62610626220703,4.4458808313397205,11.69738833111485,0,83.10589944783493,0,71.40851111672008,5,1024.6695861237629,9.024158477783203,9.024158477783203,31.87625503540039,1024.6695861237629,19,135,NEP10k_raw_r20250912_daily_mesozoo200_o2_so_no3_chlos_ssh_thetao_uo_vo_vollcello_2022.03.nc,NEP10k_raw_r20250912_daily_mesozoo200_o2_so_no3_chlos_ssh_thetao_uo_vo_vollcello_2022.03.nc
W22,NH,NA,3,4,4,2022-03-09,2022-03-09T20:12:46Z,-124.56441,44.6525,1.5,24.94,2022,3,114,131,-124.52220153808594,44.62610626220703,4.4458808313397205,11.69738833111485,0,83.10589944783493,0,71.40851111672008,5,1024.6695861237629,9.024158477783203,9.024158477783203,31.87625503540039,1024.6695861237629,19,135,NEP10k_raw_r20250912_daily_mesozoo200_o2_so_no3_chlos_ssh_thetao_uo_vo_vollcello_2022.03.nc,NEP10k_raw_r20250912_daily_mesozoo200_o2_so_no3_chlos_ssh_thetao_uo_vo_vollcello_2022.03.nc
W22,HH,NA,4,1,0,2022-03-10,2022-03-10T15:11:54Z,-125.18788,43.98539,1.6,102.1,2022,3,110,123,-125.21109008789062,43.980262756347656,1.942586530423318,27.74702232007175,0,89.31465063089456,0,61.56762831082281,5,1024.915026603563,8.911833763122559,8.911833763122559,32.167869567871094,1024.915026603563,22,187.5,NEP10k_raw_r20250912_daily_mesozoo200_o2_so_no3_chlos_ssh_thetao_uo_vo_vollcello_2022.03.nc,NEP10k_raw_r20250912_daily_mesozoo200_o2_so_no3_chlos_ssh_thetao_uo_vo_vollcello_2022.03.nc
W22,HH,NA,4,4,0,2022-03-10,2022-03-10T15:11:54Z,-125.18788,43.98539,1.6,102.1,2022,3,110,123,-125.21109008789062,43.980262756347656,1.942586530423318,27.74702232007175,0,89.31465063089456,0,61.56762831082281,5,1024.915026603563,8.911833763122559,8.911833763122559,32.167869567871094,1024.915026603563,22,187.5,NEP10k_raw_r20250912_daily_mesozoo200_o2_so_no3_chlos_ssh_thetao_uo_vo_vollcello_2022.03.nc,NEP10k_raw_r20250912_daily_mesozoo200_o2_so_no3_chlos_ssh_thetao_uo_vo_vollcello_2022.03.nc
W22,HH,NA,4,1,1,2022-03-10,2022-03-10T15:21:30Z,-125.18347,43.98996,75.9,102.7,2022,3,110,123,-125.21109008789062,43.980262756347656,2.458844299847332,27.74702232007175,0,89.31465063089456,0,61.56762831082281,5,1024.915026603563,8.911833763122559,8.911833763122559,32.167869567871094,1024.915026603563,22,187.5,NEP10k_raw_r20250912_daily_mesozoo200_o2_so_no3_chlos_ssh_thetao_uo_vo_vollcello_2022.03.nc,NEP10k_raw_r20250912_daily_mesozoo200_o2_so_no3_chlos_ssh_thetao_uo_vo_vollcello_2022.03.nc
W22,HH,NA,4,4,1,2022-03-10,2022-03-10T15:21:30Z,-125.18347,43.98996,75.9,102.7,2022,3,110,123,-125.21109008789062,43.980262756347656,2.458844299847332,27.74702232007175,0,89.31465063089456,0,61.56762831082281,5,1024.915026603563,8.911833763122559,8.911833763122559,32.167869567871094,1024.915026603563,22,187.5,NEP10k_raw_r20250912_daily_mesozoo200_o2_so_no3_chlos_ssh_thetao_uo_vo_vollcello_2022.03.nc,NEP10k_raw_r20250912_daily_mesozoo200_o2_so_no3_chlos_ssh_thetao_uo_vo_vollcello_2022.03.nc
W22,HH,NA,4,1,2,2022-03-10,2022-03-10T15:27:09Z,-125.18089,43.99256,49.9,76.1,2022,3,110,123,-125.21109008789062,43.980262756347656,2.7762591555512044,27.74702232007175,0,89.31465063089456,0,61.56762831082281,5,1024.915026603563,8.911833763122559,8.911833763122559,32.167869567871094,1024.915026603563,22,187.5,NEP10k_raw_r20250912_daily_mesozoo200_o2_so_no3_chlos_ssh_thetao_uo_vo_vollcello_2022.03.nc,NEP10k_raw_r20250912_daily_mesozoo200_o2_so_no3_chlos_ssh_thetao_uo_vo_vollcello_2022.03.nc
W22,HH,NA,4,4,2,2022-03-10,2022-03-10T15:27:09Z,-125.18089,43.99256,49.9,76.1,2022,3,110,123,-125.21109008789062,43.980262756347656,2.7762591555512044,27.74702232007175,0,89.31465063089456,0,61.56762831082281,5,1024.915026603563,8.911833763122559,8.911833763122559,32.167869567871094,1024.915026603563,22,187.5,NEP10k_raw_r20250912_daily_mesozoo200_o2_so_no3_chlos_ssh_thetao_uo_vo_vollcello_2022.03.nc,NEP10k_raw_r20250912_daily_mesozoo200_o2_so_no3_chlos_ssh_thetao_uo_vo_vollcello_2022.03.nc
W22,HH,NA,4,1,3,2022-03-10,2022-03-10T15:32:38Z,-125.17846,43.99524,24.9,49.8,2022,3,110,123,-125.21109008789062,43.980262756347656,3.0965056845231675,27.74702232007175,0,89.31465063089456,0,61.56762831082281,5,1024.915026603563,8.911833763122559,8.911833763122559,32.167869567871094,1024.915026603563,22,187.5,NEP10k_raw_r20250912_daily_mesozoo200_o2_so_no3_chlos_ssh_thetao_uo_vo_vollcello_2022.03.nc,NEP10k_raw_r20250912_daily_mesozoo200_o2_so_no3_chlos_ssh_thetao_uo_vo_vollcello_2022.03.nc
W22,HH,NA,4,4,3,2022-03-10,2022-03-10T15:32:38Z,-125.17846,43.99524,24.9,49.8,2022,3,110,123,-125.21109008789062,43.980262756347656,3.0965056845231675,27.74702232007175,0,89.31465063089456,0,61.56762831082281,5,1024.915026603563,8.911833763122559,8.911833763122559,32.167869567871094,1024.915026603563,22,187.5,NEP10k_raw_r20250912_daily_mesozoo200_o2_so_no3_chlos_ssh_thetao_uo_vo_vollcello_2022.03.nc,NEP10k_raw_r20250912_daily_mesozoo200_o2_so_no3_chlos_ssh_thetao_uo_vo_vollcello_2022.03.nc
W22,HH,NA,4,1,4,2022-03-10,2022-03-10T15:38:13Z,-125.1759,43.99791,3,24.566,2022,3,110,123,-125.21109008789062,43.980262756347656,3.4316577827780432,27.74702232007175,0,89.31465063089456,0,61.56762831082281,5,1024.915026603563,8.911833763122559,8.911833763122559,32.167869567871094,1024.915026603563,22,187.5,NEP10k_raw_r20250912_daily_mesozoo200_o2_so_no3_chlos_ssh_thetao_uo_vo_vollcello_2022.03.nc,NEP10k_raw_r20250912_daily_mesozoo200_o2_so_no3_chlos_ssh_thetao_uo_vo_vollcello_2022.03.nc
W22,HH,NA,4,4,4,2022-03-10,2022-03-10T15:38:13Z,-125.1759,43.99791,3,24.566,2022,3,110,123,-125.21109008789062,43.980262756347656,3.4316577827780432,27.74702232007175,0,89.31465063089456,0,61.56762831082281,5,1024.915026603563,8.911833763122559,8.911833763122559,32.167869567871094,1024.915026603563,22,187.5,NEP10k_raw_r20250912_daily_mesozoo200_o2_so_no3_chlos_ssh_thetao_uo_vo_vollcello_2022.03.nc,NEP10k_raw_r20250912_daily_mesozoo200_o2_so_no3_chlos_ssh_thetao_uo_vo_vollcello_2022.03.nc
W22,HH,NA,3,1,0,2022-03-10,2022-03-10T18:27:10Z,-124.75461,43.98918,1.7,101.3,2022,3,108,126,-124.76028442382812,43.93742370605469,5.7729295906720175,37.32302807311984,0,79.13358988030384,0,41.810561807184,5,1024.9576303843814,9.133295059204102,9.133295059204102,32.26616287231445,1024.9576303843814,21,162.5,NEP10k_raw_r20250912_daily_mesozoo200_o2_so_no3_chlos_ssh_thetao_uo_vo_vollcello_2022.03.nc,NEP10k_raw_r20250912_daily_mesozoo200_o2_so_no3_chlos_ssh_thetao_uo_vo_vollcello_2022.03.nc
W22,HH,NA,3,4,0,2022-03-10,2022-03-10T18:27:10Z,-124.75461,43.98918,1.7,101.3,2022,3,108,126,-124.76028442382812,43.93742370605469,5.7729295906720175,37.32302807311984,0,79.13358988030384,0,41.810561807184,5,1024.9576303843814,9.133295059204102,9.133295059204102,32.26616287231445,1024.9576303843814,21,162.5,NEP10k_raw_r20250912_daily_mesozoo200_o2_so_no3_chlos_ssh_thetao_uo_vo_vollcello_2022.03.nc,NEP10k_raw_r20250912_daily_mesozoo200_o2_so_no3_chlos_ssh_thetao_uo_vo_vollcello_2022.03.nc
W22,HH,NA,3,1,1,2022-03-10,2022-03-10T18:38:25Z,-124.74447,43.98937,73.5,101,2022,3,108,126,-124.76028442382812,43.93742370605469,5.913217402503356,37.32302807311984,0,79.13358988030384,0,41.810561807184,5,1024.9576303843814,9.133295059204102,9.133295059204102,32.26616287231445,1024.9576303843814,21,162.5,NEP10k_raw_r20250912_daily_mesozoo200_o2_so_no3_chlos_ssh_thetao_uo_vo_vollcello_2022.03.nc,NEP10k_raw_r20250912_daily_mesozoo200_o2_so_no3_chlos_ssh_thetao_uo_vo_vollcello_2022.03.nc
W22,HH,NA,3,4,1,2022-03-10,2022-03-10T18:38:25Z,-124.74447,43.98937,73.5,101,2022,3,108,126,-124.76028442382812,43.93742370605469,5.913217402503356,37.32302807311984,0,79.13358988030384,0,41.810561807184,5,1024.9576303843814,9.133295059204102,9.133295059204102,32.26616287231445,1024.9576303843814,21,162.5,NEP10k_raw_r20250912_daily_mesozoo200_o2_so_no3_chlos_ssh_thetao_uo_vo_vollcello_2022.03.nc,NEP10k_raw_r20250912_daily_mesozoo200_o2_so_no3_chlos_ssh_thetao_uo_vo_vollcello_2022.03.nc
W22,HH,NA,3,1,2,2022-03-10,2022-03-10T18:45:16Z,-124.73857,43.98945,49.1,72,2022,3,108,126,-124.76028442382812,43.93742370605469,6.040476300820621,37.32302807311984,0,79.13358988030384,0,41.810561807184,5,1024.9576303843814,9.133295059204102,9.133295059204102,32.26616287231445,1024.9576303843814,21,162.5,NEP10k_raw_r20250912_daily_mesozoo200_o2_so_no3_chlos_ssh_thetao_uo_vo_vollcello_2022.03.nc,NEP10k_raw_r20250912_daily_mesozoo200_o2_so_no3_chlos_ssh_thetao_uo_vo_vollcello_2022.03.nc
W22,HH,NA,3,4,2,2022-03-10,2022-03-10T18:45:16Z,-124.73857,43.98945,49.1,72,2022,3,108,126,-124.76028442382812,43.93742370605469,6.040476300820621,37.32302807311984,0,79.13358988030384,0,41.810561807184,5,1024.9576303843814,9.133295059204102,9.133295059204102,32.26616287231445,1024.9576303843814,21,162.5,NEP10k_raw_r20250912_daily_mesozoo200_o2_so_no3_chlos_ssh_thetao_uo_vo_vollcello_2022.03.nc,NEP10k_raw_r20250912_daily_mesozoo200_o2_so_no3_chlos_ssh_thetao_uo_vo_vollcello_2022.03.nc
W22,HH,NA,3,1,3,2022-03-10,2022-03-10T18:49:26Z,-124.73487,43.98935,24.6,48.3,2022,3,108,126,-124.76028442382812,43.93742370605469,6.121752367812195,37.32302807311984,0,79.13358988030384,0,41.810561807184,5,1024.9576303843814,9.133295059204102,9.133295059204102,32.26616287231445,1024.9576303843814,21,162.5,NEP10k_raw_r20250912_daily_mesozoo200_o2_so_no3_chlos_ssh_thetao_uo_vo_vollcello_2022.03.nc,NEP10k_raw_r20250912_daily_mesozoo200_o2_so_no3_chlos_ssh_thetao_uo_vo_vollcello_2022.03.nc
W22,HH,NA,3,4,3,2022-03-10,2022-03-10T18:49:26Z,-124.73487,43.98935,24.6,48.3,2022,3,108,126,-124.76028442382812,43.93742370605469,6.121752367812195,37.32302807311984,0,79.13358988030384,0,41.810561807184,5,1024.9576303843814,9.133295059204102,9.133295059204102,32.26616287231445,1024.9576303843814,21,162.5,NEP10k_raw_r20250912_daily_mesozoo200_o2_so_no3_chlos_ssh_thetao_uo_vo_vollcello_2022.03.nc,NEP10k_raw_r20250912_daily_mesozoo200_o2_so_no3_chlos_ssh_thetao_uo_vo_vollcello_2022.03.nc
W22,HH,NA,3,1,4,2022-03-10,2022-03-10T18:56:12Z,-124.72879,43.98921,4.3,33.7,2022,3,108,126,-124.76028442382812,43.93742370605469,6.285919626456569,37.32302807311984,0,79.13358988030384,0,41.810561807184,5,1024.9576303843814,9.133295059204102,9.133295059204102,32.26616287231445,1024.9576303843814,21,162.5,NEP10k_raw_r20250912_daily_mesozoo200_o2_so_no3_chlos_ssh_thetao_uo_vo_vollcello_2022.03.nc,NEP10k_raw_r20250912_daily_mesozoo200_o2_so_no3_chlos_ssh_thetao_uo_vo_vollcello_2022.03.nc
W22,HH,NA,3,4,4,2022-03-10,2022-03-10T18:56:12Z,-124.72879,43.98921,4.3,33.7,2022,3,108,126,-124.76028442382812,43.93742370605469,6.285919626456569,37.32302807311984,0,79.13358988030384,0,41.810561807184,5,1024.9576303843814,9.133295059204102,9.133295059204102,32.26616287231445,1024.9576303843814,21,162.5,NEP10k_raw_r20250912_daily_mesozoo200_o2_so_no3_chlos_ssh_thetao_uo_vo_vollcello_2022.03.nc,NEP10k_raw_r20250912_daily_mesozoo200_o2_so_no3_chlos_ssh_thetao_uo_vo_vollcello_2022.03.nc
W22,HH,NA,2,1,0,2022-03-10,2022-03-10T21:34:47Z,-124.37133,43.98497,1.7,101,2022,3,107,129,-124.36480712890625,43.97444534301758,1.2813971200487737,10.178354144647512,0,71.69906234783812,0,61.52070820319061,5,1024.8737174721055,9.088813781738281,9.088813781738281,32.15001678466797,1024.8737174721055,17,115,NEP10k_raw_r20250912_daily_mesozoo200_o2_so_no3_chlos_ssh_thetao_uo_vo_vollcello_2022.03.nc,NEP10k_raw_r20250912_daily_mesozoo200_o2_so_no3_chlos_ssh_thetao_uo_vo_vollcello_2022.03.nc
W22,HH,NA,2,4,0,2022-03-10,2022-03-10T21:34:47Z,-124.37133,43.98497,1.7,101,2022,3,107,129,-124.36480712890625,43.97444534301758,1.2813971200487737,10.178354144647512,0,71.69906234783812,0,61.52070820319061,5,1024.8737174721055,9.088813781738281,9.088813781738281,32.15001678466797,1024.8737174721055,17,115,NEP10k_raw_r20250912_daily_mesozoo200_o2_so_no3_chlos_ssh_thetao_uo_vo_vollcello_2022.03.nc,NEP10k_raw_r20250912_daily_mesozoo200_o2_so_no3_chlos_ssh_thetao_uo_vo_vollcello_2022.03.nc
W22,HH,NA,2,1,1,2022-03-10,2022-03-10T21:43:34Z,-124.37118,43.98921,74.5,99.8,2022,3,107,129,-124.36480712890625,43.97444534301758,1.7191160248922115,10.178354144647512,0,71.69906234783812,0,61.52070820319061,5,1024.8737174721055,9.088813781738281,9.088813781738281,32.15001678466797,1024.8737174721055,17,115,NEP10k_raw_r20250912_daily_mesozoo200_o2_so_no3_chlos_ssh_thetao_uo_vo_vollcello_2022.03.nc,NEP10k_raw_r20250912_daily_mesozoo200_o2_so_no3_chlos_ssh_thetao_uo_vo_vollcello_2022.03.nc
W22,HH,NA,2,4,1,2022-03-10,2022-03-10T21:43:34Z,-124.37118,43.98921,74.5,99.8,2022,3,107,129,-124.36480712890625,43.97444534301758,1.7191160248922115,10.178354144647512,0,71.69906234783812,0,61.52070820319061,5,1024.8737174721055,9.088813781738281,9.088813781738281,32.15001678466797,1024.8737174721055,17,115,NEP10k_raw_r20250912_daily_mesozoo200_o2_so_no3_chlos_ssh_thetao_uo_vo_vollcello_2022.03.nc,NEP10k_raw_r20250912_daily_mesozoo200_o2_so_no3_chlos_ssh_thetao_uo_vo_vollcello_2022.03.nc
W22,HH,NA,2,1,2,2022-03-10,2022-03-10T21:49:08Z,-124.37069,43.99172,49.805,73.695,2022,3,107,129,-124.36480712890625,43.97444534301758,1.9776822672757632,10.178354144647512,0,71.69906234783812,0,61.52070820319061,5,1024.8737174721055,9.088813781738281,9.088813781738281,32.15001678466797,1024.8737174721055,17,115,NEP10k_raw_r20250912_daily_mesozoo200_o2_so_no3_chlos_ssh_thetao_uo_vo_vollcello_2022.03.nc,NEP10k_raw_r20250912_daily_mesozoo200_o2_so_no3_chlos_ssh_thetao_uo_vo_vollcello_2022.03.nc
W22,HH,NA,2,4,2,2022-03-10,2022-03-10T21:49:08Z,-124.37069,43.99172,49.805,73.695,2022,3,107,129,-124.36480712890625,43.97444534301758,1.9776822672757632,10.178354144647512,0,71.69906234783812,0,61.52070820319061,5,1024.8737174721055,9.088813781738281,9.088813781738281,32.15001678466797,1024.8737174721055,17,115,NEP10k_raw_r20250912_daily_mesozoo200_o2_so_no3_chlos_ssh_thetao_uo_vo_vollcello_2022.03.nc,NEP10k_raw_r20250912_daily_mesozoo200_o2_so_no3_chlos_ssh_thetao_uo_vo_vollcello_2022.03.nc
W22,HH,NA,2,1,3,2022-03-10,2022-03-10T21:53:21Z,-124.37044,43.99363,24.8,49.299,2022,3,107,129,-124.36480712890625,43.97444534301758,2.18032293404038,10.178354144647512,0,71.69906234783812,0,61.52070820319061,5,1024.8737174721055,9.088813781738281,9.088813781738281,32.15001678466797,1024.8737174721055,17,115,NEP10k_raw_r20250912_daily_mesozoo200_o2_so_no3_chlos_ssh_thetao_uo_vo_vollcello_2022.03.nc,NEP10k_raw_r20250912_daily_mesozoo200_o2_so_no3_chlos_ssh_thetao_uo_vo_vollcello_2022.03.nc
W22,HH,NA,2,4,3,2022-03-10,2022-03-10T21:53:21Z,-124.37044,43.99363,24.8,49.299,2022,3,107,129,-124.36480712890625,43.97444534301758,2.18032293404038,10.178354144647512,0,71.69906234783812,0,61.52070820319061,5,1024.8737174721055,9.088813781738281,9.088813781738281,32.15001678466797,1024.8737174721055,17,115,NEP10k_raw_r20250912_daily_mesozoo200_o2_so_no3_chlos_ssh_thetao_uo_vo_vollcello_2022.03.nc,NEP10k_raw_r20250912_daily_mesozoo200_o2_so_no3_chlos_ssh_thetao_uo_vo_vollcello_2022.03.nc
W22,HH,NA,2,1,4,2022-03-10,2022-03-10T21:57:32Z,-124.37021,43.99552,2.5,24.3,2022,3,107,129,-124.36480712890625,43.97444534301758,2.382930099239731,10.178354144647512,0,71.69906234783812,0,61.52070820319061,5,1024.8737174721055,9.088813781738281,9.088813781738281,32.15001678466797,1024.8737174721055,17,115,NEP10k_raw_r20250912_daily_mesozoo200_o2_so_no3_chlos_ssh_thetao_uo_vo_vollcello_2022.03.nc,NEP10k_raw_r20250912_daily_mesozoo200_o2_so_no3_chlos_ssh_thetao_uo_vo_vollcello_2022.03.nc
W22,HH,NA,2,4,4,2022-03-10,2022-03-10T21:57:32Z,-124.37021,43.99552,2.5,24.3,2022,3,107,129,-124.36480712890625,43.97444534301758,2.382930099239731,10.178354144647512,0,71.69906234783812,0,61.52070820319061,5,1024.8737174721055,9.088813781738281,9.088813781738281,32.15001678466797,1024.8737174721055,17,115,NEP10k_raw_r20250912_daily_mesozoo200_o2_so_no3_chlos_ssh_thetao_uo_vo_vollcello_2022.03.nc,NEP10k_raw_r20250912_daily_mesozoo200_o2_so_no3_chlos_ssh_thetao_uo_vo_vollcello_2022.03.nc
W22,HH,NA,1,1,0,2022-03-10,2022-03-10T23:57:22Z,-124.1823,43.98927,1.7,34.8,2022,3,107,130,-124.25103759765625,44.01374053955078,6.134453090713016,3.7884085891909174,0,66.64813506604392,0,62.859726476853005,5,1024.751322146755,9.080766677856445,9.080766677856445,31.99193572998047,1024.751322146755,13,75,NEP10k_raw_r20250912_daily_mesozoo200_o2_so_no3_chlos_ssh_thetao_uo_vo_vollcello_2022.03.nc,NEP10k_raw_r20250912_daily_mesozoo200_o2_so_no3_chlos_ssh_thetao_uo_vo_vollcello_2022.03.nc
W22,HH,NA,1,4,0,2022-03-10,2022-03-10T23:57:22Z,-124.1823,43.98927,1.7,34.8,2022,3,107,130,-124.25103759765625,44.01374053955078,6.134453090713016,3.7884085891909174,0,66.64813506604392,0,62.859726476853005,5,1024.751322146755,9.080766677856445,9.080766677856445,31.99193572998047,1024.751322146755,13,75,NEP10k_raw_r20250912_daily_mesozoo200_o2_so_no3_chlos_ssh_thetao_uo_vo_vollcello_2022.03.nc,NEP10k_raw_r20250912_daily_mesozoo200_o2_so_no3_chlos_ssh_thetao_uo_vo_vollcello_2022.03.nc
W22,HH,NA,1,1,3,2022-03-10,2022-03-11T00:01:57Z,-124.1842,43.98597,26.5,34.8,2022,3,106,130,-124.19656372070312,43.931854248046875,6.098230596674704,4.482324479554417,0,42.5,1,38.017675520445586,5,1024.815535582606,9.10893726348877,9.10893726348877,32.079627990722656,1024.815535582606,9,42.5,NEP10k_raw_r20250912_daily_mesozoo200_o2_so_no3_chlos_ssh_thetao_uo_vo_vollcello_2022.03.nc,NEP10k_raw_r20250912_daily_mesozoo200_o2_so_no3_chlos_ssh_thetao_uo_vo_vollcello_2022.03.nc
W22,HH,NA,1,4,3,2022-03-10,2022-03-11T00:01:57Z,-124.1842,43.98597,26.5,34.8,2022,3,106,130,-124.19656372070312,43.931854248046875,6.098230596674704,4.482324479554417,0,42.5,1,38.017675520445586,5,1024.815535582606,9.10893726348877,9.10893726348877,32.079627990722656,1024.815535582606,9,42.5,NEP10k_raw_r20250912_daily_mesozoo200_o2_so_no3_chlos_ssh_thetao_uo_vo_vollcello_2022.03.nc,NEP10k_raw_r20250912_daily_mesozoo200_o2_so_no3_chlos_ssh_thetao_uo_vo_vollcello_2022.03.nc
W22,HH,NA,1,1,4,2022-03-10,2022-03-11T00:04:12Z,-124.18499,43.98442,2.4,28.3,2022,3,106,130,-124.19656372070312,43.931854248046875,5.918003538141053,4.482324479554417,0,42.5,1,38.017675520445586,5,1024.815535582606,9.10893726348877,9.10893726348877,32.079627990722656,1024.815535582606,9,42.5,NEP10k_raw_r20250912_daily_mesozoo200_o2_so_no3_chlos_ssh_thetao_uo_vo_vollcello_2022.03.nc,NEP10k_raw_r20250912_daily_mesozoo200_o2_so_no3_chlos_ssh_thetao_uo_vo_vollcello_2022.03.nc
W22,HH,NA,1,4,4,2022-03-10,2022-03-11T00:04:12Z,-124.18499,43.98442,2.4,28.3,2022,3,106,130,-124.19656372070312,43.931854248046875,5.918003538141053,4.482324479554417,0,42.5,1,38.017675520445586,5,1024.815535582606,9.10893726348877,9.10893726348877,32.079627990722656,1024.815535582606,9,42.5,NEP10k_raw_r20250912_daily_mesozoo200_o2_so_no3_chlos_ssh_thetao_uo_vo_vollcello_2022.03.nc,NEP10k_raw_r20250912_daily_mesozoo200_o2_so_no3_chlos_ssh_thetao_uo_vo_vollcello_2022.03.nc
W22,RR,NA,1,1,0,2022-03-11,2022-03-11T14:35:45Z,-124.52372,42.50072,4,35.4,2022,3,93,121,-124.5047607421875,42.516197204589844,2.318839326962379,9.716352131889122,0,20.339830794158267,0,10.623478662269145,5,1025.3142847142346,9.085352897644043,9.085352897644043,32.712520599365234,1025.3142847142346,7,32.5,NEP10k_raw_r20250912_daily_mesozoo200_o2_so_no3_chlos_ssh_thetao_uo_vo_vollcello_2022.03.nc,NEP10k_raw_r20250912_daily_mesozoo200_o2_so_no3_chlos_ssh_thetao_uo_vo_vollcello_2022.03.nc
W22,RR,NA,1,4,0,2022-03-11,2022-03-11T14:35:45Z,-124.52372,42.50072,4,35.4,2022,3,93,121,-124.5047607421875,42.516197204589844,2.318839326962379,9.716352131889122,0,20.339830794158267,0,10.623478662269145,5,1025.3142847142346,9.085352897644043,9.085352897644043,32.712520599365234,1025.3142847142346,7,32.5,NEP10k_raw_r20250912_daily_mesozoo200_o2_so_no3_chlos_ssh_thetao_uo_vo_vollcello_2022.03.nc,NEP10k_raw_r20250912_daily_mesozoo200_o2_so_no3_chlos_ssh_thetao_uo_vo_vollcello_2022.03.nc
W22,RR,NA,1,1,3,2022-03-11,2022-03-11T14:41:31Z,-124.528,42.50096,25.5,33.3,2022,3,93,121,-124.5047607421875,42.516197204589844,2.549392430101604,9.716352131889122,0,20.339830794158267,0,10.623478662269145,5,1025.3142847142346,9.085352897644043,9.085352897644043,32.712520599365234,1025.3142847142346,7,32.5,NEP10k_raw_r20250912_daily_mesozoo200_o2_so_no3_chlos_ssh_thetao_uo_vo_vollcello_2022.03.nc,NEP10k_raw_r20250912_daily_mesozoo200_o2_so_no3_chlos_ssh_thetao_uo_vo_vollcello_2022.03.nc
W22,RR,NA,1,4,3,2022-03-11,2022-03-11T14:41:31Z,-124.528,42.50096,25.5,33.3,2022,3,93,121,-124.5047607421875,42.516197204589844,2.549392430101604,9.716352131889122,0,20.339830794158267,0,10.623478662269145,5,1025.3142847142346,9.085352897644043,9.085352897644043,32.712520599365234,1025.3142847142346,7,32.5,NEP10k_raw_r20250912_daily_mesozoo200_o2_so_no3_chlos_ssh_thetao_uo_vo_vollcello_2022.03.nc,NEP10k_raw_r20250912_daily_mesozoo200_o2_so_no3_chlos_ssh_thetao_uo_vo_vollcello_2022.03.nc
W22,RR,NA,1,1,4,2022-03-11,2022-03-11T14:43:46Z,-124.52983,42.50095,1.4,40.6,2022,3,93,121,-124.5047607421875,42.516197204589844,2.6640519494001507,9.716352131889122,0,20.339830794158267,0,10.623478662269145,5,1025.3142847142346,9.085352897644043,9.085352897644043,32.712520599365234,1025.3142847142346,7,32.5,NEP10k_raw_r20250912_daily_mesozoo200_o2_so_no3_chlos_ssh_thetao_uo_vo_vollcello_2022.03.nc,NEP10k_raw_r20250912_daily_mesozoo200_o2_so_no3_chlos_ssh_thetao_uo_vo_vollcello_2022.03.nc
W22,RR,NA,1,4,4,2022-03-11,2022-03-11T14:43:46Z,-124.52983,42.50095,1.4,40.6,2022,3,93,121,-124.5047607421875,42.516197204589844,2.6640519494001507,9.716352131889122,0,20.339830794158267,0,10.623478662269145,5,1025.3142847142346,9.085352897644043,9.085352897644043,32.712520599365234,1025.3142847142346,7,32.5,NEP10k_raw_r20250912_daily_mesozoo200_o2_so_no3_chlos_ssh_thetao_uo_vo_vollcello_2022.03.nc,NEP10k_raw_r20250912_daily_mesozoo200_o2_so_no3_chlos_ssh_thetao_uo_vo_vollcello_2022.03.nc
W22,RR,NA,2,1,0,2022-03-11,2022-03-11T16:35:54Z,-124.71746,42.49914,1.7,101.3,2022,3,94,119,-124.77935791015625,42.51852798461914,5.512782811204869,8.63664251847922,0,67.10129941795536,0,58.46465689947614,5,1025.1248786079539,9.133272171020508,9.133272171020508,32.4799919128418,1025.1248786079539,22,187.5,NEP10k_raw_r20250912_daily_mesozoo200_o2_so_no3_chlos_ssh_thetao_uo_vo_vollcello_2022.03.nc,NEP10k_raw_r20250912_daily_mesozoo200_o2_so_no3_chlos_ssh_thetao_uo_vo_vollcello_2022.03.nc
W22,RR,NA,2,4,0,2022-03-11,2022-03-11T16:35:54Z,-124.71746,42.49914,1.7,101.3,2022,3,94,119,-124.77935791015625,42.51852798461914,5.512782811204869,8.63664251847922,0,67.10129941795536,0,58.46465689947614,5,1025.1248786079539,9.133272171020508,9.133272171020508,32.4799919128418,1025.1248786079539,22,187.5,NEP10k_raw_r20250912_daily_mesozoo200_o2_so_no3_chlos_ssh_thetao_uo_vo_vollcello_2022.03.nc,NEP10k_raw_r20250912_daily_mesozoo200_o2_so_no3_chlos_ssh_thetao_uo_vo_vollcello_2022.03.nc
W22,RR,NA,2,1,1,2022-03-11,2022-03-11T16:45:47Z,-124.72528,42.49953,75.379,100.621,2022,3,94,119,-124.77935791015625,42.51852798461914,4.910379056384925,8.63664251847922,0,67.10129941795536,0,58.46465689947614,5,1025.1248786079539,9.133272171020508,9.133272171020508,32.4799919128418,1025.1248786079539,22,187.5,NEP10k_raw_r20250912_daily_mesozoo200_o2_so_no3_chlos_ssh_thetao_uo_vo_vollcello_2022.03.nc,NEP10k_raw_r20250912_daily_mesozoo200_o2_so_no3_chlos_ssh_thetao_uo_vo_vollcello_2022.03.nc
W22,RR,NA,2,4,1,2022-03-11,2022-03-11T16:45:47Z,-124.72528,42.49953,75.379,100.621,2022,3,94,119,-124.77935791015625,42.51852798461914,4.910379056384925,8.63664251847922,0,67.10129941795536,0,58.46465689947614,5,1025.1248786079539,9.133272171020508,9.133272171020508,32.4799919128418,1025.1248786079539,22,187.5,NEP10k_raw_r20250912_daily_mesozoo200_o2_so_no3_chlos_ssh_thetao_uo_vo_vollcello_2022.03.nc,NEP10k_raw_r20250912_daily_mesozoo200_o2_so_no3_chlos_ssh_thetao_uo_vo_vollcello_2022.03.nc
W22,RR,NA,2,1,2,2022-03-11,2022-03-11T16:52:17Z,-124.73002,42.50009,49.621,75.179,2022,3,94,119,-124.77935791015625,42.51852798461914,4.534188295095178,8.63664251847922,0,67.10129941795536,0,58.46465689947614,5,1025.1248786079539,9.133272171020508,9.133272171020508,32.4799919128418,1025.1248786079539,22,187.5,NEP10k_raw_r20250912_daily_mesozoo200_o2_so_no3_chlos_ssh_thetao_uo_vo_vollcello_2022.03.nc,NEP10k_raw_r20250912_daily_mesozoo200_o2_so_no3_chlos_ssh_thetao_uo_vo_vollcello_2022.03.nc
W22,RR,NA,2,4,2,2022-03-11,2022-03-11T16:52:17Z,-124.73002,42.50009,49.621,75.179,2022,3,94,119,-124.77935791015625,42.51852798461914,4.534188295095178,8.63664251847922,0,67.10129941795536,0,58.46465689947614,5,1025.1248786079539,9.133272171020508,9.133272171020508,32.4799919128418,1025.1248786079539,22,187.5,NEP10k_raw_r20250912_daily_mesozoo200_o2_so_no3_chlos_ssh_thetao_uo_vo_vollcello_2022.03.nc,NEP10k_raw_r20250912_daily_mesozoo200_o2_so_no3_chlos_ssh_thetao_uo_vo_vollcello_2022.03.nc
W22,RR,NA,2,1,3,2022-03-11,2022-03-11T16:58:18Z,-124.73471,42.50044,21.4,49.2,2022,3,94,119,-124.77935791015625,42.51852798461914,4.176008406711955,8.63664251847922,0,67.10129941795536,0,58.46465689947614,5,1025.1248786079539,9.133272171020508,9.133272171020508,32.4799919128418,1025.1248786079539,22,187.5,NEP10k_raw_r20250912_daily_mesozoo200_o2_so_no3_chlos_ssh_thetao_uo_vo_vollcello_2022.03.nc,NEP10k_raw_r20250912_daily_mesozoo200_o2_so_no3_chlos_ssh_thetao_uo_vo_vollcello_2022.03.nc
W22,RR,NA,2,4,3,2022-03-11,2022-03-11T16:58:18Z,-124.73471,42.50044,21.4,49.2,2022,3,94,119,-124.77935791015625,42.51852798461914,4.176008406711955,8.63664251847922,0,67.10129941795536,0,58.46465689947614,5,1025.1248786079539,9.133272171020508,9.133272171020508,32.4799919128418,1025.1248786079539,22,187.5,NEP10k_raw_r20250912_daily_mesozoo200_o2_so_no3_chlos_ssh_thetao_uo_vo_vollcello_2022.03.nc,NEP10k_raw_r20250912_daily_mesozoo200_o2_so_no3_chlos_ssh_thetao_uo_vo_vollcello_2022.03.nc
W22,RR,NA,2,1,4,2022-03-11,2022-03-11T17:02:27Z,-124.73795,42.50067,1.5,20.9,2022,3,94,119,-124.77935791015625,42.51852798461914,3.932353496775652,8.63664251847922,0,67.10129941795536,0,58.46465689947614,5,1025.1248786079539,9.133272171020508,9.133272171020508,32.4799919128418,1025.1248786079539,22,187.5,NEP10k_raw_r20250912_daily_mesozoo200_o2_so_no3_chlos_ssh_thetao_uo_vo_vollcello_2022.03.nc,NEP10k_raw_r20250912_daily_mesozoo200_o2_so_no3_chlos_ssh_thetao_uo_vo_vollcello_2022.03.nc
W22,RR,NA,2,4,4,2022-03-11,2022-03-11T17:02:27Z,-124.73795,42.50067,1.5,20.9,2022,3,94,119,-124.77935791015625,42.51852798461914,3.932353496775652,8.63664251847922,0,67.10129941795536,0,58.46465689947614,5,1025.1248786079539,9.133272171020508,9.133272171020508,32.4799919128418,1025.1248786079539,22,187.5,NEP10k_raw_r20250912_daily_mesozoo200_o2_so_no3_chlos_ssh_thetao_uo_vo_vollcello_2022.03.nc,NEP10k_raw_r20250912_daily_mesozoo200_o2_so_no3_chlos_ssh_thetao_uo_vo_vollcello_2022.03.nc
W22,RR,NA,3,1,0,2022-03-11,2022-03-11T19:22:11Z,-125.0659,42.50009,1.8,100.4,2022,3,95,117,-125.05397033691406,42.520111083984375,2.431533568540417,22.529759164689143,0,76.09535636992172,0,53.56559720523258,5,1025.141319430788,9.265563011169434,9.265563011169434,32.52764129638672,1025.141319430788,22,187.5,NEP10k_raw_r20250912_daily_mesozoo200_o2_so_no3_chlos_ssh_thetao_uo_vo_vollcello_2022.03.nc,NEP10k_raw_r20250912_daily_mesozoo200_o2_so_no3_chlos_ssh_thetao_uo_vo_vollcello_2022.03.nc
W22,RR,NA,3,4,0,2022-03-11,2022-03-11T19:22:11Z,-125.0659,42.50009,1.8,100.4,2022,3,95,117,-125.05397033691406,42.520111083984375,2.431533568540417,22.529759164689143,0,76.09535636992172,0,53.56559720523258,5,1025.141319430788,9.265563011169434,9.265563011169434,32.52764129638672,1025.141319430788,22,187.5,NEP10k_raw_r20250912_daily_mesozoo200_o2_so_no3_chlos_ssh_thetao_uo_vo_vollcello_2022.03.nc,NEP10k_raw_r20250912_daily_mesozoo200_o2_so_no3_chlos_ssh_thetao_uo_vo_vollcello_2022.03.nc
W22,RR,NA,3,1,1,2022-03-11,2022-03-11T19:32:05Z,-125.07469,42.50023,75.6,98.889,2022,3,95,117,-125.05397033691406,42.520111083984375,2.7877390128487236,22.529759164689143,0,76.09535636992172,0,53.56559720523258,5,1025.141319430788,9.265563011169434,9.265563011169434,32.52764129638672,1025.141319430788,22,187.5,NEP10k_raw_r20250912_daily_mesozoo200_o2_so_no3_chlos_ssh_thetao_uo_vo_vollcello_2022.03.nc,NEP10k_raw_r20250912_daily_mesozoo200_o2_so_no3_chlos_ssh_thetao_uo_vo_vollcello_2022.03.nc
W22,RR,NA,3,4,1,2022-03-11,2022-03-11T19:32:05Z,-125.07469,42.50023,75.6,98.889,2022,3,95,117,-125.05397033691406,42.520111083984375,2.7877390128487236,22.529759164689143,0,76.09535636992172,0,53.56559720523258,5,1025.141319430788,9.265563011169434,9.265563011169434,32.52764129638672,1025.141319430788,22,187.5,NEP10k_raw_r20250912_daily_mesozoo200_o2_so_no3_chlos_ssh_thetao_uo_vo_vollcello_2022.03.nc,NEP10k_raw_r20250912_daily_mesozoo200_o2_so_no3_chlos_ssh_thetao_uo_vo_vollcello_2022.03.nc
W22,RR,NA,3,1,2,2022-03-11,2022-03-11T19:38:01Z,-125.07963,42.50063,50.4,75.1,2022,3,95,117,-125.05397033691406,42.520111083984375,3.0192965448342086,22.529759164689143,0,76.09535636992172,0,53.56559720523258,5,1025.141319430788,9.265563011169434,9.265563011169434,32.52764129638672,1025.141319430788,22,187.5,NEP10k_raw_r20250912_daily_mesozoo200_o2_so_no3_chlos_ssh_thetao_uo_vo_vollcello_2022.03.nc,NEP10k_raw_r20250912_daily_mesozoo200_o2_so_no3_chlos_ssh_thetao_uo_vo_vollcello_2022.03.nc
W22,RR,NA,3,4,2,2022-03-11,2022-03-11T19:38:01Z,-125.07963,42.50063,50.4,75.1,2022,3,95,117,-125.05397033691406,42.520111083984375,3.0192965448342086,22.529759164689143,0,76.09535636992172,0,53.56559720523258,5,1025.141319430788,9.265563011169434,9.265563011169434,32.52764129638672,1025.141319430788,22,187.5,NEP10k_raw_r20250912_daily_mesozoo200_o2_so_no3_chlos_ssh_thetao_uo_vo_vollcello_2022.03.nc,NEP10k_raw_r20250912_daily_mesozoo200_o2_so_no3_chlos_ssh_thetao_uo_vo_vollcello_2022.03.nc
W22,RR,NA,3,1,3,2022-03-11,2022-03-11T19:43:31Z,-125.08416,42.50088,25.3,49.8,2022,3,95,117,-125.05397033691406,42.520111083984375,3.2705179984515134,22.529759164689143,0,76.09535636992172,0,53.56559720523258,5,1025.141319430788,9.265563011169434,9.265563011169434,32.52764129638672,1025.141319430788,22,187.5,NEP10k_raw_r20250912_daily_mesozoo200_o2_so_no3_chlos_ssh_thetao_uo_vo_vollcello_2022.03.nc,NEP10k_raw_r20250912_daily_mesozoo200_o2_so_no3_chlos_ssh_thetao_uo_vo_vollcello_2022.03.nc
W22,RR,NA,3,4,3,2022-03-11,2022-03-11T19:43:31Z,-125.08416,42.50088,25.3,49.8,2022,3,95,117,-125.05397033691406,42.520111083984375,3.2705179984515134,22.529759164689143,0,76.09535636992172,0,53.56559720523258,5,1025.141319430788,9.265563011169434,9.265563011169434,32.52764129638672,1025.141319430788,22,187.5,NEP10k_raw_r20250912_daily_mesozoo200_o2_so_no3_chlos_ssh_thetao_uo_vo_vollcello_2022.03.nc,NEP10k_raw_r20250912_daily_mesozoo200_o2_so_no3_chlos_ssh_thetao_uo_vo_vollcello_2022.03.nc
W22,RR,NA,3,1,4,2022-03-11,2022-03-11T19:48:44Z,-125.08851,42.50095,2.463,24.6,2022,3,95,117,-125.05397033691406,42.520111083984375,3.54328305552641,22.529759164689143,0,76.09535636992172,0,53.56559720523258,5,1025.141319430788,9.265563011169434,9.265563011169434,32.52764129638672,1025.141319430788,22,187.5,NEP10k_raw_r20250912_daily_mesozoo200_o2_so_no3_chlos_ssh_thetao_uo_vo_vollcello_2022.03.nc,NEP10k_raw_r20250912_daily_mesozoo200_o2_so_no3_chlos_ssh_thetao_uo_vo_vollcello_2022.03.nc
W22,RR,NA,3,4,4,2022-03-11,2022-03-11T19:48:44Z,-125.08851,42.50095,2.463,24.6,2022,3,95,117,-125.05397033691406,42.520111083984375,3.54328305552641,22.529759164689143,0,76.09535636992172,0,53.56559720523258,5,1025.141319430788,9.265563011169434,9.265563011169434,32.52764129638672,1025.141319430788,22,187.5,NEP10k_raw_r20250912_daily_mesozoo200_o2_so_no3_chlos_ssh_thetao_uo_vo_vollcello_2022.03.nc,NEP10k_raw_r20250912_daily_mesozoo200_o2_so_no3_chlos_ssh_thetao_uo_vo_vollcello_2022.03.nc
W22,RR,NA,4,1,0,2022-03-11,2022-03-11T22:13:00Z,-125.50103,42.50344,3.2,102,2022,3,96,114,-125.4384765625,42.480594635009766,5.723501251389571,40.685476245065715,0,61.06499241912553,0,20.379516174059816,5,1025.053942332208,9.471028327941895,9.471028327941895,32.45769500732422,1025.053942332208,22,187.5,NEP10k_raw_r20250912_daily_mesozoo200_o2_so_no3_chlos_ssh_thetao_uo_vo_vollcello_2022.03.nc,NEP10k_raw_r20250912_daily_mesozoo200_o2_so_no3_chlos_ssh_thetao_uo_vo_vollcello_2022.03.nc
W22,RR,NA,4,4,0,2022-03-11,2022-03-11T22:13:00Z,-125.50103,42.50344,3.2,102,2022,3,96,114,-125.4384765625,42.480594635009766,5.723501251389571,40.685476245065715,0,61.06499241912553,0,20.379516174059816,5,1025.053942332208,9.471028327941895,9.471028327941895,32.45769500732422,1025.053942332208,22,187.5,NEP10k_raw_r20250912_daily_mesozoo200_o2_so_no3_chlos_ssh_thetao_uo_vo_vollcello_2022.03.nc,NEP10k_raw_r20250912_daily_mesozoo200_o2_so_no3_chlos_ssh_thetao_uo_vo_vollcello_2022.03.nc
W22,RR,NA,4,1,1,2022-03-11,2022-03-11T22:21:52Z,-125.50071,42.49993,73.7,102.967,2022,3,96,114,-125.4384765625,42.480594635009766,5.537227559686154,40.685476245065715,0,61.06499241912553,0,20.379516174059816,5,1025.053942332208,9.471028327941895,9.471028327941895,32.45769500732422,1025.053942332208,22,187.5,NEP10k_raw_r20250912_daily_mesozoo200_o2_so_no3_chlos_ssh_thetao_uo_vo_vollcello_2022.03.nc,NEP10k_raw_r20250912_daily_mesozoo200_o2_so_no3_chlos_ssh_thetao_uo_vo_vollcello_2022.03.nc
W22,RR,NA,4,4,1,2022-03-11,2022-03-11T22:21:52Z,-125.50071,42.49993,73.7,102.967,2022,3,96,114,-125.4384765625,42.480594635009766,5.537227559686154,40.685476245065715,0,61.06499241912553,0,20.379516174059816,5,1025.053942332208,9.471028327941895,9.471028327941895,32.45769500732422,1025.053942332208,22,187.5,NEP10k_raw_r20250912_daily_mesozoo200_o2_so_no3_chlos_ssh_thetao_uo_vo_vollcello_2022.03.nc,NEP10k_raw_r20250912_daily_mesozoo200_o2_so_no3_chlos_ssh_thetao_uo_vo_vollcello_2022.03.nc
W22,RR,NA,4,1,2,2022-03-11,2022-03-11T22:27:59Z,-125.50037,42.49766,50.8,73.105,2022,3,96,114,-125.4384765625,42.480594635009766,5.418157519667595,40.685476245065715,0,61.06499241912553,0,20.379516174059816,5,1025.053942332208,9.471028327941895,9.471028327941895,32.45769500732422,1025.053942332208,22,187.5,NEP10k_raw_r20250912_daily_mesozoo200_o2_so_no3_chlos_ssh_thetao_uo_vo_vollcello_2022.03.nc,NEP10k_raw_r20250912_daily_mesozoo200_o2_so_no3_chlos_ssh_thetao_uo_vo_vollcello_2022.03.nc
W22,RR,NA,4,4,2,2022-03-11,2022-03-11T22:27:59Z,-125.50037,42.49766,50.8,73.105,2022,3,96,114,-125.4384765625,42.480594635009766,5.418157519667595,40.685476245065715,0,61.06499241912553,0,20.379516174059816,5,1025.053942332208,9.471028327941895,9.471028327941895,32.45769500732422,1025.053942332208,22,187.5,NEP10k_raw_r20250912_daily_mesozoo200_o2_so_no3_chlos_ssh_thetao_uo_vo_vollcello_2022.03.nc,NEP10k_raw_r20250912_daily_mesozoo200_o2_so_no3_chlos_ssh_thetao_uo_vo_vollcello_2022.03.nc
W22,RR,NA,4,1,3,2022-03-11,2022-03-11T22:32:42Z,-125.50027,42.49567,24.869,50.262,2022,3,96,114,-125.4384765625,42.480594635009766,5.336971738327986,40.685476245065715,0,61.06499241912553,0,20.379516174059816,5,1025.053942332208,9.471028327941895,9.471028327941895,32.45769500732422,1025.053942332208,22,187.5,NEP10k_raw_r20250912_daily_mesozoo200_o2_so_no3_chlos_ssh_thetao_uo_vo_vollcello_2022.03.nc,NEP10k_raw_r20250912_daily_mesozoo200_o2_so_no3_chlos_ssh_thetao_uo_vo_vollcello_2022.03.nc
W22,RR,NA,4,4,3,2022-03-11,2022-03-11T22:32:42Z,-125.50027,42.49567,24.869,50.262,2022,3,96,114,-125.4384765625,42.480594635009766,5.336971738327986,40.685476245065715,0,61.06499241912553,0,20.379516174059816,5,1025.053942332208,9.471028327941895,9.471028327941895,32.45769500732422,1025.053942332208,22,187.5,NEP10k_raw_r20250912_daily_mesozoo200_o2_so_no3_chlos_ssh_thetao_uo_vo_vollcello_2022.03.nc,NEP10k_raw_r20250912_daily_mesozoo200_o2_so_no3_chlos_ssh_thetao_uo_vo_vollcello_2022.03.nc
W22,RR,NA,4,1,4,2022-03-11,2022-03-11T22:37:27Z,-125.50018,42.49367,2.4,24.1,2022,3,96,114,-125.4384765625,42.480594635009766,5.264335391972135,40.685476245065715,0,61.06499241912553,0,20.379516174059816,5,1025.053942332208,9.471028327941895,9.471028327941895,32.45769500732422,1025.053942332208,22,187.5,NEP10k_raw_r20250912_daily_mesozoo200_o2_so_no3_chlos_ssh_thetao_uo_vo_vollcello_2022.03.nc,NEP10k_raw_r20250912_daily_mesozoo200_o2_so_no3_chlos_ssh_thetao_uo_vo_vollcello_2022.03.nc
W22,RR,NA,4,4,4,2022-03-11,2022-03-11T22:37:27Z,-125.50018,42.49367,2.4,24.1,2022,3,96,114,-125.4384765625,42.480594635009766,5.264335391972135,40.685476245065715,0,61.06499241912553,0,20.379516174059816,5,1025.053942332208,9.471028327941895,9.471028327941895,32.45769500732422,1025.053942332208,22,187.5,NEP10k_raw_r20250912_daily_mesozoo200_o2_so_no3_chlos_ssh_thetao_uo_vo_vollcello_2022.03.nc,NEP10k_raw_r20250912_daily_mesozoo200_o2_so_no3_chlos_ssh_thetao_uo_vo_vollcello_2022.03.nc
W23,GH,NA,4,1,0,2023-02-17,2023-02-17T18:02:52Z,-125.18949,47.10287,3.665,100.9,2023,2,141,138,-125.253173828125,47.11430740356445,4.984596126835122,9.84586676600062,0,15.515988163674997,0,5.670121397674377,5,1024.6134721512317,8.163759231567383,8.163759231567383,31.640731811523438,1024.6134721512317,22,187.5,NEP10k_raw_r20250912_daily_mesozoo200_o2_so_no3_chlos_ssh_thetao_uo_vo_vollcello_2023.02.nc,NEP10k_raw_r20250912_daily_mesozoo200_o2_so_no3_chlos_ssh_thetao_uo_vo_vollcello_2023.02.nc
W23,GH,NA,4,4,0,2023-02-17,2023-02-17T18:02:52Z,-125.18949,47.10287,3.665,100.9,2023,2,141,138,-125.253173828125,47.11430740356445,4.984596126835122,9.84586676600062,0,15.515988163674997,0,5.670121397674377,5,1024.6134721512317,8.163759231567383,8.163759231567383,31.640731811523438,1024.6134721512317,22,187.5,NEP10k_raw_r20250912_daily_mesozoo200_o2_so_no3_chlos_ssh_thetao_uo_vo_vollcello_2023.02.nc,NEP10k_raw_r20250912_daily_mesozoo200_o2_so_no3_chlos_ssh_thetao_uo_vo_vollcello_2023.02.nc
W23,GH,NA,4,1,1,2023-02-17,2023-02-17T18:11:09Z,-125.19451,47.102290000000004,67.656,100.929,2023,2,141,138,-125.253173828125,47.11430740356445,4.636469156978852,9.84586676600062,0,15.515988163674997,0,5.670121397674377,5,1024.6134721512317,8.163759231567383,8.163759231567383,31.640731811523438,1024.6134721512317,22,187.5,NEP10k_raw_r20250912_daily_mesozoo200_o2_so_no3_chlos_ssh_thetao_uo_vo_vollcello_2023.02.nc,NEP10k_raw_r20250912_daily_mesozoo200_o2_so_no3_chlos_ssh_thetao_uo_vo_vollcello_2023.02.nc
W23,GH,NA,4,4,1,2023-02-17,2023-02-17T18:11:09Z,-125.19451,47.102290000000004,67.656,100.929,2023,2,141,138,-125.253173828125,47.11430740356445,4.636469156978852,9.84586676600062,0,15.515988163674997,0,5.670121397674377,5,1024.6134721512317,8.163759231567383,8.163759231567383,31.640731811523438,1024.6134721512317,22,187.5,NEP10k_raw_r20250912_daily_mesozoo200_o2_so_no3_chlos_ssh_thetao_uo_vo_vollcello_2023.02.nc,NEP10k_raw_r20250912_daily_mesozoo200_o2_so_no3_chlos_ssh_thetao_uo_vo_vollcello_2023.02.nc
W23,GH,NA,4,1,2,2023-02-17,2023-02-17T18:14:08Z,-125.1963,47.1022,47.8,67.3,2023,2,141,138,-125.253173828125,47.11430740356445,4.509898533542187,9.84586676600062,0,15.515988163674997,0,5.670121397674377,5,1024.6134721512317,8.163759231567383,8.163759231567383,31.640731811523438,1024.6134721512317,22,187.5,NEP10k_raw_r20250912_daily_mesozoo200_o2_so_no3_chlos_ssh_thetao_uo_vo_vollcello_2023.02.nc,NEP10k_raw_r20250912_daily_mesozoo200_o2_so_no3_chlos_ssh_thetao_uo_vo_vollcello_2023.02.nc
W23,GH,NA,4,4,2,2023-02-17,2023-02-17T18:14:08Z,-125.1963,47.1022,47.8,67.3,2023,2,141,138,-125.253173828125,47.11430740356445,4.509898533542187,9.84586676600062,0,15.515988163674997,0,5.670121397674377,5,1024.6134721512317,8.163759231567383,8.163759231567383,31.640731811523438,1024.6134721512317,22,187.5,NEP10k_raw_r20250912_daily_mesozoo200_o2_so_no3_chlos_ssh_thetao_uo_vo_vollcello_2023.02.nc,NEP10k_raw_r20250912_daily_mesozoo200_o2_so_no3_chlos_ssh_thetao_uo_vo_vollcello_2023.02.nc
W23,GH,NA,4,1,3,2023-02-17,2023-02-17T18:15:59Z,-125.19737,47.10215,24.3,47.4,2023,2,141,138,-125.253173828125,47.11430740356445,4.4343717381045575,9.84586676600062,0,15.515988163674997,0,5.670121397674377,5,1024.6134721512317,8.163759231567383,8.163759231567383,31.640731811523438,1024.6134721512317,22,187.5,NEP10k_raw_r20250912_daily_mesozoo200_o2_so_no3_chlos_ssh_thetao_uo_vo_vollcello_2023.02.nc,NEP10k_raw_r20250912_daily_mesozoo200_o2_so_no3_chlos_ssh_thetao_uo_vo_vollcello_2023.02.nc
W23,GH,NA,4,4,3,2023-02-17,2023-02-17T18:15:59Z,-125.19737,47.10215,24.3,47.4,2023,2,141,138,-125.253173828125,47.11430740356445,4.4343717381045575,9.84586676600062,0,15.515988163674997,0,5.670121397674377,5,1024.6134721512317,8.163759231567383,8.163759231567383,31.640731811523438,1024.6134721512317,22,187.5,NEP10k_raw_r20250912_daily_mesozoo200_o2_so_no3_chlos_ssh_thetao_uo_vo_vollcello_2023.02.nc,NEP10k_raw_r20250912_daily_mesozoo200_o2_so_no3_chlos_ssh_thetao_uo_vo_vollcello_2023.02.nc
W23,GH,NA,4,1,4,2023-02-17,2023-02-17T18:18:11Z,-125.19864,47.10216,0.9,23.623,2023,2,141,138,-125.253173828125,47.11430740356445,4.342584544361349,9.84586676600062,0,15.515988163674997,0,5.670121397674377,5,1024.6134721512317,8.163759231567383,8.163759231567383,31.640731811523438,1024.6134721512317,22,187.5,NEP10k_raw_r20250912_daily_mesozoo200_o2_so_no3_chlos_ssh_thetao_uo_vo_vollcello_2023.02.nc,NEP10k_raw_r20250912_daily_mesozoo200_o2_so_no3_chlos_ssh_thetao_uo_vo_vollcello_2023.02.nc
W23,GH,NA,4,4,4,2023-02-17,2023-02-17T18:18:11Z,-125.19864,47.10216,0.9,23.623,2023,2,141,138,-125.253173828125,47.11430740356445,4.342584544361349,9.84586676600062,0,15.515988163674997,0,5.670121397674377,5,1024.6134721512317,8.163759231567383,8.163759231567383,31.640731811523438,1024.6134721512317,22,187.5,NEP10k_raw_r20250912_daily_mesozoo200_o2_so_no3_chlos_ssh_thetao_uo_vo_vollcello_2023.02.nc,NEP10k_raw_r20250912_daily_mesozoo200_o2_so_no3_chlos_ssh_thetao_uo_vo_vollcello_2023.02.nc
W23,GH,NA,5,1,0,2023-02-17,2023-02-17T21:26:14Z,-125.65443,47.10216,1.5,104.4,2023,2,142,135,-125.67250061035156,47.073665618896484,3.451190435322617,48.55679118842337,0,52.516106214836256,0,3.959315026412888,5,1024.924518521446,8.254789352416992,8.254789352416992,32.05427169799805,1024.924518521446,22,187.5,NEP10k_raw_r20250912_daily_mesozoo200_o2_so_no3_chlos_ssh_thetao_uo_vo_vollcello_2023.02.nc,NEP10k_raw_r20250912_daily_mesozoo200_o2_so_no3_chlos_ssh_thetao_uo_vo_vollcello_2023.02.nc
W23,GH,NA,5,4,0,2023-02-17,2023-02-17T21:26:14Z,-125.65443,47.10216,1.5,104.4,2023,2,142,135,-125.67250061035156,47.073665618896484,3.451190435322617,48.55679118842337,0,52.516106214836256,0,3.959315026412888,5,1024.924518521446,8.254789352416992,8.254789352416992,32.05427169799805,1024.924518521446,22,187.5,NEP10k_raw_r20250912_daily_mesozoo200_o2_so_no3_chlos_ssh_thetao_uo_vo_vollcello_2023.02.nc,NEP10k_raw_r20250912_daily_mesozoo200_o2_so_no3_chlos_ssh_thetao_uo_vo_vollcello_2023.02.nc
W23,GH,NA,5,1,1,2023-02-17,2023-02-17T21:33:56Z,-125.65996,47.10212,73.9,106.4,2023,2,142,135,-125.67250061035156,47.073665618896484,3.303367947848779,48.55679118842337,0,52.516106214836256,0,3.959315026412888,5,1024.924518521446,8.254789352416992,8.254789352416992,32.05427169799805,1024.924518521446,22,187.5,NEP10k_raw_r20250912_daily_mesozoo200_o2_so_no3_chlos_ssh_thetao_uo_vo_vollcello_2023.02.nc,NEP10k_raw_r20250912_daily_mesozoo200_o2_so_no3_chlos_ssh_thetao_uo_vo_vollcello_2023.02.nc
W23,GH,NA,5,4,1,2023-02-17,2023-02-17T21:33:56Z,-125.65996,47.10212,73.9,106.4,2023,2,142,135,-125.67250061035156,47.073665618896484,3.303367947848779,48.55679118842337,0,52.516106214836256,0,3.959315026412888,5,1024.924518521446,8.254789352416992,8.254789352416992,32.05427169799805,1024.924518521446,22,187.5,NEP10k_raw_r20250912_daily_mesozoo200_o2_so_no3_chlos_ssh_thetao_uo_vo_vollcello_2023.02.nc,NEP10k_raw_r20250912_daily_mesozoo200_o2_so_no3_chlos_ssh_thetao_uo_vo_vollcello_2023.02.nc
W23,GH,NA,5,1,2,2023-02-17,2023-02-17T21:39:19Z,-125.66297,47.10201,49.889,73.9,2023,2,142,135,-125.67250061035156,47.073665618896484,3.2332938463201573,48.55679118842337,0,52.516106214836256,0,3.959315026412888,5,1024.924518521446,8.254789352416992,8.254789352416992,32.05427169799805,1024.924518521446,22,187.5,NEP10k_raw_r20250912_daily_mesozoo200_o2_so_no3_chlos_ssh_thetao_uo_vo_vollcello_2023.02.nc,NEP10k_raw_r20250912_daily_mesozoo200_o2_so_no3_chlos_ssh_thetao_uo_vo_vollcello_2023.02.nc
W23,GH,NA,5,4,2,2023-02-17,2023-02-17T21:39:19Z,-125.66297,47.10201,49.889,73.9,2023,2,142,135,-125.67250061035156,47.073665618896484,3.2332938463201573,48.55679118842337,0,52.516106214836256,0,3.959315026412888,5,1024.924518521446,8.254789352416992,8.254789352416992,32.05427169799805,1024.924518521446,22,187.5,NEP10k_raw_r20250912_daily_mesozoo200_o2_so_no3_chlos_ssh_thetao_uo_vo_vollcello_2023.02.nc,NEP10k_raw_r20250912_daily_mesozoo200_o2_so_no3_chlos_ssh_thetao_uo_vo_vollcello_2023.02.nc
W23,GH,NA,5,1,3,2023-02-17,2023-02-17T21:42:21Z,-125.6647,47.10194,21.7,48.947,2023,2,142,135,-125.67250061035156,47.073665618896484,3.198956580132,48.55679118842337,0,52.516106214836256,0,3.959315026412888,5,1024.924518521446,8.254789352416992,8.254789352416992,32.05427169799805,1024.924518521446,22,187.5,NEP10k_raw_r20250912_daily_mesozoo200_o2_so_no3_chlos_ssh_thetao_uo_vo_vollcello_2023.02.nc,NEP10k_raw_r20250912_daily_mesozoo200_o2_so_no3_chlos_ssh_thetao_uo_vo_vollcello_2023.02.nc
W23,GH,NA,5,4,3,2023-02-17,2023-02-17T21:42:21Z,-125.6647,47.10194,21.7,48.947,2023,2,142,135,-125.67250061035156,47.073665618896484,3.198956580132,48.55679118842337,0,52.516106214836256,0,3.959315026412888,5,1024.924518521446,8.254789352416992,8.254789352416992,32.05427169799805,1024.924518521446,22,187.5,NEP10k_raw_r20250912_daily_mesozoo200_o2_so_no3_chlos_ssh_thetao_uo_vo_vollcello_2023.02.nc,NEP10k_raw_r20250912_daily_mesozoo200_o2_so_no3_chlos_ssh_thetao_uo_vo_vollcello_2023.02.nc
W23,GH,NA,5,1,4,2023-02-17,2023-02-17T21:46:58Z,-125.6675,47.1019,0.9,20.973,2023,2,142,135,-125.67250061035156,47.073665618896484,3.1622651349578064,48.55679118842337,0,52.516106214836256,0,3.959315026412888,5,1024.924518521446,8.254789352416992,8.254789352416992,32.05427169799805,1024.924518521446,22,187.5,NEP10k_raw_r20250912_daily_mesozoo200_o2_so_no3_chlos_ssh_thetao_uo_vo_vollcello_2023.02.nc,NEP10k_raw_r20250912_daily_mesozoo200_o2_so_no3_chlos_ssh_thetao_uo_vo_vollcello_2023.02.nc
W23,GH,NA,5,4,4,2023-02-17,2023-02-17T21:46:58Z,-125.6675,47.1019,0.9,20.973,2023,2,142,135,-125.67250061035156,47.073665618896484,3.1622651349578064,48.55679118842337,0,52.516106214836256,0,3.959315026412888,5,1024.924518521446,8.254789352416992,8.254789352416992,32.05427169799805,1024.924518521446,22,187.5,NEP10k_raw_r20250912_daily_mesozoo200_o2_so_no3_chlos_ssh_thetao_uo_vo_vollcello_2023.02.nc,NEP10k_raw_r20250912_daily_mesozoo200_o2_so_no3_chlos_ssh_thetao_uo_vo_vollcello_2023.02.nc
W23,GH,NA,6,1,0,2023-02-17,2023-02-18T00:54:22Z,-126.08557,47.10374,1.6,101.8,2023,2,144,132,-126.15200805664062,47.112632751464844,5.124412298331027,54.122395359819734,0,138.24927211284873,0,84.126876753029,5,1024.9552379955703,8.021184921264648,8.021184921264648,32.05028533935547,1024.9552379955703,22,187.5,NEP10k_raw_r20250912_daily_mesozoo200_o2_so_no3_chlos_ssh_thetao_uo_vo_vollcello_2023.02.nc,NEP10k_raw_r20250912_daily_mesozoo200_o2_so_no3_chlos_ssh_thetao_uo_vo_vollcello_2023.02.nc
W23,GH,NA,6,4,0,2023-02-17,2023-02-18T00:54:22Z,-126.08557,47.10374,1.6,101.8,2023,2,144,132,-126.15200805664062,47.112632751464844,5.124412298331027,54.122395359819734,0,138.24927211284873,0,84.126876753029,5,1024.9552379955703,8.021184921264648,8.021184921264648,32.05028533935547,1024.9552379955703,22,187.5,NEP10k_raw_r20250912_daily_mesozoo200_o2_so_no3_chlos_ssh_thetao_uo_vo_vollcello_2023.02.nc,NEP10k_raw_r20250912_daily_mesozoo200_o2_so_no3_chlos_ssh_thetao_uo_vo_vollcello_2023.02.nc
W23,GH,NA,6,1,1,2023-02-17,2023-02-18T01:02:54Z,-126.0929,47.1024,72.565,97.79,2023,2,144,132,-126.15200805664062,47.112632751464844,4.615854978207787,54.122395359819734,0,138.24927211284873,0,84.126876753029,5,1024.9552379955703,8.021184921264648,8.021184921264648,32.05028533935547,1024.9552379955703,22,187.5,NEP10k_raw_r20250912_daily_mesozoo200_o2_so_no3_chlos_ssh_thetao_uo_vo_vollcello_2023.02.nc,NEP10k_raw_r20250912_daily_mesozoo200_o2_so_no3_chlos_ssh_thetao_uo_vo_vollcello_2023.02.nc
W23,GH,NA,6,1,2,2023-02-17,2023-02-18T01:07:10Z,-126.09671,47.10207,51.45,73.45,2023,2,144,132,-126.15200805664062,47.112632751464844,4.34677062863321,54.122395359819734,0,138.24927211284873,0,84.126876753029,5,1024.9552379955703,8.021184921264648,8.021184921264648,32.05028533935547,1024.9552379955703,22,187.5,NEP10k_raw_r20250912_daily_mesozoo200_o2_so_no3_chlos_ssh_thetao_uo_vo_vollcello_2023.02.nc,NEP10k_raw_r20250912_daily_mesozoo200_o2_so_no3_chlos_ssh_thetao_uo_vo_vollcello_2023.02.nc
W23,GH,NA,6,1,3,2023-02-17,2023-02-18T01:11:21Z,-126.10051,47.10198,25.8,51.1,2023,2,144,132,-126.15200805664062,47.112632751464844,4.073519591498411,54.122395359819734,0,138.24927211284873,0,84.126876753029,5,1024.9552379955703,8.021184921264648,8.021184921264648,32.05028533935547,1024.9552379955703,22,187.5,NEP10k_raw_r20250912_daily_mesozoo200_o2_so_no3_chlos_ssh_thetao_uo_vo_vollcello_2023.02.nc,NEP10k_raw_r20250912_daily_mesozoo200_o2_so_no3_chlos_ssh_thetao_uo_vo_vollcello_2023.02.nc
W23,GH,NA,6,1,4,2023-02-17,2023-02-18T01:16:02Z,-126.10479,47.10186,2.769,25.877,2023,2,144,132,-126.15200805664062,47.112632751464844,3.768998621637985,54.122395359819734,0,138.24927211284873,0,84.126876753029,5,1024.9552379955703,8.021184921264648,8.021184921264648,32.05028533935547,1024.9552379955703,22,187.5,NEP10k_raw_r20250912_daily_mesozoo200_o2_so_no3_chlos_ssh_thetao_uo_vo_vollcello_2023.02.nc,NEP10k_raw_r20250912_daily_mesozoo200_o2_so_no3_chlos_ssh_thetao_uo_vo_vollcello_2023.02.nc
W23,GH,NA,3,1,0,2023-02-18,2023-02-18T16:03:24Z,-124.78808,47.10095,1.3,101.3,2023,2,139,141,-124.77438354492188,47.07140350341797,3.445190560598668,12.714552011035934,0,15.282460633424169,0,2.5679086223882344,5,1024.4279346118176,8.111617088317871,8.111617088317871,31.394582748413086,1024.4279346118176,18,125,NEP10k_raw_r20250912_daily_mesozoo200_o2_so_no3_chlos_ssh_thetao_uo_vo_vollcello_2023.02.nc,NEP10k_raw_r20250912_daily_mesozoo200_o2_so_no3_chlos_ssh_thetao_uo_vo_vollcello_2023.02.nc
W23,GH,NA,3,4,0,2023-02-18,2023-02-18T16:03:24Z,-124.78808,47.10095,1.3,101.3,2023,2,139,141,-124.77438354492188,47.07140350341797,3.445190560598668,12.714552011035934,0,15.282460633424169,0,2.5679086223882344,5,1024.4279346118176,8.111617088317871,8.111617088317871,31.394582748413086,1024.4279346118176,18,125,NEP10k_raw_r20250912_daily_mesozoo200_o2_so_no3_chlos_ssh_thetao_uo_vo_vollcello_2023.02.nc,NEP10k_raw_r20250912_daily_mesozoo200_o2_so_no3_chlos_ssh_thetao_uo_vo_vollcello_2023.02.nc
W23,GH,NA,3,1,1,2023-02-18,2023-02-18T16:12:46Z,-124.79357,47.10118,74.4,100.957,2023,2,139,141,-124.77438354492188,47.07140350341797,3.6156435046016724,12.714552011035934,0,15.282460633424169,0,2.5679086223882344,5,1024.4279346118176,8.111617088317871,8.111617088317871,31.394582748413086,1024.4279346118176,18,125,NEP10k_raw_r20250912_daily_mesozoo200_o2_so_no3_chlos_ssh_thetao_uo_vo_vollcello_2023.02.nc,NEP10k_raw_r20250912_daily_mesozoo200_o2_so_no3_chlos_ssh_thetao_uo_vo_vollcello_2023.02.nc
W23,GH,NA,3,4,1,2023-02-18,2023-02-18T16:12:46Z,-124.79357,47.10118,74.4,100.957,2023,2,139,141,-124.77438354492188,47.07140350341797,3.6156435046016724,12.714552011035934,0,15.282460633424169,0,2.5679086223882344,5,1024.4279346118176,8.111617088317871,8.111617088317871,31.394582748413086,1024.4279346118176,18,125,NEP10k_raw_r20250912_daily_mesozoo200_o2_so_no3_chlos_ssh_thetao_uo_vo_vollcello_2023.02.nc,NEP10k_raw_r20250912_daily_mesozoo200_o2_so_no3_chlos_ssh_thetao_uo_vo_vollcello_2023.02.nc
W23,GH,NA,3,1,2,2023-02-18,2023-02-18T16:18:58Z,-124.79727,47.10156,49.7,74.6,2023,2,139,141,-124.77438354492188,47.07140350341797,3.7744932576636896,12.714552011035934,0,15.282460633424169,0,2.5679086223882344,5,1024.4279346118176,8.111617088317871,8.111617088317871,31.394582748413086,1024.4279346118176,18,125,NEP10k_raw_r20250912_daily_mesozoo200_o2_so_no3_chlos_ssh_thetao_uo_vo_vollcello_2023.02.nc,NEP10k_raw_r20250912_daily_mesozoo200_o2_so_no3_chlos_ssh_thetao_uo_vo_vollcello_2023.02.nc
W23,GH,NA,3,4,2,2023-02-18,2023-02-18T16:18:58Z,-124.79727,47.10156,49.7,74.6,2023,2,139,141,-124.77438354492188,47.07140350341797,3.7744932576636896,12.714552011035934,0,15.282460633424169,0,2.5679086223882344,5,1024.4279346118176,8.111617088317871,8.111617088317871,31.394582748413086,1024.4279346118176,18,125,NEP10k_raw_r20250912_daily_mesozoo200_o2_so_no3_chlos_ssh_thetao_uo_vo_vollcello_2023.02.nc,NEP10k_raw_r20250912_daily_mesozoo200_o2_so_no3_chlos_ssh_thetao_uo_vo_vollcello_2023.02.nc
W23,GH,NA,3,1,3,2023-02-18,2023-02-18T16:22:29Z,-124.79941,47.10178,24.8,49.4,2023,2,139,141,-124.77438354492188,47.07140350341797,3.8728795772206928,12.714552011035934,0,15.282460633424169,0,2.5679086223882344,5,1024.4279346118176,8.111617088317871,8.111617088317871,31.394582748413086,1024.4279346118176,18,125,NEP10k_raw_r20250912_daily_mesozoo200_o2_so_no3_chlos_ssh_thetao_uo_vo_vollcello_2023.02.nc,NEP10k_raw_r20250912_daily_mesozoo200_o2_so_no3_chlos_ssh_thetao_uo_vo_vollcello_2023.02.nc
W23,GH,NA,3,4,3,2023-02-18,2023-02-18T16:22:29Z,-124.79941,47.10178,24.8,49.4,2023,2,139,141,-124.77438354492188,47.07140350341797,3.8728795772206928,12.714552011035934,0,15.282460633424169,0,2.5679086223882344,5,1024.4279346118176,8.111617088317871,8.111617088317871,31.394582748413086,1024.4279346118176,18,125,NEP10k_raw_r20250912_daily_mesozoo200_o2_so_no3_chlos_ssh_thetao_uo_vo_vollcello_2023.02.nc,NEP10k_raw_r20250912_daily_mesozoo200_o2_so_no3_chlos_ssh_thetao_uo_vo_vollcello_2023.02.nc
W23,GH,NA,3,1,4,2023-02-18,2023-02-18T16:27:36Z,-124.80234,47.10214,1,25,2023,2,139,141,-124.77438354492188,47.07140350341797,4.020082895570214,12.714552011035934,0,15.282460633424169,0,2.5679086223882344,5,1024.4279346118176,8.111617088317871,8.111617088317871,31.394582748413086,1024.4279346118176,18,125,NEP10k_raw_r20250912_daily_mesozoo200_o2_so_no3_chlos_ssh_thetao_uo_vo_vollcello_2023.02.nc,NEP10k_raw_r20250912_daily_mesozoo200_o2_so_no3_chlos_ssh_thetao_uo_vo_vollcello_2023.02.nc
W23,GH,NA,3,4,4,2023-02-18,2023-02-18T16:27:36Z,-124.80234,47.10214,1,25,2023,2,139,141,-124.77438354492188,47.07140350341797,4.020082895570214,12.714552011035934,0,15.282460633424169,0,2.5679086223882344,5,1024.4279346118176,8.111617088317871,8.111617088317871,31.394582748413086,1024.4279346118176,18,125,NEP10k_raw_r20250912_daily_mesozoo200_o2_so_no3_chlos_ssh_thetao_uo_vo_vollcello_2023.02.nc,NEP10k_raw_r20250912_daily_mesozoo200_o2_so_no3_chlos_ssh_thetao_uo_vo_vollcello_2023.02.nc
W23,GH,NA,2,1,0,2023-02-18,2023-02-18T19:24:44Z,-124.53235,47.10257,3.8,70.7,2023,2,139,143,-124.53335571289062,47.15110397338867,5.397267945028489,2.8599278583645886,0,9.721168005737788,0,6.8612401473731985,5,1023.8565726748664,7.875340938568115,7.875340938568115,30.623737335205078,1023.8565726748664,12,65,NEP10k_raw_r20250912_daily_mesozoo200_o2_so_no3_chlos_ssh_thetao_uo_vo_vollcello_2023.02.nc,NEP10k_raw_r20250912_daily_mesozoo200_o2_so_no3_chlos_ssh_thetao_uo_vo_vollcello_2023.02.nc
W23,GH,NA,2,4,0,2023-02-18,2023-02-18T19:24:44Z,-124.53235,47.10257,3.8,70.7,2023,2,139,143,-124.53335571289062,47.15110397338867,5.397267945028489,2.8599278583645886,0,9.721168005737788,0,6.8612401473731985,5,1023.8565726748664,7.875340938568115,7.875340938568115,30.623737335205078,1023.8565726748664,12,65,NEP10k_raw_r20250912_daily_mesozoo200_o2_so_no3_chlos_ssh_thetao_uo_vo_vollcello_2023.02.nc,NEP10k_raw_r20250912_daily_mesozoo200_o2_so_no3_chlos_ssh_thetao_uo_vo_vollcello_2023.02.nc
W23,GH,NA,2,1,2,2023-02-18,2023-02-18T19:35:29Z,-124.53908,47.09776,51.539,71.3,2023,2,138,143,-124.47505187988281,47.069007873535156,5.807257268053685,2.855842939703275,0,7.084099116034659,0,4.228256176331384,5,1023.8192835793742,7.876976013183594,7.876976013183594,30.576496124267578,1023.8192835793742,12,65,NEP10k_raw_r20250912_daily_mesozoo200_o2_so_no3_chlos_ssh_thetao_uo_vo_vollcello_2023.02.nc,NEP10k_raw_r20250912_daily_mesozoo200_o2_so_no3_chlos_ssh_thetao_uo_vo_vollcello_2023.02.nc
W23,GH,NA,2,4,2,2023-02-18,2023-02-18T19:35:29Z,-124.53908,47.09776,51.539,71.3,2023,2,138,143,-124.47505187988281,47.069007873535156,5.807257268053685,2.855842939703275,0,7.084099116034659,0,4.228256176331384,5,1023.8192835793742,7.876976013183594,7.876976013183594,30.576496124267578,1023.8192835793742,12,65,NEP10k_raw_r20250912_daily_mesozoo200_o2_so_no3_chlos_ssh_thetao_uo_vo_vollcello_2023.02.nc,NEP10k_raw_r20250912_daily_mesozoo200_o2_so_no3_chlos_ssh_thetao_uo_vo_vollcello_2023.02.nc
W23,GH,NA,2,1,3,2023-02-18,2023-02-18T19:41:39Z,-124.54326,47.09546,26.59,51.6,2023,2,138,143,-124.47505187988281,47.069007873535156,5.943431214210769,2.855842939703275,0,7.084099116034659,0,4.228256176331384,5,1023.8192835793742,7.876976013183594,7.876976013183594,30.576496124267578,1023.8192835793742,12,65,NEP10k_raw_r20250912_daily_mesozoo200_o2_so_no3_chlos_ssh_thetao_uo_vo_vollcello_2023.02.nc,NEP10k_raw_r20250912_daily_mesozoo200_o2_so_no3_chlos_ssh_thetao_uo_vo_vollcello_2023.02.nc
W23,GH,NA,2,4,3,2023-02-18,2023-02-18T19:41:39Z,-124.54326,47.09546,26.59,51.6,2023,2,138,143,-124.47505187988281,47.069007873535156,5.943431214210769,2.855842939703275,0,7.084099116034659,0,4.228256176331384,5,1023.8192835793742,7.876976013183594,7.876976013183594,30.576496124267578,1023.8192835793742,12,65,NEP10k_raw_r20250912_daily_mesozoo200_o2_so_no3_chlos_ssh_thetao_uo_vo_vollcello_2023.02.nc,NEP10k_raw_r20250912_daily_mesozoo200_o2_so_no3_chlos_ssh_thetao_uo_vo_vollcello_2023.02.nc
W23,GH,NA,2,1,4,2023-02-18,2023-02-18T19:48:17Z,-124.54798,47.0931,0.8,26.4,2023,2,138,143,-124.47505187988281,47.069007873535156,6.137597850113659,2.855842939703275,0,7.084099116034659,0,4.228256176331384,5,1023.8192835793742,7.876976013183594,7.876976013183594,30.576496124267578,1023.8192835793742,12,65,NEP10k_raw_r20250912_daily_mesozoo200_o2_so_no3_chlos_ssh_thetao_uo_vo_vollcello_2023.02.nc,NEP10k_raw_r20250912_daily_mesozoo200_o2_so_no3_chlos_ssh_thetao_uo_vo_vollcello_2023.02.nc
W23,GH,NA,2,4,4,2023-02-18,2023-02-18T19:48:17Z,-124.54798,47.0931,0.8,26.4,2023,2,138,143,-124.47505187988281,47.069007873535156,6.137597850113659,2.855842939703275,0,7.084099116034659,0,4.228256176331384,5,1023.8192835793742,7.876976013183594,7.876976013183594,30.576496124267578,1023.8192835793742,12,65,NEP10k_raw_r20250912_daily_mesozoo200_o2_so_no3_chlos_ssh_thetao_uo_vo_vollcello_2023.02.nc,NEP10k_raw_r20250912_daily_mesozoo200_o2_so_no3_chlos_ssh_thetao_uo_vo_vollcello_2023.02.nc
W23,GH,NA,1,1,0,2023-02-18,2023-02-18T22:24:42Z,-124.3309,47.09716,1.5,38.7,2023,2,138,144,-124.35440063476562,47.10859298706055,2.186335059496995,2.690106129600505,0,5.86608541565012,0,3.1759792860496145,5,1023.2374158382665,8.013616561889648,8.013616561889648,29.858680725097656,1023.2374158382665,9,42.5,NEP10k_raw_r20250912_daily_mesozoo200_o2_so_no3_chlos_ssh_thetao_uo_vo_vollcello_2023.02.nc,NEP10k_raw_r20250912_daily_mesozoo200_o2_so_no3_chlos_ssh_thetao_uo_vo_vollcello_2023.02.nc
W23,GH,NA,1,4,0,2023-02-18,2023-02-18T22:24:42Z,-124.3309,47.09716,1.5,38.7,2023,2,138,144,-124.35440063476562,47.10859298706055,2.186335059496995,2.690106129600505,0,5.86608541565012,0,3.1759792860496145,5,1023.2374158382665,8.013616561889648,8.013616561889648,29.858680725097656,1023.2374158382665,9,42.5,NEP10k_raw_r20250912_daily_mesozoo200_o2_so_no3_chlos_ssh_thetao_uo_vo_vollcello_2023.02.nc,NEP10k_raw_r20250912_daily_mesozoo200_o2_so_no3_chlos_ssh_thetao_uo_vo_vollcello_2023.02.nc
W23,GH,NA,1,1,3,2023-02-18,2023-02-18T22:30:01Z,-124.33324,47.09906,24.9,34.9,2023,2,138,144,-124.35440063476562,47.10859298706055,1.9206078249746645,2.690106129600505,0,5.86608541565012,0,3.1759792860496145,5,1023.2374158382665,8.013616561889648,8.013616561889648,29.858680725097656,1023.2374158382665,9,42.5,NEP10k_raw_r20250912_daily_mesozoo200_o2_so_no3_chlos_ssh_thetao_uo_vo_vollcello_2023.02.nc,NEP10k_raw_r20250912_daily_mesozoo200_o2_so_no3_chlos_ssh_thetao_uo_vo_vollcello_2023.02.nc
W23,GH,NA,1,4,3,2023-02-18,2023-02-18T22:30:01Z,-124.33324,47.09906,24.9,34.9,2023,2,138,144,-124.35440063476562,47.10859298706055,1.9206078249746645,2.690106129600505,0,5.86608541565012,0,3.1759792860496145,5,1023.2374158382665,8.013616561889648,8.013616561889648,29.858680725097656,1023.2374158382665,9,42.5,NEP10k_raw_r20250912_daily_mesozoo200_o2_so_no3_chlos_ssh_thetao_uo_vo_vollcello_2023.02.nc,NEP10k_raw_r20250912_daily_mesozoo200_o2_so_no3_chlos_ssh_thetao_uo_vo_vollcello_2023.02.nc
W23,GH,NA,1,1,4,2023-02-18,2023-02-18T22:32:18Z,-124.33443,47.09977,0.8,25.1,2023,2,138,144,-124.35440063476562,47.10859298706055,1.801991025085045,2.690106129600505,0,5.86608541565012,0,3.1759792860496145,5,1023.2374158382665,8.013616561889648,8.013616561889648,29.858680725097656,1023.2374158382665,9,42.5,NEP10k_raw_r20250912_daily_mesozoo200_o2_so_no3_chlos_ssh_thetao_uo_vo_vollcello_2023.02.nc,NEP10k_raw_r20250912_daily_mesozoo200_o2_so_no3_chlos_ssh_thetao_uo_vo_vollcello_2023.02.nc
W23,GH,NA,1,4,4,2023-02-18,2023-02-18T22:32:18Z,-124.33443,47.09977,0.8,25.1,2023,2,138,144,-124.35440063476562,47.10859298706055,1.801991025085045,2.690106129600505,0,5.86608541565012,0,3.1759792860496145,5,1023.2374158382665,8.013616561889648,8.013616561889648,29.858680725097656,1023.2374158382665,9,42.5,NEP10k_raw_r20250912_daily_mesozoo200_o2_so_no3_chlos_ssh_thetao_uo_vo_vollcello_2023.02.nc,NEP10k_raw_r20250912_daily_mesozoo200_o2_so_no3_chlos_ssh_thetao_uo_vo_vollcello_2023.02.nc
W23,CR,NA,1,1,0,2023-02-19,2023-02-19T15:19:27Z,-124.11311,46.1708,1.6,35.4,2023,2,128,141,-124.13993835449219,46.16850280761719,2.0816571958717525,2.536863308722925,0,16.234147520727756,0,13.697284212004831,5,1020.350786677481,9.018970489501953,9.018970489501953,26.348543167114258,1020.350786677481,10,47.5,NEP10k_raw_r20250912_daily_mesozoo200_o2_so_no3_chlos_ssh_thetao_uo_vo_vollcello_2023.02.nc,NEP10k_raw_r20250912_daily_mesozoo200_o2_so_no3_chlos_ssh_thetao_uo_vo_vollcello_2023.02.nc
W23,CR,NA,1,4,0,2023-02-19,2023-02-19T15:19:27Z,-124.11311,46.1708,1.6,35.4,2023,2,128,141,-124.13993835449219,46.16850280761719,2.0816571958717525,2.536863308722925,0,16.234147520727756,0,13.697284212004831,5,1020.350786677481,9.018970489501953,9.018970489501953,26.348543167114258,1020.350786677481,10,47.5,NEP10k_raw_r20250912_daily_mesozoo200_o2_so_no3_chlos_ssh_thetao_uo_vo_vollcello_2023.02.nc,NEP10k_raw_r20250912_daily_mesozoo200_o2_so_no3_chlos_ssh_thetao_uo_vo_vollcello_2023.02.nc
W23,CR,NA,1,1,3,2023-02-19,2023-02-19T15:23:26Z,-124.11481,46.17087,23.6,34.115,2023,2,128,141,-124.13993835449219,46.16850280761719,1.952836267133726,2.536863308722925,0,16.234147520727756,0,13.697284212004831,5,1020.350786677481,9.018970489501953,9.018970489501953,26.348543167114258,1020.350786677481,10,47.5,NEP10k_raw_r20250912_daily_mesozoo200_o2_so_no3_chlos_ssh_thetao_uo_vo_vollcello_2023.02.nc,NEP10k_raw_r20250912_daily_mesozoo200_o2_so_no3_chlos_ssh_thetao_uo_vo_vollcello_2023.02.nc
W23,CR,NA,1,4,3,2023-02-19,2023-02-19T15:23:26Z,-124.11481,46.17087,23.6,34.115,2023,2,128,141,-124.13993835449219,46.16850280761719,1.952836267133726,2.536863308722925,0,16.234147520727756,0,13.697284212004831,5,1020.350786677481,9.018970489501953,9.018970489501953,26.348543167114258,1020.350786677481,10,47.5,NEP10k_raw_r20250912_daily_mesozoo200_o2_so_no3_chlos_ssh_thetao_uo_vo_vollcello_2023.02.nc,NEP10k_raw_r20250912_daily_mesozoo200_o2_so_no3_chlos_ssh_thetao_uo_vo_vollcello_2023.02.nc
W23,CR,NA,1,1,4,2023-02-19,2023-02-19T15:25:04Z,-124.11563,46.17081,1,23.4,2023,2,128,141,-124.13993835449219,46.16850280761719,1.8893708843096264,2.536863308722925,0,16.234147520727756,0,13.697284212004831,5,1020.350786677481,9.018970489501953,9.018970489501953,26.348543167114258,1020.350786677481,10,47.5,NEP10k_raw_r20250912_daily_mesozoo200_o2_so_no3_chlos_ssh_thetao_uo_vo_vollcello_2023.02.nc,NEP10k_raw_r20250912_daily_mesozoo200_o2_so_no3_chlos_ssh_thetao_uo_vo_vollcello_2023.02.nc
W23,CR,NA,1,4,4,2023-02-19,2023-02-19T15:25:04Z,-124.11563,46.17081,1,23.4,2023,2,128,141,-124.13993835449219,46.16850280761719,1.8893708843096264,2.536863308722925,0,16.234147520727756,0,13.697284212004831,5,1020.350786677481,9.018970489501953,9.018970489501953,26.348543167114258,1020.350786677481,10,47.5,NEP10k_raw_r20250912_daily_mesozoo200_o2_so_no3_chlos_ssh_thetao_uo_vo_vollcello_2023.02.nc,NEP10k_raw_r20250912_daily_mesozoo200_o2_so_no3_chlos_ssh_thetao_uo_vo_vollcello_2023.02.nc
W23,CR,NA,2,1,0,2023-02-19,2023-02-19T17:27:37Z,-124.29471,46.17003,1.5,101.3,2023,2,129,140,-124.31546020507812,46.211326599121094,4.861837583082153,2.5549074712806528,0,4.883186852398582,0,2.3282793811179294,5,1021.5354976846631,8.521570205688477,8.521570205688477,27.775348663330078,1021.5354976846631,17,115,NEP10k_raw_r20250912_daily_mesozoo200_o2_so_no3_chlos_ssh_thetao_uo_vo_vollcello_2023.02.nc,NEP10k_raw_r20250912_daily_mesozoo200_o2_so_no3_chlos_ssh_thetao_uo_vo_vollcello_2023.02.nc
W23,CR,NA,2,4,0,2023-02-19,2023-02-19T17:27:37Z,-124.29471,46.17003,1.5,101.3,2023,2,129,140,-124.31546020507812,46.211326599121094,4.861837583082153,2.5549074712806528,0,4.883186852398582,0,2.3282793811179294,5,1021.5354976846631,8.521570205688477,8.521570205688477,27.775348663330078,1021.5354976846631,17,115,NEP10k_raw_r20250912_daily_mesozoo200_o2_so_no3_chlos_ssh_thetao_uo_vo_vollcello_2023.02.nc,NEP10k_raw_r20250912_daily_mesozoo200_o2_so_no3_chlos_ssh_thetao_uo_vo_vollcello_2023.02.nc
W23,CR,NA,2,1,1,2023-02-19,2023-02-19T17:36:07Z,-124.29917,46.17014,73.8,101.6,2023,2,129,140,-124.31546020507812,46.211326599121094,4.748307087146556,2.5549074712806528,0,4.883186852398582,0,2.3282793811179294,5,1021.5354976846631,8.521570205688477,8.521570205688477,27.775348663330078,1021.5354976846631,17,115,NEP10k_raw_r20250912_daily_mesozoo200_o2_so_no3_chlos_ssh_thetao_uo_vo_vollcello_2023.02.nc,NEP10k_raw_r20250912_daily_mesozoo200_o2_so_no3_chlos_ssh_thetao_uo_vo_vollcello_2023.02.nc
W23,CR,NA,2,4,1,2023-02-19,2023-02-19T17:36:07Z,-124.29917,46.17014,73.8,101.6,2023,2,129,140,-124.31546020507812,46.211326599121094,4.748307087146556,2.5549074712806528,0,4.883186852398582,0,2.3282793811179294,5,1021.5354976846631,8.521570205688477,8.521570205688477,27.775348663330078,1021.5354976846631,17,115,NEP10k_raw_r20250912_daily_mesozoo200_o2_so_no3_chlos_ssh_thetao_uo_vo_vollcello_2023.02.nc,NEP10k_raw_r20250912_daily_mesozoo200_o2_so_no3_chlos_ssh_thetao_uo_vo_vollcello_2023.02.nc
W23,CR,NA,2,1,2,2023-02-19,2023-02-19T17:41:11Z,-124.3019,46.17018,49.687,74.3,2023,2,129,140,-124.31546020507812,46.211326599121094,4.692849853174401,2.5549074712806528,0,4.883186852398582,0,2.3282793811179294,5,1021.5354976846631,8.521570205688477,8.521570205688477,27.775348663330078,1021.5354976846631,17,115,NEP10k_raw_r20250912_daily_mesozoo200_o2_so_no3_chlos_ssh_thetao_uo_vo_vollcello_2023.02.nc,NEP10k_raw_r20250912_daily_mesozoo200_o2_so_no3_chlos_ssh_thetao_uo_vo_vollcello_2023.02.nc
W23,CR,NA,2,4,2,2023-02-19,2023-02-19T17:41:11Z,-124.3019,46.17018,49.687,74.3,2023,2,129,140,-124.31546020507812,46.211326599121094,4.692849853174401,2.5549074712806528,0,4.883186852398582,0,2.3282793811179294,5,1021.5354976846631,8.521570205688477,8.521570205688477,27.775348663330078,1021.5354976846631,17,115,NEP10k_raw_r20250912_daily_mesozoo200_o2_so_no3_chlos_ssh_thetao_uo_vo_vollcello_2023.02.nc,NEP10k_raw_r20250912_daily_mesozoo200_o2_so_no3_chlos_ssh_thetao_uo_vo_vollcello_2023.02.nc
W23,CR,NA,2,1,3,2023-02-19,2023-02-19T17:45:36Z,-124.30418,46.17021,25.453,50.647,2023,2,129,140,-124.31546020507812,46.211326599121094,4.653680403482166,2.5549074712806528,0,4.883186852398582,0,2.3282793811179294,5,1021.5354976846631,8.521570205688477,8.521570205688477,27.775348663330078,1021.5354976846631,17,115,NEP10k_raw_r20250912_daily_mesozoo200_o2_so_no3_chlos_ssh_thetao_uo_vo_vollcello_2023.02.nc,NEP10k_raw_r20250912_daily_mesozoo200_o2_so_no3_chlos_ssh_thetao_uo_vo_vollcello_2023.02.nc
W23,CR,NA,2,4,3,2023-02-19,2023-02-19T17:45:36Z,-124.30418,46.17021,25.453,50.647,2023,2,129,140,-124.31546020507812,46.211326599121094,4.653680403482166,2.5549074712806528,0,4.883186852398582,0,2.3282793811179294,5,1021.5354976846631,8.521570205688477,8.521570205688477,27.775348663330078,1021.5354976846631,17,115,NEP10k_raw_r20250912_daily_mesozoo200_o2_so_no3_chlos_ssh_thetao_uo_vo_vollcello_2023.02.nc,NEP10k_raw_r20250912_daily_mesozoo200_o2_so_no3_chlos_ssh_thetao_uo_vo_vollcello_2023.02.nc
W23,CR,NA,2,1,4,2023-02-19,2023-02-19T17:50:13Z,-124.30665,46.17008,1,25,2023,2,129,140,-124.31546020507812,46.211326599121094,4.636280679408776,2.5549074712806528,0,4.883186852398582,0,2.3282793811179294,5,1021.5354976846631,8.521570205688477,8.521570205688477,27.775348663330078,1021.5354976846631,17,115,NEP10k_raw_r20250912_daily_mesozoo200_o2_so_no3_chlos_ssh_thetao_uo_vo_vollcello_2023.02.nc,NEP10k_raw_r20250912_daily_mesozoo200_o2_so_no3_chlos_ssh_thetao_uo_vo_vollcello_2023.02.nc
W23,CR,NA,2,4,4,2023-02-19,2023-02-19T17:50:13Z,-124.30665,46.17008,1,25,2023,2,129,140,-124.31546020507812,46.211326599121094,4.636280679408776,2.5549074712806528,0,4.883186852398582,0,2.3282793811179294,5,1021.5354976846631,8.521570205688477,8.521570205688477,27.775348663330078,1021.5354976846631,17,115,NEP10k_raw_r20250912_daily_mesozoo200_o2_so_no3_chlos_ssh_thetao_uo_vo_vollcello_2023.02.nc,NEP10k_raw_r20250912_daily_mesozoo200_o2_so_no3_chlos_ssh_thetao_uo_vo_vollcello_2023.02.nc
W23,CR,NA,3,1,0,2023-02-19,2023-02-19T20:58:33Z,-124.68554,46.16728,1.7,101.4,2023,2,130,137,-124.7281494140625,46.17433166503906,3.37347413964669,4.041089962382159,0,10.215624315895624,0,6.174534353513465,5,1023.818945375291,8.020216941833496,8.020216941833496,30.60150718688965,1023.818945375291,22,187.5,NEP10k_raw_r20250912_daily_mesozoo200_o2_so_no3_chlos_ssh_thetao_uo_vo_vollcello_2023.02.nc,NEP10k_raw_r20250912_daily_mesozoo200_o2_so_no3_chlos_ssh_thetao_uo_vo_vollcello_2023.02.nc
W23,CR,NA,3,4,0,2023-02-19,2023-02-19T20:58:33Z,-124.68554,46.16728,1.7,101.4,2023,2,130,137,-124.7281494140625,46.17433166503906,3.37347413964669,4.041089962382159,0,10.215624315895624,0,6.174534353513465,5,1023.818945375291,8.020216941833496,8.020216941833496,30.60150718688965,1023.818945375291,22,187.5,NEP10k_raw_r20250912_daily_mesozoo200_o2_so_no3_chlos_ssh_thetao_uo_vo_vollcello_2023.02.nc,NEP10k_raw_r20250912_daily_mesozoo200_o2_so_no3_chlos_ssh_thetao_uo_vo_vollcello_2023.02.nc
W23,CR,NA,3,1,1,2023-02-19,2023-02-19T21:08:09Z,-124.69236,46.16786,75.9,102.2,2023,2,130,137,-124.7281494140625,46.17433166503906,2.848305835454084,4.041089962382159,0,10.215624315895624,0,6.174534353513465,5,1023.818945375291,8.020216941833496,8.020216941833496,30.60150718688965,1023.818945375291,22,187.5,NEP10k_raw_r20250912_daily_mesozoo200_o2_so_no3_chlos_ssh_thetao_uo_vo_vollcello_2023.02.nc,NEP10k_raw_r20250912_daily_mesozoo200_o2_so_no3_chlos_ssh_thetao_uo_vo_vollcello_2023.02.nc
W23,CR,NA,3,4,1,2023-02-19,2023-02-19T21:08:09Z,-124.69236,46.16786,75.9,102.2,2023,2,130,137,-124.7281494140625,46.17433166503906,2.848305835454084,4.041089962382159,0,10.215624315895624,0,6.174534353513465,5,1023.818945375291,8.020216941833496,8.020216941833496,30.60150718688965,1023.818945375291,22,187.5,NEP10k_raw_r20250912_daily_mesozoo200_o2_so_no3_chlos_ssh_thetao_uo_vo_vollcello_2023.02.nc,NEP10k_raw_r20250912_daily_mesozoo200_o2_so_no3_chlos_ssh_thetao_uo_vo_vollcello_2023.02.nc
W23,CR,NA,3,1,2,2023-02-19,2023-02-19T21:14:56Z,-124.69615,46.16982,50.6,76.1,2023,2,130,137,-124.7281494140625,46.17433166503906,2.514568064855016,4.041089962382159,0,10.215624315895624,0,6.174534353513465,5,1023.818945375291,8.020216941833496,8.020216941833496,30.60150718688965,1023.818945375291,22,187.5,NEP10k_raw_r20250912_daily_mesozoo200_o2_so_no3_chlos_ssh_thetao_uo_vo_vollcello_2023.02.nc,NEP10k_raw_r20250912_daily_mesozoo200_o2_so_no3_chlos_ssh_thetao_uo_vo_vollcello_2023.02.nc
W23,CR,NA,3,4,2,2023-02-19,2023-02-19T21:14:56Z,-124.69615,46.16982,50.6,76.1,2023,2,130,137,-124.7281494140625,46.17433166503906,2.514568064855016,4.041089962382159,0,10.215624315895624,0,6.174534353513465,5,1023.818945375291,8.020216941833496,8.020216941833496,30.60150718688965,1023.818945375291,22,187.5,NEP10k_raw_r20250912_daily_mesozoo200_o2_so_no3_chlos_ssh_thetao_uo_vo_vollcello_2023.02.nc,NEP10k_raw_r20250912_daily_mesozoo200_o2_so_no3_chlos_ssh_thetao_uo_vo_vollcello_2023.02.nc
W23,CR,NA,3,1,3,2023-02-19,2023-02-19T21:19:19Z,-124.69926,46.17035,25.782,50.018,2023,2,130,137,-124.7281494140625,46.17433166503906,2.2681602405139345,4.041089962382159,0,10.215624315895624,0,6.174534353513465,5,1023.818945375291,8.020216941833496,8.020216941833496,30.60150718688965,1023.818945375291,22,187.5,NEP10k_raw_r20250912_daily_mesozoo200_o2_so_no3_chlos_ssh_thetao_uo_vo_vollcello_2023.02.nc,NEP10k_raw_r20250912_daily_mesozoo200_o2_so_no3_chlos_ssh_thetao_uo_vo_vollcello_2023.02.nc
W23,CR,NA,3,4,3,2023-02-19,2023-02-19T21:19:19Z,-124.69926,46.17035,25.782,50.018,2023,2,130,137,-124.7281494140625,46.17433166503906,2.2681602405139345,4.041089962382159,0,10.215624315895624,0,6.174534353513465,5,1023.818945375291,8.020216941833496,8.020216941833496,30.60150718688965,1023.818945375291,22,187.5,NEP10k_raw_r20250912_daily_mesozoo200_o2_so_no3_chlos_ssh_thetao_uo_vo_vollcello_2023.02.nc,NEP10k_raw_r20250912_daily_mesozoo200_o2_so_no3_chlos_ssh_thetao_uo_vo_vollcello_2023.02.nc
W23,CR,NA,3,1,4,2023-02-19,2023-02-19T21:25:55Z,-124.70396,46.17022,0,26.3,2023,2,130,137,-124.7281494140625,46.17433166503906,1.9179150543599444,4.041089962382159,0,10.215624315895624,0,6.174534353513465,5,1023.818945375291,8.020216941833496,8.020216941833496,30.60150718688965,1023.818945375291,22,187.5,NEP10k_raw_r20250912_daily_mesozoo200_o2_so_no3_chlos_ssh_thetao_uo_vo_vollcello_2023.02.nc,NEP10k_raw_r20250912_daily_mesozoo200_o2_so_no3_chlos_ssh_thetao_uo_vo_vollcello_2023.02.nc
W23,CR,NA,3,4,4,2023-02-19,2023-02-19T21:25:55Z,-124.70396,46.17022,0,26.3,2023,2,130,137,-124.7281494140625,46.17433166503906,1.9179150543599444,4.041089962382159,0,10.215624315895624,0,6.174534353513465,5,1023.818945375291,8.020216941833496,8.020216941833496,30.60150718688965,1023.818945375291,22,187.5,NEP10k_raw_r20250912_daily_mesozoo200_o2_so_no3_chlos_ssh_thetao_uo_vo_vollcello_2023.02.nc,NEP10k_raw_r20250912_daily_mesozoo200_o2_so_no3_chlos_ssh_thetao_uo_vo_vollcello_2023.02.nc
W23,CR,NA,4,1,0,2023-02-19,2023-02-20T00:25:35Z,-125.14014,46.16961,1.8,101.931,2023,2,131,134,-125.1402587890625,46.13576126098633,3.763819174174603,12.752307546534606,0,13.976419779274305,0,1.2241122327396994,5,1024.4459706480843,8.450299263000488,8.450299263000488,31.480249404907227,1024.4459706480843,22,187.5,NEP10k_raw_r20250912_daily_mesozoo200_o2_so_no3_chlos_ssh_thetao_uo_vo_vollcello_2023.02.nc,NEP10k_raw_r20250912_daily_mesozoo200_o2_so_no3_chlos_ssh_thetao_uo_vo_vollcello_2023.02.nc
W23,CR,NA,4,4,0,2023-02-19,2023-02-20T00:25:35Z,-125.14014,46.16961,1.8,101.931,2023,2,131,134,-125.1402587890625,46.13576126098633,3.763819174174603,12.752307546534606,0,13.976419779274305,0,1.2241122327396994,5,1024.4459706480843,8.450299263000488,8.450299263000488,31.480249404907227,1024.4459706480843,22,187.5,NEP10k_raw_r20250912_daily_mesozoo200_o2_so_no3_chlos_ssh_thetao_uo_vo_vollcello_2023.02.nc,NEP10k_raw_r20250912_daily_mesozoo200_o2_so_no3_chlos_ssh_thetao_uo_vo_vollcello_2023.02.nc
W23,CR,NA,4,1,1,2023-02-19,2023-02-20T00:33:40Z,-125.14519,46.17018,72.645,101.346,2023,2,131,134,-125.1402587890625,46.13576126098633,3.8459925560325776,12.752307546534606,0,13.976419779274305,0,1.2241122327396994,5,1024.4459706480843,8.450299263000488,8.450299263000488,31.480249404907227,1024.4459706480843,22,187.5,NEP10k_raw_r20250912_daily_mesozoo200_o2_so_no3_chlos_ssh_thetao_uo_vo_vollcello_2023.02.nc,NEP10k_raw_r20250912_daily_mesozoo200_o2_so_no3_chlos_ssh_thetao_uo_vo_vollcello_2023.02.nc
W23,CR,NA,4,4,1,2023-02-19,2023-02-20T00:33:40Z,-125.14519,46.17018,72.645,101.346,2023,2,131,134,-125.1402587890625,46.13576126098633,3.8459925560325776,12.752307546534606,0,13.976419779274305,0,1.2241122327396994,5,1024.4459706480843,8.450299263000488,8.450299263000488,31.480249404907227,1024.4459706480843,22,187.5,NEP10k_raw_r20250912_daily_mesozoo200_o2_so_no3_chlos_ssh_thetao_uo_vo_vollcello_2023.02.nc,NEP10k_raw_r20250912_daily_mesozoo200_o2_so_no3_chlos_ssh_thetao_uo_vo_vollcello_2023.02.nc
W23,CR,NA,4,1,2,2023-02-19,2023-02-20T00:37:55Z,-125.14795,46.16999,49.9,72.4,2023,2,131,134,-125.1402587890625,46.13576126098633,3.851895579265378,12.752307546534606,0,13.976419779274305,0,1.2241122327396994,5,1024.4459706480843,8.450299263000488,8.450299263000488,31.480249404907227,1024.4459706480843,22,187.5,NEP10k_raw_r20250912_daily_mesozoo200_o2_so_no3_chlos_ssh_thetao_uo_vo_vollcello_2023.02.nc,NEP10k_raw_r20250912_daily_mesozoo200_o2_so_no3_chlos_ssh_thetao_uo_vo_vollcello_2023.02.nc
W23,CR,NA,4,4,2,2023-02-19,2023-02-20T00:37:55Z,-125.14795,46.16999,49.9,72.4,2023,2,131,134,-125.1402587890625,46.13576126098633,3.851895579265378,12.752307546534606,0,13.976419779274305,0,1.2241122327396994,5,1024.4459706480843,8.450299263000488,8.450299263000488,31.480249404907227,1024.4459706480843,22,187.5,NEP10k_raw_r20250912_daily_mesozoo200_o2_so_no3_chlos_ssh_thetao_uo_vo_vollcello_2023.02.nc,NEP10k_raw_r20250912_daily_mesozoo200_o2_so_no3_chlos_ssh_thetao_uo_vo_vollcello_2023.02.nc
W23,CR,NA,4,1,3,2023-02-19,2023-02-20T00:41:41Z,-125.15032,46.16973,25.1,49.6,2023,2,131,134,-125.1402587890625,46.13576126098633,3.85584041656118,12.752307546534606,0,13.976419779274305,0,1.2241122327396994,5,1024.4459706480843,8.450299263000488,8.450299263000488,31.480249404907227,1024.4459706480843,22,187.5,NEP10k_raw_r20250912_daily_mesozoo200_o2_so_no3_chlos_ssh_thetao_uo_vo_vollcello_2023.02.nc,NEP10k_raw_r20250912_daily_mesozoo200_o2_so_no3_chlos_ssh_thetao_uo_vo_vollcello_2023.02.nc
W23,CR,NA,4,4,3,2023-02-19,2023-02-20T00:41:41Z,-125.15032,46.16973,25.1,49.6,2023,2,131,134,-125.1402587890625,46.13576126098633,3.85584041656118,12.752307546534606,0,13.976419779274305,0,1.2241122327396994,5,1024.4459706480843,8.450299263000488,8.450299263000488,31.480249404907227,1024.4459706480843,22,187.5,NEP10k_raw_r20250912_daily_mesozoo200_o2_so_no3_chlos_ssh_thetao_uo_vo_vollcello_2023.02.nc,NEP10k_raw_r20250912_daily_mesozoo200_o2_so_no3_chlos_ssh_thetao_uo_vo_vollcello_2023.02.nc
W23,CR,NA,4,1,4,2023-02-19,2023-02-20T00:48:29Z,-125.15473,46.16998,2.5,25.5,2023,2,131,134,-125.1402587890625,46.13576126098633,3.9648709636663315,12.752307546534606,0,13.976419779274305,0,1.2241122327396994,5,1024.4459706480843,8.450299263000488,8.450299263000488,31.480249404907227,1024.4459706480843,22,187.5,NEP10k_raw_r20250912_daily_mesozoo200_o2_so_no3_chlos_ssh_thetao_uo_vo_vollcello_2023.02.nc,NEP10k_raw_r20250912_daily_mesozoo200_o2_so_no3_chlos_ssh_thetao_uo_vo_vollcello_2023.02.nc
W23,CR,NA,4,4,4,2023-02-19,2023-02-20T00:48:29Z,-125.15473,46.16998,2.5,25.5,2023,2,131,134,-125.1402587890625,46.13576126098633,3.9648709636663315,12.752307546534606,0,13.976419779274305,0,1.2241122327396994,5,1024.4459706480843,8.450299263000488,8.450299263000488,31.480249404907227,1024.4459706480843,22,187.5,NEP10k_raw_r20250912_daily_mesozoo200_o2_so_no3_chlos_ssh_thetao_uo_vo_vollcello_2023.02.nc,NEP10k_raw_r20250912_daily_mesozoo200_o2_so_no3_chlos_ssh_thetao_uo_vo_vollcello_2023.02.nc
W23,NH,NA,1,1,0,2023-02-24,2023-02-24T18:28:41Z,-124.11722,44.65082,2.6,41.2,2023,2,113,134,-124.12141418457031,44.66225051879883,1.3135966498532388,6.523074585318012,0,7.506556488426412,0,0.9834819031083999,5,1024.6075722769365,8.143780708312988,8.143780708312988,31.62953758239746,1024.6075722769365,9,42.5,NEP10k_raw_r20250912_daily_mesozoo200_o2_so_no3_chlos_ssh_thetao_uo_vo_vollcello_2023.02.nc,NEP10k_raw_r20250912_daily_mesozoo200_o2_so_no3_chlos_ssh_thetao_uo_vo_vollcello_2023.02.nc
W23,NH,NA,1,4,0,2023-02-24,2023-02-24T18:28:41Z,-124.11722,44.65082,2.6,41.2,2023,2,113,134,-124.12141418457031,44.66225051879883,1.3135966498532388,6.523074585318012,0,7.506556488426412,0,0.9834819031083999,5,1024.6075722769365,8.143780708312988,8.143780708312988,31.62953758239746,1024.6075722769365,9,42.5,NEP10k_raw_r20250912_daily_mesozoo200_o2_so_no3_chlos_ssh_thetao_uo_vo_vollcello_2023.02.nc,NEP10k_raw_r20250912_daily_mesozoo200_o2_so_no3_chlos_ssh_thetao_uo_vo_vollcello_2023.02.nc
W23,NH,NA,1,1,3,2023-02-24,2023-02-24T18:32:12Z,-124.11943,44.6507,24.6,40.3,2023,2,113,134,-124.12141418457031,44.66225051879883,1.2939123612707597,6.523074585318012,0,7.506556488426412,0,0.9834819031083999,5,1024.6075722769365,8.143780708312988,8.143780708312988,31.62953758239746,1024.6075722769365,9,42.5,NEP10k_raw_r20250912_daily_mesozoo200_o2_so_no3_chlos_ssh_thetao_uo_vo_vollcello_2023.02.nc,NEP10k_raw_r20250912_daily_mesozoo200_o2_so_no3_chlos_ssh_thetao_uo_vo_vollcello_2023.02.nc
W23,NH,NA,1,4,3,2023-02-24,2023-02-24T18:32:12Z,-124.11943,44.6507,24.6,40.3,2023,2,113,134,-124.12141418457031,44.66225051879883,1.2939123612707597,6.523074585318012,0,7.506556488426412,0,0.9834819031083999,5,1024.6075722769365,8.143780708312988,8.143780708312988,31.62953758239746,1024.6075722769365,9,42.5,NEP10k_raw_r20250912_daily_mesozoo200_o2_so_no3_chlos_ssh_thetao_uo_vo_vollcello_2023.02.nc,NEP10k_raw_r20250912_daily_mesozoo200_o2_so_no3_chlos_ssh_thetao_uo_vo_vollcello_2023.02.nc
W23,NH,NA,1,1,4,2023-02-24,2023-02-24T18:34:07Z,-124.12052,44.65058,1.1,24.515,2023,2,113,134,-124.12141418457031,44.66225051879883,1.2996284296932732,6.523074585318012,0,7.506556488426412,0,0.9834819031083999,5,1024.6075722769365,8.143780708312988,8.143780708312988,31.62953758239746,1024.6075722769365,9,42.5,NEP10k_raw_r20250912_daily_mesozoo200_o2_so_no3_chlos_ssh_thetao_uo_vo_vollcello_2023.02.nc,NEP10k_raw_r20250912_daily_mesozoo200_o2_so_no3_chlos_ssh_thetao_uo_vo_vollcello_2023.02.nc
W23,NH,NA,1,4,4,2023-02-24,2023-02-24T18:34:07Z,-124.12052,44.65058,1.1,24.515,2023,2,113,134,-124.12141418457031,44.66225051879883,1.2996284296932732,6.523074585318012,0,7.506556488426412,0,0.9834819031083999,5,1024.6075722769365,8.143780708312988,8.143780708312988,31.62953758239746,1024.6075722769365,9,42.5,NEP10k_raw_r20250912_daily_mesozoo200_o2_so_no3_chlos_ssh_thetao_uo_vo_vollcello_2023.02.nc,NEP10k_raw_r20250912_daily_mesozoo200_o2_so_no3_chlos_ssh_thetao_uo_vo_vollcello_2023.02.nc
W23,NH,NA,2,1,0,2023-02-24,2023-02-24T21:08:29Z,-124.30543,44.64987,1.3,79.083,2023,2,113,133,-124.23666381835938,44.623046875,6.2049129720796685,11.860486859170035,0,13.019986830500079,0,1.1594999713300442,5,1024.6245624739718,8.196008682250977,8.196008682250977,31.66081428527832,1024.6245624739718,12,65,NEP10k_raw_r20250912_daily_mesozoo200_o2_so_no3_chlos_ssh_thetao_uo_vo_vollcello_2023.02.nc,NEP10k_raw_r20250912_daily_mesozoo200_o2_so_no3_chlos_ssh_thetao_uo_vo_vollcello_2023.02.nc
W23,NH,NA,2,4,0,2023-02-24,2023-02-24T21:08:29Z,-124.30543,44.64987,1.3,79.083,2023,2,113,133,-124.23666381835938,44.623046875,6.2049129720796685,11.860486859170035,0,13.019986830500079,0,1.1594999713300442,5,1024.6245624739718,8.196008682250977,8.196008682250977,31.66081428527832,1024.6245624739718,12,65,NEP10k_raw_r20250912_daily_mesozoo200_o2_so_no3_chlos_ssh_thetao_uo_vo_vollcello_2023.02.nc,NEP10k_raw_r20250912_daily_mesozoo200_o2_so_no3_chlos_ssh_thetao_uo_vo_vollcello_2023.02.nc
W23,NH,NA,2,1,2,2023-02-24,2023-02-24T21:17:48Z,-124.31127,44.65059,50.358,79.521,2023,2,114,133,-124.29193115234375,44.705013275146484,6.241781786797102,9.229407490306214,0,11.032608147674171,0,1.8032006573679578,5,1024.4664438172902,8.142876625061035,8.142876625061035,31.44940185546875,1024.4664438172902,14,85,NEP10k_raw_r20250912_daily_mesozoo200_o2_so_no3_chlos_ssh_thetao_uo_vo_vollcello_2023.02.nc,NEP10k_raw_r20250912_daily_mesozoo200_o2_so_no3_chlos_ssh_thetao_uo_vo_vollcello_2023.02.nc
W23,NH,NA,2,4,2,2023-02-24,2023-02-24T21:17:48Z,-124.31127,44.65059,50.358,79.521,2023,2,114,133,-124.29193115234375,44.705013275146484,6.241781786797102,9.229407490306214,0,11.032608147674171,0,1.8032006573679578,5,1024.4664438172902,8.142876625061035,8.142876625061035,31.44940185546875,1024.4664438172902,14,85,NEP10k_raw_r20250912_daily_mesozoo200_o2_so_no3_chlos_ssh_thetao_uo_vo_vollcello_2023.02.nc,NEP10k_raw_r20250912_daily_mesozoo200_o2_so_no3_chlos_ssh_thetao_uo_vo_vollcello_2023.02.nc
W23,NH,NA,2,1,3,2023-02-24,2023-02-24T21:24:18Z,-124.31487,44.65123,25.2,50.6,2023,2,114,133,-124.29193115234375,44.705013275146484,6.249404135531299,9.229407490306214,0,11.032608147674171,0,1.8032006573679578,5,1024.4664438172902,8.142876625061035,8.142876625061035,31.44940185546875,1024.4664438172902,14,85,NEP10k_raw_r20250912_daily_mesozoo200_o2_so_no3_chlos_ssh_thetao_uo_vo_vollcello_2023.02.nc,NEP10k_raw_r20250912_daily_mesozoo200_o2_so_no3_chlos_ssh_thetao_uo_vo_vollcello_2023.02.nc
W23,NH,NA,2,4,3,2023-02-24,2023-02-24T21:24:18Z,-124.31487,44.65123,25.2,50.6,2023,2,114,133,-124.29193115234375,44.705013275146484,6.249404135531299,9.229407490306214,0,11.032608147674171,0,1.8032006573679578,5,1024.4664438172902,8.142876625061035,8.142876625061035,31.44940185546875,1024.4664438172902,14,85,NEP10k_raw_r20250912_daily_mesozoo200_o2_so_no3_chlos_ssh_thetao_uo_vo_vollcello_2023.02.nc,NEP10k_raw_r20250912_daily_mesozoo200_o2_so_no3_chlos_ssh_thetao_uo_vo_vollcello_2023.02.nc
W23,NH,NA,2,1,4,2023-02-24,2023-02-24T21:28:28Z,-124.31723,44.65163,0.9,24.5,2023,2,114,133,-124.29193115234375,44.705013275146484,6.263920325491206,9.229407490306214,0,11.032608147674171,0,1.8032006573679578,5,1024.4664438172902,8.142876625061035,8.142876625061035,31.44940185546875,1024.4664438172902,14,85,NEP10k_raw_r20250912_daily_mesozoo200_o2_so_no3_chlos_ssh_thetao_uo_vo_vollcello_2023.02.nc,NEP10k_raw_r20250912_daily_mesozoo200_o2_so_no3_chlos_ssh_thetao_uo_vo_vollcello_2023.02.nc
W23,NH,NA,2,4,4,2023-02-24,2023-02-24T21:28:28Z,-124.31723,44.65163,0.9,24.5,2023,2,114,133,-124.29193115234375,44.705013275146484,6.263920325491206,9.229407490306214,0,11.032608147674171,0,1.8032006573679578,5,1024.4664438172902,8.142876625061035,8.142876625061035,31.44940185546875,1024.4664438172902,14,85,NEP10k_raw_r20250912_daily_mesozoo200_o2_so_no3_chlos_ssh_thetao_uo_vo_vollcello_2023.02.nc,NEP10k_raw_r20250912_daily_mesozoo200_o2_so_no3_chlos_ssh_thetao_uo_vo_vollcello_2023.02.nc
W23,NH,NA,3,1,0,2023-02-24,2023-02-24T23:56:12Z,-124.56471,44.65432,1.679,98.6,2023,2,114,131,-124.52220153808594,44.62610626220703,4.599286269737213,8.334284235795236,0,9.599358591650201,0,1.2650743558549653,5,1024.2169940550748,8.127504348754883,8.127504348754883,31.12847137451172,1024.2169940550748,19,135,NEP10k_raw_r20250912_daily_mesozoo200_o2_so_no3_chlos_ssh_thetao_uo_vo_vollcello_2023.02.nc,NEP10k_raw_r20250912_daily_mesozoo200_o2_so_no3_chlos_ssh_thetao_uo_vo_vollcello_2023.02.nc
W23,NH,NA,3,4,0,2023-02-24,2023-02-24T23:56:12Z,-124.56471,44.65432,1.679,98.6,2023,2,114,131,-124.52220153808594,44.62610626220703,4.599286269737213,8.334284235795236,0,9.599358591650201,0,1.2650743558549653,5,1024.2169940550748,8.127504348754883,8.127504348754883,31.12847137451172,1024.2169940550748,19,135,NEP10k_raw_r20250912_daily_mesozoo200_o2_so_no3_chlos_ssh_thetao_uo_vo_vollcello_2023.02.nc,NEP10k_raw_r20250912_daily_mesozoo200_o2_so_no3_chlos_ssh_thetao_uo_vo_vollcello_2023.02.nc
W23,NH,NA,3,1,1,2023-02-24,2023-02-25T00:04:22Z,-124.56882,44.65102,73.1,101.7,2023,2,114,131,-124.52220153808594,44.62610626220703,4.61297348860326,8.334284235795236,0,9.599358591650201,0,1.2650743558549653,5,1024.2169940550748,8.127504348754883,8.127504348754883,31.12847137451172,1024.2169940550748,19,135,NEP10k_raw_r20250912_daily_mesozoo200_o2_so_no3_chlos_ssh_thetao_uo_vo_vollcello_2023.02.nc,NEP10k_raw_r20250912_daily_mesozoo200_o2_so_no3_chlos_ssh_thetao_uo_vo_vollcello_2023.02.nc
W23,NH,NA,3,4,1,2023-02-24,2023-02-25T00:04:22Z,-124.56882,44.65102,73.1,101.7,2023,2,114,131,-124.52220153808594,44.62610626220703,4.61297348860326,8.334284235795236,0,9.599358591650201,0,1.2650743558549653,5,1024.2169940550748,8.127504348754883,8.127504348754883,31.12847137451172,1024.2169940550748,19,135,NEP10k_raw_r20250912_daily_mesozoo200_o2_so_no3_chlos_ssh_thetao_uo_vo_vollcello_2023.02.nc,NEP10k_raw_r20250912_daily_mesozoo200_o2_so_no3_chlos_ssh_thetao_uo_vo_vollcello_2023.02.nc
W23,NH,NA,3,1,2,2023-02-24,2023-02-25T00:07:52Z,-124.57063,44.64985,51.1,72.44,2023,2,114,131,-124.52220153808594,44.62610626220703,4.653267039450798,8.334284235795236,0,9.599358591650201,0,1.2650743558549653,5,1024.2169940550748,8.127504348754883,8.127504348754883,31.12847137451172,1024.2169940550748,19,135,NEP10k_raw_r20250912_daily_mesozoo200_o2_so_no3_chlos_ssh_thetao_uo_vo_vollcello_2023.02.nc,NEP10k_raw_r20250912_daily_mesozoo200_o2_so_no3_chlos_ssh_thetao_uo_vo_vollcello_2023.02.nc
W23,NH,NA,3,4,2,2023-02-24,2023-02-25T00:07:52Z,-124.57063,44.64985,51.1,72.44,2023,2,114,131,-124.52220153808594,44.62610626220703,4.653267039450798,8.334284235795236,0,9.599358591650201,0,1.2650743558549653,5,1024.2169940550748,8.127504348754883,8.127504348754883,31.12847137451172,1024.2169940550748,19,135,NEP10k_raw_r20250912_daily_mesozoo200_o2_so_no3_chlos_ssh_thetao_uo_vo_vollcello_2023.02.nc,NEP10k_raw_r20250912_daily_mesozoo200_o2_so_no3_chlos_ssh_thetao_uo_vo_vollcello_2023.02.nc
W23,NH,NA,3,1,3,2023-02-24,2023-02-25T00:10:55Z,-124.57308,44.64915,25.987,50.7,2023,2,114,131,-124.52220153808594,44.62610626220703,4.771926323104781,8.334284235795236,0,9.599358591650201,0,1.2650743558549653,5,1024.2169940550748,8.127504348754883,8.127504348754883,31.12847137451172,1024.2169940550748,19,135,NEP10k_raw_r20250912_daily_mesozoo200_o2_so_no3_chlos_ssh_thetao_uo_vo_vollcello_2023.02.nc,NEP10k_raw_r20250912_daily_mesozoo200_o2_so_no3_chlos_ssh_thetao_uo_vo_vollcello_2023.02.nc
W23,NH,NA,3,4,3,2023-02-24,2023-02-25T00:10:55Z,-124.57308,44.64915,25.987,50.7,2023,2,114,131,-124.52220153808594,44.62610626220703,4.771926323104781,8.334284235795236,0,9.599358591650201,0,1.2650743558549653,5,1024.2169940550748,8.127504348754883,8.127504348754883,31.12847137451172,1024.2169940550748,19,135,NEP10k_raw_r20250912_daily_mesozoo200_o2_so_no3_chlos_ssh_thetao_uo_vo_vollcello_2023.02.nc,NEP10k_raw_r20250912_daily_mesozoo200_o2_so_no3_chlos_ssh_thetao_uo_vo_vollcello_2023.02.nc
W23,NH,NA,3,1,4,2023-02-24,2023-02-25T00:17:29Z,-124.57742,44.64783,1.7,25.2,2023,2,114,131,-124.52220153808594,44.62610626220703,4.9923657584104815,8.334284235795236,0,9.599358591650201,0,1.2650743558549653,5,1024.2169940550748,8.127504348754883,8.127504348754883,31.12847137451172,1024.2169940550748,19,135,NEP10k_raw_r20250912_daily_mesozoo200_o2_so_no3_chlos_ssh_thetao_uo_vo_vollcello_2023.02.nc,NEP10k_raw_r20250912_daily_mesozoo200_o2_so_no3_chlos_ssh_thetao_uo_vo_vollcello_2023.02.nc
W23,NH,NA,3,4,4,2023-02-24,2023-02-25T00:17:29Z,-124.57742,44.64783,1.7,25.2,2023,2,114,131,-124.52220153808594,44.62610626220703,4.9923657584104815,8.334284235795236,0,9.599358591650201,0,1.2650743558549653,5,1024.2169940550748,8.127504348754883,8.127504348754883,31.12847137451172,1024.2169940550748,19,135,NEP10k_raw_r20250912_daily_mesozoo200_o2_so_no3_chlos_ssh_thetao_uo_vo_vollcello_2023.02.nc,NEP10k_raw_r20250912_daily_mesozoo200_o2_so_no3_chlos_ssh_thetao_uo_vo_vollcello_2023.02.nc
W23,NH,NA,6,1,0,2023-02-25,2023-02-25T16:20:23Z,-125.81877,44.65141,1.3,101,2023,2,119,122,-125.83612060546875,44.670772552490234,2.5531547486207002,31.275474394911974,0,73.43678738548738,0,42.161312990575404,5,1024.8900035486279,8.516111373901367,8.516111373901367,32.0594482421875,1024.8900035486279,22,187.5,NEP10k_raw_r20250912_daily_mesozoo200_o2_so_no3_chlos_ssh_thetao_uo_vo_vollcello_2023.02.nc,NEP10k_raw_r20250912_daily_mesozoo200_o2_so_no3_chlos_ssh_thetao_uo_vo_vollcello_2023.02.nc
W23,NH,NA,6,4,0,2023-02-25,2023-02-25T16:20:23Z,-125.81877,44.65141,1.3,101,2023,2,119,122,-125.83612060546875,44.670772552490234,2.5531547486207002,31.275474394911974,0,73.43678738548738,0,42.161312990575404,5,1024.8900035486279,8.516111373901367,8.516111373901367,32.0594482421875,1024.8900035486279,22,187.5,NEP10k_raw_r20250912_daily_mesozoo200_o2_so_no3_chlos_ssh_thetao_uo_vo_vollcello_2023.02.nc,NEP10k_raw_r20250912_daily_mesozoo200_o2_so_no3_chlos_ssh_thetao_uo_vo_vollcello_2023.02.nc
W23,NH,NA,6,1,1,2023-02-25,2023-02-25T16:29:06Z,-125.81342,44.65153,75.4,101.2,2023,2,119,122,-125.83612060546875,44.670772552490234,2.7931450438487,31.275474394911974,0,73.43678738548738,0,42.161312990575404,5,1024.8900035486279,8.516111373901367,8.516111373901367,32.0594482421875,1024.8900035486279,22,187.5,NEP10k_raw_r20250912_daily_mesozoo200_o2_so_no3_chlos_ssh_thetao_uo_vo_vollcello_2023.02.nc,NEP10k_raw_r20250912_daily_mesozoo200_o2_so_no3_chlos_ssh_thetao_uo_vo_vollcello_2023.02.nc
W23,NH,NA,6,4,1,2023-02-25,2023-02-25T16:29:06Z,-125.81342,44.65153,75.4,101.2,2023,2,119,122,-125.83612060546875,44.670772552490234,2.7931450438487,31.275474394911974,0,73.43678738548738,0,42.161312990575404,5,1024.8900035486279,8.516111373901367,8.516111373901367,32.0594482421875,1024.8900035486279,22,187.5,NEP10k_raw_r20250912_daily_mesozoo200_o2_so_no3_chlos_ssh_thetao_uo_vo_vollcello_2023.02.nc,NEP10k_raw_r20250912_daily_mesozoo200_o2_so_no3_chlos_ssh_thetao_uo_vo_vollcello_2023.02.nc
W23,NH,NA,6,1,2,2023-02-25,2023-02-25T16:33:36Z,-125.81072,44.65164,49.6,75.3,2023,2,119,122,-125.83612060546875,44.670772552490234,2.9260642204586826,31.275474394911974,0,73.43678738548738,0,42.161312990575404,5,1024.8900035486279,8.516111373901367,8.516111373901367,32.0594482421875,1024.8900035486279,22,187.5,NEP10k_raw_r20250912_daily_mesozoo200_o2_so_no3_chlos_ssh_thetao_uo_vo_vollcello_2023.02.nc,NEP10k_raw_r20250912_daily_mesozoo200_o2_so_no3_chlos_ssh_thetao_uo_vo_vollcello_2023.02.nc
W23,NH,NA,6,4,2,2023-02-25,2023-02-25T16:33:36Z,-125.81072,44.65164,49.6,75.3,2023,2,119,122,-125.83612060546875,44.670772552490234,2.9260642204586826,31.275474394911974,0,73.43678738548738,0,42.161312990575404,5,1024.8900035486279,8.516111373901367,8.516111373901367,32.0594482421875,1024.8900035486279,22,187.5,NEP10k_raw_r20250912_daily_mesozoo200_o2_so_no3_chlos_ssh_thetao_uo_vo_vollcello_2023.02.nc,NEP10k_raw_r20250912_daily_mesozoo200_o2_so_no3_chlos_ssh_thetao_uo_vo_vollcello_2023.02.nc
W23,NH,NA,6,1,3,2023-02-25,2023-02-25T16:39:58Z,-125.80717,44.65166,24.425,49.775,2023,2,119,122,-125.83612060546875,44.670772552490234,3.123991972558498,31.275474394911974,0,73.43678738548738,0,42.161312990575404,5,1024.8900035486279,8.516111373901367,8.516111373901367,32.0594482421875,1024.8900035486279,22,187.5,NEP10k_raw_r20250912_daily_mesozoo200_o2_so_no3_chlos_ssh_thetao_uo_vo_vollcello_2023.02.nc,NEP10k_raw_r20250912_daily_mesozoo200_o2_so_no3_chlos_ssh_thetao_uo_vo_vollcello_2023.02.nc
W23,NH,NA,6,4,3,2023-02-25,2023-02-25T16:39:58Z,-125.80717,44.65166,24.425,49.775,2023,2,119,122,-125.83612060546875,44.670772552490234,3.123991972558498,31.275474394911974,0,73.43678738548738,0,42.161312990575404,5,1024.8900035486279,8.516111373901367,8.516111373901367,32.0594482421875,1024.8900035486279,22,187.5,NEP10k_raw_r20250912_daily_mesozoo200_o2_so_no3_chlos_ssh_thetao_uo_vo_vollcello_2023.02.nc,NEP10k_raw_r20250912_daily_mesozoo200_o2_so_no3_chlos_ssh_thetao_uo_vo_vollcello_2023.02.nc
W23,NH,NA,6,1,4,2023-02-25,2023-02-25T16:44:21Z,-125.80459,44.65183,0.9,24.5,2023,2,119,122,-125.83612060546875,44.670772552490234,3.2642608728011187,31.275474394911974,0,73.43678738548738,0,42.161312990575404,5,1024.8900035486279,8.516111373901367,8.516111373901367,32.0594482421875,1024.8900035486279,22,187.5,NEP10k_raw_r20250912_daily_mesozoo200_o2_so_no3_chlos_ssh_thetao_uo_vo_vollcello_2023.02.nc,NEP10k_raw_r20250912_daily_mesozoo200_o2_so_no3_chlos_ssh_thetao_uo_vo_vollcello_2023.02.nc
W23,NH,NA,6,4,4,2023-02-25,2023-02-25T16:44:21Z,-125.80459,44.65183,0.9,24.5,2023,2,119,122,-125.83612060546875,44.670772552490234,3.2642608728011187,31.275474394911974,0,73.43678738548738,0,42.161312990575404,5,1024.8900035486279,8.516111373901367,8.516111373901367,32.0594482421875,1024.8900035486279,22,187.5,NEP10k_raw_r20250912_daily_mesozoo200_o2_so_no3_chlos_ssh_thetao_uo_vo_vollcello_2023.02.nc,NEP10k_raw_r20250912_daily_mesozoo200_o2_so_no3_chlos_ssh_thetao_uo_vo_vollcello_2023.02.nc
W23,NH,NA,5,1,0,2023-02-25,2023-02-25T19:32:08Z,-125.40389,44.65058,1.6,100.4,2023,2,117,125,-125.37890625,44.63059997558594,2.9737328050530465,18.861337628425613,0,20.605291617071927,0,1.7439539886463145,5,1024.5923221292821,8.3762845993042,8.3762845993042,31.653165817260742,1024.5923221292821,22,187.5,NEP10k_raw_r20250912_daily_mesozoo200_o2_so_no3_chlos_ssh_thetao_uo_vo_vollcello_2023.02.nc,NEP10k_raw_r20250912_daily_mesozoo200_o2_so_no3_chlos_ssh_thetao_uo_vo_vollcello_2023.02.nc
W23,NH,NA,5,4,0,2023-02-25,2023-02-25T19:32:08Z,-125.40389,44.65058,1.6,100.4,2023,2,117,125,-125.37890625,44.63059997558594,2.9737328050530465,18.861337628425613,0,20.605291617071927,0,1.7439539886463145,5,1024.5923221292821,8.3762845993042,8.3762845993042,31.653165817260742,1024.5923221292821,22,187.5,NEP10k_raw_r20250912_daily_mesozoo200_o2_so_no3_chlos_ssh_thetao_uo_vo_vollcello_2023.02.nc,NEP10k_raw_r20250912_daily_mesozoo200_o2_so_no3_chlos_ssh_thetao_uo_vo_vollcello_2023.02.nc
W23,NH,NA,5,1,1,2023-02-25,2023-02-25T19:40:34Z,-125.39871,44.65015,75.2,97.8,2023,2,117,125,-125.37890625,44.63059997558594,2.679680685973336,18.861337628425613,0,20.605291617071927,0,1.7439539886463145,5,1024.5923221292821,8.3762845993042,8.3762845993042,31.653165817260742,1024.5923221292821,22,187.5,NEP10k_raw_r20250912_daily_mesozoo200_o2_so_no3_chlos_ssh_thetao_uo_vo_vollcello_2023.02.nc,NEP10k_raw_r20250912_daily_mesozoo200_o2_so_no3_chlos_ssh_thetao_uo_vo_vollcello_2023.02.nc
W23,NH,NA,5,4,1,2023-02-25,2023-02-25T19:40:34Z,-125.39871,44.65015,75.2,97.8,2023,2,117,125,-125.37890625,44.63059997558594,2.679680685973336,18.861337628425613,0,20.605291617071927,0,1.7439539886463145,5,1024.5923221292821,8.3762845993042,8.3762845993042,31.653165817260742,1024.5923221292821,22,187.5,NEP10k_raw_r20250912_daily_mesozoo200_o2_so_no3_chlos_ssh_thetao_uo_vo_vollcello_2023.02.nc,NEP10k_raw_r20250912_daily_mesozoo200_o2_so_no3_chlos_ssh_thetao_uo_vo_vollcello_2023.02.nc
W23,NH,NA,5,1,2,2023-02-25,2023-02-25T19:44:36Z,-125.39626,44.65007,48,75.2,2023,2,117,125,-125.37890625,44.63059997558594,2.5636364754722503,18.861337628425613,0,20.605291617071927,0,1.7439539886463145,5,1024.5923221292821,8.3762845993042,8.3762845993042,31.653165817260742,1024.5923221292821,22,187.5,NEP10k_raw_r20250912_daily_mesozoo200_o2_so_no3_chlos_ssh_thetao_uo_vo_vollcello_2023.02.nc,NEP10k_raw_r20250912_daily_mesozoo200_o2_so_no3_chlos_ssh_thetao_uo_vo_vollcello_2023.02.nc
W23,NH,NA,5,4,2,2023-02-25,2023-02-25T19:44:36Z,-125.39626,44.65007,48,75.2,2023,2,117,125,-125.37890625,44.63059997558594,2.5636364754722503,18.861337628425613,0,20.605291617071927,0,1.7439539886463145,5,1024.5923221292821,8.3762845993042,8.3762845993042,31.653165817260742,1024.5923221292821,22,187.5,NEP10k_raw_r20250912_daily_mesozoo200_o2_so_no3_chlos_ssh_thetao_uo_vo_vollcello_2023.02.nc,NEP10k_raw_r20250912_daily_mesozoo200_o2_so_no3_chlos_ssh_thetao_uo_vo_vollcello_2023.02.nc
W23,NH,NA,5,1,3,2023-02-25,2023-02-25T19:50:19Z,-125.39289,44.65016,25.5,47.7,2023,2,117,125,-125.37890625,44.63059997558594,2.440201739702858,18.861337628425613,0,20.605291617071927,0,1.7439539886463145,5,1024.5923221292821,8.3762845993042,8.3762845993042,31.653165817260742,1024.5923221292821,22,187.5,NEP10k_raw_r20250912_daily_mesozoo200_o2_so_no3_chlos_ssh_thetao_uo_vo_vollcello_2023.02.nc,NEP10k_raw_r20250912_daily_mesozoo200_o2_so_no3_chlos_ssh_thetao_uo_vo_vollcello_2023.02.nc
W23,NH,NA,5,4,3,2023-02-25,2023-02-25T19:50:19Z,-125.39289,44.65016,25.5,47.7,2023,2,117,125,-125.37890625,44.63059997558594,2.440201739702858,18.861337628425613,0,20.605291617071927,0,1.7439539886463145,5,1024.5923221292821,8.3762845993042,8.3762845993042,31.653165817260742,1024.5923221292821,22,187.5,NEP10k_raw_r20250912_daily_mesozoo200_o2_so_no3_chlos_ssh_thetao_uo_vo_vollcello_2023.02.nc,NEP10k_raw_r20250912_daily_mesozoo200_o2_so_no3_chlos_ssh_thetao_uo_vo_vollcello_2023.02.nc
W23,NH,NA,5,1,4,2023-02-25,2023-02-25T19:54:16Z,-125.39059,44.6503,0.887,24.913,2023,2,117,125,-125.37890625,44.63059997558594,2.3776028534924656,18.861337628425613,0,20.605291617071927,0,1.7439539886463145,5,1024.5923221292821,8.3762845993042,8.3762845993042,31.653165817260742,1024.5923221292821,22,187.5,NEP10k_raw_r20250912_daily_mesozoo200_o2_so_no3_chlos_ssh_thetao_uo_vo_vollcello_2023.02.nc,NEP10k_raw_r20250912_daily_mesozoo200_o2_so_no3_chlos_ssh_thetao_uo_vo_vollcello_2023.02.nc
W23,NH,NA,5,4,4,2023-02-25,2023-02-25T19:54:16Z,-125.39059,44.6503,0.887,24.913,2023,2,117,125,-125.37890625,44.63059997558594,2.3776028534924656,18.861337628425613,0,20.605291617071927,0,1.7439539886463145,5,1024.5923221292821,8.3762845993042,8.3762845993042,31.653165817260742,1024.5923221292821,22,187.5,NEP10k_raw_r20250912_daily_mesozoo200_o2_so_no3_chlos_ssh_thetao_uo_vo_vollcello_2023.02.nc,NEP10k_raw_r20250912_daily_mesozoo200_o2_so_no3_chlos_ssh_thetao_uo_vo_vollcello_2023.02.nc
W23,NH,NA,4,1,0,2023-02-25,2023-02-25T22:46:41Z,-124.94481,44.6512,1.4,102.771,2023,2,116,128,-124.97869873046875,44.67002487182617,3.4008225787435213,8.297255784421399,0,9.849921869770641,0,1.5526660853492427,5,1024.2311373715095,8.044370651245117,8.044370651245117,31.131439208984375,1024.2311373715095,22,187.5,NEP10k_raw_r20250912_daily_mesozoo200_o2_so_no3_chlos_ssh_thetao_uo_vo_vollcello_2023.02.nc,NEP10k_raw_r20250912_daily_mesozoo200_o2_so_no3_chlos_ssh_thetao_uo_vo_vollcello_2023.02.nc
W23,NH,NA,4,4,0,2023-02-25,2023-02-25T22:46:41Z,-124.94481,44.6512,1.4,102.771,2023,2,116,128,-124.97869873046875,44.67002487182617,3.4008225787435213,8.297255784421399,0,9.849921869770641,0,1.5526660853492427,5,1024.2311373715095,8.044370651245117,8.044370651245117,31.131439208984375,1024.2311373715095,22,187.5,NEP10k_raw_r20250912_daily_mesozoo200_o2_so_no3_chlos_ssh_thetao_uo_vo_vollcello_2023.02.nc,NEP10k_raw_r20250912_daily_mesozoo200_o2_so_no3_chlos_ssh_thetao_uo_vo_vollcello_2023.02.nc
W23,NH,NA,4,1,1,2023-02-25,2023-02-25T22:54:36Z,-124.94998,44.65131,75.1,103.2,2023,2,116,128,-124.97869873046875,44.67002487182617,3.080548396792273,8.297255784421399,0,9.849921869770641,0,1.5526660853492427,5,1024.2311373715095,8.044370651245117,8.044370651245117,31.131439208984375,1024.2311373715095,22,187.5,NEP10k_raw_r20250912_daily_mesozoo200_o2_so_no3_chlos_ssh_thetao_uo_vo_vollcello_2023.02.nc,NEP10k_raw_r20250912_daily_mesozoo200_o2_so_no3_chlos_ssh_thetao_uo_vo_vollcello_2023.02.nc
W23,NH,NA,4,4,1,2023-02-25,2023-02-25T22:54:36Z,-124.94998,44.65131,75.1,103.2,2023,2,116,128,-124.97869873046875,44.67002487182617,3.080548396792273,8.297255784421399,0,9.849921869770641,0,1.5526660853492427,5,1024.2311373715095,8.044370651245117,8.044370651245117,31.131439208984375,1024.2311373715095,22,187.5,NEP10k_raw_r20250912_daily_mesozoo200_o2_so_no3_chlos_ssh_thetao_uo_vo_vollcello_2023.02.nc,NEP10k_raw_r20250912_daily_mesozoo200_o2_so_no3_chlos_ssh_thetao_uo_vo_vollcello_2023.02.nc
W23,NH,NA,4,1,2,2023-02-25,2023-02-25T23:00:18Z,-124.95313,44.65129,48.4,74.8,2023,2,116,128,-124.97869873046875,44.67002487182617,2.903331889384192,8.297255784421399,0,9.849921869770641,0,1.5526660853492427,5,1024.2311373715095,8.044370651245117,8.044370651245117,31.131439208984375,1024.2311373715095,22,187.5,NEP10k_raw_r20250912_daily_mesozoo200_o2_so_no3_chlos_ssh_thetao_uo_vo_vollcello_2023.02.nc,NEP10k_raw_r20250912_daily_mesozoo200_o2_so_no3_chlos_ssh_thetao_uo_vo_vollcello_2023.02.nc
W23,NH,NA,4,4,2,2023-02-25,2023-02-25T23:00:18Z,-124.95313,44.65129,48.4,74.8,2023,2,116,128,-124.97869873046875,44.67002487182617,2.903331889384192,8.297255784421399,0,9.849921869770641,0,1.5526660853492427,5,1024.2311373715095,8.044370651245117,8.044370651245117,31.131439208984375,1024.2311373715095,22,187.5,NEP10k_raw_r20250912_daily_mesozoo200_o2_so_no3_chlos_ssh_thetao_uo_vo_vollcello_2023.02.nc,NEP10k_raw_r20250912_daily_mesozoo200_o2_so_no3_chlos_ssh_thetao_uo_vo_vollcello_2023.02.nc
W23,NH,NA,4,1,3,2023-02-25,2023-02-25T23:03:53Z,-124.95522,44.65125,25.1,47.6,2023,2,116,128,-124.97869873046875,44.67002487182617,2.794039268313672,8.297255784421399,0,9.849921869770641,0,1.5526660853492427,5,1024.2311373715095,8.044370651245117,8.044370651245117,31.131439208984375,1024.2311373715095,22,187.5,NEP10k_raw_r20250912_daily_mesozoo200_o2_so_no3_chlos_ssh_thetao_uo_vo_vollcello_2023.02.nc,NEP10k_raw_r20250912_daily_mesozoo200_o2_so_no3_chlos_ssh_thetao_uo_vo_vollcello_2023.02.nc
W23,NH,NA,4,4,3,2023-02-25,2023-02-25T23:03:53Z,-124.95522,44.65125,25.1,47.6,2023,2,116,128,-124.97869873046875,44.67002487182617,2.794039268313672,8.297255784421399,0,9.849921869770641,0,1.5526660853492427,5,1024.2311373715095,8.044370651245117,8.044370651245117,31.131439208984375,1024.2311373715095,22,187.5,NEP10k_raw_r20250912_daily_mesozoo200_o2_so_no3_chlos_ssh_thetao_uo_vo_vollcello_2023.02.nc,NEP10k_raw_r20250912_daily_mesozoo200_o2_so_no3_chlos_ssh_thetao_uo_vo_vollcello_2023.02.nc
W23,NH,NA,4,1,4,2023-02-25,2023-02-25T23:07:46Z,-124.95747,44.6512,1.567,25.233,2023,2,116,128,-124.97869873046875,44.67002487182617,2.683404925516077,8.297255784421399,0,9.849921869770641,0,1.5526660853492427,5,1024.2311373715095,8.044370651245117,8.044370651245117,31.131439208984375,1024.2311373715095,22,187.5,NEP10k_raw_r20250912_daily_mesozoo200_o2_so_no3_chlos_ssh_thetao_uo_vo_vollcello_2023.02.nc,NEP10k_raw_r20250912_daily_mesozoo200_o2_so_no3_chlos_ssh_thetao_uo_vo_vollcello_2023.02.nc
W23,NH,NA,4,4,4,2023-02-25,2023-02-25T23:07:46Z,-124.95747,44.6512,1.567,25.233,2023,2,116,128,-124.97869873046875,44.67002487182617,2.683404925516077,8.297255784421399,0,9.849921869770641,0,1.5526660853492427,5,1024.2311373715095,8.044370651245117,8.044370651245117,31.131439208984375,1024.2311373715095,22,187.5,NEP10k_raw_r20250912_daily_mesozoo200_o2_so_no3_chlos_ssh_thetao_uo_vo_vollcello_2023.02.nc,NEP10k_raw_r20250912_daily_mesozoo200_o2_so_no3_chlos_ssh_thetao_uo_vo_vollcello_2023.02.nc
W23,HH,NA,4,1,0,2023-02-26,2023-02-26T15:39:01Z,-125.17467,43.98664,2.518,100.191,2023,2,110,123,-125.21109008789062,43.980262756347656,2.99898558968638,12.588701845824701,0,15.162064595257563,0,2.573362749432862,5,1024.7957804475363,8.635619163513184,8.635619163513184,31.961978912353516,1024.7957804475363,22,187.5,NEP10k_raw_r20250912_daily_mesozoo200_o2_so_no3_chlos_ssh_thetao_uo_vo_vollcello_2023.02.nc,NEP10k_raw_r20250912_daily_mesozoo200_o2_so_no3_chlos_ssh_thetao_uo_vo_vollcello_2023.02.nc
W23,HH,NA,4,4,0,2023-02-26,2023-02-26T15:39:01Z,-125.17467,43.98664,2.518,100.191,2023,2,110,123,-125.21109008789062,43.980262756347656,2.99898558968638,12.588701845824701,0,15.162064595257563,0,2.573362749432862,5,1024.7957804475363,8.635619163513184,8.635619163513184,31.961978912353516,1024.7957804475363,22,187.5,NEP10k_raw_r20250912_daily_mesozoo200_o2_so_no3_chlos_ssh_thetao_uo_vo_vollcello_2023.02.nc,NEP10k_raw_r20250912_daily_mesozoo200_o2_so_no3_chlos_ssh_thetao_uo_vo_vollcello_2023.02.nc
W23,HH,NA,4,1,1,2023-02-26,2023-02-26T15:46:36Z,-125.17986,43.98536,74.551,98.666,2023,2,110,123,-125.21109008789062,43.980262756347656,2.562198835180003,12.588701845824701,0,15.162064595257563,0,2.573362749432862,5,1024.7957804475363,8.635619163513184,8.635619163513184,31.961978912353516,1024.7957804475363,22,187.5,NEP10k_raw_r20250912_daily_mesozoo200_o2_so_no3_chlos_ssh_thetao_uo_vo_vollcello_2023.02.nc,NEP10k_raw_r20250912_daily_mesozoo200_o2_so_no3_chlos_ssh_thetao_uo_vo_vollcello_2023.02.nc
W23,HH,NA,4,4,1,2023-02-26,2023-02-26T15:46:36Z,-125.17986,43.98536,74.551,98.666,2023,2,110,123,-125.21109008789062,43.980262756347656,2.562198835180003,12.588701845824701,0,15.162064595257563,0,2.573362749432862,5,1024.7957804475363,8.635619163513184,8.635619163513184,31.961978912353516,1024.7957804475363,22,187.5,NEP10k_raw_r20250912_daily_mesozoo200_o2_so_no3_chlos_ssh_thetao_uo_vo_vollcello_2023.02.nc,NEP10k_raw_r20250912_daily_mesozoo200_o2_so_no3_chlos_ssh_thetao_uo_vo_vollcello_2023.02.nc
W23,HH,NA,4,1,2,2023-02-26,2023-02-26T15:52:35Z,-125.1836,43.98429,49.3,75.1,2023,2,110,123,-125.21109008789062,43.980262756347656,2.2446277204403233,12.588701845824701,0,15.162064595257563,0,2.573362749432862,5,1024.7957804475363,8.635619163513184,8.635619163513184,31.961978912353516,1024.7957804475363,22,187.5,NEP10k_raw_r20250912_daily_mesozoo200_o2_so_no3_chlos_ssh_thetao_uo_vo_vollcello_2023.02.nc,NEP10k_raw_r20250912_daily_mesozoo200_o2_so_no3_chlos_ssh_thetao_uo_vo_vollcello_2023.02.nc
W23,HH,NA,4,4,2,2023-02-26,2023-02-26T15:52:35Z,-125.1836,43.98429,49.3,75.1,2023,2,110,123,-125.21109008789062,43.980262756347656,2.2446277204403233,12.588701845824701,0,15.162064595257563,0,2.573362749432862,5,1024.7957804475363,8.635619163513184,8.635619163513184,31.961978912353516,1024.7957804475363,22,187.5,NEP10k_raw_r20250912_daily_mesozoo200_o2_so_no3_chlos_ssh_thetao_uo_vo_vollcello_2023.02.nc,NEP10k_raw_r20250912_daily_mesozoo200_o2_so_no3_chlos_ssh_thetao_uo_vo_vollcello_2023.02.nc
W23,HH,NA,4,1,3,2023-02-26,2023-02-26T15:56:05Z,-125.18587,43.98404,24.6,48.2,2023,2,110,123,-125.21109008789062,43.980262756347656,2.0611321586423976,12.588701845824701,0,15.162064595257563,0,2.573362749432862,5,1024.7957804475363,8.635619163513184,8.635619163513184,31.961978912353516,1024.7957804475363,22,187.5,NEP10k_raw_r20250912_daily_mesozoo200_o2_so_no3_chlos_ssh_thetao_uo_vo_vollcello_2023.02.nc,NEP10k_raw_r20250912_daily_mesozoo200_o2_so_no3_chlos_ssh_thetao_uo_vo_vollcello_2023.02.nc
W23,HH,NA,4,4,3,2023-02-26,2023-02-26T15:56:05Z,-125.18587,43.98404,24.6,48.2,2023,2,110,123,-125.21109008789062,43.980262756347656,2.0611321586423976,12.588701845824701,0,15.162064595257563,0,2.573362749432862,5,1024.7957804475363,8.635619163513184,8.635619163513184,31.961978912353516,1024.7957804475363,22,187.5,NEP10k_raw_r20250912_daily_mesozoo200_o2_so_no3_chlos_ssh_thetao_uo_vo_vollcello_2023.02.nc,NEP10k_raw_r20250912_daily_mesozoo200_o2_so_no3_chlos_ssh_thetao_uo_vo_vollcello_2023.02.nc
W23,HH,NA,4,1,4,2023-02-26,2023-02-26T16:01:17Z,-125.18912,43.98324,0.867,25.133,2023,2,110,123,-125.21109008789062,43.980262756347656,1.7887622217352592,12.588701845824701,0,15.162064595257563,0,2.573362749432862,5,1024.7957804475363,8.635619163513184,8.635619163513184,31.961978912353516,1024.7957804475363,22,187.5,NEP10k_raw_r20250912_daily_mesozoo200_o2_so_no3_chlos_ssh_thetao_uo_vo_vollcello_2023.02.nc,NEP10k_raw_r20250912_daily_mesozoo200_o2_so_no3_chlos_ssh_thetao_uo_vo_vollcello_2023.02.nc
W23,HH,NA,4,4,4,2023-02-26,2023-02-26T16:01:17Z,-125.18912,43.98324,0.867,25.133,2023,2,110,123,-125.21109008789062,43.980262756347656,1.7887622217352592,12.588701845824701,0,15.162064595257563,0,2.573362749432862,5,1024.7957804475363,8.635619163513184,8.635619163513184,31.961978912353516,1024.7957804475363,22,187.5,NEP10k_raw_r20250912_daily_mesozoo200_o2_so_no3_chlos_ssh_thetao_uo_vo_vollcello_2023.02.nc,NEP10k_raw_r20250912_daily_mesozoo200_o2_so_no3_chlos_ssh_thetao_uo_vo_vollcello_2023.02.nc
W23,HH,NA,3,1,0,2023-02-26,2023-02-26T19:53:38Z,-124.74118,43.98985,1.3,101.1,2023,2,108,126,-124.76028442382812,43.93742370605469,6.026730181060185,19.31733071020848,0,20.848418191701395,0,1.5310874814929143,5,1024.7340339310017,8.541953086853027,8.541953086853027,31.86526870727539,1024.7340339310017,21,162.5,NEP10k_raw_r20250912_daily_mesozoo200_o2_so_no3_chlos_ssh_thetao_uo_vo_vollcello_2023.02.nc,NEP10k_raw_r20250912_daily_mesozoo200_o2_so_no3_chlos_ssh_thetao_uo_vo_vollcello_2023.02.nc
W23,HH,NA,3,4,0,2023-02-26,2023-02-26T19:53:38Z,-124.74118,43.98985,1.3,101.1,2023,2,108,126,-124.76028442382812,43.93742370605469,6.026730181060185,19.31733071020848,0,20.848418191701395,0,1.5310874814929143,5,1024.7340339310017,8.541953086853027,8.541953086853027,31.86526870727539,1024.7340339310017,21,162.5,NEP10k_raw_r20250912_daily_mesozoo200_o2_so_no3_chlos_ssh_thetao_uo_vo_vollcello_2023.02.nc,NEP10k_raw_r20250912_daily_mesozoo200_o2_so_no3_chlos_ssh_thetao_uo_vo_vollcello_2023.02.nc
W23,HH,NA,3,1,1,2023-02-26,2023-02-26T20:02:27Z,-124.74695,43.99152,74.3,101,2023,2,108,126,-124.76028442382812,43.93742370605469,6.109172417184701,19.31733071020848,0,20.848418191701395,0,1.5310874814929143,5,1024.7340339310017,8.541953086853027,8.541953086853027,31.86526870727539,1024.7340339310017,21,162.5,NEP10k_raw_r20250912_daily_mesozoo200_o2_so_no3_chlos_ssh_thetao_uo_vo_vollcello_2023.02.nc,NEP10k_raw_r20250912_daily_mesozoo200_o2_so_no3_chlos_ssh_thetao_uo_vo_vollcello_2023.02.nc
W23,HH,NA,3,4,1,2023-02-26,2023-02-26T20:02:27Z,-124.74695,43.99152,74.3,101,2023,2,108,126,-124.76028442382812,43.93742370605469,6.109172417184701,19.31733071020848,0,20.848418191701395,0,1.5310874814929143,5,1024.7340339310017,8.541953086853027,8.541953086853027,31.86526870727539,1024.7340339310017,21,162.5,NEP10k_raw_r20250912_daily_mesozoo200_o2_so_no3_chlos_ssh_thetao_uo_vo_vollcello_2023.02.nc,NEP10k_raw_r20250912_daily_mesozoo200_o2_so_no3_chlos_ssh_thetao_uo_vo_vollcello_2023.02.nc
W23,HH,NA,3,1,2,2023-02-26,2023-02-26T20:07:49Z,-124.74997,43.99241,46.417,73.883,2023,2,109,126,-124.81561279296875,44.019012451171875,6.026046488900104,17.878484779987534,0,18.92810038927905,0,1.0496156092915143,5,1024.6742536345982,8.525003433227539,8.525003433227539,31.785737991333008,1024.6742536345982,16,105,NEP10k_raw_r20250912_daily_mesozoo200_o2_so_no3_chlos_ssh_thetao_uo_vo_vollcello_2023.02.nc,NEP10k_raw_r20250912_daily_mesozoo200_o2_so_no3_chlos_ssh_thetao_uo_vo_vollcello_2023.02.nc
W23,HH,NA,3,4,2,2023-02-26,2023-02-26T20:07:49Z,-124.74997,43.99241,46.417,73.883,2023,2,109,126,-124.81561279296875,44.019012451171875,6.026046488900104,17.878484779987534,0,18.92810038927905,0,1.0496156092915143,5,1024.6742536345982,8.525003433227539,8.525003433227539,31.785737991333008,1024.6742536345982,16,105,NEP10k_raw_r20250912_daily_mesozoo200_o2_so_no3_chlos_ssh_thetao_uo_vo_vollcello_2023.02.nc,NEP10k_raw_r20250912_daily_mesozoo200_o2_so_no3_chlos_ssh_thetao_uo_vo_vollcello_2023.02.nc
W23,HH,NA,3,1,3,2023-02-26,2023-02-26T20:12:08Z,-124.75263,43.99353,24.298,45.8,2023,2,109,126,-124.81561279296875,44.019012451171875,5.77952411573356,17.878484779987534,0,18.92810038927905,0,1.0496156092915143,5,1024.6742536345982,8.525003433227539,8.525003433227539,31.785737991333008,1024.6742536345982,16,105,NEP10k_raw_r20250912_daily_mesozoo200_o2_so_no3_chlos_ssh_thetao_uo_vo_vollcello_2023.02.nc,NEP10k_raw_r20250912_daily_mesozoo200_o2_so_no3_chlos_ssh_thetao_uo_vo_vollcello_2023.02.nc
W23,HH,NA,3,4,3,2023-02-26,2023-02-26T20:12:08Z,-124.75263,43.99353,24.298,45.8,2023,2,109,126,-124.81561279296875,44.019012451171875,5.77952411573356,17.878484779987534,0,18.92810038927905,0,1.0496156092915143,5,1024.6742536345982,8.525003433227539,8.525003433227539,31.785737991333008,1024.6742536345982,16,105,NEP10k_raw_r20250912_daily_mesozoo200_o2_so_no3_chlos_ssh_thetao_uo_vo_vollcello_2023.02.nc,NEP10k_raw_r20250912_daily_mesozoo200_o2_so_no3_chlos_ssh_thetao_uo_vo_vollcello_2023.02.nc
W23,HH,NA,3,1,4,2023-02-26,2023-02-26T20:18:48Z,-124.75656,43.9952,0.7,23.402,2023,2,109,126,-124.81561279296875,44.019012451171875,5.414482684936233,17.878484779987534,0,18.92810038927905,0,1.0496156092915143,5,1024.6742536345982,8.525003433227539,8.525003433227539,31.785737991333008,1024.6742536345982,16,105,NEP10k_raw_r20250912_daily_mesozoo200_o2_so_no3_chlos_ssh_thetao_uo_vo_vollcello_2023.02.nc,NEP10k_raw_r20250912_daily_mesozoo200_o2_so_no3_chlos_ssh_thetao_uo_vo_vollcello_2023.02.nc
W23,HH,NA,3,4,4,2023-02-26,2023-02-26T20:18:48Z,-124.75656,43.9952,0.7,23.402,2023,2,109,126,-124.81561279296875,44.019012451171875,5.414482684936233,17.878484779987534,0,18.92810038927905,0,1.0496156092915143,5,1024.6742536345982,8.525003433227539,8.525003433227539,31.785737991333008,1024.6742536345982,16,105,NEP10k_raw_r20250912_daily_mesozoo200_o2_so_no3_chlos_ssh_thetao_uo_vo_vollcello_2023.02.nc,NEP10k_raw_r20250912_daily_mesozoo200_o2_so_no3_chlos_ssh_thetao_uo_vo_vollcello_2023.02.nc
W23,HH,NA,2,1,0,2023-02-26,2023-02-26T23:31:44Z,-124.3615,43.99724,1,102.3,2023,2,107,129,-124.36480712890625,43.97444534301758,2.548422977829104,23.005352216856352,0,24.60152509633321,0,1.5961728794768568,5,1024.8118707492526,8.560450553894043,8.560450553894043,31.968154907226562,1024.8118707492526,17,115,NEP10k_raw_r20250912_daily_mesozoo200_o2_so_no3_chlos_ssh_thetao_uo_vo_vollcello_2023.02.nc,NEP10k_raw_r20250912_daily_mesozoo200_o2_so_no3_chlos_ssh_thetao_uo_vo_vollcello_2023.02.nc
W23,HH,NA,2,4,0,2023-02-26,2023-02-26T23:31:44Z,-124.3615,43.99724,1,102.3,2023,2,107,129,-124.36480712890625,43.97444534301758,2.548422977829104,23.005352216856352,0,24.60152509633321,0,1.5961728794768568,5,1024.8118707492526,8.560450553894043,8.560450553894043,31.968154907226562,1024.8118707492526,17,115,NEP10k_raw_r20250912_daily_mesozoo200_o2_so_no3_chlos_ssh_thetao_uo_vo_vollcello_2023.02.nc,NEP10k_raw_r20250912_daily_mesozoo200_o2_so_no3_chlos_ssh_thetao_uo_vo_vollcello_2023.02.nc
W23,HH,NA,2,1,1,2023-02-26,2023-02-26T23:40:27Z,-124.3642,43.99656,77.3,103.5,2023,2,107,129,-124.36480712890625,43.97444534301758,2.459517366292467,23.005352216856352,0,24.60152509633321,0,1.5961728794768568,5,1024.8118707492526,8.560450553894043,8.560450553894043,31.968154907226562,1024.8118707492526,17,115,NEP10k_raw_r20250912_daily_mesozoo200_o2_so_no3_chlos_ssh_thetao_uo_vo_vollcello_2023.02.nc,NEP10k_raw_r20250912_daily_mesozoo200_o2_so_no3_chlos_ssh_thetao_uo_vo_vollcello_2023.02.nc
W23,HH,NA,2,4,1,2023-02-26,2023-02-26T23:40:27Z,-124.3642,43.99656,77.3,103.5,2023,2,107,129,-124.36480712890625,43.97444534301758,2.459517366292467,23.005352216856352,0,24.60152509633321,0,1.5961728794768568,5,1024.8118707492526,8.560450553894043,8.560450553894043,31.968154907226562,1024.8118707492526,17,115,NEP10k_raw_r20250912_daily_mesozoo200_o2_so_no3_chlos_ssh_thetao_uo_vo_vollcello_2023.02.nc,NEP10k_raw_r20250912_daily_mesozoo200_o2_so_no3_chlos_ssh_thetao_uo_vo_vollcello_2023.02.nc
W23,HH,NA,2,1,2,2023-02-26,2023-02-26T23:44:11Z,-124.365,43.99591,49.3,78,2023,2,107,129,-124.36480712890625,43.97444534301758,2.38681084084236,23.005352216856352,0,24.60152509633321,0,1.5961728794768568,5,1024.8118707492526,8.560450553894043,8.560450553894043,31.968154907226562,1024.8118707492526,17,115,NEP10k_raw_r20250912_daily_mesozoo200_o2_so_no3_chlos_ssh_thetao_uo_vo_vollcello_2023.02.nc,NEP10k_raw_r20250912_daily_mesozoo200_o2_so_no3_chlos_ssh_thetao_uo_vo_vollcello_2023.02.nc
W23,HH,NA,2,4,2,2023-02-26,2023-02-26T23:44:11Z,-124.365,43.99591,49.3,78,2023,2,107,129,-124.36480712890625,43.97444534301758,2.38681084084236,23.005352216856352,0,24.60152509633321,0,1.5961728794768568,5,1024.8118707492526,8.560450553894043,8.560450553894043,31.968154907226562,1024.8118707492526,17,115,NEP10k_raw_r20250912_daily_mesozoo200_o2_so_no3_chlos_ssh_thetao_uo_vo_vollcello_2023.02.nc,NEP10k_raw_r20250912_daily_mesozoo200_o2_so_no3_chlos_ssh_thetao_uo_vo_vollcello_2023.02.nc
W23,HH,NA,2,1,3,2023-02-26,2023-02-26T23:47:54Z,-124.36589,43.9954,24.9,49.031,2023,2,107,129,-124.36480712890625,43.97444534301758,2.3316616975226636,23.005352216856352,0,24.60152509633321,0,1.5961728794768568,5,1024.8118707492526,8.560450553894043,8.560450553894043,31.968154907226562,1024.8118707492526,17,115,NEP10k_raw_r20250912_daily_mesozoo200_o2_so_no3_chlos_ssh_thetao_uo_vo_vollcello_2023.02.nc,NEP10k_raw_r20250912_daily_mesozoo200_o2_so_no3_chlos_ssh_thetao_uo_vo_vollcello_2023.02.nc
W23,HH,NA,2,4,3,2023-02-26,2023-02-26T23:47:54Z,-124.36589,43.9954,24.9,49.031,2023,2,107,129,-124.36480712890625,43.97444534301758,2.3316616975226636,23.005352216856352,0,24.60152509633321,0,1.5961728794768568,5,1024.8118707492526,8.560450553894043,8.560450553894043,31.968154907226562,1024.8118707492526,17,115,NEP10k_raw_r20250912_daily_mesozoo200_o2_so_no3_chlos_ssh_thetao_uo_vo_vollcello_2023.02.nc,NEP10k_raw_r20250912_daily_mesozoo200_o2_so_no3_chlos_ssh_thetao_uo_vo_vollcello_2023.02.nc
W23,HH,NA,2,1,4,2023-02-26,2023-02-26T23:50:59Z,-124.36694,43.99523,0.8,24.259,2023,2,107,129,-124.36480712890625,43.97444534301758,2.317439712898853,23.005352216856352,0,24.60152509633321,0,1.5961728794768568,5,1024.8118707492526,8.560450553894043,8.560450553894043,31.968154907226562,1024.8118707492526,17,115,NEP10k_raw_r20250912_daily_mesozoo200_o2_so_no3_chlos_ssh_thetao_uo_vo_vollcello_2023.02.nc,NEP10k_raw_r20250912_daily_mesozoo200_o2_so_no3_chlos_ssh_thetao_uo_vo_vollcello_2023.02.nc
W23,HH,NA,2,4,4,2023-02-26,2023-02-26T23:50:59Z,-124.36694,43.99523,0.8,24.259,2023,2,107,129,-124.36480712890625,43.97444534301758,2.317439712898853,23.005352216856352,0,24.60152509633321,0,1.5961728794768568,5,1024.8118707492526,8.560450553894043,8.560450553894043,31.968154907226562,1024.8118707492526,17,115,NEP10k_raw_r20250912_daily_mesozoo200_o2_so_no3_chlos_ssh_thetao_uo_vo_vollcello_2023.02.nc,NEP10k_raw_r20250912_daily_mesozoo200_o2_so_no3_chlos_ssh_thetao_uo_vo_vollcello_2023.02.nc
W23,HH,NA,1,1,0,2023-02-26,2023-02-27T01:55:14Z,-124.18657,43.99855,1.6,38.2,2023,2,107,130,-124.25103759765625,44.01374053955078,5.425657075286404,22.609035758709844,0,26.17574307350973,0,3.566707314799885,5,1024.8480287131931,8.561385154724121,8.561385154724121,32.01449203491211,1024.8480287131931,13,75,NEP10k_raw_r20250912_daily_mesozoo200_o2_so_no3_chlos_ssh_thetao_uo_vo_vollcello_2023.02.nc,NEP10k_raw_r20250912_daily_mesozoo200_o2_so_no3_chlos_ssh_thetao_uo_vo_vollcello_2023.02.nc
W23,HH,NA,1,4,0,2023-02-26,2023-02-27T01:55:14Z,-124.18657,43.99855,1.6,38.2,2023,2,107,130,-124.25103759765625,44.01374053955078,5.425657075286404,22.609035758709844,0,26.17574307350973,0,3.566707314799885,5,1024.8480287131931,8.561385154724121,8.561385154724121,32.01449203491211,1024.8480287131931,13,75,NEP10k_raw_r20250912_daily_mesozoo200_o2_so_no3_chlos_ssh_thetao_uo_vo_vollcello_2023.02.nc,NEP10k_raw_r20250912_daily_mesozoo200_o2_so_no3_chlos_ssh_thetao_uo_vo_vollcello_2023.02.nc
W23,HH,NA,1,1,3,2023-02-26,2023-02-27T02:01:57Z,-124.19067,43.99943,22.3,40.7,2023,2,107,130,-124.25103759765625,44.01374053955078,5.083551178699165,22.609035758709844,0,26.17574307350973,0,3.566707314799885,5,1024.8480287131931,8.561385154724121,8.561385154724121,32.01449203491211,1024.8480287131931,13,75,NEP10k_raw_r20250912_daily_mesozoo200_o2_so_no3_chlos_ssh_thetao_uo_vo_vollcello_2023.02.nc,NEP10k_raw_r20250912_daily_mesozoo200_o2_so_no3_chlos_ssh_thetao_uo_vo_vollcello_2023.02.nc
W23,HH,NA,1,4,3,2023-02-26,2023-02-27T02:01:57Z,-124.19067,43.99943,22.3,40.7,2023,2,107,130,-124.25103759765625,44.01374053955078,5.083551178699165,22.609035758709844,0,26.17574307350973,0,3.566707314799885,5,1024.8480287131931,8.561385154724121,8.561385154724121,32.01449203491211,1024.8480287131931,13,75,NEP10k_raw_r20250912_daily_mesozoo200_o2_so_no3_chlos_ssh_thetao_uo_vo_vollcello_2023.02.nc,NEP10k_raw_r20250912_daily_mesozoo200_o2_so_no3_chlos_ssh_thetao_uo_vo_vollcello_2023.02.nc
W23,HH,NA,1,1,4,2023-02-26,2023-02-27T02:05:54Z,-124.19359,43.99973,0.8,23.2,2023,2,107,130,-124.25103759765625,44.01374053955078,4.851475250044282,22.609035758709844,0,26.17574307350973,0,3.566707314799885,5,1024.8480287131931,8.561385154724121,8.561385154724121,32.01449203491211,1024.8480287131931,13,75,NEP10k_raw_r20250912_daily_mesozoo200_o2_so_no3_chlos_ssh_thetao_uo_vo_vollcello_2023.02.nc,NEP10k_raw_r20250912_daily_mesozoo200_o2_so_no3_chlos_ssh_thetao_uo_vo_vollcello_2023.02.nc
W23,HH,NA,1,4,4,2023-02-26,2023-02-27T02:05:54Z,-124.19359,43.99973,0.8,23.2,2023,2,107,130,-124.25103759765625,44.01374053955078,4.851475250044282,22.609035758709844,0,26.17574307350973,0,3.566707314799885,5,1024.8480287131931,8.561385154724121,8.561385154724121,32.01449203491211,1024.8480287131931,13,75,NEP10k_raw_r20250912_daily_mesozoo200_o2_so_no3_chlos_ssh_thetao_uo_vo_vollcello_2023.02.nc,NEP10k_raw_r20250912_daily_mesozoo200_o2_so_no3_chlos_ssh_thetao_uo_vo_vollcello_2023.02.nc
